ISO-10303-21;
HEADER;
FILE_DESCRIPTION(('Open CASCADE Model'),'2;1');
FILE_NAME('Open CASCADE Shape Model','2026-07-29T01:00:13',('Author'),(
    'Open CASCADE'),'Open CASCADE STEP processor 7.9','Open CASCADE 7.9'
  ,'Unknown');
FILE_SCHEMA(('AUTOMOTIVE_DESIGN { 1 0 10303 214 1 1 1 1 }'));
ENDSEC;
DATA;
#1 = APPLICATION_PROTOCOL_DEFINITION('international standard',
  'automotive_design',2000,#2);
#2 = APPLICATION_CONTEXT(
  'core data for automotive mechanical design processes');
#3 = SHAPE_DEFINITION_REPRESENTATION(#4,#10);
#4 = PRODUCT_DEFINITION_SHAPE('','',#5);
#5 = PRODUCT_DEFINITION('design','',#6,#9);
#6 = PRODUCT_DEFINITION_FORMATION('','',#7);
#7 = PRODUCT('Open CASCADE STEP translator 7.9 1',
  'Open CASCADE STEP translator 7.9 1','',(#8));
#8 = PRODUCT_CONTEXT('',#2,'mechanical');
#9 = PRODUCT_DEFINITION_CONTEXT('part definition',#2,'design');
#10 = ADVANCED_BREP_SHAPE_REPRESENTATION('',(#11,#15),#10627);
#11 = AXIS2_PLACEMENT_3D('',#12,#13,#14);
#12 = CARTESIAN_POINT('',(0.,0.,0.));
#13 = DIRECTION('',(0.,0.,1.));
#14 = DIRECTION('',(1.,0.,-0.));
#15 = MANIFOLD_SOLID_BREP('',#16);
#16 = CLOSED_SHELL('',(#17,#137,#3264,#3314,#3368,#3553,#3580,#3607,
    #3634,#3661,#3668,#3695,#3771,#3820,#3869,#3918,#3967,#4016,#4065,
    #4114,#4163,#4212,#4261,#4310,#4337,#4413,#4462,#4511,#4560,#4609,
    #4658,#4707,#4756,#4805,#4854,#4903,#4930,#5006,#5055,#5104,#5153,
    #5202,#5251,#5300,#5349,#5398,#5447,#5496,#5545,#5594,#5643,#5692,
    #5719,#5795,#5844,#5893,#5942,#5991,#6018,#6094,#6143,#6192,#6241,
    #6290,#6339,#6388,#6437,#6486,#6535,#6562,#6589,#6665,#6714,#6763,
    #6812,#6861,#6910,#6959,#6986,#7062,#7111,#7160,#7209,#7258,#7307,
    #7356,#7405,#7454,#7503,#7530,#7606,#7655,#7704,#7753,#7802,#7851,
    #7900,#7927,#7943,#7958,#8183,#8192,#8618,#8715,#8729,#8826,#8900,
    #8947,#8994,#9070,#9164,#9258,#9312,#9386,#9433,#9480,#9571,#9665,
    #9759,#9813,#9887,#9934,#9981,#10057,#10148,#10239,#10293,#10367,
    #10414,#10439,#10513,#10560,#10585,#10595,#10605,#10615,#10621));
#17 = ADVANCED_FACE('',(#18),#32,.F.);
#18 = FACE_BOUND('',#19,.F.);
#19 = EDGE_LOOP('',(#20,#55,#83,#111));
#20 = ORIENTED_EDGE('',*,*,#21,.F.);
#21 = EDGE_CURVE('',#22,#24,#26,.T.);
#22 = VERTEX_POINT('',#23);
#23 = CARTESIAN_POINT('',(-40.,-13.,1.5));
#24 = VERTEX_POINT('',#25);
#25 = CARTESIAN_POINT('',(-40.,13.,1.5));
#26 = SURFACE_CURVE('',#27,(#31,#43),.PCURVE_S1.);
#27 = LINE('',#28,#29);
#28 = CARTESIAN_POINT('',(-40.,-15.,1.5));
#29 = VECTOR('',#30,1.);
#30 = DIRECTION('',(0.,1.,0.));
#31 = PCURVE('',#32,#37);
#32 = PLANE('',#33);
#33 = AXIS2_PLACEMENT_3D('',#34,#35,#36);
#34 = CARTESIAN_POINT('',(-40.,-15.,-1.5));
#35 = DIRECTION('',(1.,0.,0.));
#36 = DIRECTION('',(0.,0.,1.));
#37 = DEFINITIONAL_REPRESENTATION('',(#38),#42);
#38 = LINE('',#39,#40);
#39 = CARTESIAN_POINT('',(3.,0.));
#40 = VECTOR('',#41,1.);
#41 = DIRECTION('',(0.,-1.));
#42 = ( GEOMETRIC_REPRESENTATION_CONTEXT(2) 
PARAMETRIC_REPRESENTATION_CONTEXT() REPRESENTATION_CONTEXT('2D SPACE',''
  ) );
#43 = PCURVE('',#44,#49);
#44 = PLANE('',#45);
#45 = AXIS2_PLACEMENT_3D('',#46,#47,#48);
#46 = CARTESIAN_POINT('',(-40.,-15.,1.5));
#47 = DIRECTION('',(0.,0.,1.));
#48 = DIRECTION('',(1.,0.,0.));
#49 = DEFINITIONAL_REPRESENTATION('',(#50),#54);
#50 = LINE('',#51,#52);
#51 = CARTESIAN_POINT('',(0.,0.));
#52 = VECTOR('',#53,1.);
#53 = DIRECTION('',(0.,1.));
#54 = ( GEOMETRIC_REPRESENTATION_CONTEXT(2) 
PARAMETRIC_REPRESENTATION_CONTEXT() REPRESENTATION_CONTEXT('2D SPACE',''
  ) );
#55 = ORIENTED_EDGE('',*,*,#56,.F.);
#56 = EDGE_CURVE('',#57,#22,#59,.T.);
#57 = VERTEX_POINT('',#58);
#58 = CARTESIAN_POINT('',(-40.,-13.,-1.5));
#59 = SURFACE_CURVE('',#60,(#64,#71),.PCURVE_S1.);
#60 = LINE('',#61,#62);
#61 = CARTESIAN_POINT('',(-40.,-13.,-1.5));
#62 = VECTOR('',#63,1.);
#63 = DIRECTION('',(0.,0.,1.));
#64 = PCURVE('',#32,#65);
#65 = DEFINITIONAL_REPRESENTATION('',(#66),#70);
#66 = LINE('',#67,#68);
#67 = CARTESIAN_POINT('',(0.,-2.));
#68 = VECTOR('',#69,1.);
#69 = DIRECTION('',(1.,0.));
#70 = ( GEOMETRIC_REPRESENTATION_CONTEXT(2) 
PARAMETRIC_REPRESENTATION_CONTEXT() REPRESENTATION_CONTEXT('2D SPACE',''
  ) );
#71 = PCURVE('',#72,#77);
#72 = CYLINDRICAL_SURFACE('',#73,2.);
#73 = AXIS2_PLACEMENT_3D('',#74,#75,#76);
#74 = CARTESIAN_POINT('',(-38.,-13.,-1.5));
#75 = DIRECTION('',(0.,0.,1.));
#76 = DIRECTION('',(-1.,-0.,0.));
#77 = DEFINITIONAL_REPRESENTATION('',(#78),#82);
#78 = LINE('',#79,#80);
#79 = CARTESIAN_POINT('',(0.,0.));
#80 = VECTOR('',#81,1.);
#81 = DIRECTION('',(0.,1.));
#82 = ( GEOMETRIC_REPRESENTATION_CONTEXT(2) 
PARAMETRIC_REPRESENTATION_CONTEXT() REPRESENTATION_CONTEXT('2D SPACE',''
  ) );
#83 = ORIENTED_EDGE('',*,*,#84,.T.);
#84 = EDGE_CURVE('',#57,#85,#87,.T.);
#85 = VERTEX_POINT('',#86);
#86 = CARTESIAN_POINT('',(-40.,13.,-1.5));
#87 = SURFACE_CURVE('',#88,(#92,#99),.PCURVE_S1.);
#88 = LINE('',#89,#90);
#89 = CARTESIAN_POINT('',(-40.,-15.,-1.5));
#90 = VECTOR('',#91,1.);
#91 = DIRECTION('',(0.,1.,0.));
#92 = PCURVE('',#32,#93);
#93 = DEFINITIONAL_REPRESENTATION('',(#94),#98);
#94 = LINE('',#95,#96);
#95 = CARTESIAN_POINT('',(0.,0.));
#96 = VECTOR('',#97,1.);
#97 = DIRECTION('',(0.,-1.));
#98 = ( GEOMETRIC_REPRESENTATION_CONTEXT(2) 
PARAMETRIC_REPRESENTATION_CONTEXT() REPRESENTATION_CONTEXT('2D SPACE',''
  ) );
#99 = PCURVE('',#100,#105);
#100 = PLANE('',#101);
#101 = AXIS2_PLACEMENT_3D('',#102,#103,#104);
#102 = CARTESIAN_POINT('',(-40.,-15.,-1.5));
#103 = DIRECTION('',(0.,0.,1.));
#104 = DIRECTION('',(1.,0.,0.));
#105 = DEFINITIONAL_REPRESENTATION('',(#106),#110);
#106 = LINE('',#107,#108);
#107 = CARTESIAN_POINT('',(0.,0.));
#108 = VECTOR('',#109,1.);
#109 = DIRECTION('',(0.,1.));
#110 = ( GEOMETRIC_REPRESENTATION_CONTEXT(2) 
PARAMETRIC_REPRESENTATION_CONTEXT() REPRESENTATION_CONTEXT('2D SPACE',''
  ) );
#111 = ORIENTED_EDGE('',*,*,#112,.T.);
#112 = EDGE_CURVE('',#85,#24,#113,.T.);
#113 = SURFACE_CURVE('',#114,(#118,#125),.PCURVE_S1.);
#114 = LINE('',#115,#116);
#115 = CARTESIAN_POINT('',(-40.,13.,-1.5));
#116 = VECTOR('',#117,1.);
#117 = DIRECTION('',(0.,0.,1.));
#118 = PCURVE('',#32,#119);
#119 = DEFINITIONAL_REPRESENTATION('',(#120),#124);
#120 = LINE('',#121,#122);
#121 = CARTESIAN_POINT('',(0.,-28.));
#122 = VECTOR('',#123,1.);
#123 = DIRECTION('',(1.,0.));
#124 = ( GEOMETRIC_REPRESENTATION_CONTEXT(2) 
PARAMETRIC_REPRESENTATION_CONTEXT() REPRESENTATION_CONTEXT('2D SPACE',''
  ) );
#125 = PCURVE('',#126,#131);
#126 = CYLINDRICAL_SURFACE('',#127,2.);
#127 = AXIS2_PLACEMENT_3D('',#128,#129,#130);
#128 = CARTESIAN_POINT('',(-38.,13.,-1.5));
#129 = DIRECTION('',(0.,0.,1.));
#130 = DIRECTION('',(-1.,-0.,0.));
#131 = DEFINITIONAL_REPRESENTATION('',(#132),#136);
#132 = LINE('',#133,#134);
#133 = CARTESIAN_POINT('',(-0.,0.));
#134 = VECTOR('',#135,1.);
#135 = DIRECTION('',(-0.,1.));
#136 = ( GEOMETRIC_REPRESENTATION_CONTEXT(2) 
PARAMETRIC_REPRESENTATION_CONTEXT() REPRESENTATION_CONTEXT('2D SPACE',''
  ) );
#137 = ADVANCED_FACE('',(#138,#337,#372,#712,#1026,#1725,#1883,#2521,
    #2556,#2766,#3054),#44,.T.);
#138 = FACE_BOUND('',#139,.T.);
#139 = EDGE_LOOP('',(#140,#141,#165,#193,#226,#254,#283,#311));
#140 = ORIENTED_EDGE('',*,*,#21,.F.);
#141 = ORIENTED_EDGE('',*,*,#142,.T.);
#142 = EDGE_CURVE('',#22,#143,#145,.T.);
#143 = VERTEX_POINT('',#144);
#144 = CARTESIAN_POINT('',(-38.,-15.,1.5));
#145 = SURFACE_CURVE('',#146,(#151,#158),.PCURVE_S1.);
#146 = CIRCLE('',#147,2.);
#147 = AXIS2_PLACEMENT_3D('',#148,#149,#150);
#148 = CARTESIAN_POINT('',(-38.,-13.,1.5));
#149 = DIRECTION('',(0.,0.,1.));
#150 = DIRECTION('',(0.,-1.,0.));
#151 = PCURVE('',#44,#152);
#152 = DEFINITIONAL_REPRESENTATION('',(#153),#157);
#153 = CIRCLE('',#154,2.);
#154 = AXIS2_PLACEMENT_2D('',#155,#156);
#155 = CARTESIAN_POINT('',(2.,2.));
#156 = DIRECTION('',(0.,-1.));
#157 = ( GEOMETRIC_REPRESENTATION_CONTEXT(2) 
PARAMETRIC_REPRESENTATION_CONTEXT() REPRESENTATION_CONTEXT('2D SPACE',''
  ) );
#158 = PCURVE('',#72,#159);
#159 = DEFINITIONAL_REPRESENTATION('',(#160),#164);
#160 = LINE('',#161,#162);
#161 = CARTESIAN_POINT('',(-4.712388980385,3.));
#162 = VECTOR('',#163,1.);
#163 = DIRECTION('',(1.,0.));
#164 = ( GEOMETRIC_REPRESENTATION_CONTEXT(2) 
PARAMETRIC_REPRESENTATION_CONTEXT() REPRESENTATION_CONTEXT('2D SPACE',''
  ) );
#165 = ORIENTED_EDGE('',*,*,#166,.T.);
#166 = EDGE_CURVE('',#143,#167,#169,.T.);
#167 = VERTEX_POINT('',#168);
#168 = CARTESIAN_POINT('',(38.,-15.,1.5));
#169 = SURFACE_CURVE('',#170,(#174,#181),.PCURVE_S1.);
#170 = LINE('',#171,#172);
#171 = CARTESIAN_POINT('',(-40.,-15.,1.5));
#172 = VECTOR('',#173,1.);
#173 = DIRECTION('',(1.,0.,0.));
#174 = PCURVE('',#44,#175);
#175 = DEFINITIONAL_REPRESENTATION('',(#176),#180);
#176 = LINE('',#177,#178);
#177 = CARTESIAN_POINT('',(0.,0.));
#178 = VECTOR('',#179,1.);
#179 = DIRECTION('',(1.,0.));
#180 = ( GEOMETRIC_REPRESENTATION_CONTEXT(2) 
PARAMETRIC_REPRESENTATION_CONTEXT() REPRESENTATION_CONTEXT('2D SPACE',''
  ) );
#181 = PCURVE('',#182,#187);
#182 = PLANE('',#183);
#183 = AXIS2_PLACEMENT_3D('',#184,#185,#186);
#184 = CARTESIAN_POINT('',(-40.,-15.,-1.5));
#185 = DIRECTION('',(0.,1.,0.));
#186 = DIRECTION('',(0.,0.,1.));
#187 = DEFINITIONAL_REPRESENTATION('',(#188),#192);
#188 = LINE('',#189,#190);
#189 = CARTESIAN_POINT('',(3.,0.));
#190 = VECTOR('',#191,1.);
#191 = DIRECTION('',(0.,1.));
#192 = ( GEOMETRIC_REPRESENTATION_CONTEXT(2) 
PARAMETRIC_REPRESENTATION_CONTEXT() REPRESENTATION_CONTEXT('2D SPACE',''
  ) );
#193 = ORIENTED_EDGE('',*,*,#194,.F.);
#194 = EDGE_CURVE('',#195,#167,#197,.T.);
#195 = VERTEX_POINT('',#196);
#196 = CARTESIAN_POINT('',(40.,-13.,1.5));
#197 = SURFACE_CURVE('',#198,(#203,#214),.PCURVE_S1.);
#198 = CIRCLE('',#199,2.);
#199 = AXIS2_PLACEMENT_3D('',#200,#201,#202);
#200 = CARTESIAN_POINT('',(38.,-13.,1.5));
#201 = DIRECTION('',(-0.,-0.,-1.));
#202 = DIRECTION('',(0.,-1.,0.));
#203 = PCURVE('',#44,#204);
#204 = DEFINITIONAL_REPRESENTATION('',(#205),#213);
#205 = ( BOUNDED_CURVE() B_SPLINE_CURVE(2,(#206,#207,#208,#209,#210,#211
,#212),.UNSPECIFIED.,.T.,.F.) B_SPLINE_CURVE_WITH_KNOTS((1,2,2,2,2,1),(
    -2.094395102393,0.,2.094395102393,4.188790204786,6.28318530718,
8.377580409573),.UNSPECIFIED.) CURVE() GEOMETRIC_REPRESENTATION_ITEM() 
RATIONAL_B_SPLINE_CURVE((1.,0.5,1.,0.5,1.,0.5,1.)) REPRESENTATION_ITEM(
  '') );
#206 = CARTESIAN_POINT('',(78.,0.));
#207 = CARTESIAN_POINT('',(74.535898384862,0.));
#208 = CARTESIAN_POINT('',(76.267949192431,3.));
#209 = CARTESIAN_POINT('',(78.,6.));
#210 = CARTESIAN_POINT('',(79.732050807569,3.));
#211 = CARTESIAN_POINT('',(81.464101615138,3.10862446895E-15));
#212 = CARTESIAN_POINT('',(78.,0.));
#213 = ( GEOMETRIC_REPRESENTATION_CONTEXT(2) 
PARAMETRIC_REPRESENTATION_CONTEXT() REPRESENTATION_CONTEXT('2D SPACE',''
  ) );
#214 = PCURVE('',#215,#220);
#215 = CYLINDRICAL_SURFACE('',#216,2.);
#216 = AXIS2_PLACEMENT_3D('',#217,#218,#219);
#217 = CARTESIAN_POINT('',(38.,-13.,-1.5));
#218 = DIRECTION('',(0.,0.,1.));
#219 = DIRECTION('',(1.,0.,-0.));
#220 = DEFINITIONAL_REPRESENTATION('',(#221),#225);
#221 = LINE('',#222,#223);
#222 = CARTESIAN_POINT('',(4.712388980385,3.));
#223 = VECTOR('',#224,1.);
#224 = DIRECTION('',(-1.,0.));
#225 = ( GEOMETRIC_REPRESENTATION_CONTEXT(2) 
PARAMETRIC_REPRESENTATION_CONTEXT() REPRESENTATION_CONTEXT('2D SPACE',''
  ) );
#226 = ORIENTED_EDGE('',*,*,#227,.T.);
#227 = EDGE_CURVE('',#195,#228,#230,.T.);
#228 = VERTEX_POINT('',#229);
#229 = CARTESIAN_POINT('',(40.,13.,1.5));
#230 = SURFACE_CURVE('',#231,(#235,#242),.PCURVE_S1.);
#231 = LINE('',#232,#233);
#232 = CARTESIAN_POINT('',(40.,-15.,1.5));
#233 = VECTOR('',#234,1.);
#234 = DIRECTION('',(0.,1.,0.));
#235 = PCURVE('',#44,#236);
#236 = DEFINITIONAL_REPRESENTATION('',(#237),#241);
#237 = LINE('',#238,#239);
#238 = CARTESIAN_POINT('',(80.,0.));
#239 = VECTOR('',#240,1.);
#240 = DIRECTION('',(0.,1.));
#241 = ( GEOMETRIC_REPRESENTATION_CONTEXT(2) 
PARAMETRIC_REPRESENTATION_CONTEXT() REPRESENTATION_CONTEXT('2D SPACE',''
  ) );
#242 = PCURVE('',#243,#248);
#243 = PLANE('',#244);
#244 = AXIS2_PLACEMENT_3D('',#245,#246,#247);
#245 = CARTESIAN_POINT('',(40.,-15.,-1.5));
#246 = DIRECTION('',(1.,0.,0.));
#247 = DIRECTION('',(0.,0.,1.));
#248 = DEFINITIONAL_REPRESENTATION('',(#249),#253);
#249 = LINE('',#250,#251);
#250 = CARTESIAN_POINT('',(3.,0.));
#251 = VECTOR('',#252,1.);
#252 = DIRECTION('',(0.,-1.));
#253 = ( GEOMETRIC_REPRESENTATION_CONTEXT(2) 
PARAMETRIC_REPRESENTATION_CONTEXT() REPRESENTATION_CONTEXT('2D SPACE',''
  ) );
#254 = ORIENTED_EDGE('',*,*,#255,.T.);
#255 = EDGE_CURVE('',#228,#256,#258,.T.);
#256 = VERTEX_POINT('',#257);
#257 = CARTESIAN_POINT('',(38.,15.,1.5));
#258 = SURFACE_CURVE('',#259,(#264,#271),.PCURVE_S1.);
#259 = CIRCLE('',#260,2.);
#260 = AXIS2_PLACEMENT_3D('',#261,#262,#263);
#261 = CARTESIAN_POINT('',(38.,13.,1.5));
#262 = DIRECTION('',(0.,0.,1.));
#263 = DIRECTION('',(0.,-1.,0.));
#264 = PCURVE('',#44,#265);
#265 = DEFINITIONAL_REPRESENTATION('',(#266),#270);
#266 = CIRCLE('',#267,2.);
#267 = AXIS2_PLACEMENT_2D('',#268,#269);
#268 = CARTESIAN_POINT('',(78.,28.));
#269 = DIRECTION('',(0.,-1.));
#270 = ( GEOMETRIC_REPRESENTATION_CONTEXT(2) 
PARAMETRIC_REPRESENTATION_CONTEXT() REPRESENTATION_CONTEXT('2D SPACE',''
  ) );
#271 = PCURVE('',#272,#277);
#272 = CYLINDRICAL_SURFACE('',#273,2.);
#273 = AXIS2_PLACEMENT_3D('',#274,#275,#276);
#274 = CARTESIAN_POINT('',(38.,13.,-1.5));
#275 = DIRECTION('',(0.,0.,1.));
#276 = DIRECTION('',(1.,0.,-0.));
#277 = DEFINITIONAL_REPRESENTATION('',(#278),#282);
#278 = LINE('',#279,#280);
#279 = CARTESIAN_POINT('',(-1.570796326795,3.));
#280 = VECTOR('',#281,1.);
#281 = DIRECTION('',(1.,0.));
#282 = ( GEOMETRIC_REPRESENTATION_CONTEXT(2) 
PARAMETRIC_REPRESENTATION_CONTEXT() REPRESENTATION_CONTEXT('2D SPACE',''
  ) );
#283 = ORIENTED_EDGE('',*,*,#284,.F.);
#284 = EDGE_CURVE('',#285,#256,#287,.T.);
#285 = VERTEX_POINT('',#286);
#286 = CARTESIAN_POINT('',(-38.,15.,1.5));
#287 = SURFACE_CURVE('',#288,(#292,#299),.PCURVE_S1.);
#288 = LINE('',#289,#290);
#289 = CARTESIAN_POINT('',(-40.,15.,1.5));
#290 = VECTOR('',#291,1.);
#291 = DIRECTION('',(1.,0.,0.));
#292 = PCURVE('',#44,#293);
#293 = DEFINITIONAL_REPRESENTATION('',(#294),#298);
#294 = LINE('',#295,#296);
#295 = CARTESIAN_POINT('',(0.,30.));
#296 = VECTOR('',#297,1.);
#297 = DIRECTION('',(1.,0.));
#298 = ( GEOMETRIC_REPRESENTATION_CONTEXT(2) 
PARAMETRIC_REPRESENTATION_CONTEXT() REPRESENTATION_CONTEXT('2D SPACE',''
  ) );
#299 = PCURVE('',#300,#305);
#300 = PLANE('',#301);
#301 = AXIS2_PLACEMENT_3D('',#302,#303,#304);
#302 = CARTESIAN_POINT('',(-40.,15.,-1.5));
#303 = DIRECTION('',(0.,1.,0.));
#304 = DIRECTION('',(0.,0.,1.));
#305 = DEFINITIONAL_REPRESENTATION('',(#306),#310);
#306 = LINE('',#307,#308);
#307 = CARTESIAN_POINT('',(3.,0.));
#308 = VECTOR('',#309,1.);
#309 = DIRECTION('',(0.,1.));
#310 = ( GEOMETRIC_REPRESENTATION_CONTEXT(2) 
PARAMETRIC_REPRESENTATION_CONTEXT() REPRESENTATION_CONTEXT('2D SPACE',''
  ) );
#311 = ORIENTED_EDGE('',*,*,#312,.F.);
#312 = EDGE_CURVE('',#24,#285,#313,.T.);
#313 = SURFACE_CURVE('',#314,(#319,#330),.PCURVE_S1.);
#314 = CIRCLE('',#315,2.);
#315 = AXIS2_PLACEMENT_3D('',#316,#317,#318);
#316 = CARTESIAN_POINT('',(-38.,13.,1.5));
#317 = DIRECTION('',(-0.,-0.,-1.));
#318 = DIRECTION('',(0.,-1.,0.));
#319 = PCURVE('',#44,#320);
#320 = DEFINITIONAL_REPRESENTATION('',(#321),#329);
#321 = ( BOUNDED_CURVE() B_SPLINE_CURVE(2,(#322,#323,#324,#325,#326,#327
,#328),.UNSPECIFIED.,.T.,.F.) B_SPLINE_CURVE_WITH_KNOTS((1,2,2,2,2,1),(
    -2.094395102393,0.,2.094395102393,4.188790204786,6.28318530718,
8.377580409573),.UNSPECIFIED.) CURVE() GEOMETRIC_REPRESENTATION_ITEM() 
RATIONAL_B_SPLINE_CURVE((1.,0.5,1.,0.5,1.,0.5,1.)) REPRESENTATION_ITEM(
  '') );
#322 = CARTESIAN_POINT('',(2.,26.));
#323 = CARTESIAN_POINT('',(-1.464101615138,26.));
#324 = CARTESIAN_POINT('',(0.267949192431,29.));
#325 = CARTESIAN_POINT('',(2.,32.));
#326 = CARTESIAN_POINT('',(3.732050807569,29.));
#327 = CARTESIAN_POINT('',(5.464101615138,26.));
#328 = CARTESIAN_POINT('',(2.,26.));
#329 = ( GEOMETRIC_REPRESENTATION_CONTEXT(2) 
PARAMETRIC_REPRESENTATION_CONTEXT() REPRESENTATION_CONTEXT('2D SPACE',''
  ) );
#330 = PCURVE('',#126,#331);
#331 = DEFINITIONAL_REPRESENTATION('',(#332),#336);
#332 = LINE('',#333,#334);
#333 = CARTESIAN_POINT('',(1.570796326795,3.));
#334 = VECTOR('',#335,1.);
#335 = DIRECTION('',(-1.,0.));
#336 = ( GEOMETRIC_REPRESENTATION_CONTEXT(2) 
PARAMETRIC_REPRESENTATION_CONTEXT() REPRESENTATION_CONTEXT('2D SPACE',''
  ) );
#337 = FACE_BOUND('',#338,.T.);
#338 = EDGE_LOOP('',(#339));
#339 = ORIENTED_EDGE('',*,*,#340,.T.);
#340 = EDGE_CURVE('',#341,#341,#343,.T.);
#341 = VERTEX_POINT('',#342);
#342 = CARTESIAN_POINT('',(-33.6,-3.918869757272E-16,1.5));
#343 = SURFACE_CURVE('',#344,(#349,#360),.PCURVE_S1.);
#344 = CIRCLE('',#345,1.6);
#345 = AXIS2_PLACEMENT_3D('',#346,#347,#348);
#346 = CARTESIAN_POINT('',(-32.,0.,1.5));
#347 = DIRECTION('',(0.,0.,-1.));
#348 = DIRECTION('',(-1.,0.,0.));
#349 = PCURVE('',#44,#350);
#350 = DEFINITIONAL_REPRESENTATION('',(#351),#359);
#351 = ( BOUNDED_CURVE() B_SPLINE_CURVE(2,(#352,#353,#354,#355,#356,#357
,#358),.UNSPECIFIED.,.T.,.F.) B_SPLINE_CURVE_WITH_KNOTS((1,2,2,2,2,1),(
    -2.094395102393,0.,2.094395102393,4.188790204786,6.28318530718,
8.377580409573),.UNSPECIFIED.) CURVE() GEOMETRIC_REPRESENTATION_ITEM() 
RATIONAL_B_SPLINE_CURVE((1.,0.5,1.,0.5,1.,0.5,1.)) REPRESENTATION_ITEM(
  '') );
#352 = CARTESIAN_POINT('',(6.4,15.));
#353 = CARTESIAN_POINT('',(6.4,17.77128129211));
#354 = CARTESIAN_POINT('',(8.8,16.385640646055));
#355 = CARTESIAN_POINT('',(11.2,15.));
#356 = CARTESIAN_POINT('',(8.8,13.614359353945));
#357 = CARTESIAN_POINT('',(6.4,12.22871870789));
#358 = CARTESIAN_POINT('',(6.4,15.));
#359 = ( GEOMETRIC_REPRESENTATION_CONTEXT(2) 
PARAMETRIC_REPRESENTATION_CONTEXT() REPRESENTATION_CONTEXT('2D SPACE',''
  ) );
#360 = PCURVE('',#361,#366);
#361 = CYLINDRICAL_SURFACE('',#362,1.6);
#362 = AXIS2_PLACEMENT_3D('',#363,#364,#365);
#363 = CARTESIAN_POINT('',(-32.,0.,2.7));
#364 = DIRECTION('',(0.,0.,-1.));
#365 = DIRECTION('',(-1.,0.,0.));
#366 = DEFINITIONAL_REPRESENTATION('',(#367),#371);
#367 = LINE('',#368,#369);
#368 = CARTESIAN_POINT('',(0.,1.2));
#369 = VECTOR('',#370,1.);
#370 = DIRECTION('',(1.,0.));
#371 = ( GEOMETRIC_REPRESENTATION_CONTEXT(2) 
PARAMETRIC_REPRESENTATION_CONTEXT() REPRESENTATION_CONTEXT('2D SPACE',''
  ) );
#372 = FACE_BOUND('',#373,.T.);
#373 = EDGE_LOOP('',(#374,#402,#428,#454,#480,#506,#532,#558,#584,#610,
    #636,#662,#688));
#374 = ORIENTED_EDGE('',*,*,#375,.F.);
#375 = EDGE_CURVE('',#376,#378,#380,.T.);
#376 = VERTEX_POINT('',#377);
#377 = CARTESIAN_POINT('',(-29.28841481577,4.244383958515,1.5));
#378 = VERTEX_POINT('',#379);
#379 = CARTESIAN_POINT('',(-29.28841481577,-3.83835232983,1.5));
#380 = SURFACE_CURVE('',#381,(#385,#391),.PCURVE_S1.);
#381 = LINE('',#382,#383);
#382 = CARTESIAN_POINT('',(-29.28841481577,-9.419176164915,1.5));
#383 = VECTOR('',#384,1.);
#384 = DIRECTION('',(0.,-1.,0.));
#385 = PCURVE('',#44,#386);
#386 = DEFINITIONAL_REPRESENTATION('',(#387),#390);
#387 = B_SPLINE_CURVE_WITH_KNOTS('',1,(#388,#389),.UNSPECIFIED.,.F.,.F.,
  (2,2),(-13.66356012343,-5.580823835085),.PIECEWISE_BEZIER_KNOTS.);
#388 = CARTESIAN_POINT('',(10.71158518423,19.244383958515));
#389 = CARTESIAN_POINT('',(10.71158518423,11.16164767017));
#390 = ( GEOMETRIC_REPRESENTATION_CONTEXT(2) 
PARAMETRIC_REPRESENTATION_CONTEXT() REPRESENTATION_CONTEXT('2D SPACE',''
  ) );
#391 = PCURVE('',#392,#397);
#392 = PLANE('',#393);
#393 = AXIS2_PLACEMENT_3D('',#394,#395,#396);
#394 = CARTESIAN_POINT('',(-29.28841481577,-3.83835232983,1.45));
#395 = DIRECTION('',(-1.,0.,0.));
#396 = DIRECTION('',(0.,1.,0.));
#397 = DEFINITIONAL_REPRESENTATION('',(#398),#401);
#398 = B_SPLINE_CURVE_WITH_KNOTS('',1,(#399,#400),.UNSPECIFIED.,.F.,.F.,
  (2,2),(-13.66356012343,-5.580823835085),.PIECEWISE_BEZIER_KNOTS.);
#399 = CARTESIAN_POINT('',(8.082736288345,-5.E-02));
#400 = CARTESIAN_POINT('',(0.,-5.E-02));
#401 = ( GEOMETRIC_REPRESENTATION_CONTEXT(2) 
PARAMETRIC_REPRESENTATION_CONTEXT() REPRESENTATION_CONTEXT('2D SPACE',''
  ) );
#402 = ORIENTED_EDGE('',*,*,#403,.F.);
#403 = EDGE_CURVE('',#404,#376,#406,.T.);
#404 = VERTEX_POINT('',#405);
#405 = CARTESIAN_POINT('',(-27.65887454598,4.244383958515,1.5));
#406 = SURFACE_CURVE('',#407,(#411,#417),.PCURVE_S1.);
#407 = LINE('',#408,#409);
#408 = CARTESIAN_POINT('',(-34.64420740788,4.244383958515,1.5));
#409 = VECTOR('',#410,1.);
#410 = DIRECTION('',(-1.,0.,0.));
#411 = PCURVE('',#44,#412);
#412 = DEFINITIONAL_REPRESENTATION('',(#413),#416);
#413 = B_SPLINE_CURVE_WITH_KNOTS('',1,(#414,#415),.UNSPECIFIED.,.F.,.F.,
  (2,2),(-6.985332861902,-5.355792592115),.PIECEWISE_BEZIER_KNOTS.);
#414 = CARTESIAN_POINT('',(12.341125454017,19.244383958515));
#415 = CARTESIAN_POINT('',(10.71158518423,19.244383958515));
#416 = ( GEOMETRIC_REPRESENTATION_CONTEXT(2) 
PARAMETRIC_REPRESENTATION_CONTEXT() REPRESENTATION_CONTEXT('2D SPACE',''
  ) );
#417 = PCURVE('',#418,#423);
#418 = PLANE('',#419);
#419 = AXIS2_PLACEMENT_3D('',#420,#421,#422);
#420 = CARTESIAN_POINT('',(-29.28841481577,4.244383958515,1.45));
#421 = DIRECTION('',(0.,1.,0.));
#422 = DIRECTION('',(1.,0.,0.));
#423 = DEFINITIONAL_REPRESENTATION('',(#424),#427);
#424 = B_SPLINE_CURVE_WITH_KNOTS('',1,(#425,#426),.UNSPECIFIED.,.F.,.F.,
  (2,2),(-6.985332861902,-5.355792592115),.PIECEWISE_BEZIER_KNOTS.);
#425 = CARTESIAN_POINT('',(1.629540269787,-5.E-02));
#426 = CARTESIAN_POINT('',(0.,-5.E-02));
#427 = ( GEOMETRIC_REPRESENTATION_CONTEXT(2) 
PARAMETRIC_REPRESENTATION_CONTEXT() REPRESENTATION_CONTEXT('2D SPACE',''
  ) );
#428 = ORIENTED_EDGE('',*,*,#429,.F.);
#429 = EDGE_CURVE('',#430,#404,#432,.T.);
#430 = VERTEX_POINT('',#431);
#431 = CARTESIAN_POINT('',(-25.59623387226,-1.255991171397,1.5));
#432 = SURFACE_CURVE('',#433,(#437,#443),.PCURVE_S1.);
#433 = LINE('',#434,#435);
#434 = CARTESIAN_POINT('',(-25.25616847805,-2.16283222264,1.5));
#435 = VECTOR('',#436,1.);
#436 = DIRECTION('',(-0.351123441588,0.936329177569,0.));
#437 = PCURVE('',#44,#438);
#438 = DEFINITIONAL_REPRESENTATION('',(#439),#442);
#439 = B_SPLINE_CURVE_WITH_KNOTS('',1,(#440,#441),.UNSPECIFIED.,.F.,.F.,
  (2,2),(0.968506667278,6.842909881105),.PIECEWISE_BEZIER_KNOTS.);
#440 = CARTESIAN_POINT('',(14.403766127734,13.744008828603));
#441 = CARTESIAN_POINT('',(12.341125454017,19.244383958515));
#442 = ( GEOMETRIC_REPRESENTATION_CONTEXT(2) 
PARAMETRIC_REPRESENTATION_CONTEXT() REPRESENTATION_CONTEXT('2D SPACE',''
  ) );
#443 = PCURVE('',#444,#449);
#444 = PLANE('',#445);
#445 = AXIS2_PLACEMENT_3D('',#446,#447,#448);
#446 = CARTESIAN_POINT('',(-27.65887454598,4.244383958515,1.45));
#447 = DIRECTION('',(0.936329177569,0.351123441588,0.));
#448 = DIRECTION('',(0.351123441588,-0.936329177569,0.));
#449 = DEFINITIONAL_REPRESENTATION('',(#450),#453);
#450 = B_SPLINE_CURVE_WITH_KNOTS('',1,(#451,#452),.UNSPECIFIED.,.F.,.F.,
  (2,2),(0.968506667278,6.842909881105),.PIECEWISE_BEZIER_KNOTS.);
#451 = CARTESIAN_POINT('',(5.874403213827,-5.E-02));
#452 = CARTESIAN_POINT('',(0.,-5.E-02));
#453 = ( GEOMETRIC_REPRESENTATION_CONTEXT(2) 
PARAMETRIC_REPRESENTATION_CONTEXT() REPRESENTATION_CONTEXT('2D SPACE',''
  ) );
#454 = ORIENTED_EDGE('',*,*,#455,.F.);
#455 = EDGE_CURVE('',#456,#430,#458,.T.);
#456 = VERTEX_POINT('',#457);
#457 = CARTESIAN_POINT('',(-23.52276568845,4.244383958515,1.5));
#458 = SURFACE_CURVE('',#459,(#463,#469),.PCURVE_S1.);
#459 = LINE('',#460,#461);
#460 = CARTESIAN_POINT('',(-28.7605259796,-9.650040208091,1.5));
#461 = VECTOR('',#462,1.);
#462 = DIRECTION('',(-0.35273779967,-0.935722204869,0.));
#463 = PCURVE('',#44,#464);
#464 = DEFINITIONAL_REPRESENTATION('',(#465),#468);
#465 = B_SPLINE_CURVE_WITH_KNOTS('',1,(#466,#467),.UNSPECIFIED.,.F.,.F.,
  (2,2),(-14.84887725685,-8.970663507845),.PIECEWISE_BEZIER_KNOTS.);
#466 = CARTESIAN_POINT('',(16.477234311549,19.244383958515));
#467 = CARTESIAN_POINT('',(14.403766127734,13.744008828603));
#468 = ( GEOMETRIC_REPRESENTATION_CONTEXT(2) 
PARAMETRIC_REPRESENTATION_CONTEXT() REPRESENTATION_CONTEXT('2D SPACE',''
  ) );
#469 = PCURVE('',#470,#475);
#470 = PLANE('',#471);
#471 = AXIS2_PLACEMENT_3D('',#472,#473,#474);
#472 = CARTESIAN_POINT('',(-25.59623387226,-1.255991171397,1.45));
#473 = DIRECTION('',(-0.935722204869,0.35273779967,0.));
#474 = DIRECTION('',(0.35273779967,0.935722204869,0.));
#475 = DEFINITIONAL_REPRESENTATION('',(#476),#479);
#476 = B_SPLINE_CURVE_WITH_KNOTS('',1,(#477,#478),.UNSPECIFIED.,.F.,.F.,
  (2,2),(-14.84887725685,-8.970663507845),.PIECEWISE_BEZIER_KNOTS.);
#477 = CARTESIAN_POINT('',(5.87821374901,-5.E-02));
#478 = CARTESIAN_POINT('',(0.,-5.E-02));
#479 = ( GEOMETRIC_REPRESENTATION_CONTEXT(2) 
PARAMETRIC_REPRESENTATION_CONTEXT() REPRESENTATION_CONTEXT('2D SPACE',''
  ) );
#480 = ORIENTED_EDGE('',*,*,#481,.F.);
#481 = EDGE_CURVE('',#482,#456,#484,.T.);
#482 = VERTEX_POINT('',#483);
#483 = CARTESIAN_POINT('',(-21.89322541866,4.244383958515,1.5));
#484 = SURFACE_CURVE('',#485,(#489,#495),.PCURVE_S1.);
#485 = LINE('',#486,#487);
#486 = CARTESIAN_POINT('',(-31.76138284422,4.244383958515,1.5));
#487 = VECTOR('',#488,1.);
#488 = DIRECTION('',(-1.,0.,0.));
#489 = PCURVE('',#44,#490);
#490 = DEFINITIONAL_REPRESENTATION('',(#491),#494);
#491 = B_SPLINE_CURVE_WITH_KNOTS('',1,(#492,#493),.UNSPECIFIED.,.F.,.F.,
  (2,2),(-9.868157425561,-8.238617155775),.PIECEWISE_BEZIER_KNOTS.);
#492 = CARTESIAN_POINT('',(18.106774581336,19.244383958515));
#493 = CARTESIAN_POINT('',(16.477234311549,19.244383958515));
#494 = ( GEOMETRIC_REPRESENTATION_CONTEXT(2) 
PARAMETRIC_REPRESENTATION_CONTEXT() REPRESENTATION_CONTEXT('2D SPACE',''
  ) );
#495 = PCURVE('',#496,#501);
#496 = PLANE('',#497);
#497 = AXIS2_PLACEMENT_3D('',#498,#499,#500);
#498 = CARTESIAN_POINT('',(-23.52276568845,4.244383958515,1.45));
#499 = DIRECTION('',(0.,1.,0.));
#500 = DIRECTION('',(1.,0.,0.));
#501 = DEFINITIONAL_REPRESENTATION('',(#502),#505);
#502 = B_SPLINE_CURVE_WITH_KNOTS('',1,(#503,#504),.UNSPECIFIED.,.F.,.F.,
  (2,2),(-9.868157425561,-8.238617155775),.PIECEWISE_BEZIER_KNOTS.);
#503 = CARTESIAN_POINT('',(1.629540269787,-5.E-02));
#504 = CARTESIAN_POINT('',(0.,-5.E-02));
#505 = ( GEOMETRIC_REPRESENTATION_CONTEXT(2) 
PARAMETRIC_REPRESENTATION_CONTEXT() REPRESENTATION_CONTEXT('2D SPACE',''
  ) );
#506 = ORIENTED_EDGE('',*,*,#507,.F.);
#507 = EDGE_CURVE('',#508,#482,#510,.T.);
#508 = VERTEX_POINT('',#509);
#509 = CARTESIAN_POINT('',(-21.89322541866,-3.83835232983,1.5));
#510 = SURFACE_CURVE('',#511,(#515,#521),.PCURVE_S1.);
#511 = LINE('',#512,#513);
#512 = CARTESIAN_POINT('',(-21.89322541866,-5.377808020743,1.5));
#513 = VECTOR('',#514,1.);
#514 = DIRECTION('',(0.,1.,0.));
#515 = PCURVE('',#44,#516);
#516 = DEFINITIONAL_REPRESENTATION('',(#517),#520);
#517 = B_SPLINE_CURVE_WITH_KNOTS('',1,(#518,#519),.UNSPECIFIED.,.F.,.F.,
  (2,2),(1.539455690913,9.622191979257),.PIECEWISE_BEZIER_KNOTS.);
#518 = CARTESIAN_POINT('',(18.106774581336,11.16164767017));
#519 = CARTESIAN_POINT('',(18.106774581336,19.244383958515));
#520 = ( GEOMETRIC_REPRESENTATION_CONTEXT(2) 
PARAMETRIC_REPRESENTATION_CONTEXT() REPRESENTATION_CONTEXT('2D SPACE',''
  ) );
#521 = PCURVE('',#522,#527);
#522 = PLANE('',#523);
#523 = AXIS2_PLACEMENT_3D('',#524,#525,#526);
#524 = CARTESIAN_POINT('',(-21.89322541866,4.244383958515,1.45));
#525 = DIRECTION('',(1.,0.,0.));
#526 = DIRECTION('',(0.,-1.,0.));
#527 = DEFINITIONAL_REPRESENTATION('',(#528),#531);
#528 = B_SPLINE_CURVE_WITH_KNOTS('',1,(#529,#530),.UNSPECIFIED.,.F.,.F.,
  (2,2),(1.539455690913,9.622191979257),.PIECEWISE_BEZIER_KNOTS.);
#529 = CARTESIAN_POINT('',(8.082736288345,-5.E-02));
#530 = CARTESIAN_POINT('',(0.,-5.E-02));
#531 = ( GEOMETRIC_REPRESENTATION_CONTEXT(2) 
PARAMETRIC_REPRESENTATION_CONTEXT() REPRESENTATION_CONTEXT('2D SPACE',''
  ) );
#532 = ORIENTED_EDGE('',*,*,#533,.F.);
#533 = EDGE_CURVE('',#534,#508,#536,.T.);
#534 = VERTEX_POINT('',#535);
#535 = CARTESIAN_POINT('',(-22.95973516334,-3.83835232983,1.5));
#536 = SURFACE_CURVE('',#537,(#541,#547),.PCURVE_S1.);
#537 = LINE('',#538,#539);
#538 = CARTESIAN_POINT('',(-30.94661270933,-3.83835232983,1.5));
#539 = VECTOR('',#540,1.);
#540 = DIRECTION('',(1.,0.,-0.));
#541 = PCURVE('',#44,#542);
#542 = DEFINITIONAL_REPRESENTATION('',(#543),#546);
#543 = B_SPLINE_CURVE_WITH_KNOTS('',1,(#544,#545),.UNSPECIFIED.,.F.,.F.,
  (2,2),(7.98687754599,9.053387290668),.PIECEWISE_BEZIER_KNOTS.);
#544 = CARTESIAN_POINT('',(17.040264836658,11.16164767017));
#545 = CARTESIAN_POINT('',(18.106774581336,11.16164767017));
#546 = ( GEOMETRIC_REPRESENTATION_CONTEXT(2) 
PARAMETRIC_REPRESENTATION_CONTEXT() REPRESENTATION_CONTEXT('2D SPACE',''
  ) );
#547 = PCURVE('',#548,#553);
#548 = PLANE('',#549);
#549 = AXIS2_PLACEMENT_3D('',#550,#551,#552);
#550 = CARTESIAN_POINT('',(-21.89322541866,-3.83835232983,1.45));
#551 = DIRECTION('',(0.,-1.,0.));
#552 = DIRECTION('',(-1.,0.,0.));
#553 = DEFINITIONAL_REPRESENTATION('',(#554),#557);
#554 = B_SPLINE_CURVE_WITH_KNOTS('',1,(#555,#556),.UNSPECIFIED.,.F.,.F.,
  (2,2),(7.98687754599,9.053387290668),.PIECEWISE_BEZIER_KNOTS.);
#555 = CARTESIAN_POINT('',(1.066509744678,-5.E-02));
#556 = CARTESIAN_POINT('',(0.,-5.E-02));
#557 = ( GEOMETRIC_REPRESENTATION_CONTEXT(2) 
PARAMETRIC_REPRESENTATION_CONTEXT() REPRESENTATION_CONTEXT('2D SPACE',''
  ) );
#558 = ORIENTED_EDGE('',*,*,#559,.F.);
#559 = EDGE_CURVE('',#560,#534,#562,.T.);
#560 = VERTEX_POINT('',#561);
#561 = CARTESIAN_POINT('',(-22.95973516334,3.259080539574,1.5));
#562 = SURFACE_CURVE('',#563,(#567,#573),.PCURVE_S1.);
#563 = LINE('',#564,#565);
#564 = CARTESIAN_POINT('',(-22.95973516334,-9.419176164915,1.5));
#565 = VECTOR('',#566,1.);
#566 = DIRECTION('',(0.,-1.,0.));
#567 = PCURVE('',#44,#568);
#568 = DEFINITIONAL_REPRESENTATION('',(#569),#572);
#569 = B_SPLINE_CURVE_WITH_KNOTS('',1,(#570,#571),.UNSPECIFIED.,.F.,.F.,
  (2,2),(-12.67825670448,-5.580823835085),.PIECEWISE_BEZIER_KNOTS.);
#570 = CARTESIAN_POINT('',(17.040264836658,18.259080539574));
#571 = CARTESIAN_POINT('',(17.040264836658,11.16164767017));
#572 = ( GEOMETRIC_REPRESENTATION_CONTEXT(2) 
PARAMETRIC_REPRESENTATION_CONTEXT() REPRESENTATION_CONTEXT('2D SPACE',''
  ) );
#573 = PCURVE('',#574,#579);
#574 = PLANE('',#575);
#575 = AXIS2_PLACEMENT_3D('',#576,#577,#578);
#576 = CARTESIAN_POINT('',(-22.95973516334,-3.83835232983,1.45));
#577 = DIRECTION('',(-1.,0.,0.));
#578 = DIRECTION('',(0.,1.,0.));
#579 = DEFINITIONAL_REPRESENTATION('',(#580),#583);
#580 = B_SPLINE_CURVE_WITH_KNOTS('',1,(#581,#582),.UNSPECIFIED.,.F.,.F.,
  (2,2),(-12.67825670448,-5.580823835085),.PIECEWISE_BEZIER_KNOTS.);
#581 = CARTESIAN_POINT('',(7.097432869404,-5.E-02));
#582 = CARTESIAN_POINT('',(0.,-5.E-02));
#583 = ( GEOMETRIC_REPRESENTATION_CONTEXT(2) 
PARAMETRIC_REPRESENTATION_CONTEXT() REPRESENTATION_CONTEXT('2D SPACE',''
  ) );
#584 = ORIENTED_EDGE('',*,*,#585,.F.);
#585 = EDGE_CURVE('',#586,#560,#588,.T.);
#586 = VERTEX_POINT('',#587);
#587 = CARTESIAN_POINT('',(-25.04403085725,-2.284604630731,1.5));
#588 = SURFACE_CURVE('',#589,(#593,#599),.PCURVE_S1.);
#589 = LINE('',#590,#591);
#590 = CARTESIAN_POINT('',(-27.02233753722,-7.546386553564,1.5));
#591 = VECTOR('',#592,1.);
#592 = DIRECTION('',(0.351924707084,0.936028311828,-0.));
#593 = PCURVE('',#44,#594);
#594 = DEFINITIONAL_REPRESENTATION('',(#595),#598);
#595 = B_SPLINE_CURVE_WITH_KNOTS('',1,(#596,#597),.UNSPECIFIED.,.F.,.F.,
  (2,2),(5.621391849308,11.543953272132),.PIECEWISE_BEZIER_KNOTS.);
#596 = CARTESIAN_POINT('',(14.955969142745,12.715395369269));
#597 = CARTESIAN_POINT('',(17.040264836658,18.259080539574));
#598 = ( GEOMETRIC_REPRESENTATION_CONTEXT(2) 
PARAMETRIC_REPRESENTATION_CONTEXT() REPRESENTATION_CONTEXT('2D SPACE',''
  ) );
#599 = PCURVE('',#600,#605);
#600 = PLANE('',#601);
#601 = AXIS2_PLACEMENT_3D('',#602,#603,#604);
#602 = CARTESIAN_POINT('',(-22.95973516334,3.259080539574,1.45));
#603 = DIRECTION('',(0.936028311828,-0.351924707084,0.));
#604 = DIRECTION('',(-0.351924707084,-0.936028311828,0.));
#605 = DEFINITIONAL_REPRESENTATION('',(#606),#609);
#606 = B_SPLINE_CURVE_WITH_KNOTS('',1,(#607,#608),.UNSPECIFIED.,.F.,.F.,
  (2,2),(5.621391849308,11.543953272132),.PIECEWISE_BEZIER_KNOTS.);
#607 = CARTESIAN_POINT('',(5.922561422824,-5.E-02));
#608 = CARTESIAN_POINT('',(0.,-5.E-02));
#609 = ( GEOMETRIC_REPRESENTATION_CONTEXT(2) 
PARAMETRIC_REPRESENTATION_CONTEXT() REPRESENTATION_CONTEXT('2D SPACE',''
  ) );
#610 = ORIENTED_EDGE('',*,*,#611,.F.);
#611 = EDGE_CURVE('',#612,#586,#614,.T.);
#612 = VERTEX_POINT('',#613);
#613 = CARTESIAN_POINT('',(-26.14302313222,-2.284604630731,1.5));
#614 = SURFACE_CURVE('',#615,(#619,#625),.PCURVE_S1.);
#615 = LINE('',#616,#617);
#616 = CARTESIAN_POINT('',(-32.52201542862,-2.284604630731,1.5));
#617 = VECTOR('',#618,1.);
#618 = DIRECTION('',(1.,0.,-0.));
#619 = PCURVE('',#44,#620);
#620 = DEFINITIONAL_REPRESENTATION('',(#621),#624);
#621 = B_SPLINE_CURVE_WITH_KNOTS('',1,(#622,#623),.UNSPECIFIED.,.F.,.F.,
  (2,2),(6.3789922964,7.477984571372),.PIECEWISE_BEZIER_KNOTS.);
#622 = CARTESIAN_POINT('',(13.856976867772,12.715395369269));
#623 = CARTESIAN_POINT('',(14.955969142745,12.715395369269));
#624 = ( GEOMETRIC_REPRESENTATION_CONTEXT(2) 
PARAMETRIC_REPRESENTATION_CONTEXT() REPRESENTATION_CONTEXT('2D SPACE',''
  ) );
#625 = PCURVE('',#626,#631);
#626 = PLANE('',#627);
#627 = AXIS2_PLACEMENT_3D('',#628,#629,#630);
#628 = CARTESIAN_POINT('',(-25.04403085725,-2.284604630731,1.45));
#629 = DIRECTION('',(0.,-1.,0.));
#630 = DIRECTION('',(-1.,0.,0.));
#631 = DEFINITIONAL_REPRESENTATION('',(#632),#635);
#632 = B_SPLINE_CURVE_WITH_KNOTS('',1,(#633,#634),.UNSPECIFIED.,.F.,.F.,
  (2,2),(6.3789922964,7.477984571372),.PIECEWISE_BEZIER_KNOTS.);
#633 = CARTESIAN_POINT('',(1.098992274973,-5.E-02));
#634 = CARTESIAN_POINT('',(0.,-5.E-02));
#635 = ( GEOMETRIC_REPRESENTATION_CONTEXT(2) 
PARAMETRIC_REPRESENTATION_CONTEXT() REPRESENTATION_CONTEXT('2D SPACE',''
  ) );
#636 = ORIENTED_EDGE('',*,*,#637,.F.);
#637 = EDGE_CURVE('',#638,#612,#640,.T.);
#638 = VERTEX_POINT('',#639);
#639 = CARTESIAN_POINT('',(-28.22731882614,3.259080539574,1.5));
#640 = SURFACE_CURVE('',#641,(#645,#651),.PCURVE_S1.);
#641 = LINE('',#642,#643);
#642 = CARTESIAN_POINT('',(-24.90682468563,-5.572571408155,1.5));
#643 = VECTOR('',#644,1.);
#644 = DIRECTION('',(0.351924707084,-0.936028311828,0.));
#645 = PCURVE('',#44,#646);
#646 = DEFINITIONAL_REPRESENTATION('',(#647),#650);
#647 = B_SPLINE_CURVE_WITH_KNOTS('',1,(#648,#649),.UNSPECIFIED.,.F.,.F.,
  (2,2),(-9.435240191057,-3.512678768233),.PIECEWISE_BEZIER_KNOTS.);
#648 = CARTESIAN_POINT('',(11.772681173859,18.259080539574));
#649 = CARTESIAN_POINT('',(13.856976867772,12.715395369269));
#650 = ( GEOMETRIC_REPRESENTATION_CONTEXT(2) 
PARAMETRIC_REPRESENTATION_CONTEXT() REPRESENTATION_CONTEXT('2D SPACE',''
  ) );
#651 = PCURVE('',#652,#657);
#652 = PLANE('',#653);
#653 = AXIS2_PLACEMENT_3D('',#654,#655,#656);
#654 = CARTESIAN_POINT('',(-26.14302313222,-2.284604630731,1.45));
#655 = DIRECTION('',(-0.936028311828,-0.351924707084,0.));
#656 = DIRECTION('',(-0.351924707084,0.936028311828,0.));
#657 = DEFINITIONAL_REPRESENTATION('',(#658),#661);
#658 = B_SPLINE_CURVE_WITH_KNOTS('',1,(#659,#660),.UNSPECIFIED.,.F.,.F.,
  (2,2),(-9.435240191057,-3.512678768233),.PIECEWISE_BEZIER_KNOTS.);
#659 = CARTESIAN_POINT('',(5.922561422824,-5.E-02));
#660 = CARTESIAN_POINT('',(0.,-5.E-02));
#661 = ( GEOMETRIC_REPRESENTATION_CONTEXT(2) 
PARAMETRIC_REPRESENTATION_CONTEXT() REPRESENTATION_CONTEXT('2D SPACE',''
  ) );
#662 = ORIENTED_EDGE('',*,*,#663,.F.);
#663 = EDGE_CURVE('',#664,#638,#666,.T.);
#664 = VERTEX_POINT('',#665);
#665 = CARTESIAN_POINT('',(-28.22731882614,-3.83835232983,1.5));
#666 = SURFACE_CURVE('',#667,(#671,#677),.PCURVE_S1.);
#667 = LINE('',#668,#669);
#668 = CARTESIAN_POINT('',(-28.22731882614,-5.870459730213,1.5));
#669 = VECTOR('',#670,1.);
#670 = DIRECTION('',(0.,1.,0.));
#671 = PCURVE('',#44,#672);
#672 = DEFINITIONAL_REPRESENTATION('',(#673),#676);
#673 = B_SPLINE_CURVE_WITH_KNOTS('',1,(#674,#675),.UNSPECIFIED.,.F.,.F.,
  (2,2),(2.032107400383,9.129540269787),.PIECEWISE_BEZIER_KNOTS.);
#674 = CARTESIAN_POINT('',(11.772681173859,11.16164767017));
#675 = CARTESIAN_POINT('',(11.772681173859,18.259080539574));
#676 = ( GEOMETRIC_REPRESENTATION_CONTEXT(2) 
PARAMETRIC_REPRESENTATION_CONTEXT() REPRESENTATION_CONTEXT('2D SPACE',''
  ) );
#677 = PCURVE('',#678,#683);
#678 = PLANE('',#679);
#679 = AXIS2_PLACEMENT_3D('',#680,#681,#682);
#680 = CARTESIAN_POINT('',(-28.22731882614,3.259080539574,1.45));
#681 = DIRECTION('',(1.,0.,0.));
#682 = DIRECTION('',(0.,-1.,0.));
#683 = DEFINITIONAL_REPRESENTATION('',(#684),#687);
#684 = B_SPLINE_CURVE_WITH_KNOTS('',1,(#685,#686),.UNSPECIFIED.,.F.,.F.,
  (2,2),(2.032107400383,9.129540269787),.PIECEWISE_BEZIER_KNOTS.);
#685 = CARTESIAN_POINT('',(7.097432869404,-5.E-02));
#686 = CARTESIAN_POINT('',(0.,-5.E-02));
#687 = ( GEOMETRIC_REPRESENTATION_CONTEXT(2) 
PARAMETRIC_REPRESENTATION_CONTEXT() REPRESENTATION_CONTEXT('2D SPACE',''
  ) );
#688 = ORIENTED_EDGE('',*,*,#689,.F.);
#689 = EDGE_CURVE('',#378,#664,#690,.T.);
#690 = SURFACE_CURVE('',#691,(#695,#701),.PCURVE_S1.);
#691 = LINE('',#692,#693);
#692 = CARTESIAN_POINT('',(-34.11365941307,-3.83835232983,1.5));
#693 = VECTOR('',#694,1.);
#694 = DIRECTION('',(1.,0.,-0.));
#695 = PCURVE('',#44,#696);
#696 = DEFINITIONAL_REPRESENTATION('',(#697),#700);
#697 = B_SPLINE_CURVE_WITH_KNOTS('',1,(#698,#699),.UNSPECIFIED.,.F.,.F.,
  (2,2),(4.825244597301,5.886340586929),.PIECEWISE_BEZIER_KNOTS.);
#698 = CARTESIAN_POINT('',(10.71158518423,11.16164767017));
#699 = CARTESIAN_POINT('',(11.772681173859,11.16164767017));
#700 = ( GEOMETRIC_REPRESENTATION_CONTEXT(2) 
PARAMETRIC_REPRESENTATION_CONTEXT() REPRESENTATION_CONTEXT('2D SPACE',''
  ) );
#701 = PCURVE('',#702,#707);
#702 = PLANE('',#703);
#703 = AXIS2_PLACEMENT_3D('',#704,#705,#706);
#704 = CARTESIAN_POINT('',(-28.22731882614,-3.83835232983,1.45));
#705 = DIRECTION('',(0.,-1.,0.));
#706 = DIRECTION('',(-1.,0.,0.));
#707 = DEFINITIONAL_REPRESENTATION('',(#708),#711);
#708 = B_SPLINE_CURVE_WITH_KNOTS('',1,(#709,#710),.UNSPECIFIED.,.F.,.F.,
  (2,2),(4.825244597301,5.886340586929),.PIECEWISE_BEZIER_KNOTS.);
#709 = CARTESIAN_POINT('',(1.061095989629,-5.E-02));
#710 = CARTESIAN_POINT('',(0.,-5.E-02));
#711 = ( GEOMETRIC_REPRESENTATION_CONTEXT(2) 
PARAMETRIC_REPRESENTATION_CONTEXT() REPRESENTATION_CONTEXT('2D SPACE',''
  ) );
#712 = FACE_BOUND('',#713,.T.);
#713 = EDGE_LOOP('',(#714,#742,#768,#794,#820,#846,#872,#898,#924,#950,
    #976,#1002));
#714 = ORIENTED_EDGE('',*,*,#715,.F.);
#715 = EDGE_CURVE('',#716,#718,#720,.T.);
#716 = VERTEX_POINT('',#717);
#717 = CARTESIAN_POINT('',(-4.866965789164,4.244383958515,1.5));
#718 = VERTEX_POINT('',#719);
#719 = CARTESIAN_POINT('',(-4.866965789164,-3.83835232983,1.5));
#720 = SURFACE_CURVE('',#721,(#725,#731),.PCURVE_S1.);
#721 = LINE('',#722,#723);
#722 = CARTESIAN_POINT('',(-4.866965789164,-9.419176164915,1.5));
#723 = VECTOR('',#724,1.);
#724 = DIRECTION('',(0.,-1.,0.));
#725 = PCURVE('',#44,#726);
#726 = DEFINITIONAL_REPRESENTATION('',(#727),#730);
#727 = B_SPLINE_CURVE_WITH_KNOTS('',1,(#728,#729),.UNSPECIFIED.,.F.,.F.,
  (2,2),(-13.66356012343,-5.580823835085),.PIECEWISE_BEZIER_KNOTS.);
#728 = CARTESIAN_POINT('',(35.133034210836,19.244383958515));
#729 = CARTESIAN_POINT('',(35.133034210836,11.16164767017));
#730 = ( GEOMETRIC_REPRESENTATION_CONTEXT(2) 
PARAMETRIC_REPRESENTATION_CONTEXT() REPRESENTATION_CONTEXT('2D SPACE',''
  ) );
#731 = PCURVE('',#732,#737);
#732 = PLANE('',#733);
#733 = AXIS2_PLACEMENT_3D('',#734,#735,#736);
#734 = CARTESIAN_POINT('',(-4.866965789164,-3.83835232983,1.45));
#735 = DIRECTION('',(-1.,0.,0.));
#736 = DIRECTION('',(0.,1.,0.));
#737 = DEFINITIONAL_REPRESENTATION('',(#738),#741);
#738 = B_SPLINE_CURVE_WITH_KNOTS('',1,(#739,#740),.UNSPECIFIED.,.F.,.F.,
  (2,2),(-13.66356012343,-5.580823835085),.PIECEWISE_BEZIER_KNOTS.);
#739 = CARTESIAN_POINT('',(8.082736288345,-5.E-02));
#740 = CARTESIAN_POINT('',(0.,-5.E-02));
#741 = ( GEOMETRIC_REPRESENTATION_CONTEXT(2) 
PARAMETRIC_REPRESENTATION_CONTEXT() REPRESENTATION_CONTEXT('2D SPACE',''
  ) );
#742 = ORIENTED_EDGE('',*,*,#743,.F.);
#743 = EDGE_CURVE('',#744,#716,#746,.T.);
#744 = VERTEX_POINT('',#745);
#745 = CARTESIAN_POINT('',(0.243618977211,4.244383958515,1.5));
#746 = SURFACE_CURVE('',#747,(#751,#757),.PCURVE_S1.);
#747 = LINE('',#748,#749);
#748 = CARTESIAN_POINT('',(-22.43348289458,4.244383958515,1.5));
#749 = VECTOR('',#750,1.);
#750 = DIRECTION('',(-1.,0.,0.));
#751 = PCURVE('',#44,#752);
#752 = DEFINITIONAL_REPRESENTATION('',(#753),#756);
#753 = B_SPLINE_CURVE_WITH_KNOTS('',1,(#754,#755),.UNSPECIFIED.,.F.,.F.,
  (2,2),(-22.67710187179,-17.56651710541),.PIECEWISE_BEZIER_KNOTS.);
#754 = CARTESIAN_POINT('',(40.243618977211,19.244383958515));
#755 = CARTESIAN_POINT('',(35.133034210836,19.244383958515));
#756 = ( GEOMETRIC_REPRESENTATION_CONTEXT(2) 
PARAMETRIC_REPRESENTATION_CONTEXT() REPRESENTATION_CONTEXT('2D SPACE',''
  ) );
#757 = PCURVE('',#758,#763);
#758 = PLANE('',#759);
#759 = AXIS2_PLACEMENT_3D('',#760,#761,#762);
#760 = CARTESIAN_POINT('',(-4.866965789164,4.244383958515,1.45));
#761 = DIRECTION('',(0.,1.,0.));
#762 = DIRECTION('',(1.,0.,0.));
#763 = DEFINITIONAL_REPRESENTATION('',(#764),#767);
#764 = B_SPLINE_CURVE_WITH_KNOTS('',1,(#765,#766),.UNSPECIFIED.,.F.,.F.,
  (2,2),(-22.67710187179,-17.56651710541),.PIECEWISE_BEZIER_KNOTS.);
#765 = CARTESIAN_POINT('',(5.110584766375,-5.E-02));
#766 = CARTESIAN_POINT('',(0.,-5.E-02));
#767 = ( GEOMETRIC_REPRESENTATION_CONTEXT(2) 
PARAMETRIC_REPRESENTATION_CONTEXT() REPRESENTATION_CONTEXT('2D SPACE',''
  ) );
#768 = ORIENTED_EDGE('',*,*,#769,.F.);
#769 = EDGE_CURVE('',#770,#744,#772,.T.);
#770 = VERTEX_POINT('',#771);
#771 = CARTESIAN_POINT('',(0.243618977211,3.324045600163,1.5));
#772 = SURFACE_CURVE('',#773,(#777,#783),.PCURVE_S1.);
#773 = LINE('',#774,#775);
#774 = CARTESIAN_POINT('',(0.243618977211,-5.377808020743,1.5));
#775 = VECTOR('',#776,1.);
#776 = DIRECTION('',(0.,1.,0.));
#777 = PCURVE('',#44,#778);
#778 = DEFINITIONAL_REPRESENTATION('',(#779),#782);
#779 = B_SPLINE_CURVE_WITH_KNOTS('',1,(#780,#781),.UNSPECIFIED.,.F.,.F.,
  (2,2),(8.701853620906,9.622191979257),.PIECEWISE_BEZIER_KNOTS.);
#780 = CARTESIAN_POINT('',(40.243618977211,18.324045600163));
#781 = CARTESIAN_POINT('',(40.243618977211,19.244383958515));
#782 = ( GEOMETRIC_REPRESENTATION_CONTEXT(2) 
PARAMETRIC_REPRESENTATION_CONTEXT() REPRESENTATION_CONTEXT('2D SPACE',''
  ) );
#783 = PCURVE('',#784,#789);
#784 = PLANE('',#785);
#785 = AXIS2_PLACEMENT_3D('',#786,#787,#788);
#786 = CARTESIAN_POINT('',(0.243618977211,4.244383958515,1.45));
#787 = DIRECTION('',(1.,0.,0.));
#788 = DIRECTION('',(0.,-1.,0.));
#789 = DEFINITIONAL_REPRESENTATION('',(#790),#793);
#790 = B_SPLINE_CURVE_WITH_KNOTS('',1,(#791,#792),.UNSPECIFIED.,.F.,.F.,
  (2,2),(8.701853620906,9.622191979257),.PIECEWISE_BEZIER_KNOTS.);
#791 = CARTESIAN_POINT('',(0.920338358351,-5.E-02));
#792 = CARTESIAN_POINT('',(0.,-5.E-02));
#793 = ( GEOMETRIC_REPRESENTATION_CONTEXT(2) 
PARAMETRIC_REPRESENTATION_CONTEXT() REPRESENTATION_CONTEXT('2D SPACE',''
  ) );
#794 = ORIENTED_EDGE('',*,*,#795,.F.);
#795 = EDGE_CURVE('',#796,#770,#798,.T.);
#796 = VERTEX_POINT('',#797);
#797 = CARTESIAN_POINT('',(-3.773387269241,3.324045600163,1.5));
#798 = SURFACE_CURVE('',#799,(#803,#809),.PCURVE_S1.);
#799 = LINE('',#800,#801);
#800 = CARTESIAN_POINT('',(-19.87819051139,3.324045600163,1.5));
#801 = VECTOR('',#802,1.);
#802 = DIRECTION('',(1.,0.,-0.));
#803 = PCURVE('',#44,#804);
#804 = DEFINITIONAL_REPRESENTATION('',(#805),#808);
#805 = B_SPLINE_CURVE_WITH_KNOTS('',1,(#806,#807),.UNSPECIFIED.,.F.,.F.,
  (2,2),(16.104803242154,20.121809488605),.PIECEWISE_BEZIER_KNOTS.);
#806 = CARTESIAN_POINT('',(36.226612730759,18.324045600163));
#807 = CARTESIAN_POINT('',(40.243618977211,18.324045600163));
#808 = ( GEOMETRIC_REPRESENTATION_CONTEXT(2) 
PARAMETRIC_REPRESENTATION_CONTEXT() REPRESENTATION_CONTEXT('2D SPACE',''
  ) );
#809 = PCURVE('',#810,#815);
#810 = PLANE('',#811);
#811 = AXIS2_PLACEMENT_3D('',#812,#813,#814);
#812 = CARTESIAN_POINT('',(0.243618977211,3.324045600163,1.45));
#813 = DIRECTION('',(0.,-1.,0.));
#814 = DIRECTION('',(-1.,0.,0.));
#815 = DEFINITIONAL_REPRESENTATION('',(#816),#819);
#816 = B_SPLINE_CURVE_WITH_KNOTS('',1,(#817,#818),.UNSPECIFIED.,.F.,.F.,
  (2,2),(16.104803242154,20.121809488605),.PIECEWISE_BEZIER_KNOTS.);
#817 = CARTESIAN_POINT('',(4.017006246451,-5.E-02));
#818 = CARTESIAN_POINT('',(0.,-5.E-02));
#819 = ( GEOMETRIC_REPRESENTATION_CONTEXT(2) 
PARAMETRIC_REPRESENTATION_CONTEXT() REPRESENTATION_CONTEXT('2D SPACE',''
  ) );
#820 = ORIENTED_EDGE('',*,*,#821,.F.);
#821 = EDGE_CURVE('',#822,#796,#824,.T.);
#822 = VERTEX_POINT('',#823);
#823 = CARTESIAN_POINT('',(-3.773387269241,0.93116586845,1.5));
#824 = SURFACE_CURVE('',#825,(#829,#835),.PCURVE_S1.);
#825 = LINE('',#826,#827);
#826 = CARTESIAN_POINT('',(-3.773387269241,-5.837977199918,1.5));
#827 = VECTOR('',#828,1.);
#828 = DIRECTION('',(0.,1.,0.));
#829 = PCURVE('',#44,#830);
#830 = DEFINITIONAL_REPRESENTATION('',(#831),#834);
#831 = B_SPLINE_CURVE_WITH_KNOTS('',1,(#832,#833),.UNSPECIFIED.,.F.,.F.,
  (2,2),(6.769143068368,9.162022800082),.PIECEWISE_BEZIER_KNOTS.);
#832 = CARTESIAN_POINT('',(36.226612730759,15.93116586845));
#833 = CARTESIAN_POINT('',(36.226612730759,18.324045600163));
#834 = ( GEOMETRIC_REPRESENTATION_CONTEXT(2) 
PARAMETRIC_REPRESENTATION_CONTEXT() REPRESENTATION_CONTEXT('2D SPACE',''
  ) );
#835 = PCURVE('',#836,#841);
#836 = PLANE('',#837);
#837 = AXIS2_PLACEMENT_3D('',#838,#839,#840);
#838 = CARTESIAN_POINT('',(-3.773387269241,3.324045600163,1.45));
#839 = DIRECTION('',(1.,0.,0.));
#840 = DIRECTION('',(0.,-1.,0.));
#841 = DEFINITIONAL_REPRESENTATION('',(#842),#845);
#842 = B_SPLINE_CURVE_WITH_KNOTS('',1,(#843,#844),.UNSPECIFIED.,.F.,.F.,
  (2,2),(6.769143068368,9.162022800082),.PIECEWISE_BEZIER_KNOTS.);
#843 = CARTESIAN_POINT('',(2.392879731714,-5.E-02));
#844 = CARTESIAN_POINT('',(0.,-5.E-02));
#845 = ( GEOMETRIC_REPRESENTATION_CONTEXT(2) 
PARAMETRIC_REPRESENTATION_CONTEXT() REPRESENTATION_CONTEXT('2D SPACE',''
  ) );
#846 = ORIENTED_EDGE('',*,*,#847,.F.);
#847 = EDGE_CURVE('',#848,#822,#850,.T.);
#848 = VERTEX_POINT('',#849);
#849 = CARTESIAN_POINT('',(7.579257068776E-02,0.93116586845,1.5));
#850 = SURFACE_CURVE('',#851,(#855,#861),.PCURVE_S1.);
#851 = LINE('',#852,#853);
#852 = CARTESIAN_POINT('',(-21.88669363462,0.93116586845,1.5));
#853 = VECTOR('',#854,1.);
#854 = DIRECTION('',(-1.,0.,0.));
#855 = PCURVE('',#44,#856);
#856 = DEFINITIONAL_REPRESENTATION('',(#857),#860);
#857 = B_SPLINE_CURVE_WITH_KNOTS('',1,(#858,#859),.UNSPECIFIED.,.F.,.F.,
  (2,2),(-21.9624862053,-18.11330636538),.PIECEWISE_BEZIER_KNOTS.);
#858 = CARTESIAN_POINT('',(40.075792570688,15.93116586845));
#859 = CARTESIAN_POINT('',(36.226612730759,15.93116586845));
#860 = ( GEOMETRIC_REPRESENTATION_CONTEXT(2) 
PARAMETRIC_REPRESENTATION_CONTEXT() REPRESENTATION_CONTEXT('2D SPACE',''
  ) );
#861 = PCURVE('',#862,#867);
#862 = PLANE('',#863);
#863 = AXIS2_PLACEMENT_3D('',#864,#865,#866);
#864 = CARTESIAN_POINT('',(-3.773387269241,0.93116586845,1.45));
#865 = DIRECTION('',(0.,1.,0.));
#866 = DIRECTION('',(1.,0.,0.));
#867 = DEFINITIONAL_REPRESENTATION('',(#868),#871);
#868 = B_SPLINE_CURVE_WITH_KNOTS('',1,(#869,#870),.UNSPECIFIED.,.F.,.F.,
  (2,2),(-21.9624862053,-18.11330636538),.PIECEWISE_BEZIER_KNOTS.);
#869 = CARTESIAN_POINT('',(3.849179839928,-5.E-02));
#870 = CARTESIAN_POINT('',(0.,-5.E-02));
#871 = ( GEOMETRIC_REPRESENTATION_CONTEXT(2) 
PARAMETRIC_REPRESENTATION_CONTEXT() REPRESENTATION_CONTEXT('2D SPACE',''
  ) );
#872 = ORIENTED_EDGE('',*,*,#873,.F.);
#873 = EDGE_CURVE('',#874,#848,#876,.T.);
#874 = VERTEX_POINT('',#875);
#875 = CARTESIAN_POINT('',(7.579257068776E-02,1.082751009825E-02,1.5));
#876 = SURFACE_CURVE('',#877,(#881,#887),.PCURVE_S1.);
#877 = LINE('',#878,#879);
#878 = CARTESIAN_POINT('',(7.579257068776E-02,-7.034417065775,1.5));
#879 = VECTOR('',#880,1.);
#880 = DIRECTION('',(0.,1.,0.));
#881 = PCURVE('',#44,#882);
#882 = DEFINITIONAL_REPRESENTATION('',(#883),#886);
#883 = B_SPLINE_CURVE_WITH_KNOTS('',1,(#884,#885),.UNSPECIFIED.,.F.,.F.,
  (2,2),(7.045244575873,7.965582934225),.PIECEWISE_BEZIER_KNOTS.);
#884 = CARTESIAN_POINT('',(40.075792570688,15.010827510098));
#885 = CARTESIAN_POINT('',(40.075792570688,15.93116586845));
#886 = ( GEOMETRIC_REPRESENTATION_CONTEXT(2) 
PARAMETRIC_REPRESENTATION_CONTEXT() REPRESENTATION_CONTEXT('2D SPACE',''
  ) );
#887 = PCURVE('',#888,#893);
#888 = PLANE('',#889);
#889 = AXIS2_PLACEMENT_3D('',#890,#891,#892);
#890 = CARTESIAN_POINT('',(7.579257068776E-02,0.93116586845,1.45));
#891 = DIRECTION('',(1.,0.,0.));
#892 = DIRECTION('',(0.,-1.,0.));
#893 = DEFINITIONAL_REPRESENTATION('',(#894),#897);
#894 = B_SPLINE_CURVE_WITH_KNOTS('',1,(#895,#896),.UNSPECIFIED.,.F.,.F.,
  (2,2),(7.045244575873,7.965582934225),.PIECEWISE_BEZIER_KNOTS.);
#895 = CARTESIAN_POINT('',(0.920338358351,-5.E-02));
#896 = CARTESIAN_POINT('',(0.,-5.E-02));
#897 = ( GEOMETRIC_REPRESENTATION_CONTEXT(2) 
PARAMETRIC_REPRESENTATION_CONTEXT() REPRESENTATION_CONTEXT('2D SPACE',''
  ) );
#898 = ORIENTED_EDGE('',*,*,#899,.F.);
#899 = EDGE_CURVE('',#900,#874,#902,.T.);
#900 = VERTEX_POINT('',#901);
#901 = CARTESIAN_POINT('',(-3.773387269241,1.082751009825E-02,1.5));
#902 = SURFACE_CURVE('',#903,(#907,#913),.PCURVE_S1.);
#903 = LINE('',#904,#905);
#904 = CARTESIAN_POINT('',(-19.96210371465,1.082751009825E-02,1.5));
#905 = VECTOR('',#906,1.);
#906 = DIRECTION('',(1.,0.,-0.));
#907 = PCURVE('',#44,#908);
#908 = DEFINITIONAL_REPRESENTATION('',(#909),#912);
#909 = B_SPLINE_CURVE_WITH_KNOTS('',1,(#910,#911),.UNSPECIFIED.,.F.,.F.,
  (2,2),(16.188716445416,20.037896285344),.PIECEWISE_BEZIER_KNOTS.);
#910 = CARTESIAN_POINT('',(36.226612730759,15.010827510098));
#911 = CARTESIAN_POINT('',(40.075792570688,15.010827510098));
#912 = ( GEOMETRIC_REPRESENTATION_CONTEXT(2) 
PARAMETRIC_REPRESENTATION_CONTEXT() REPRESENTATION_CONTEXT('2D SPACE',''
  ) );
#913 = PCURVE('',#914,#919);
#914 = PLANE('',#915);
#915 = AXIS2_PLACEMENT_3D('',#916,#917,#918);
#916 = CARTESIAN_POINT('',(7.579257068776E-02,1.082751009825E-02,1.45));
#917 = DIRECTION('',(0.,-1.,0.));
#918 = DIRECTION('',(-1.,0.,0.));
#919 = DEFINITIONAL_REPRESENTATION('',(#920),#923);
#920 = B_SPLINE_CURVE_WITH_KNOTS('',1,(#921,#922),.UNSPECIFIED.,.F.,.F.,
  (2,2),(16.188716445416,20.037896285344),.PIECEWISE_BEZIER_KNOTS.);
#921 = CARTESIAN_POINT('',(3.849179839928,-5.E-02));
#922 = CARTESIAN_POINT('',(0.,-5.E-02));
#923 = ( GEOMETRIC_REPRESENTATION_CONTEXT(2) 
PARAMETRIC_REPRESENTATION_CONTEXT() REPRESENTATION_CONTEXT('2D SPACE',''
  ) );
#924 = ORIENTED_EDGE('',*,*,#925,.F.);
#925 = EDGE_CURVE('',#926,#900,#928,.T.);
#926 = VERTEX_POINT('',#927);
#927 = CARTESIAN_POINT('',(-3.773387269241,-2.918013971479,1.5));
#928 = SURFACE_CURVE('',#929,(#933,#939),.PCURVE_S1.);
#929 = LINE('',#930,#931);
#930 = CARTESIAN_POINT('',(-3.773387269241,-7.494586244951,1.5));
#931 = VECTOR('',#932,1.);
#932 = DIRECTION('',(0.,1.,0.));
#933 = PCURVE('',#44,#934);
#934 = DEFINITIONAL_REPRESENTATION('',(#935),#938);
#935 = B_SPLINE_CURVE_WITH_KNOTS('',1,(#936,#937),.UNSPECIFIED.,.F.,.F.,
  (2,2),(4.576572273472,7.505413755049),.PIECEWISE_BEZIER_KNOTS.);
#936 = CARTESIAN_POINT('',(36.226612730759,12.081986028521));
#937 = CARTESIAN_POINT('',(36.226612730759,15.010827510098));
#938 = ( GEOMETRIC_REPRESENTATION_CONTEXT(2) 
PARAMETRIC_REPRESENTATION_CONTEXT() REPRESENTATION_CONTEXT('2D SPACE',''
  ) );
#939 = PCURVE('',#940,#945);
#940 = PLANE('',#941);
#941 = AXIS2_PLACEMENT_3D('',#942,#943,#944);
#942 = CARTESIAN_POINT('',(-3.773387269241,1.082751009825E-02,1.45));
#943 = DIRECTION('',(1.,0.,0.));
#944 = DIRECTION('',(0.,-1.,0.));
#945 = DEFINITIONAL_REPRESENTATION('',(#946),#949);
#946 = B_SPLINE_CURVE_WITH_KNOTS('',1,(#947,#948),.UNSPECIFIED.,.F.,.F.,
  (2,2),(4.576572273472,7.505413755049),.PIECEWISE_BEZIER_KNOTS.);
#947 = CARTESIAN_POINT('',(2.928841481577,-5.E-02));
#948 = CARTESIAN_POINT('',(0.,-5.E-02));
#949 = ( GEOMETRIC_REPRESENTATION_CONTEXT(2) 
PARAMETRIC_REPRESENTATION_CONTEXT() REPRESENTATION_CONTEXT('2D SPACE',''
  ) );
#950 = ORIENTED_EDGE('',*,*,#951,.F.);
#951 = EDGE_CURVE('',#952,#926,#954,.T.);
#952 = VERTEX_POINT('',#953);
#953 = CARTESIAN_POINT('',(0.341066568095,-2.918013971479,1.5));
#954 = SURFACE_CURVE('',#955,(#959,#965),.PCURVE_S1.);
#955 = LINE('',#956,#957);
#956 = CARTESIAN_POINT('',(-21.88669363462,-2.918013971479,1.5));
#957 = VECTOR('',#958,1.);
#958 = DIRECTION('',(-1.,0.,0.));
#959 = PCURVE('',#44,#960);
#960 = DEFINITIONAL_REPRESENTATION('',(#961),#964);
#961 = B_SPLINE_CURVE_WITH_KNOTS('',1,(#962,#963),.UNSPECIFIED.,.F.,.F.,
  (2,2),(-22.22776020271,-18.11330636538),.PIECEWISE_BEZIER_KNOTS.);
#962 = CARTESIAN_POINT('',(40.341066568095,12.081986028521));
#963 = CARTESIAN_POINT('',(36.226612730759,12.081986028521));
#964 = ( GEOMETRIC_REPRESENTATION_CONTEXT(2) 
PARAMETRIC_REPRESENTATION_CONTEXT() REPRESENTATION_CONTEXT('2D SPACE',''
  ) );
#965 = PCURVE('',#966,#971);
#966 = PLANE('',#967);
#967 = AXIS2_PLACEMENT_3D('',#968,#969,#970);
#968 = CARTESIAN_POINT('',(-3.773387269241,-2.918013971479,1.45));
#969 = DIRECTION('',(0.,1.,0.));
#970 = DIRECTION('',(1.,0.,0.));
#971 = DEFINITIONAL_REPRESENTATION('',(#972),#975);
#972 = B_SPLINE_CURVE_WITH_KNOTS('',1,(#973,#974),.UNSPECIFIED.,.F.,.F.,
  (2,2),(-22.22776020271,-18.11330636538),.PIECEWISE_BEZIER_KNOTS.);
#973 = CARTESIAN_POINT('',(4.114453837335,-5.E-02));
#974 = CARTESIAN_POINT('',(0.,-5.E-02));
#975 = ( GEOMETRIC_REPRESENTATION_CONTEXT(2) 
PARAMETRIC_REPRESENTATION_CONTEXT() REPRESENTATION_CONTEXT('2D SPACE',''
  ) );
#976 = ORIENTED_EDGE('',*,*,#977,.F.);
#977 = EDGE_CURVE('',#978,#952,#980,.T.);
#978 = VERTEX_POINT('',#979);
#979 = CARTESIAN_POINT('',(0.341066568095,-3.83835232983,1.5));
#980 = SURFACE_CURVE('',#981,(#985,#991),.PCURVE_S1.);
#981 = LINE('',#982,#983);
#982 = CARTESIAN_POINT('',(0.341066568095,-8.959006985739,1.5));
#983 = VECTOR('',#984,1.);
#984 = DIRECTION('',(0.,1.,0.));
#985 = PCURVE('',#44,#986);
#986 = DEFINITIONAL_REPRESENTATION('',(#987),#990);
#987 = B_SPLINE_CURVE_WITH_KNOTS('',1,(#988,#989),.UNSPECIFIED.,.F.,.F.,
  (2,2),(5.120654655909,6.040993014261),.PIECEWISE_BEZIER_KNOTS.);
#988 = CARTESIAN_POINT('',(40.341066568095,11.16164767017));
#989 = CARTESIAN_POINT('',(40.341066568095,12.081986028521));
#990 = ( GEOMETRIC_REPRESENTATION_CONTEXT(2) 
PARAMETRIC_REPRESENTATION_CONTEXT() REPRESENTATION_CONTEXT('2D SPACE',''
  ) );
#991 = PCURVE('',#992,#997);
#992 = PLANE('',#993);
#993 = AXIS2_PLACEMENT_3D('',#994,#995,#996);
#994 = CARTESIAN_POINT('',(0.341066568095,-2.918013971479,1.45));
#995 = DIRECTION('',(1.,0.,0.));
#996 = DIRECTION('',(0.,-1.,0.));
#997 = DEFINITIONAL_REPRESENTATION('',(#998),#1001);
#998 = B_SPLINE_CURVE_WITH_KNOTS('',1,(#999,#1000),.UNSPECIFIED.,.F.,.F.
  ,(2,2),(5.120654655909,6.040993014261),.PIECEWISE_BEZIER_KNOTS.);
#999 = CARTESIAN_POINT('',(0.920338358351,-5.E-02));
#1000 = CARTESIAN_POINT('',(0.,-5.E-02));
#1001 = ( GEOMETRIC_REPRESENTATION_CONTEXT(2) 
PARAMETRIC_REPRESENTATION_CONTEXT() REPRESENTATION_CONTEXT('2D SPACE',''
  ) );
#1002 = ORIENTED_EDGE('',*,*,#1003,.F.);
#1003 = EDGE_CURVE('',#718,#978,#1004,.T.);
#1004 = SURFACE_CURVE('',#1005,(#1009,#1015),.PCURVE_S1.);
#1005 = LINE('',#1006,#1007);
#1006 = CARTESIAN_POINT('',(-19.82946671595,-3.83835232983,1.5));
#1007 = VECTOR('',#1008,1.);
#1008 = DIRECTION('',(1.,0.,-0.));
#1009 = PCURVE('',#44,#1010);
#1010 = DEFINITIONAL_REPRESENTATION('',(#1011),#1014);
#1011 = B_SPLINE_CURVE_WITH_KNOTS('',1,(#1012,#1013),.UNSPECIFIED.,.F.,
  .F.,(2,2),(14.962500926789,20.170533284047),.PIECEWISE_BEZIER_KNOTS.);
#1012 = CARTESIAN_POINT('',(35.133034210836,11.16164767017));
#1013 = CARTESIAN_POINT('',(40.341066568095,11.16164767017));
#1014 = ( GEOMETRIC_REPRESENTATION_CONTEXT(2) 
PARAMETRIC_REPRESENTATION_CONTEXT() REPRESENTATION_CONTEXT('2D SPACE',''
  ) );
#1015 = PCURVE('',#1016,#1021);
#1016 = PLANE('',#1017);
#1017 = AXIS2_PLACEMENT_3D('',#1018,#1019,#1020);
#1018 = CARTESIAN_POINT('',(0.341066568095,-3.83835232983,1.45));
#1019 = DIRECTION('',(0.,-1.,0.));
#1020 = DIRECTION('',(-1.,0.,0.));
#1021 = DEFINITIONAL_REPRESENTATION('',(#1022),#1025);
#1022 = B_SPLINE_CURVE_WITH_KNOTS('',1,(#1023,#1024),.UNSPECIFIED.,.F.,
  .F.,(2,2),(14.962500926789,20.170533284047),.PIECEWISE_BEZIER_KNOTS.);
#1023 = CARTESIAN_POINT('',(5.208032357259,-5.E-02));
#1024 = CARTESIAN_POINT('',(0.,-5.E-02));
#1025 = ( GEOMETRIC_REPRESENTATION_CONTEXT(2) 
PARAMETRIC_REPRESENTATION_CONTEXT() REPRESENTATION_CONTEXT('2D SPACE',''
  ) );
#1026 = FACE_BOUND('',#1027,.T.);
#1027 = EDGE_LOOP('',(#1028,#1081,#1123,#1149,#1175,#1201,#1264,#1321,
    #1347,#1373,#1399,#1425,#1451,#1526,#1613,#1670));
#1028 = ORIENTED_EDGE('',*,*,#1029,.F.);
#1029 = EDGE_CURVE('',#1030,#1032,#1034,.T.);
#1030 = VERTEX_POINT('',#1031);
#1031 = CARTESIAN_POINT('',(6.6562118329,-0.55761677006,1.5));
#1032 = VERTEX_POINT('',#1033);
#1033 = CARTESIAN_POINT('',(5.971371819186,-4.872379544213E-02,1.5));
#1034 = SURFACE_CURVE('',#1035,(#1046,#1060),.PCURVE_S1.);
#1035 = B_SPLINE_CURVE_WITH_KNOTS('',5,(#1036,#1037,#1038,#1039,#1040,
    #1041,#1042,#1043,#1044,#1045),.UNSPECIFIED.,.F.,.F.,(6,4,6),(0.,
    0.517781344991,1.),.UNSPECIFIED.);
#1036 = CARTESIAN_POINT('',(6.6562118329,-0.55761677006,1.5));
#1037 = CARTESIAN_POINT('',(6.592526881905,-0.483058778651,1.5));
#1038 = CARTESIAN_POINT('',(6.526936554817,-0.412967602688,1.5));
#1039 = CARTESIAN_POINT('',(6.459390236739,-0.347900233268,1.5));
#1040 = CARTESIAN_POINT('',(6.389889108638,-0.288524931287,1.5));
#1041 = CARTESIAN_POINT('',(6.252069838752,-0.186113774217,1.5));
#1042 = CARTESIAN_POINT('',(6.183997055313,-0.142234722028,1.5));
#1043 = CARTESIAN_POINT('',(6.114399927709,-0.10439708322,1.5));
#1044 = CARTESIAN_POINT('',(6.043437220525,-7.311516204942E-02,1.5));
#1045 = CARTESIAN_POINT('',(5.971371819186,-4.872379544213E-02,1.5));
#1046 = PCURVE('',#44,#1047);
#1047 = DEFINITIONAL_REPRESENTATION('',(#1048),#1059);
#1048 = B_SPLINE_CURVE_WITH_KNOTS('',5,(#1049,#1050,#1051,#1052,#1053,
    #1054,#1055,#1056,#1057,#1058),.UNSPECIFIED.,.F.,.F.,(6,4,6),(0.,
    0.517781344991,1.),.UNSPECIFIED.);
#1049 = CARTESIAN_POINT('',(46.6562118329,14.44238322994));
#1050 = CARTESIAN_POINT('',(46.592526881905,14.516941221349));
#1051 = CARTESIAN_POINT('',(46.526936554817,14.587032397312));
#1052 = CARTESIAN_POINT('',(46.459390236739,14.652099766732));
#1053 = CARTESIAN_POINT('',(46.389889108638,14.711475068713));
#1054 = CARTESIAN_POINT('',(46.252069838752,14.813886225783));
#1055 = CARTESIAN_POINT('',(46.183997055313,14.857765277972));
#1056 = CARTESIAN_POINT('',(46.114399927709,14.89560291678));
#1057 = CARTESIAN_POINT('',(46.043437220525,14.926884837951));
#1058 = CARTESIAN_POINT('',(45.971371819186,14.951276204558));
#1059 = ( GEOMETRIC_REPRESENTATION_CONTEXT(2) 
PARAMETRIC_REPRESENTATION_CONTEXT() REPRESENTATION_CONTEXT('2D SPACE',''
  ) );
#1060 = PCURVE('',#1061,#1068);
#1061 = SURFACE_OF_LINEAR_EXTRUSION('',#1062,#1066);
#1062 = B_SPLINE_CURVE_WITH_KNOTS('',2,(#1063,#1064,#1065),
  .UNSPECIFIED.,.F.,.F.,(3,3),(0.,1.),.PIECEWISE_BEZIER_KNOTS.);
#1063 = CARTESIAN_POINT('',(5.971371819186,-4.872379544213E-02,1.45));
#1064 = CARTESIAN_POINT('',(6.323265897379,-0.167826406523,1.45));
#1065 = CARTESIAN_POINT('',(6.6562118329,-0.55761677006,1.45));
#1066 = VECTOR('',#1067,1.);
#1067 = DIRECTION('',(-0.,-0.,-1.));
#1068 = DEFINITIONAL_REPRESENTATION('',(#1069),#1080);
#1069 = B_SPLINE_CURVE_WITH_KNOTS('',5,(#1070,#1071,#1072,#1073,#1074,
    #1075,#1076,#1077,#1078,#1079),.UNSPECIFIED.,.F.,.F.,(6,4,6),(0.,
    0.517781344991,1.),.UNSPECIFIED.);
#1070 = CARTESIAN_POINT('',(1.,-5.E-02));
#1071 = CARTESIAN_POINT('',(0.904361422981,-5.E-02));
#1072 = CARTESIAN_POINT('',(0.806512184111,-5.E-02));
#1073 = CARTESIAN_POINT('',(0.706436147202,-5.E-02));
#1074 = CARTESIAN_POINT('',(0.604199879531,-5.E-02));
#1075 = CARTESIAN_POINT('',(0.40295686346,-5.E-02));
#1076 = CARTESIAN_POINT('',(0.304208746902,-5.E-02));
#1077 = CARTESIAN_POINT('',(0.203931827394,-5.E-02));
#1078 = CARTESIAN_POINT('',(0.102396439448,-5.E-02));
#1079 = CARTESIAN_POINT('',(0.,-5.E-02));
#1080 = ( GEOMETRIC_REPRESENTATION_CONTEXT(2) 
PARAMETRIC_REPRESENTATION_CONTEXT() REPRESENTATION_CONTEXT('2D SPACE',''
  ) );
#1081 = ORIENTED_EDGE('',*,*,#1082,.F.);
#1082 = EDGE_CURVE('',#1083,#1030,#1085,.T.);
#1083 = VERTEX_POINT('',#1084);
#1084 = CARTESIAN_POINT('',(7.324810581467,-1.629540269787,1.5));
#1085 = SURFACE_CURVE('',#1086,(#1094,#1105),.PCURVE_S1.);
#1086 = B_SPLINE_CURVE_WITH_KNOTS('',6,(#1087,#1088,#1089,#1090,#1091,
    #1092,#1093),.UNSPECIFIED.,.F.,.F.,(7,7),(0.,1.),
  .PIECEWISE_BEZIER_KNOTS.);
#1087 = CARTESIAN_POINT('',(7.324810581467,-1.629540269787,1.5));
#1088 = CARTESIAN_POINT('',(7.225429376074,-1.427572013666,1.5));
#1089 = CARTESIAN_POINT('',(7.121990035954,-1.232444577836,1.5));
#1090 = CARTESIAN_POINT('',(7.013874716518,-1.045291417134,1.5));
#1091 = CARTESIAN_POINT('',(6.900532354614,-0.868208194556,1.5));
#1092 = CARTESIAN_POINT('',(6.781472541039,-0.704263452759,1.5));
#1093 = CARTESIAN_POINT('',(6.6562118329,-0.55761677006,1.5));
#1094 = PCURVE('',#44,#1095);
#1095 = DEFINITIONAL_REPRESENTATION('',(#1096),#1104);
#1096 = B_SPLINE_CURVE_WITH_KNOTS('',6,(#1097,#1098,#1099,#1100,#1101,
    #1102,#1103),.UNSPECIFIED.,.F.,.F.,(7,7),(0.,1.),
  .PIECEWISE_BEZIER_KNOTS.);
#1097 = CARTESIAN_POINT('',(47.324810581467,13.370459730213));
#1098 = CARTESIAN_POINT('',(47.225429376074,13.572427986334));
#1099 = CARTESIAN_POINT('',(47.121990035954,13.767555422164));
#1100 = CARTESIAN_POINT('',(47.013874716518,13.954708582866));
#1101 = CARTESIAN_POINT('',(46.900532354614,14.131791805444));
#1102 = CARTESIAN_POINT('',(46.781472541039,14.295736547241));
#1103 = CARTESIAN_POINT('',(46.6562118329,14.44238322994));
#1104 = ( GEOMETRIC_REPRESENTATION_CONTEXT(2) 
PARAMETRIC_REPRESENTATION_CONTEXT() REPRESENTATION_CONTEXT('2D SPACE',''
  ) );
#1105 = PCURVE('',#1106,#1113);
#1106 = SURFACE_OF_LINEAR_EXTRUSION('',#1107,#1111);
#1107 = B_SPLINE_CURVE_WITH_KNOTS('',2,(#1108,#1109,#1110),
  .UNSPECIFIED.,.F.,.F.,(3,3),(0.,1.),.PIECEWISE_BEZIER_KNOTS.);
#1108 = CARTESIAN_POINT('',(6.6562118329,-0.55761677006,1.45));
#1109 = CARTESIAN_POINT('',(6.989157768421,-0.947407133597,1.45));
#1110 = CARTESIAN_POINT('',(7.324810581467,-1.629540269787,1.45));
#1111 = VECTOR('',#1112,1.);
#1112 = DIRECTION('',(-0.,-0.,-1.));
#1113 = DEFINITIONAL_REPRESENTATION('',(#1114),#1122);
#1114 = B_SPLINE_CURVE_WITH_KNOTS('',6,(#1115,#1116,#1117,#1118,#1119,
    #1120,#1121),.UNSPECIFIED.,.F.,.F.,(7,7),(0.,1.),
  .PIECEWISE_BEZIER_KNOTS.);
#1115 = CARTESIAN_POINT('',(1.,-5.E-02));
#1116 = CARTESIAN_POINT('',(0.851958330855,-5.E-02));
#1117 = CARTESIAN_POINT('',(0.697659425823,-5.E-02));
#1118 = CARTESIAN_POINT('',(0.536149338053,-5.E-02));
#1119 = CARTESIAN_POINT('',(0.36656198228,-5.E-02));
#1120 = CARTESIAN_POINT('',(0.188109682046,-5.E-02));
#1121 = CARTESIAN_POINT('',(0.,-5.E-02));
#1122 = ( GEOMETRIC_REPRESENTATION_CONTEXT(2) 
PARAMETRIC_REPRESENTATION_CONTEXT() REPRESENTATION_CONTEXT('2D SPACE',''
  ) );
#1123 = ORIENTED_EDGE('',*,*,#1124,.F.);
#1124 = EDGE_CURVE('',#1125,#1083,#1127,.T.);
#1125 = VERTEX_POINT('',#1126);
#1126 = CARTESIAN_POINT('',(8.434630366538,-3.83835232983,1.5));
#1127 = SURFACE_CURVE('',#1128,(#1132,#1138),.PCURVE_S1.);
#1128 = LINE('',#1129,#1130);
#1129 = CARTESIAN_POINT('',(5.237122711001,2.525467784604,1.5));
#1130 = VECTOR('',#1131,1.);
#1131 = DIRECTION('',(-0.448964795228,0.893549446112,0.));
#1132 = PCURVE('',#44,#1133);
#1133 = DEFINITIONAL_REPRESENTATION('',(#1134),#1137);
#1134 = B_SPLINE_CURVE_WITH_KNOTS('',1,(#1135,#1136),.UNSPECIFIED.,.F.,
  .F.,(2,2),(-7.121956308213,-4.650003502853),.PIECEWISE_BEZIER_KNOTS.);
#1135 = CARTESIAN_POINT('',(48.434630366538,11.16164767017));
#1136 = CARTESIAN_POINT('',(47.324810581467,13.370459730213));
#1137 = ( GEOMETRIC_REPRESENTATION_CONTEXT(2) 
PARAMETRIC_REPRESENTATION_CONTEXT() REPRESENTATION_CONTEXT('2D SPACE',''
  ) );
#1138 = PCURVE('',#1139,#1144);
#1139 = PLANE('',#1140);
#1140 = AXIS2_PLACEMENT_3D('',#1141,#1142,#1143);
#1141 = CARTESIAN_POINT('',(7.324810581467,-1.629540269787,1.45));
#1142 = DIRECTION('',(0.893549446112,0.448964795228,0.));
#1143 = DIRECTION('',(0.448964795228,-0.893549446112,0.));
#1144 = DEFINITIONAL_REPRESENTATION('',(#1145),#1148);
#1145 = B_SPLINE_CURVE_WITH_KNOTS('',1,(#1146,#1147),.UNSPECIFIED.,.F.,
  .F.,(2,2),(-7.121956308213,-4.650003502853),.PIECEWISE_BEZIER_KNOTS.);
#1146 = CARTESIAN_POINT('',(2.47195280536,-5.E-02));
#1147 = CARTESIAN_POINT('',(0.,-5.E-02));
#1148 = ( GEOMETRIC_REPRESENTATION_CONTEXT(2) 
PARAMETRIC_REPRESENTATION_CONTEXT() REPRESENTATION_CONTEXT('2D SPACE',''
  ) );
#1149 = ORIENTED_EDGE('',*,*,#1150,.F.);
#1150 = EDGE_CURVE('',#1151,#1125,#1153,.T.);
#1151 = VERTEX_POINT('',#1152);
#1152 = CARTESIAN_POINT('',(7.259845520878,-3.83835232983,1.5));
#1153 = SURFACE_CURVE('',#1154,(#1158,#1164),.PCURVE_S1.);
#1154 = LINE('',#1155,#1156);
#1155 = CARTESIAN_POINT('',(-15.78268481673,-3.83835232983,1.5));
#1156 = VECTOR('',#1157,1.);
#1157 = DIRECTION('',(1.,0.,-0.));
#1158 = PCURVE('',#44,#1159);
#1159 = DEFINITIONAL_REPRESENTATION('',(#1160),#1163);
#1160 = B_SPLINE_CURVE_WITH_KNOTS('',1,(#1161,#1162),.UNSPECIFIED.,.F.,
  .F.,(2,2),(23.042530337609,24.217315183269),.PIECEWISE_BEZIER_KNOTS.);
#1161 = CARTESIAN_POINT('',(47.259845520878,11.16164767017));
#1162 = CARTESIAN_POINT('',(48.434630366538,11.16164767017));
#1163 = ( GEOMETRIC_REPRESENTATION_CONTEXT(2) 
PARAMETRIC_REPRESENTATION_CONTEXT() REPRESENTATION_CONTEXT('2D SPACE',''
  ) );
#1164 = PCURVE('',#1165,#1170);
#1165 = PLANE('',#1166);
#1166 = AXIS2_PLACEMENT_3D('',#1167,#1168,#1169);
#1167 = CARTESIAN_POINT('',(8.434630366538,-3.83835232983,1.45));
#1168 = DIRECTION('',(0.,-1.,0.));
#1169 = DIRECTION('',(-1.,0.,0.));
#1170 = DEFINITIONAL_REPRESENTATION('',(#1171),#1174);
#1171 = B_SPLINE_CURVE_WITH_KNOTS('',1,(#1172,#1173),.UNSPECIFIED.,.F.,
  .F.,(2,2),(23.042530337609,24.217315183269),.PIECEWISE_BEZIER_KNOTS.);
#1172 = CARTESIAN_POINT('',(1.17478484566,-5.E-02));
#1173 = CARTESIAN_POINT('',(0.,-5.E-02));
#1174 = ( GEOMETRIC_REPRESENTATION_CONTEXT(2) 
PARAMETRIC_REPRESENTATION_CONTEXT() REPRESENTATION_CONTEXT('2D SPACE',''
  ) );
#1175 = ORIENTED_EDGE('',*,*,#1176,.F.);
#1176 = EDGE_CURVE('',#1177,#1151,#1179,.T.);
#1177 = VERTEX_POINT('',#1178);
#1178 = CARTESIAN_POINT('',(6.225818306495,-1.764884146015,1.5));
#1179 = SURFACE_CURVE('',#1180,(#1184,#1190),.PCURVE_S1.);
#1180 = LINE('',#1181,#1182);
#1181 = CARTESIAN_POINT('',(4.782424511894,1.129460478761,1.5));
#1182 = VECTOR('',#1183,1.);
#1183 = DIRECTION('',(0.446278736193,-0.894894010273,0.));
#1184 = PCURVE('',#44,#1185);
#1185 = DEFINITIONAL_REPRESENTATION('',(#1186),#1189);
#1186 = B_SPLINE_CURVE_WITH_KNOTS('',1,(#1187,#1188),.UNSPECIFIED.,.F.,
  .F.,(2,2),(3.23428762686,5.551286243471),.PIECEWISE_BEZIER_KNOTS.);
#1187 = CARTESIAN_POINT('',(46.225818306495,13.235115853985));
#1188 = CARTESIAN_POINT('',(47.259845520878,11.16164767017));
#1189 = ( GEOMETRIC_REPRESENTATION_CONTEXT(2) 
PARAMETRIC_REPRESENTATION_CONTEXT() REPRESENTATION_CONTEXT('2D SPACE',''
  ) );
#1190 = PCURVE('',#1191,#1196);
#1191 = PLANE('',#1192);
#1192 = AXIS2_PLACEMENT_3D('',#1193,#1194,#1195);
#1193 = CARTESIAN_POINT('',(7.259845520878,-3.83835232983,1.45));
#1194 = DIRECTION('',(-0.894894010273,-0.446278736193,0.));
#1195 = DIRECTION('',(-0.446278736193,0.894894010273,0.));
#1196 = DEFINITIONAL_REPRESENTATION('',(#1197),#1200);
#1197 = B_SPLINE_CURVE_WITH_KNOTS('',1,(#1198,#1199),.UNSPECIFIED.,.F.,
  .F.,(2,2),(3.23428762686,5.551286243471),.PIECEWISE_BEZIER_KNOTS.);
#1198 = CARTESIAN_POINT('',(2.316998616611,-5.E-02));
#1199 = CARTESIAN_POINT('',(0.,-5.E-02));
#1200 = ( GEOMETRIC_REPRESENTATION_CONTEXT(2) 
PARAMETRIC_REPRESENTATION_CONTEXT() REPRESENTATION_CONTEXT('2D SPACE',''
  ) );
#1201 = ORIENTED_EDGE('',*,*,#1202,.F.);
#1202 = EDGE_CURVE('',#1203,#1177,#1205,.T.);
#1203 = VERTEX_POINT('',#1204);
#1204 = CARTESIAN_POINT('',(5.448944456945,-0.687546891239,1.5));
#1205 = SURFACE_CURVE('',#1206,(#1221,#1239),.PCURVE_S1.);
#1206 = B_SPLINE_CURVE_WITH_KNOTS('',7,(#1207,#1208,#1209,#1210,#1211,
    #1212,#1213,#1214,#1215,#1216,#1217,#1218,#1219,#1220),
  .UNSPECIFIED.,.F.,.F.,(8,6,8),(0.,0.853726914727,1.),.UNSPECIFIED.);
#1207 = CARTESIAN_POINT('',(5.448944456945,-0.687546891239,1.5));
#1208 = CARTESIAN_POINT('',(5.562493190996,-0.767602833232,1.5));
#1209 = CARTESIAN_POINT('',(5.670114725009,-0.87161726445,1.5));
#1210 = CARTESIAN_POINT('',(5.771811477385,-0.993144744163,1.5));
#1211 = CARTESIAN_POINT('',(5.867886822343,-1.127036320522,1.5));
#1212 = CARTESIAN_POINT('',(5.958833485863,-1.26973847343,1.5));
#1213 = CARTESIAN_POINT('',(6.045370787575,-1.419191023028,1.5));
#1214 = CARTESIAN_POINT('',(6.142661102318,-1.601553903767,1.5));
#1215 = CARTESIAN_POINT('',(6.156781625527,-1.628396066992,1.5));
#1216 = CARTESIAN_POINT('',(6.170794392509,-1.655398504923,1.5));
#1217 = CARTESIAN_POINT('',(6.184701989959,-1.682554547063,1.5));
#1218 = CARTESIAN_POINT('',(6.1985069162,-1.70985795973,1.5));
#1219 = CARTESIAN_POINT('',(6.212211581185,-1.737302946063,1.5));
#1220 = CARTESIAN_POINT('',(6.225818306494,-1.764884146015,1.5));
#1221 = PCURVE('',#44,#1222);
#1222 = DEFINITIONAL_REPRESENTATION('',(#1223),#1238);
#1223 = B_SPLINE_CURVE_WITH_KNOTS('',7,(#1224,#1225,#1226,#1227,#1228,
    #1229,#1230,#1231,#1232,#1233,#1234,#1235,#1236,#1237),
  .UNSPECIFIED.,.F.,.F.,(8,6,8),(0.,0.853726914727,1.),.UNSPECIFIED.);
#1224 = CARTESIAN_POINT('',(45.448944456945,14.312453108761));
#1225 = CARTESIAN_POINT('',(45.562493190996,14.232397166768));
#1226 = CARTESIAN_POINT('',(45.670114725009,14.12838273555));
#1227 = CARTESIAN_POINT('',(45.771811477385,14.006855255837));
#1228 = CARTESIAN_POINT('',(45.867886822343,13.872963679478));
#1229 = CARTESIAN_POINT('',(45.958833485863,13.73026152657));
#1230 = CARTESIAN_POINT('',(46.045370787575,13.580808976972));
#1231 = CARTESIAN_POINT('',(46.142661102318,13.398446096233));
#1232 = CARTESIAN_POINT('',(46.156781625527,13.371603933008));
#1233 = CARTESIAN_POINT('',(46.170794392509,13.344601495077));
#1234 = CARTESIAN_POINT('',(46.184701989959,13.317445452937));
#1235 = CARTESIAN_POINT('',(46.1985069162,13.29014204027));
#1236 = CARTESIAN_POINT('',(46.212211581185,13.262697053937));
#1237 = CARTESIAN_POINT('',(46.225818306494,13.235115853985));
#1238 = ( GEOMETRIC_REPRESENTATION_CONTEXT(2) 
PARAMETRIC_REPRESENTATION_CONTEXT() REPRESENTATION_CONTEXT('2D SPACE',''
  ) );
#1239 = PCURVE('',#1240,#1247);
#1240 = SURFACE_OF_LINEAR_EXTRUSION('',#1241,#1245);
#1241 = B_SPLINE_CURVE_WITH_KNOTS('',2,(#1242,#1243,#1244),
  .UNSPECIFIED.,.F.,.F.,(3,3),(0.,1.),.PIECEWISE_BEZIER_KNOTS.);
#1242 = CARTESIAN_POINT('',(6.225818306495,-1.764884146015,1.45));
#1243 = CARTESIAN_POINT('',(5.825200432859,-0.952820888646,1.45));
#1244 = CARTESIAN_POINT('',(5.448944456945,-0.687546891239,1.45));
#1245 = VECTOR('',#1246,1.);
#1246 = DIRECTION('',(-0.,-0.,-1.));
#1247 = DEFINITIONAL_REPRESENTATION('',(#1248),#1263);
#1248 = B_SPLINE_CURVE_WITH_KNOTS('',7,(#1249,#1250,#1251,#1252,#1253,
    #1254,#1255,#1256,#1257,#1258,#1259,#1260,#1261,#1262),
  .UNSPECIFIED.,.F.,.F.,(8,6,8),(0.,0.853726914727,1.),.UNSPECIFIED.);
#1249 = CARTESIAN_POINT('',(1.,-5.E-02));
#1250 = CARTESIAN_POINT('',(0.849107068964,-5.E-02));
#1251 = CARTESIAN_POINT('',(0.707810667094,-5.E-02));
#1252 = CARTESIAN_POINT('',(0.57571348068,-5.E-02));
#1253 = CARTESIAN_POINT('',(0.45208454223,-5.E-02));
#1254 = CARTESIAN_POINT('',(0.336030622699,-5.E-02));
#1255 = CARTESIAN_POINT('',(0.226438895755,-5.E-02));
#1256 = CARTESIAN_POINT('',(0.104105988178,-5.E-02));
#1257 = CARTESIAN_POINT('',(8.637371756632E-02,-5.E-02));
#1258 = CARTESIAN_POINT('',(6.8799083571E-02,-5.E-02));
#1259 = CARTESIAN_POINT('',(5.137812954516E-02,-5.E-02));
#1260 = CARTESIAN_POINT('',(3.410704678745E-02,-5.E-02));
#1261 = CARTESIAN_POINT('',(1.69821745423E-02,-5.E-02));
#1262 = CARTESIAN_POINT('',(0.,-5.E-02));
#1263 = ( GEOMETRIC_REPRESENTATION_CONTEXT(2) 
PARAMETRIC_REPRESENTATION_CONTEXT() REPRESENTATION_CONTEXT('2D SPACE',''
  ) );
#1264 = ORIENTED_EDGE('',*,*,#1265,.F.);
#1265 = EDGE_CURVE('',#1266,#1203,#1268,.T.);
#1266 = VERTEX_POINT('',#1267);
#1267 = CARTESIAN_POINT('',(4.423037875136,-0.422272893832,1.5));
#1268 = SURFACE_CURVE('',#1269,(#1282,#1298),.PCURVE_S1.);
#1269 = B_SPLINE_CURVE_WITH_KNOTS('',6,(#1270,#1271,#1272,#1273,#1274,
    #1275,#1276,#1277,#1278,#1279,#1280,#1281),.UNSPECIFIED.,.F.,.F.,(7,
    5,7),(0.,0.5241725723,1.),.UNSPECIFIED.);
#1270 = CARTESIAN_POINT('',(4.423037875136,-0.422272893832,1.5));
#1271 = CARTESIAN_POINT('',(4.524887147628,-0.422272893832,1.5));
#1272 = CARTESIAN_POINT('',(4.625231508337,-0.426184878092,1.5));
#1273 = CARTESIAN_POINT('',(4.723780745294,-0.434373112351,1.5));
#1274 = CARTESIAN_POINT('',(4.82014450747,-0.447237358078,1.5));
#1275 = CARTESIAN_POINT('',(4.913842701626,-0.465191081977,1.5));
#1276 = CARTESIAN_POINT('',(5.086490273613,-0.509833462069,1.5));
#1277 = CARTESIAN_POINT('',(5.16600530502,-0.535564332216,1.5));
#1278 = CARTESIAN_POINT('',(5.242458989523,-0.566044878315,1.5));
#1279 = CARTESIAN_POINT('',(5.315393517896,-0.601487402905,1.5));
#1280 = CARTESIAN_POINT('',(5.384353661337,-0.642008056926,1.5));
#1281 = CARTESIAN_POINT('',(5.448944456945,-0.687546891239,1.5));
#1282 = PCURVE('',#44,#1283);
#1283 = DEFINITIONAL_REPRESENTATION('',(#1284),#1297);
#1284 = B_SPLINE_CURVE_WITH_KNOTS('',6,(#1285,#1286,#1287,#1288,#1289,
    #1290,#1291,#1292,#1293,#1294,#1295,#1296),.UNSPECIFIED.,.F.,.F.,(7,
    5,7),(0.,0.5241725723,1.),.UNSPECIFIED.);
#1285 = CARTESIAN_POINT('',(44.423037875136,14.577727106168));
#1286 = CARTESIAN_POINT('',(44.524887147628,14.577727106168));
#1287 = CARTESIAN_POINT('',(44.625231508337,14.573815121908));
#1288 = CARTESIAN_POINT('',(44.723780745294,14.565626887649));
#1289 = CARTESIAN_POINT('',(44.82014450747,14.552762641922));
#1290 = CARTESIAN_POINT('',(44.913842701626,14.534808918023));
#1291 = CARTESIAN_POINT('',(45.086490273613,14.490166537931));
#1292 = CARTESIAN_POINT('',(45.16600530502,14.464435667784));
#1293 = CARTESIAN_POINT('',(45.242458989523,14.433955121685));
#1294 = CARTESIAN_POINT('',(45.315393517896,14.398512597095));
#1295 = CARTESIAN_POINT('',(45.384353661337,14.357991943074));
#1296 = CARTESIAN_POINT('',(45.448944456945,14.312453108761));
#1297 = ( GEOMETRIC_REPRESENTATION_CONTEXT(2) 
PARAMETRIC_REPRESENTATION_CONTEXT() REPRESENTATION_CONTEXT('2D SPACE',''
  ) );
#1298 = PCURVE('',#1299,#1306);
#1299 = SURFACE_OF_LINEAR_EXTRUSION('',#1300,#1304);
#1300 = B_SPLINE_CURVE_WITH_KNOTS('',2,(#1301,#1302,#1303),
  .UNSPECIFIED.,.F.,.F.,(3,3),(0.,1.),.PIECEWISE_BEZIER_KNOTS.);
#1301 = CARTESIAN_POINT('',(5.448944456945,-0.687546891239,1.45));
#1302 = CARTESIAN_POINT('',(5.072688481031,-0.422272893832,1.45));
#1303 = CARTESIAN_POINT('',(4.423037875136,-0.422272893832,1.45));
#1304 = VECTOR('',#1305,1.);
#1305 = DIRECTION('',(-0.,-0.,-1.));
#1306 = DEFINITIONAL_REPRESENTATION('',(#1307),#1320);
#1307 = B_SPLINE_CURVE_WITH_KNOTS('',6,(#1308,#1309,#1310,#1311,#1312,
    #1313,#1314,#1315,#1316,#1317,#1318,#1319),.UNSPECIFIED.,.F.,.F.,(7,
    5,7),(0.,0.5241725723,1.),.UNSPECIFIED.);
#1308 = CARTESIAN_POINT('',(1.,-5.E-02));
#1309 = CARTESIAN_POINT('',(0.921612270067,-5.E-02));
#1310 = CARTESIAN_POINT('',(0.841279781616,-5.E-02));
#1311 = CARTESIAN_POINT('',(0.758936957275,-5.E-02));
#1312 = CARTESIAN_POINT('',(0.674567135753,-5.E-02));
#1313 = CARTESIAN_POINT('',(0.58821185429,-5.E-02));
#1314 = CARTESIAN_POINT('',(0.419924044222,-5.E-02));
#1315 = CARTESIAN_POINT('',(0.338315884167,-5.E-02));
#1316 = CARTESIAN_POINT('',(0.255296406031,-5.E-02));
#1317 = CARTESIAN_POINT('',(0.171049560716,-5.E-02));
#1318 = CARTESIAN_POINT('',(8.583358104928E-02,-5.E-02));
#1319 = CARTESIAN_POINT('',(0.,-5.E-02));
#1320 = ( GEOMETRIC_REPRESENTATION_CONTEXT(2) 
PARAMETRIC_REPRESENTATION_CONTEXT() REPRESENTATION_CONTEXT('2D SPACE',''
  ) );
#1321 = ORIENTED_EDGE('',*,*,#1322,.F.);
#1322 = EDGE_CURVE('',#1323,#1266,#1325,.T.);
#1323 = VERTEX_POINT('',#1324);
#1324 = CARTESIAN_POINT('',(3.232011764328,-0.422272893832,1.5));
#1325 = SURFACE_CURVE('',#1326,(#1330,#1336),.PCURVE_S1.);
#1326 = LINE('',#1327,#1328);
#1327 = CARTESIAN_POINT('',(-17.78848106243,-0.422272893832,1.5));
#1328 = VECTOR('',#1329,1.);
#1329 = DIRECTION('',(1.,0.,-0.));
#1330 = PCURVE('',#44,#1331);
#1331 = DEFINITIONAL_REPRESENTATION('',(#1332),#1335);
#1332 = B_SPLINE_CURVE_WITH_KNOTS('',1,(#1333,#1334),.UNSPECIFIED.,.F.,
  .F.,(2,2),(21.02049282676,22.211518937568),.PIECEWISE_BEZIER_KNOTS.);
#1333 = CARTESIAN_POINT('',(43.232011764328,14.577727106168));
#1334 = CARTESIAN_POINT('',(44.423037875136,14.577727106168));
#1335 = ( GEOMETRIC_REPRESENTATION_CONTEXT(2) 
PARAMETRIC_REPRESENTATION_CONTEXT() REPRESENTATION_CONTEXT('2D SPACE',''
  ) );
#1336 = PCURVE('',#1337,#1342);
#1337 = PLANE('',#1338);
#1338 = AXIS2_PLACEMENT_3D('',#1339,#1340,#1341);
#1339 = CARTESIAN_POINT('',(4.423037875136,-0.422272893832,1.45));
#1340 = DIRECTION('',(0.,-1.,0.));
#1341 = DIRECTION('',(-1.,0.,0.));
#1342 = DEFINITIONAL_REPRESENTATION('',(#1343),#1346);
#1343 = B_SPLINE_CURVE_WITH_KNOTS('',1,(#1344,#1345),.UNSPECIFIED.,.F.,
  .F.,(2,2),(21.02049282676,22.211518937568),.PIECEWISE_BEZIER_KNOTS.);
#1344 = CARTESIAN_POINT('',(1.191026110808,-5.E-02));
#1345 = CARTESIAN_POINT('',(0.,-5.E-02));
#1346 = ( GEOMETRIC_REPRESENTATION_CONTEXT(2) 
PARAMETRIC_REPRESENTATION_CONTEXT() REPRESENTATION_CONTEXT('2D SPACE',''
  ) );
#1347 = ORIENTED_EDGE('',*,*,#1348,.F.);
#1348 = EDGE_CURVE('',#1349,#1323,#1351,.T.);
#1349 = VERTEX_POINT('',#1350);
#1350 = CARTESIAN_POINT('',(3.232011764328,-3.83835232983,1.5));
#1351 = SURFACE_CURVE('',#1352,(#1356,#1362),.PCURVE_S1.);
#1352 = LINE('',#1353,#1354);
#1353 = CARTESIAN_POINT('',(3.232011764328,-7.711136446916,1.5));
#1354 = VECTOR('',#1355,1.);
#1355 = DIRECTION('',(0.,1.,0.));
#1356 = PCURVE('',#44,#1357);
#1357 = DEFINITIONAL_REPRESENTATION('',(#1358),#1361);
#1358 = B_SPLINE_CURVE_WITH_KNOTS('',1,(#1359,#1360),.UNSPECIFIED.,.F.,
  .F.,(2,2),(3.872784117086,7.288863553084),.PIECEWISE_BEZIER_KNOTS.);
#1359 = CARTESIAN_POINT('',(43.232011764328,11.16164767017));
#1360 = CARTESIAN_POINT('',(43.232011764328,14.577727106168));
#1361 = ( GEOMETRIC_REPRESENTATION_CONTEXT(2) 
PARAMETRIC_REPRESENTATION_CONTEXT() REPRESENTATION_CONTEXT('2D SPACE',''
  ) );
#1362 = PCURVE('',#1363,#1368);
#1363 = PLANE('',#1364);
#1364 = AXIS2_PLACEMENT_3D('',#1365,#1366,#1367);
#1365 = CARTESIAN_POINT('',(3.232011764328,-0.422272893832,1.45));
#1366 = DIRECTION('',(1.,0.,0.));
#1367 = DIRECTION('',(0.,-1.,0.));
#1368 = DEFINITIONAL_REPRESENTATION('',(#1369),#1372);
#1369 = B_SPLINE_CURVE_WITH_KNOTS('',1,(#1370,#1371),.UNSPECIFIED.,.F.,
  .F.,(2,2),(3.872784117086,7.288863553084),.PIECEWISE_BEZIER_KNOTS.);
#1370 = CARTESIAN_POINT('',(3.416079435998,-5.E-02));
#1371 = CARTESIAN_POINT('',(0.,-5.E-02));
#1372 = ( GEOMETRIC_REPRESENTATION_CONTEXT(2) 
PARAMETRIC_REPRESENTATION_CONTEXT() REPRESENTATION_CONTEXT('2D SPACE',''
  ) );
#1373 = ORIENTED_EDGE('',*,*,#1374,.F.);
#1374 = EDGE_CURVE('',#1375,#1349,#1377,.T.);
#1375 = VERTEX_POINT('',#1376);
#1376 = CARTESIAN_POINT('',(2.138433244405,-3.83835232983,1.5));
#1377 = SURFACE_CURVE('',#1378,(#1382,#1388),.PCURVE_S1.);
#1378 = LINE('',#1379,#1380);
#1379 = CARTESIAN_POINT('',(-18.38399411783,-3.83835232983,1.5));
#1380 = VECTOR('',#1381,1.);
#1381 = DIRECTION('',(1.,0.,-0.));
#1382 = PCURVE('',#44,#1383);
#1383 = DEFINITIONAL_REPRESENTATION('',(#1384),#1387);
#1384 = B_SPLINE_CURVE_WITH_KNOTS('',1,(#1385,#1386),.UNSPECIFIED.,.F.,
  .F.,(2,2),(20.522427362241,21.616005882164),.PIECEWISE_BEZIER_KNOTS.);
#1385 = CARTESIAN_POINT('',(42.138433244405,11.16164767017));
#1386 = CARTESIAN_POINT('',(43.232011764328,11.16164767017));
#1387 = ( GEOMETRIC_REPRESENTATION_CONTEXT(2) 
PARAMETRIC_REPRESENTATION_CONTEXT() REPRESENTATION_CONTEXT('2D SPACE',''
  ) );
#1388 = PCURVE('',#1389,#1394);
#1389 = PLANE('',#1390);
#1390 = AXIS2_PLACEMENT_3D('',#1391,#1392,#1393);
#1391 = CARTESIAN_POINT('',(3.232011764328,-3.83835232983,1.45));
#1392 = DIRECTION('',(0.,-1.,0.));
#1393 = DIRECTION('',(-1.,0.,0.));
#1394 = DEFINITIONAL_REPRESENTATION('',(#1395),#1398);
#1395 = B_SPLINE_CURVE_WITH_KNOTS('',1,(#1396,#1397),.UNSPECIFIED.,.F.,
  .F.,(2,2),(20.522427362241,21.616005882164),.PIECEWISE_BEZIER_KNOTS.);
#1396 = CARTESIAN_POINT('',(1.093578519923,-5.E-02));
#1397 = CARTESIAN_POINT('',(0.,-5.E-02));
#1398 = ( GEOMETRIC_REPRESENTATION_CONTEXT(2) 
PARAMETRIC_REPRESENTATION_CONTEXT() REPRESENTATION_CONTEXT('2D SPACE',''
  ) );
#1399 = ORIENTED_EDGE('',*,*,#1400,.F.);
#1400 = EDGE_CURVE('',#1401,#1375,#1403,.T.);
#1401 = VERTEX_POINT('',#1402);
#1402 = CARTESIAN_POINT('',(2.138433244405,4.244383958515,1.5));
#1403 = SURFACE_CURVE('',#1404,(#1408,#1414),.PCURVE_S1.);
#1404 = LINE('',#1405,#1406);
#1405 = CARTESIAN_POINT('',(2.138433244405,-9.419176164915,1.5));
#1406 = VECTOR('',#1407,1.);
#1407 = DIRECTION('',(0.,-1.,0.));
#1408 = PCURVE('',#44,#1409);
#1409 = DEFINITIONAL_REPRESENTATION('',(#1410),#1413);
#1410 = B_SPLINE_CURVE_WITH_KNOTS('',1,(#1411,#1412),.UNSPECIFIED.,.F.,
  .F.,(2,2),(-13.66356012343,-5.580823835085),.PIECEWISE_BEZIER_KNOTS.);
#1411 = CARTESIAN_POINT('',(42.138433244405,19.244383958515));
#1412 = CARTESIAN_POINT('',(42.138433244405,11.16164767017));
#1413 = ( GEOMETRIC_REPRESENTATION_CONTEXT(2) 
PARAMETRIC_REPRESENTATION_CONTEXT() REPRESENTATION_CONTEXT('2D SPACE',''
  ) );
#1414 = PCURVE('',#1415,#1420);
#1415 = PLANE('',#1416);
#1416 = AXIS2_PLACEMENT_3D('',#1417,#1418,#1419);
#1417 = CARTESIAN_POINT('',(2.138433244405,-3.83835232983,1.45));
#1418 = DIRECTION('',(-1.,0.,0.));
#1419 = DIRECTION('',(0.,1.,0.));
#1420 = DEFINITIONAL_REPRESENTATION('',(#1421),#1424);
#1421 = B_SPLINE_CURVE_WITH_KNOTS('',1,(#1422,#1423),.UNSPECIFIED.,.F.,
  .F.,(2,2),(-13.66356012343,-5.580823835085),.PIECEWISE_BEZIER_KNOTS.);
#1422 = CARTESIAN_POINT('',(8.082736288345,-5.E-02));
#1423 = CARTESIAN_POINT('',(0.,-5.E-02));
#1424 = ( GEOMETRIC_REPRESENTATION_CONTEXT(2) 
PARAMETRIC_REPRESENTATION_CONTEXT() REPRESENTATION_CONTEXT('2D SPACE',''
  ) );
#1425 = ORIENTED_EDGE('',*,*,#1426,.F.);
#1426 = EDGE_CURVE('',#1427,#1401,#1429,.T.);
#1427 = VERTEX_POINT('',#1428);
#1428 = CARTESIAN_POINT('',(4.607105546806,4.244383958515,1.5));
#1429 = SURFACE_CURVE('',#1430,(#1434,#1440),.PCURVE_S1.);
#1430 = LINE('',#1431,#1432);
#1431 = CARTESIAN_POINT('',(-18.93078337779,4.244383958515,1.5));
#1432 = VECTOR('',#1433,1.);
#1433 = DIRECTION('',(-1.,0.,0.));
#1434 = PCURVE('',#44,#1435);
#1435 = DEFINITIONAL_REPRESENTATION('',(#1436),#1439);
#1436 = B_SPLINE_CURVE_WITH_KNOTS('',1,(#1437,#1438),.UNSPECIFIED.,.F.,
  .F.,(2,2),(-23.5378889246,-21.0692166222),.PIECEWISE_BEZIER_KNOTS.);
#1437 = CARTESIAN_POINT('',(44.607105546806,19.244383958515));
#1438 = CARTESIAN_POINT('',(42.138433244405,19.244383958515));
#1439 = ( GEOMETRIC_REPRESENTATION_CONTEXT(2) 
PARAMETRIC_REPRESENTATION_CONTEXT() REPRESENTATION_CONTEXT('2D SPACE',''
  ) );
#1440 = PCURVE('',#1441,#1446);
#1441 = PLANE('',#1442);
#1442 = AXIS2_PLACEMENT_3D('',#1443,#1444,#1445);
#1443 = CARTESIAN_POINT('',(2.138433244405,4.244383958515,1.45));
#1444 = DIRECTION('',(0.,1.,0.));
#1445 = DIRECTION('',(1.,0.,0.));
#1446 = DEFINITIONAL_REPRESENTATION('',(#1447),#1450);
#1447 = B_SPLINE_CURVE_WITH_KNOTS('',1,(#1448,#1449),.UNSPECIFIED.,.F.,
  .F.,(2,2),(-23.5378889246,-21.0692166222),.PIECEWISE_BEZIER_KNOTS.);
#1448 = CARTESIAN_POINT('',(2.468672302401,-5.E-02));
#1449 = CARTESIAN_POINT('',(0.,-5.E-02));
#1450 = ( GEOMETRIC_REPRESENTATION_CONTEXT(2) 
PARAMETRIC_REPRESENTATION_CONTEXT() REPRESENTATION_CONTEXT('2D SPACE',''
  ) );
#1451 = ORIENTED_EDGE('',*,*,#1452,.F.);
#1452 = EDGE_CURVE('',#1453,#1427,#1455,.T.);
#1453 = VERTEX_POINT('',#1454);
#1454 = CARTESIAN_POINT('',(6.675159975572,3.665112168258,1.5));
#1455 = SURFACE_CURVE('',#1456,(#1475,#1497),.PCURVE_S1.);
#1456 = B_SPLINE_CURVE_WITH_KNOTS('',5,(#1457,#1458,#1459,#1460,#1461,
    #1462,#1463,#1464,#1465,#1466,#1467,#1468,#1469,#1470,#1471,#1472,
    #1473,#1474),.UNSPECIFIED.,.F.,.F.,(6,4,4,4,6),(0.,0.207034326674,
    0.426880529177,0.696950385217,1.),.UNSPECIFIED.);
#1457 = CARTESIAN_POINT('',(6.675159975572,3.665112168258,1.5));
#1458 = CARTESIAN_POINT('',(6.608699300593,3.721550995423,1.5));
#1459 = CARTESIAN_POINT('',(6.53861795192,3.774081616498,1.5));
#1460 = CARTESIAN_POINT('',(6.465297977278,3.822614175969,1.5));
#1461 = CARTESIAN_POINT('',(6.38916135415,3.86721840662,1.5));
#1462 = CARTESIAN_POINT('',(6.227175449689,3.951373871985,1.5));
#1463 = CARTESIAN_POINT('',(6.141014990334,3.990442398022,1.5));
#1464 = CARTESIAN_POINT('',(6.052573664341,4.025414537626,1.5));
#1465 = CARTESIAN_POINT('',(5.962256548986,4.056550387289,1.5));
#1466 = CARTESIAN_POINT('',(5.757499755754,4.117973059907,1.5));
#1467 = CARTESIAN_POINT('',(5.642271835662,4.146438419031,1.5));
#1468 = CARTESIAN_POINT('',(5.525254536731,4.170006879535,1.5));
#1469 = CARTESIAN_POINT('',(5.406878143672,4.189160649689,1.5));
#1470 = CARTESIAN_POINT('',(5.153373772156,4.221322709645,1.5));
#1471 = CARTESIAN_POINT('',(5.017980333726,4.23329335215,1.5));
#1472 = CARTESIAN_POINT('',(4.881637447451,4.240819452374,1.5));
#1473 = CARTESIAN_POINT('',(4.744624183002,4.244383958515,1.5));
#1474 = CARTESIAN_POINT('',(4.607105546806,4.244383958515,1.5));
#1475 = PCURVE('',#44,#1476);
#1476 = DEFINITIONAL_REPRESENTATION('',(#1477),#1496);
#1477 = B_SPLINE_CURVE_WITH_KNOTS('',5,(#1478,#1479,#1480,#1481,#1482,
    #1483,#1484,#1485,#1486,#1487,#1488,#1489,#1490,#1491,#1492,#1493,
    #1494,#1495),.UNSPECIFIED.,.F.,.F.,(6,4,4,4,6),(0.,0.207034326674,
    0.426880529177,0.696950385217,1.),.UNSPECIFIED.);
#1478 = CARTESIAN_POINT('',(46.675159975572,18.665112168258));
#1479 = CARTESIAN_POINT('',(46.608699300593,18.721550995423));
#1480 = CARTESIAN_POINT('',(46.53861795192,18.774081616498));
#1481 = CARTESIAN_POINT('',(46.465297977278,18.822614175969));
#1482 = CARTESIAN_POINT('',(46.38916135415,18.86721840662));
#1483 = CARTESIAN_POINT('',(46.227175449689,18.951373871985));
#1484 = CARTESIAN_POINT('',(46.141014990334,18.990442398022));
#1485 = CARTESIAN_POINT('',(46.052573664341,19.025414537626));
#1486 = CARTESIAN_POINT('',(45.962256548986,19.056550387289));
#1487 = CARTESIAN_POINT('',(45.757499755754,19.117973059907));
#1488 = CARTESIAN_POINT('',(45.642271835662,19.146438419031));
#1489 = CARTESIAN_POINT('',(45.525254536731,19.170006879535));
#1490 = CARTESIAN_POINT('',(45.406878143672,19.189160649689));
#1491 = CARTESIAN_POINT('',(45.153373772156,19.221322709645));
#1492 = CARTESIAN_POINT('',(45.017980333726,19.23329335215));
#1493 = CARTESIAN_POINT('',(44.881637447451,19.240819452374));
#1494 = CARTESIAN_POINT('',(44.744624183002,19.244383958515));
#1495 = CARTESIAN_POINT('',(44.607105546806,19.244383958515));
#1496 = ( GEOMETRIC_REPRESENTATION_CONTEXT(2) 
PARAMETRIC_REPRESENTATION_CONTEXT() REPRESENTATION_CONTEXT('2D SPACE',''
  ) );
#1497 = PCURVE('',#1498,#1505);
#1498 = SURFACE_OF_LINEAR_EXTRUSION('',#1499,#1503);
#1499 = B_SPLINE_CURVE_WITH_KNOTS('',2,(#1500,#1501,#1502),
  .UNSPECIFIED.,.F.,.F.,(3,3),(0.,1.),.PIECEWISE_BEZIER_KNOTS.);
#1500 = CARTESIAN_POINT('',(4.607105546806,4.244383958515,1.45));
#1501 = CARTESIAN_POINT('',(5.993026839382,4.244383958515,1.45));
#1502 = CARTESIAN_POINT('',(6.675159975572,3.665112168258,1.45));
#1503 = VECTOR('',#1504,1.);
#1504 = DIRECTION('',(-0.,-0.,-1.));
#1505 = DEFINITIONAL_REPRESENTATION('',(#1506),#1525);
#1506 = B_SPLINE_CURVE_WITH_KNOTS('',5,(#1507,#1508,#1509,#1510,#1511,
    #1512,#1513,#1514,#1515,#1516,#1517,#1518,#1519,#1520,#1521,#1522,
    #1523,#1524),.UNSPECIFIED.,.F.,.F.,(6,4,4,4,6),(0.,0.207034326674,
    0.426880529177,0.696950385217,1.),.UNSPECIFIED.);
#1507 = CARTESIAN_POINT('',(1.,-5.E-02));
#1508 = CARTESIAN_POINT('',(0.951284674902,-5.E-02));
#1509 = CARTESIAN_POINT('',(0.902976160091,-5.E-02));
#1510 = CARTESIAN_POINT('',(0.855251672694,-5.E-02));
#1511 = CARTESIAN_POINT('',(0.808232884629,-5.E-02));
#1512 = CARTESIAN_POINT('',(0.712906092338,-5.E-02));
#1513 = CARTESIAN_POINT('',(0.664697404884,-5.E-02));
#1514 = CARTESIAN_POINT('',(0.617461374201,-5.E-02));
#1515 = CARTESIAN_POINT('',(0.57123013494,-5.E-02));
#1516 = CARTESIAN_POINT('',(0.470437084231,-5.E-02));
#1517 = CARTESIAN_POINT('',(0.41638928149,-5.E-02));
#1518 = CARTESIAN_POINT('',(0.363842330269,-5.E-02));
#1519 = CARTESIAN_POINT('',(0.312740103354,-5.E-02));
#1520 = CARTESIAN_POINT('',(0.207185851092,-5.E-02));
#1521 = CARTESIAN_POINT('',(0.153092876801,-5.E-02));
#1522 = CARTESIAN_POINT('',(0.100605499942,-5.E-02));
#1523 = CARTESIAN_POINT('',(4.961271499785E-02,-5.E-02));
#1524 = CARTESIAN_POINT('',(0.,-5.E-02));
#1525 = ( GEOMETRIC_REPRESENTATION_CONTEXT(2) 
PARAMETRIC_REPRESENTATION_CONTEXT() REPRESENTATION_CONTEXT('2D SPACE',''
  ) );
#1526 = ORIENTED_EDGE('',*,*,#1527,.F.);
#1527 = EDGE_CURVE('',#1528,#1453,#1530,.T.);
#1528 = VERTEX_POINT('',#1529);
#1529 = CARTESIAN_POINT('',(7.357293111762,1.91646928739,1.5));
#1530 = SURFACE_CURVE('',#1531,(#1554,#1580),.PCURVE_S1.);
#1531 = B_SPLINE_CURVE_WITH_KNOTS('',6,(#1532,#1533,#1534,#1535,#1536,
    #1537,#1538,#1539,#1540,#1541,#1542,#1543,#1544,#1545,#1546,#1547,
    #1548,#1549,#1550,#1551,#1552,#1553),.UNSPECIFIED.,.F.,.F.,(7,5,5,5,
    7),(0.,0.366929901757,0.618930204797,0.858168745645,1.),
  .UNSPECIFIED.);
#1532 = CARTESIAN_POINT('',(7.357293111762,1.91646928739,1.5));
#1533 = CARTESIAN_POINT('',(7.357293111762,2.039276847149,1.5));
#1534 = CARTESIAN_POINT('',(7.35277913285,2.161470785534,1.5));
#1535 = CARTESIAN_POINT('',(7.343297050139,2.282819557933,1.5));
#1536 = CARTESIAN_POINT('',(7.328334949619,2.402963902377,1.5));
#1537 = CARTESIAN_POINT('',(7.307344454734,2.521421677258,1.5));
#1538 = CARTESIAN_POINT('',(7.260923376242,2.717403201396,1.5));
#1539 = CARTESIAN_POINT('',(7.238943888505,2.796121521674,1.5));
#1540 = CARTESIAN_POINT('',(7.213727525636,2.8735634214,1.5));
#1541 = CARTESIAN_POINT('',(7.185129519313,2.949498026949,1.5));
#1542 = CARTESIAN_POINT('',(7.153042659542,3.023674929997,1.5));
#1543 = CARTESIAN_POINT('',(7.083604606134,3.16434186538,1.5));
#1544 = CARTESIAN_POINT('',(7.046599757434,3.231036553802,1.5));
#1545 = CARTESIAN_POINT('',(7.006372638942,3.295689380952,1.5));
#1546 = CARTESIAN_POINT('',(6.962934404027,3.358085809813,1.5));
#1547 = CARTESIAN_POINT('',(6.916353687967,3.41803535078,1.5));
#1548 = CARTESIAN_POINT('',(6.837372106164,3.509376284633,1.5));
#1549 = CARTESIAN_POINT('',(6.806918239891,3.542458686209,1.5));
#1550 = CARTESIAN_POINT('',(6.775434632848,3.574595452724,1.5));
#1551 = CARTESIAN_POINT('',(6.742954187821,3.605761385339,1.5));
#1552 = CARTESIAN_POINT('',(6.709514923721,3.635937728164,1.5));
#1553 = CARTESIAN_POINT('',(6.675159975572,3.665112168258,1.5));
#1554 = PCURVE('',#44,#1555);
#1555 = DEFINITIONAL_REPRESENTATION('',(#1556),#1579);
#1556 = B_SPLINE_CURVE_WITH_KNOTS('',6,(#1557,#1558,#1559,#1560,#1561,
    #1562,#1563,#1564,#1565,#1566,#1567,#1568,#1569,#1570,#1571,#1572,
    #1573,#1574,#1575,#1576,#1577,#1578),.UNSPECIFIED.,.F.,.F.,(7,5,5,5,
    7),(0.,0.366929901757,0.618930204797,0.858168745645,1.),
  .UNSPECIFIED.);
#1557 = CARTESIAN_POINT('',(47.357293111762,16.91646928739));
#1558 = CARTESIAN_POINT('',(47.357293111762,17.039276847149));
#1559 = CARTESIAN_POINT('',(47.35277913285,17.161470785534));
#1560 = CARTESIAN_POINT('',(47.343297050139,17.282819557933));
#1561 = CARTESIAN_POINT('',(47.328334949619,17.402963902377));
#1562 = CARTESIAN_POINT('',(47.307344454734,17.521421677258));
#1563 = CARTESIAN_POINT('',(47.260923376242,17.717403201396));
#1564 = CARTESIAN_POINT('',(47.238943888505,17.796121521674));
#1565 = CARTESIAN_POINT('',(47.213727525636,17.8735634214));
#1566 = CARTESIAN_POINT('',(47.185129519313,17.949498026949));
#1567 = CARTESIAN_POINT('',(47.153042659542,18.023674929997));
#1568 = CARTESIAN_POINT('',(47.083604606134,18.16434186538));
#1569 = CARTESIAN_POINT('',(47.046599757434,18.231036553802));
#1570 = CARTESIAN_POINT('',(47.006372638942,18.295689380952));
#1571 = CARTESIAN_POINT('',(46.962934404027,18.358085809813));
#1572 = CARTESIAN_POINT('',(46.916353687967,18.41803535078));
#1573 = CARTESIAN_POINT('',(46.837372106164,18.509376284633));
#1574 = CARTESIAN_POINT('',(46.806918239891,18.542458686209));
#1575 = CARTESIAN_POINT('',(46.775434632848,18.574595452724));
#1576 = CARTESIAN_POINT('',(46.742954187821,18.605761385339));
#1577 = CARTESIAN_POINT('',(46.709514923721,18.635937728164));
#1578 = CARTESIAN_POINT('',(46.675159975572,18.665112168258));
#1579 = ( GEOMETRIC_REPRESENTATION_CONTEXT(2) 
PARAMETRIC_REPRESENTATION_CONTEXT() REPRESENTATION_CONTEXT('2D SPACE',''
  ) );
#1580 = PCURVE('',#1581,#1588);
#1581 = SURFACE_OF_LINEAR_EXTRUSION('',#1582,#1586);
#1582 = B_SPLINE_CURVE_WITH_KNOTS('',2,(#1583,#1584,#1585),
  .UNSPECIFIED.,.F.,.F.,(3,3),(0.,1.),.PIECEWISE_BEZIER_KNOTS.);
#1583 = CARTESIAN_POINT('',(6.675159975572,3.665112168258,1.45));
#1584 = CARTESIAN_POINT('',(7.357293111762,3.085840378002,1.45));
#1585 = CARTESIAN_POINT('',(7.357293111762,1.91646928739,1.45));
#1586 = VECTOR('',#1587,1.);
#1587 = DIRECTION('',(-0.,-0.,-1.));
#1588 = DEFINITIONAL_REPRESENTATION('',(#1589),#1612);
#1589 = B_SPLINE_CURVE_WITH_KNOTS('',6,(#1590,#1591,#1592,#1593,#1594,
    #1595,#1596,#1597,#1598,#1599,#1600,#1601,#1602,#1603,#1604,#1605,
    #1606,#1607,#1608,#1609,#1610,#1611),.UNSPECIFIED.,.F.,.F.,(7,5,5,5,
    7),(0.,0.366929901757,0.618930204797,0.858168745645,1.),
  .UNSPECIFIED.);
#1590 = CARTESIAN_POINT('',(1.,-5.E-02));
#1591 = CARTESIAN_POINT('',(0.947489911139,-5.E-02));
#1592 = CARTESIAN_POINT('',(0.893572515109,-5.E-02));
#1593 = CARTESIAN_POINT('',(0.838178839171,-5.E-02));
#1594 = CARTESIAN_POINT('',(0.781273144337,-5.E-02));
#1595 = CARTESIAN_POINT('',(0.722858745363,-5.E-02));
#1596 = CARTESIAN_POINT('',(0.621890180661,-5.E-02));
#1597 = CARTESIAN_POINT('',(0.580101768771,-5.E-02));
#1598 = CARTESIAN_POINT('',(0.53766183858,-5.E-02));
#1599 = CARTESIAN_POINT('',(0.494615558613,-5.E-02));
#1600 = CARTESIAN_POINT('',(0.451030342533,-5.E-02));
#1601 = CARTESIAN_POINT('',(0.365199435583,-5.E-02));
#1602 = CARTESIAN_POINT('',(0.322994347637,-5.E-02));
#1603 = CARTESIAN_POINT('',(0.280470431118,-5.E-02));
#1604 = CARTESIAN_POINT('',(0.237723543349,-5.E-02));
#1605 = CARTESIAN_POINT('',(0.194860521488,-5.E-02));
#1606 = CARTESIAN_POINT('',(0.126590375349,-5.E-02));
#1607 = CARTESIAN_POINT('',(0.101180386445,-5.E-02));
#1608 = CARTESIAN_POINT('',(7.579384072632E-02,-5.E-02));
#1609 = CARTESIAN_POINT('',(5.045368316158E-02,-5.E-02));
#1610 = CARTESIAN_POINT('',(2.518199624533E-02,-5.E-02));
#1611 = CARTESIAN_POINT('',(0.,-5.E-02));
#1612 = ( GEOMETRIC_REPRESENTATION_CONTEXT(2) 
PARAMETRIC_REPRESENTATION_CONTEXT() REPRESENTATION_CONTEXT('2D SPACE',''
  ) );
#1613 = ORIENTED_EDGE('',*,*,#1614,.F.);
#1614 = EDGE_CURVE('',#1615,#1528,#1617,.T.);
#1615 = VERTEX_POINT('',#1616);
#1616 = CARTESIAN_POINT('',(7.002692156044,0.649650605895,1.5));
#1617 = SURFACE_CURVE('',#1618,(#1631,#1647),.PCURVE_S1.);
#1618 = B_SPLINE_CURVE_WITH_KNOTS('',6,(#1619,#1620,#1621,#1622,#1623,
    #1624,#1625,#1626,#1627,#1628,#1629,#1630),.UNSPECIFIED.,.F.,.F.,(7,
    5,7),(0.,0.483823673533,1.),.UNSPECIFIED.);
#1619 = CARTESIAN_POINT('',(7.002692156044,0.649650605895,1.5));
#1620 = CARTESIAN_POINT('',(7.062902057495,0.735139473604,1.5));
#1621 = CARTESIAN_POINT('',(7.1169357271,0.825063811117,1.5));
#1622 = CARTESIAN_POINT('',(7.1645501457,0.919043152309,1.5));
#1623 = CARTESIAN_POINT('',(7.20571806308,1.016625945509,1.5));
#1624 = CARTESIAN_POINT('',(7.24057240102,1.117321105057,1.5));
#1625 = CARTESIAN_POINT('',(7.300053275757,1.330846121404,1.5));
#1626 = CARTESIAN_POINT('',(7.323844227697,1.444051739123,1.5));
#1627 = CARTESIAN_POINT('',(7.341021672756,1.559684862266,1.5));
#1628 = CARTESIAN_POINT('',(7.352017835758,1.677233810369,1.5));
#1629 = CARTESIAN_POINT('',(7.357293111762,1.796271500017,1.5));
#1630 = CARTESIAN_POINT('',(7.357293111762,1.91646928739,1.5));
#1631 = PCURVE('',#44,#1632);
#1632 = DEFINITIONAL_REPRESENTATION('',(#1633),#1646);
#1633 = B_SPLINE_CURVE_WITH_KNOTS('',6,(#1634,#1635,#1636,#1637,#1638,
    #1639,#1640,#1641,#1642,#1643,#1644,#1645),.UNSPECIFIED.,.F.,.F.,(7,
    5,7),(0.,0.483823673533,1.),.UNSPECIFIED.);
#1634 = CARTESIAN_POINT('',(47.002692156044,15.649650605895));
#1635 = CARTESIAN_POINT('',(47.062902057495,15.735139473604));
#1636 = CARTESIAN_POINT('',(47.1169357271,15.825063811117));
#1637 = CARTESIAN_POINT('',(47.1645501457,15.919043152309));
#1638 = CARTESIAN_POINT('',(47.20571806308,16.016625945509));
#1639 = CARTESIAN_POINT('',(47.24057240102,16.117321105057));
#1640 = CARTESIAN_POINT('',(47.300053275757,16.330846121404));
#1641 = CARTESIAN_POINT('',(47.323844227697,16.444051739123));
#1642 = CARTESIAN_POINT('',(47.341021672756,16.559684862266));
#1643 = CARTESIAN_POINT('',(47.352017835758,16.677233810369));
#1644 = CARTESIAN_POINT('',(47.357293111762,16.796271500017));
#1645 = CARTESIAN_POINT('',(47.357293111762,16.91646928739));
#1646 = ( GEOMETRIC_REPRESENTATION_CONTEXT(2) 
PARAMETRIC_REPRESENTATION_CONTEXT() REPRESENTATION_CONTEXT('2D SPACE',''
  ) );
#1647 = PCURVE('',#1648,#1655);
#1648 = SURFACE_OF_LINEAR_EXTRUSION('',#1649,#1653);
#1649 = B_SPLINE_CURVE_WITH_KNOTS('',2,(#1650,#1651,#1652),
  .UNSPECIFIED.,.F.,.F.,(3,3),(0.,1.),.PIECEWISE_BEZIER_KNOTS.);
#1650 = CARTESIAN_POINT('',(7.357293111762,1.91646928739,1.45));
#1651 = CARTESIAN_POINT('',(7.357293111762,1.153129825464,1.45));
#1652 = CARTESIAN_POINT('',(7.002692156044,0.649650605895,1.45));
#1653 = VECTOR('',#1654,1.);
#1654 = DIRECTION('',(-0.,-0.,-1.));
#1655 = DEFINITIONAL_REPRESENTATION('',(#1656),#1669);
#1656 = B_SPLINE_CURVE_WITH_KNOTS('',6,(#1657,#1658,#1659,#1660,#1661,
    #1662,#1663,#1664,#1665,#1666,#1667,#1668),.UNSPECIFIED.,.F.,.F.,(7,
    5,7),(0.,0.483823673533,1.),.UNSPECIFIED.);
#1657 = CARTESIAN_POINT('',(1.,-5.E-02));
#1658 = CARTESIAN_POINT('',(0.915101890618,-5.E-02));
#1659 = CARTESIAN_POINT('',(0.830263141303,-5.E-02));
#1660 = CARTESIAN_POINT('',(0.74584961582,-5.E-02));
#1661 = CARTESIAN_POINT('',(0.662170168433,-5.E-02));
#1662 = CARTESIAN_POINT('',(0.579482664321,-5.E-02));
#1663 = CARTESIAN_POINT('',(0.411068697046,-5.E-02));
#1664 = CARTESIAN_POINT('',(0.325497195133,-5.E-02));
#1665 = CARTESIAN_POINT('',(0.241510200565,-5.E-02));
#1666 = CARTESIAN_POINT('',(0.159235399362,-5.E-02));
#1667 = CARTESIAN_POINT('',(7.873154302185E-02,-5.E-02));
#1668 = CARTESIAN_POINT('',(0.,-5.E-02));
#1669 = ( GEOMETRIC_REPRESENTATION_CONTEXT(2) 
PARAMETRIC_REPRESENTATION_CONTEXT() REPRESENTATION_CONTEXT('2D SPACE',''
  ) );
#1670 = ORIENTED_EDGE('',*,*,#1671,.F.);
#1671 = EDGE_CURVE('',#1032,#1615,#1672,.T.);
#1672 = SURFACE_CURVE('',#1673,(#1686,#1702),.PCURVE_S1.);
#1673 = B_SPLINE_CURVE_WITH_KNOTS('',6,(#1674,#1675,#1676,#1677,#1678,
    #1679,#1680,#1681,#1682,#1683,#1684,#1685),.UNSPECIFIED.,.F.,.F.,(7,
    5,7),(0.,0.798832249966,1.),.UNSPECIFIED.);
#1674 = CARTESIAN_POINT('',(5.971371819186,-4.872379544213E-02,1.5));
#1675 = CARTESIAN_POINT('',(6.140025984414,-1.513958563262E-04,1.5));
#1676 = CARTESIAN_POINT('',(6.302175816372,6.150531525067E-02,1.5));
#1677 = CARTESIAN_POINT('',(6.455717591128,0.13746871363,1.5));
#1678 = CARTESIAN_POINT('',(6.598341798843,0.228628770329,1.5));
#1679 = CARTESIAN_POINT('',(6.727880730876,0.335085874169,1.5));
#1680 = CARTESIAN_POINT('',(6.871898969894,0.485588517868,1.5));
#1681 = CARTESIAN_POINT('',(6.899955140124,0.516741700721,1.5));
#1682 = CARTESIAN_POINT('',(6.927075677107,0.548750579429,1.5));
#1683 = CARTESIAN_POINT('',(6.953245165884,0.581590698743,1.5));
#1684 = CARTESIAN_POINT('',(6.978452754908,0.615234356954,1.5));
#1685 = CARTESIAN_POINT('',(7.002692156044,0.649650605895,1.5));
#1686 = PCURVE('',#44,#1687);
#1687 = DEFINITIONAL_REPRESENTATION('',(#1688),#1701);
#1688 = B_SPLINE_CURVE_WITH_KNOTS('',6,(#1689,#1690,#1691,#1692,#1693,
    #1694,#1695,#1696,#1697,#1698,#1699,#1700),.UNSPECIFIED.,.F.,.F.,(7,
    5,7),(0.,0.798832249966,1.),.UNSPECIFIED.);
#1689 = CARTESIAN_POINT('',(45.971371819186,14.951276204558));
#1690 = CARTESIAN_POINT('',(46.140025984414,14.999848604144));
#1691 = CARTESIAN_POINT('',(46.302175816372,15.061505315251));
#1692 = CARTESIAN_POINT('',(46.455717591128,15.13746871363));
#1693 = CARTESIAN_POINT('',(46.598341798843,15.228628770329));
#1694 = CARTESIAN_POINT('',(46.727880730876,15.335085874169));
#1695 = CARTESIAN_POINT('',(46.871898969894,15.485588517868));
#1696 = CARTESIAN_POINT('',(46.899955140124,15.516741700721));
#1697 = CARTESIAN_POINT('',(46.927075677107,15.548750579429));
#1698 = CARTESIAN_POINT('',(46.953245165884,15.581590698743));
#1699 = CARTESIAN_POINT('',(46.978452754908,15.615234356954));
#1700 = CARTESIAN_POINT('',(47.002692156044,15.649650605895));
#1701 = ( GEOMETRIC_REPRESENTATION_CONTEXT(2) 
PARAMETRIC_REPRESENTATION_CONTEXT() REPRESENTATION_CONTEXT('2D SPACE',''
  ) );
#1702 = PCURVE('',#1703,#1710);
#1703 = SURFACE_OF_LINEAR_EXTRUSION('',#1704,#1708);
#1704 = B_SPLINE_CURVE_WITH_KNOTS('',2,(#1705,#1706,#1707),
  .UNSPECIFIED.,.F.,.F.,(3,3),(0.,1.),.PIECEWISE_BEZIER_KNOTS.);
#1705 = CARTESIAN_POINT('',(7.002692156044,0.649650605895,1.45));
#1706 = CARTESIAN_POINT('',(6.648091200326,0.146171386326,1.45));
#1707 = CARTESIAN_POINT('',(5.971371819186,-4.872379544213E-02,1.45));
#1708 = VECTOR('',#1709,1.);
#1709 = DIRECTION('',(-0.,-0.,-1.));
#1710 = DEFINITIONAL_REPRESENTATION('',(#1711),#1724);
#1711 = B_SPLINE_CURVE_WITH_KNOTS('',6,(#1712,#1713,#1714,#1715,#1716,
    #1717,#1718,#1719,#1720,#1721,#1722,#1723),.UNSPECIFIED.,.F.,.F.,(7,
    5,7),(0.,0.798832249966,1.),.UNSPECIFIED.);
#1712 = CARTESIAN_POINT('',(1.,-5.E-02));
#1713 = CARTESIAN_POINT('',(0.875388403282,-5.E-02));
#1714 = CARTESIAN_POINT('',(0.746712869067,-5.E-02));
#1715 = CARTESIAN_POINT('',(0.61444361457,-5.E-02));
#1716 = CARTESIAN_POINT('',(0.479364872715,-5.E-02));
#1717 = CARTESIAN_POINT('',(0.34264853879,-5.E-02));
#1718 = CARTESIAN_POINT('',(0.171588170614,-5.E-02));
#1719 = CARTESIAN_POINT('',(0.137176505687,-5.E-02));
#1720 = CARTESIAN_POINT('',(0.102788931123,-5.E-02));
#1721 = CARTESIAN_POINT('',(6.844870558159E-02,-5.E-02));
#1722 = CARTESIAN_POINT('',(3.417842048216E-02,-5.E-02));
#1723 = CARTESIAN_POINT('',(0.,-5.E-02));
#1724 = ( GEOMETRIC_REPRESENTATION_CONTEXT(2) 
PARAMETRIC_REPRESENTATION_CONTEXT() REPRESENTATION_CONTEXT('2D SPACE',''
  ) );
#1725 = FACE_BOUND('',#1726,.T.);
#1726 = EDGE_LOOP('',(#1727,#1755,#1781,#1807,#1833,#1859));
#1727 = ORIENTED_EDGE('',*,*,#1728,.F.);
#1728 = EDGE_CURVE('',#1729,#1731,#1733,.T.);
#1729 = VERTEX_POINT('',#1730);
#1730 = CARTESIAN_POINT('',(9.84220667931,4.244383958515,1.5));
#1731 = VERTEX_POINT('',#1732);
#1732 = CARTESIAN_POINT('',(9.84220667931,-3.83835232983,1.5));
#1733 = SURFACE_CURVE('',#1734,(#1738,#1744),.PCURVE_S1.);
#1734 = LINE('',#1735,#1736);
#1735 = CARTESIAN_POINT('',(9.84220667931,-9.419176164915,1.5));
#1736 = VECTOR('',#1737,1.);
#1737 = DIRECTION('',(0.,-1.,0.));
#1738 = PCURVE('',#44,#1739);
#1739 = DEFINITIONAL_REPRESENTATION('',(#1740),#1743);
#1740 = B_SPLINE_CURVE_WITH_KNOTS('',1,(#1741,#1742),.UNSPECIFIED.,.F.,
  .F.,(2,2),(-13.66356012343,-5.580823835085),.PIECEWISE_BEZIER_KNOTS.);
#1741 = CARTESIAN_POINT('',(49.84220667931,19.244383958515));
#1742 = CARTESIAN_POINT('',(49.84220667931,11.16164767017));
#1743 = ( GEOMETRIC_REPRESENTATION_CONTEXT(2) 
PARAMETRIC_REPRESENTATION_CONTEXT() REPRESENTATION_CONTEXT('2D SPACE',''
  ) );
#1744 = PCURVE('',#1745,#1750);
#1745 = PLANE('',#1746);
#1746 = AXIS2_PLACEMENT_3D('',#1747,#1748,#1749);
#1747 = CARTESIAN_POINT('',(9.84220667931,-3.83835232983,1.45));
#1748 = DIRECTION('',(-1.,0.,0.));
#1749 = DIRECTION('',(0.,1.,0.));
#1750 = DEFINITIONAL_REPRESENTATION('',(#1751),#1754);
#1751 = B_SPLINE_CURVE_WITH_KNOTS('',1,(#1752,#1753),.UNSPECIFIED.,.F.,
  .F.,(2,2),(-13.66356012343,-5.580823835085),.PIECEWISE_BEZIER_KNOTS.);
#1752 = CARTESIAN_POINT('',(8.082736288345,-5.E-02));
#1753 = CARTESIAN_POINT('',(0.,-5.E-02));
#1754 = ( GEOMETRIC_REPRESENTATION_CONTEXT(2) 
PARAMETRIC_REPRESENTATION_CONTEXT() REPRESENTATION_CONTEXT('2D SPACE',''
  ) );
#1755 = ORIENTED_EDGE('',*,*,#1756,.F.);
#1756 = EDGE_CURVE('',#1757,#1729,#1759,.T.);
#1757 = VERTEX_POINT('',#1758);
#1758 = CARTESIAN_POINT('',(10.935785199234,4.244383958515,1.5));
#1759 = SURFACE_CURVE('',#1760,(#1764,#1770),.PCURVE_S1.);
#1760 = LINE('',#1761,#1762);
#1761 = CARTESIAN_POINT('',(-15.07889666034,4.244383958515,1.5));
#1762 = VECTOR('',#1763,1.);
#1763 = DIRECTION('',(-1.,0.,0.));
#1764 = PCURVE('',#44,#1765);
#1765 = DEFINITIONAL_REPRESENTATION('',(#1766),#1769);
#1766 = B_SPLINE_CURVE_WITH_KNOTS('',1,(#1767,#1768),.UNSPECIFIED.,.F.,
  .F.,(2,2),(-26.01468185957,-24.92110333965),.PIECEWISE_BEZIER_KNOTS.);
#1767 = CARTESIAN_POINT('',(50.935785199234,19.244383958515));
#1768 = CARTESIAN_POINT('',(49.84220667931,19.244383958515));
#1769 = ( GEOMETRIC_REPRESENTATION_CONTEXT(2) 
PARAMETRIC_REPRESENTATION_CONTEXT() REPRESENTATION_CONTEXT('2D SPACE',''
  ) );
#1770 = PCURVE('',#1771,#1776);
#1771 = PLANE('',#1772);
#1772 = AXIS2_PLACEMENT_3D('',#1773,#1774,#1775);
#1773 = CARTESIAN_POINT('',(9.84220667931,4.244383958515,1.45));
#1774 = DIRECTION('',(0.,1.,0.));
#1775 = DIRECTION('',(1.,0.,0.));
#1776 = DEFINITIONAL_REPRESENTATION('',(#1777),#1780);
#1777 = B_SPLINE_CURVE_WITH_KNOTS('',1,(#1778,#1779),.UNSPECIFIED.,.F.,
  .F.,(2,2),(-26.01468185957,-24.92110333965),.PIECEWISE_BEZIER_KNOTS.);
#1778 = CARTESIAN_POINT('',(1.093578519923,-5.E-02));
#1779 = CARTESIAN_POINT('',(0.,-5.E-02));
#1780 = ( GEOMETRIC_REPRESENTATION_CONTEXT(2) 
PARAMETRIC_REPRESENTATION_CONTEXT() REPRESENTATION_CONTEXT('2D SPACE',''
  ) );
#1781 = ORIENTED_EDGE('',*,*,#1782,.F.);
#1782 = EDGE_CURVE('',#1783,#1757,#1785,.T.);
#1783 = VERTEX_POINT('',#1784);
#1784 = CARTESIAN_POINT('',(10.935785199234,-2.918013971479,1.5));
#1785 = SURFACE_CURVE('',#1786,(#1790,#1796),.PCURVE_S1.);
#1786 = LINE('',#1787,#1788);
#1787 = CARTESIAN_POINT('',(10.935785199234,-5.377808020743,1.5));
#1788 = VECTOR('',#1789,1.);
#1789 = DIRECTION('',(0.,1.,0.));
#1790 = PCURVE('',#44,#1791);
#1791 = DEFINITIONAL_REPRESENTATION('',(#1792),#1795);
#1792 = B_SPLINE_CURVE_WITH_KNOTS('',1,(#1793,#1794),.UNSPECIFIED.,.F.,
  .F.,(2,2),(2.459794049264,9.622191979257),.PIECEWISE_BEZIER_KNOTS.);
#1793 = CARTESIAN_POINT('',(50.935785199234,12.081986028521));
#1794 = CARTESIAN_POINT('',(50.935785199234,19.244383958515));
#1795 = ( GEOMETRIC_REPRESENTATION_CONTEXT(2) 
PARAMETRIC_REPRESENTATION_CONTEXT() REPRESENTATION_CONTEXT('2D SPACE',''
  ) );
#1796 = PCURVE('',#1797,#1802);
#1797 = PLANE('',#1798);
#1798 = AXIS2_PLACEMENT_3D('',#1799,#1800,#1801);
#1799 = CARTESIAN_POINT('',(10.935785199234,4.244383958515,1.45));
#1800 = DIRECTION('',(1.,0.,0.));
#1801 = DIRECTION('',(0.,-1.,0.));
#1802 = DEFINITIONAL_REPRESENTATION('',(#1803),#1806);
#1803 = B_SPLINE_CURVE_WITH_KNOTS('',1,(#1804,#1805),.UNSPECIFIED.,.F.,
  .F.,(2,2),(2.459794049264,9.622191979257),.PIECEWISE_BEZIER_KNOTS.);
#1804 = CARTESIAN_POINT('',(7.162397929993,-5.E-02));
#1805 = CARTESIAN_POINT('',(0.,-5.E-02));
#1806 = ( GEOMETRIC_REPRESENTATION_CONTEXT(2) 
PARAMETRIC_REPRESENTATION_CONTEXT() REPRESENTATION_CONTEXT('2D SPACE',''
  ) );
#1807 = ORIENTED_EDGE('',*,*,#1808,.F.);
#1808 = EDGE_CURVE('',#1809,#1783,#1811,.T.);
#1809 = VERTEX_POINT('',#1810);
#1810 = CARTESIAN_POINT('',(14.871585119948,-2.918013971479,1.5));
#1811 = SURFACE_CURVE('',#1812,(#1816,#1822),.PCURVE_S1.);
#1812 = LINE('',#1813,#1814);
#1813 = CARTESIAN_POINT('',(-14.53210740038,-2.918013971479,1.5));
#1814 = VECTOR('',#1815,1.);
#1815 = DIRECTION('',(-1.,0.,0.));
#1816 = PCURVE('',#44,#1817);
#1817 = DEFINITIONAL_REPRESENTATION('',(#1818),#1821);
#1818 = B_SPLINE_CURVE_WITH_KNOTS('',1,(#1819,#1820),.UNSPECIFIED.,.F.,
  .F.,(2,2),(-29.40369252033,-25.46789259961),.PIECEWISE_BEZIER_KNOTS.);
#1819 = CARTESIAN_POINT('',(54.871585119948,12.081986028521));
#1820 = CARTESIAN_POINT('',(50.935785199234,12.081986028521));
#1821 = ( GEOMETRIC_REPRESENTATION_CONTEXT(2) 
PARAMETRIC_REPRESENTATION_CONTEXT() REPRESENTATION_CONTEXT('2D SPACE',''
  ) );
#1822 = PCURVE('',#1823,#1828);
#1823 = PLANE('',#1824);
#1824 = AXIS2_PLACEMENT_3D('',#1825,#1826,#1827);
#1825 = CARTESIAN_POINT('',(10.935785199234,-2.918013971479,1.45));
#1826 = DIRECTION('',(0.,1.,0.));
#1827 = DIRECTION('',(1.,0.,0.));
#1828 = DEFINITIONAL_REPRESENTATION('',(#1829),#1832);
#1829 = B_SPLINE_CURVE_WITH_KNOTS('',1,(#1830,#1831),.UNSPECIFIED.,.F.,
  .F.,(2,2),(-29.40369252033,-25.46789259961),.PIECEWISE_BEZIER_KNOTS.);
#1830 = CARTESIAN_POINT('',(3.935799920714,-5.E-02));
#1831 = CARTESIAN_POINT('',(0.,-5.E-02));
#1832 = ( GEOMETRIC_REPRESENTATION_CONTEXT(2) 
PARAMETRIC_REPRESENTATION_CONTEXT() REPRESENTATION_CONTEXT('2D SPACE',''
  ) );
#1833 = ORIENTED_EDGE('',*,*,#1834,.F.);
#1834 = EDGE_CURVE('',#1835,#1809,#1837,.T.);
#1835 = VERTEX_POINT('',#1836);
#1836 = CARTESIAN_POINT('',(14.871585119948,-3.83835232983,1.5));
#1837 = SURFACE_CURVE('',#1838,(#1842,#1848),.PCURVE_S1.);
#1838 = LINE('',#1839,#1840);
#1839 = CARTESIAN_POINT('',(14.871585119948,-8.959006985739,1.5));
#1840 = VECTOR('',#1841,1.);
#1841 = DIRECTION('',(0.,1.,0.));
#1842 = PCURVE('',#44,#1843);
#1843 = DEFINITIONAL_REPRESENTATION('',(#1844),#1847);
#1844 = B_SPLINE_CURVE_WITH_KNOTS('',1,(#1845,#1846),.UNSPECIFIED.,.F.,
  .F.,(2,2),(5.120654655909,6.040993014261),.PIECEWISE_BEZIER_KNOTS.);
#1845 = CARTESIAN_POINT('',(54.871585119948,11.16164767017));
#1846 = CARTESIAN_POINT('',(54.871585119948,12.081986028521));
#1847 = ( GEOMETRIC_REPRESENTATION_CONTEXT(2) 
PARAMETRIC_REPRESENTATION_CONTEXT() REPRESENTATION_CONTEXT('2D SPACE',''
  ) );
#1848 = PCURVE('',#1849,#1854);
#1849 = PLANE('',#1850);
#1850 = AXIS2_PLACEMENT_3D('',#1851,#1852,#1853);
#1851 = CARTESIAN_POINT('',(14.871585119948,-2.918013971479,1.45));
#1852 = DIRECTION('',(1.,0.,0.));
#1853 = DIRECTION('',(0.,-1.,0.));
#1854 = DEFINITIONAL_REPRESENTATION('',(#1855),#1858);
#1855 = B_SPLINE_CURVE_WITH_KNOTS('',1,(#1856,#1857),.UNSPECIFIED.,.F.,
  .F.,(2,2),(5.120654655909,6.040993014261),.PIECEWISE_BEZIER_KNOTS.);
#1856 = CARTESIAN_POINT('',(0.920338358351,-5.E-02));
#1857 = CARTESIAN_POINT('',(0.,-5.E-02));
#1858 = ( GEOMETRIC_REPRESENTATION_CONTEXT(2) 
PARAMETRIC_REPRESENTATION_CONTEXT() REPRESENTATION_CONTEXT('2D SPACE',''
  ) );
#1859 = ORIENTED_EDGE('',*,*,#1860,.F.);
#1860 = EDGE_CURVE('',#1731,#1835,#1861,.T.);
#1861 = SURFACE_CURVE('',#1862,(#1866,#1872),.PCURVE_S1.);
#1862 = LINE('',#1863,#1864);
#1863 = CARTESIAN_POINT('',(-12.56420744002,-3.83835232983,1.5));
#1864 = VECTOR('',#1865,1.);
#1865 = DIRECTION('',(1.,0.,-0.));
#1866 = PCURVE('',#44,#1867);
#1867 = DEFINITIONAL_REPRESENTATION('',(#1868),#1871);
#1868 = B_SPLINE_CURVE_WITH_KNOTS('',1,(#1869,#1870),.UNSPECIFIED.,.F.,
  .F.,(2,2),(22.406414119336,27.435792559974),.PIECEWISE_BEZIER_KNOTS.);
#1869 = CARTESIAN_POINT('',(49.84220667931,11.16164767017));
#1870 = CARTESIAN_POINT('',(54.871585119948,11.16164767017));
#1871 = ( GEOMETRIC_REPRESENTATION_CONTEXT(2) 
PARAMETRIC_REPRESENTATION_CONTEXT() REPRESENTATION_CONTEXT('2D SPACE',''
  ) );
#1872 = PCURVE('',#1873,#1878);
#1873 = PLANE('',#1874);
#1874 = AXIS2_PLACEMENT_3D('',#1875,#1876,#1877);
#1875 = CARTESIAN_POINT('',(14.871585119948,-3.83835232983,1.45));
#1876 = DIRECTION('',(0.,-1.,0.));
#1877 = DIRECTION('',(-1.,0.,0.));
#1878 = DEFINITIONAL_REPRESENTATION('',(#1879),#1882);
#1879 = B_SPLINE_CURVE_WITH_KNOTS('',1,(#1880,#1881),.UNSPECIFIED.,.F.,
  .F.,(2,2),(22.406414119336,27.435792559974),.PIECEWISE_BEZIER_KNOTS.);
#1880 = CARTESIAN_POINT('',(5.029378440638,-5.E-02));
#1881 = CARTESIAN_POINT('',(0.,-5.E-02));
#1882 = ( GEOMETRIC_REPRESENTATION_CONTEXT(2) 
PARAMETRIC_REPRESENTATION_CONTEXT() REPRESENTATION_CONTEXT('2D SPACE',''
  ) );
#1883 = FACE_BOUND('',#1884,.T.);
#1884 = EDGE_LOOP('',(#1885,#1913,#1939,#2014,#2089,#2146,#2203,#2275,
    #2347,#2422,#2497));
#1885 = ORIENTED_EDGE('',*,*,#1886,.F.);
#1886 = EDGE_CURVE('',#1887,#1889,#1891,.T.);
#1887 = VERTEX_POINT('',#1888);
#1888 = CARTESIAN_POINT('',(23.858418501497,4.244383958515,1.5));
#1889 = VERTEX_POINT('',#1890);
#1890 = CARTESIAN_POINT('',(23.858418501497,-3.83835232983,1.5));
#1891 = SURFACE_CURVE('',#1892,(#1896,#1902),.PCURVE_S1.);
#1892 = LINE('',#1893,#1894);
#1893 = CARTESIAN_POINT('',(23.858418501497,-9.419176164915,1.5));
#1894 = VECTOR('',#1895,1.);
#1895 = DIRECTION('',(0.,-1.,0.));
#1896 = PCURVE('',#44,#1897);
#1897 = DEFINITIONAL_REPRESENTATION('',(#1898),#1901);
#1898 = B_SPLINE_CURVE_WITH_KNOTS('',1,(#1899,#1900),.UNSPECIFIED.,.F.,
  .F.,(2,2),(-13.66356012343,-5.580823835085),.PIECEWISE_BEZIER_KNOTS.);
#1899 = CARTESIAN_POINT('',(63.858418501497,19.244383958515));
#1900 = CARTESIAN_POINT('',(63.858418501497,11.16164767017));
#1901 = ( GEOMETRIC_REPRESENTATION_CONTEXT(2) 
PARAMETRIC_REPRESENTATION_CONTEXT() REPRESENTATION_CONTEXT('2D SPACE',''
  ) );
#1902 = PCURVE('',#1903,#1908);
#1903 = PLANE('',#1904);
#1904 = AXIS2_PLACEMENT_3D('',#1905,#1906,#1907);
#1905 = CARTESIAN_POINT('',(23.858418501497,-3.83835232983,1.45));
#1906 = DIRECTION('',(-1.,0.,0.));
#1907 = DIRECTION('',(0.,1.,0.));
#1908 = DEFINITIONAL_REPRESENTATION('',(#1909),#1912);
#1909 = B_SPLINE_CURVE_WITH_KNOTS('',1,(#1910,#1911),.UNSPECIFIED.,.F.,
  .F.,(2,2),(-13.66356012343,-5.580823835085),.PIECEWISE_BEZIER_KNOTS.);
#1910 = CARTESIAN_POINT('',(8.082736288345,-5.E-02));
#1911 = CARTESIAN_POINT('',(0.,-5.E-02));
#1912 = ( GEOMETRIC_REPRESENTATION_CONTEXT(2) 
PARAMETRIC_REPRESENTATION_CONTEXT() REPRESENTATION_CONTEXT('2D SPACE',''
  ) );
#1913 = ORIENTED_EDGE('',*,*,#1914,.F.);
#1914 = EDGE_CURVE('',#1915,#1887,#1917,.T.);
#1915 = VERTEX_POINT('',#1916);
#1916 = CARTESIAN_POINT('',(26.651916106846,4.244383958515,1.5));
#1917 = SURFACE_CURVE('',#1918,(#1922,#1928),.PCURVE_S1.);
#1918 = LINE('',#1919,#1920);
#1919 = CARTESIAN_POINT('',(-8.070790749252,4.244383958515,1.5));
#1920 = VECTOR('',#1921,1.);
#1921 = DIRECTION('',(-1.,0.,0.));
#1922 = PCURVE('',#44,#1923);
#1923 = DEFINITIONAL_REPRESENTATION('',(#1924),#1927);
#1924 = B_SPLINE_CURVE_WITH_KNOTS('',1,(#1925,#1926),.UNSPECIFIED.,.F.,
  .F.,(2,2),(-34.72270685609,-31.92920925074),.PIECEWISE_BEZIER_KNOTS.);
#1925 = CARTESIAN_POINT('',(66.651916106846,19.244383958515));
#1926 = CARTESIAN_POINT('',(63.858418501497,19.244383958515));
#1927 = ( GEOMETRIC_REPRESENTATION_CONTEXT(2) 
PARAMETRIC_REPRESENTATION_CONTEXT() REPRESENTATION_CONTEXT('2D SPACE',''
  ) );
#1928 = PCURVE('',#1929,#1934);
#1929 = PLANE('',#1930);
#1930 = AXIS2_PLACEMENT_3D('',#1931,#1932,#1933);
#1931 = CARTESIAN_POINT('',(23.858418501497,4.244383958515,1.45));
#1932 = DIRECTION('',(0.,1.,0.));
#1933 = DIRECTION('',(1.,0.,0.));
#1934 = DEFINITIONAL_REPRESENTATION('',(#1935),#1938);
#1935 = B_SPLINE_CURVE_WITH_KNOTS('',1,(#1936,#1937),.UNSPECIFIED.,.F.,
  .F.,(2,2),(-34.72270685609,-31.92920925074),.PIECEWISE_BEZIER_KNOTS.);
#1936 = CARTESIAN_POINT('',(2.793497605349,-5.E-02));
#1937 = CARTESIAN_POINT('',(0.,-5.E-02));
#1938 = ( GEOMETRIC_REPRESENTATION_CONTEXT(2) 
PARAMETRIC_REPRESENTATION_CONTEXT() REPRESENTATION_CONTEXT('2D SPACE',''
  ) );
#1939 = ORIENTED_EDGE('',*,*,#1940,.F.);
#1940 = EDGE_CURVE('',#1941,#1915,#1943,.T.);
#1941 = VERTEX_POINT('',#1942);
#1942 = CARTESIAN_POINT('',(28.579212904334,3.724663473798,1.5));
#1943 = SURFACE_CURVE('',#1944,(#1963,#1985),.PCURVE_S1.);
#1944 = B_SPLINE_CURVE_WITH_KNOTS('',5,(#1945,#1946,#1947,#1948,#1949,
    #1950,#1951,#1952,#1953,#1954,#1955,#1956,#1957,#1958,#1959,#1960,
    #1961,#1962),.UNSPECIFIED.,.F.,.F.,(6,4,4,4,6),(0.,0.221825184434,
    0.455696282401,0.714899535863,1.),.UNSPECIFIED.);
#1945 = CARTESIAN_POINT('',(28.579212904334,3.724663473798,1.5));
#1946 = CARTESIAN_POINT('',(28.510392066034,3.777517877613,1.5));
#1947 = CARTESIAN_POINT('',(28.438389151506,3.826607661296,1.5));
#1948 = CARTESIAN_POINT('',(28.363529365062,3.871874202478,1.5));
#1949 = CARTESIAN_POINT('',(28.286164976449,3.913383900277,1.5));
#1950 = CARTESIAN_POINT('',(28.122769576903,3.991195139334,1.5));
#1951 = CARTESIAN_POINT('',(28.036494457401,4.027092155341,1.5));
#1952 = CARTESIAN_POINT('',(27.948180498431,4.059103731953,1.5));
#1953 = CARTESIAN_POINT('',(27.8581686533,4.087452151285,1.5));
#1954 = CARTESIAN_POINT('',(27.665384943177,4.139979784697,1.5));
#1955 = CARTESIAN_POINT('',(27.562290857454,4.163373841223,1.5));
#1956 = CARTESIAN_POINT('',(27.457810129442,4.182865001928,1.5));
#1957 = CARTESIAN_POINT('',(27.352233066666,4.198771549855,1.5));
#1958 = CARTESIAN_POINT('',(27.128659293498,4.225247391415,1.5));
#1959 = CARTESIAN_POINT('',(27.010482366892,4.235123995737,1.5));
#1960 = CARTESIAN_POINT('',(26.891508349754,4.24139184632,1.5));
#1961 = CARTESIAN_POINT('',(26.771941511788,4.244383958515,1.5));
#1962 = CARTESIAN_POINT('',(26.651916106846,4.244383958515,1.5));
#1963 = PCURVE('',#44,#1964);
#1964 = DEFINITIONAL_REPRESENTATION('',(#1965),#1984);
#1965 = B_SPLINE_CURVE_WITH_KNOTS('',5,(#1966,#1967,#1968,#1969,#1970,
    #1971,#1972,#1973,#1974,#1975,#1976,#1977,#1978,#1979,#1980,#1981,
    #1982,#1983),.UNSPECIFIED.,.F.,.F.,(6,4,4,4,6),(0.,0.221825184434,
    0.455696282401,0.714899535863,1.),.UNSPECIFIED.);
#1966 = CARTESIAN_POINT('',(68.579212904334,18.724663473798));
#1967 = CARTESIAN_POINT('',(68.510392066034,18.777517877613));
#1968 = CARTESIAN_POINT('',(68.438389151506,18.826607661296));
#1969 = CARTESIAN_POINT('',(68.363529365062,18.871874202478));
#1970 = CARTESIAN_POINT('',(68.286164976449,18.913383900277));
#1971 = CARTESIAN_POINT('',(68.122769576903,18.991195139334));
#1972 = CARTESIAN_POINT('',(68.036494457401,19.027092155341));
#1973 = CARTESIAN_POINT('',(67.948180498431,19.059103731953));
#1974 = CARTESIAN_POINT('',(67.8581686533,19.087452151285));
#1975 = CARTESIAN_POINT('',(67.665384943177,19.139979784697));
#1976 = CARTESIAN_POINT('',(67.562290857454,19.163373841223));
#1977 = CARTESIAN_POINT('',(67.457810129442,19.182865001928));
#1978 = CARTESIAN_POINT('',(67.352233066666,19.198771549855));
#1979 = CARTESIAN_POINT('',(67.128659293498,19.225247391415));
#1980 = CARTESIAN_POINT('',(67.010482366892,19.235123995737));
#1981 = CARTESIAN_POINT('',(66.891508349754,19.24139184632));
#1982 = CARTESIAN_POINT('',(66.771941511788,19.244383958515));
#1983 = CARTESIAN_POINT('',(66.651916106846,19.244383958515));
#1984 = ( GEOMETRIC_REPRESENTATION_CONTEXT(2) 
PARAMETRIC_REPRESENTATION_CONTEXT() REPRESENTATION_CONTEXT('2D SPACE',''
  ) );
#1985 = PCURVE('',#1986,#1993);
#1986 = SURFACE_OF_LINEAR_EXTRUSION('',#1987,#1991);
#1987 = B_SPLINE_CURVE_WITH_KNOTS('',2,(#1988,#1989,#1990),
  .UNSPECIFIED.,.F.,.F.,(3,3),(0.,1.),.PIECEWISE_BEZIER_KNOTS.);
#1988 = CARTESIAN_POINT('',(26.651916106846,4.244383958515,1.45));
#1989 = CARTESIAN_POINT('',(27.902493523194,4.244383958515,1.45));
#1990 = CARTESIAN_POINT('',(28.579212904334,3.724663473798,1.45));
#1991 = VECTOR('',#1992,1.);
#1992 = DIRECTION('',(-0.,-0.,-1.));
#1993 = DEFINITIONAL_REPRESENTATION('',(#1994),#2013);
#1994 = B_SPLINE_CURVE_WITH_KNOTS('',5,(#1995,#1996,#1997,#1998,#1999,
    #2000,#2001,#2002,#2003,#2004,#2005,#2006,#2007,#2008,#2009,#2010,
    #2011,#2012),.UNSPECIFIED.,.F.,.F.,(6,4,4,4,6),(0.,0.221825184434,
    0.455696282401,0.714899535863,1.),.UNSPECIFIED.);
#1995 = CARTESIAN_POINT('',(1.,-5.E-02));
#1996 = CARTESIAN_POINT('',(0.949151125105,-5.E-02));
#1997 = CARTESIAN_POINT('',(0.898691946931,-5.E-02));
#1998 = CARTESIAN_POINT('',(0.848778366732,-5.E-02));
#1999 = CARTESIAN_POINT('',(0.79952191461,-5.E-02));
#2000 = CARTESIAN_POINT('',(0.699843169118,-5.E-02));
#2001 = CARTESIAN_POINT('',(0.64950186023,-5.E-02));
#2002 = CARTESIAN_POINT('',(0.600060668827,-5.E-02));
#2003 = CARTESIAN_POINT('',(0.55155778399,-5.E-02));
#2004 = CARTESIAN_POINT('',(0.451290911769,-5.E-02));
#2005 = CARTESIAN_POINT('',(0.399744713408,-5.E-02));
#2006 = CARTESIAN_POINT('',(0.349367097312,-5.E-02));
#2007 = CARTESIAN_POINT('',(0.300133622771,-5.E-02));
#2008 = CARTESIAN_POINT('',(0.199057307309,-5.E-02));
#2009 = CARTESIAN_POINT('',(0.147448209707,-5.E-02));
#2010 = CARTESIAN_POINT('',(9.711355341979E-02,-5.E-02));
#2011 = CARTESIAN_POINT('',(4.798799473492E-02,-5.E-02));
#2012 = CARTESIAN_POINT('',(0.,-5.E-02));
#2013 = ( GEOMETRIC_REPRESENTATION_CONTEXT(2) 
PARAMETRIC_REPRESENTATION_CONTEXT() REPRESENTATION_CONTEXT('2D SPACE',''
  ) );
#2014 = ORIENTED_EDGE('',*,*,#2015,.F.);
#2015 = EDGE_CURVE('',#2016,#1941,#2018,.T.);
#2016 = VERTEX_POINT('',#2017);
#2017 = CARTESIAN_POINT('',(29.255932285475,2.246708345387,1.5));
#2018 = SURFACE_CURVE('',#2019,(#2038,#2060),.PCURVE_S1.);
#2019 = B_SPLINE_CURVE_WITH_KNOTS('',5,(#2020,#2021,#2022,#2023,#2024,
    #2025,#2026,#2027,#2028,#2029,#2030,#2031,#2032,#2033,#2034,#2035,
    #2036,#2037),.UNSPECIFIED.,.F.,.F.,(6,4,4,4,6),(0.,0.242788132871,
    0.376761580522,0.653397766352,1.),.UNSPECIFIED.);
#2020 = CARTESIAN_POINT('',(29.255932285475,2.246708345387,1.5));
#2021 = CARTESIAN_POINT('',(29.255932285475,2.331215731163,1.5));
#2022 = CARTESIAN_POINT('',(29.252642611582,2.415266501795,1.5));
#2023 = CARTESIAN_POINT('',(29.245803341643,2.498680774788,1.5));
#2024 = CARTESIAN_POINT('',(29.235143833103,2.581216605147,1.5));
#2025 = CARTESIAN_POINT('',(29.212333142763,2.707483039906,1.5));
#2026 = CARTESIAN_POINT('',(29.202992029363,2.752026344892,1.5));
#2027 = CARTESIAN_POINT('',(29.192383624092,2.796163833109,1.5));
#2028 = CARTESIAN_POINT('',(29.180477897516,2.839842393696,1.5));
#2029 = CARTESIAN_POINT('',(29.13994322594,2.972131437433,1.5));
#2030 = CARTESIAN_POINT('',(29.107004062701,3.059071796465,1.5));
#2031 = CARTESIAN_POINT('',(29.068250020799,3.143303662034,1.5));
#2032 = CARTESIAN_POINT('',(29.023667962843,3.224332534005,1.5));
#2033 = CARTESIAN_POINT('',(28.910703309451,3.39874436307,1.5));
#2034 = CARTESIAN_POINT('',(28.839130880172,3.490102415632,1.5));
#2035 = CARTESIAN_POINT('',(28.759339662952,3.574987645818,1.5));
#2036 = CARTESIAN_POINT('',(28.672324594347,3.653153695869,1.5));
#2037 = CARTESIAN_POINT('',(28.579212904334,3.724663473798,1.5));
#2038 = PCURVE('',#44,#2039);
#2039 = DEFINITIONAL_REPRESENTATION('',(#2040),#2059);
#2040 = B_SPLINE_CURVE_WITH_KNOTS('',5,(#2041,#2042,#2043,#2044,#2045,
    #2046,#2047,#2048,#2049,#2050,#2051,#2052,#2053,#2054,#2055,#2056,
    #2057,#2058),.UNSPECIFIED.,.F.,.F.,(6,4,4,4,6),(0.,0.242788132871,
    0.376761580522,0.653397766352,1.),.UNSPECIFIED.);
#2041 = CARTESIAN_POINT('',(69.255932285475,17.246708345387));
#2042 = CARTESIAN_POINT('',(69.255932285475,17.331215731163));
#2043 = CARTESIAN_POINT('',(69.252642611582,17.415266501795));
#2044 = CARTESIAN_POINT('',(69.245803341643,17.498680774788));
#2045 = CARTESIAN_POINT('',(69.235143833103,17.581216605147));
#2046 = CARTESIAN_POINT('',(69.212333142763,17.707483039906));
#2047 = CARTESIAN_POINT('',(69.202992029363,17.752026344892));
#2048 = CARTESIAN_POINT('',(69.192383624092,17.796163833109));
#2049 = CARTESIAN_POINT('',(69.180477897516,17.839842393696));
#2050 = CARTESIAN_POINT('',(69.13994322594,17.972131437433));
#2051 = CARTESIAN_POINT('',(69.107004062701,18.059071796465));
#2052 = CARTESIAN_POINT('',(69.068250020799,18.143303662034));
#2053 = CARTESIAN_POINT('',(69.023667962843,18.224332534005));
#2054 = CARTESIAN_POINT('',(68.910703309451,18.39874436307));
#2055 = CARTESIAN_POINT('',(68.839130880172,18.490102415632));
#2056 = CARTESIAN_POINT('',(68.759339662952,18.574987645818));
#2057 = CARTESIAN_POINT('',(68.672324594347,18.653153695869));
#2058 = CARTESIAN_POINT('',(68.579212904334,18.724663473798));
#2059 = ( GEOMETRIC_REPRESENTATION_CONTEXT(2) 
PARAMETRIC_REPRESENTATION_CONTEXT() REPRESENTATION_CONTEXT('2D SPACE',''
  ) );
#2060 = PCURVE('',#2061,#2068);
#2061 = SURFACE_OF_LINEAR_EXTRUSION('',#2062,#2066);
#2062 = B_SPLINE_CURVE_WITH_KNOTS('',2,(#2063,#2064,#2065),
  .UNSPECIFIED.,.F.,.F.,(3,3),(0.,1.),.PIECEWISE_BEZIER_KNOTS.);
#2063 = CARTESIAN_POINT('',(28.579212904334,3.724663473798,1.45));
#2064 = CARTESIAN_POINT('',(29.255932285475,3.204942989082,1.45));
#2065 = CARTESIAN_POINT('',(29.255932285475,2.246708345387,1.45));
#2066 = VECTOR('',#2067,1.);
#2067 = DIRECTION('',(-0.,-0.,-1.));
#2068 = DEFINITIONAL_REPRESENTATION('',(#2069),#2088);
#2069 = B_SPLINE_CURVE_WITH_KNOTS('',5,(#2070,#2071,#2072,#2073,#2074,
    #2075,#2076,#2077,#2078,#2079,#2080,#2081,#2082,#2083,#2084,#2085,
    #2086,#2087),.UNSPECIFIED.,.F.,.F.,(6,4,4,4,6),(0.,0.242788132871,
    0.376761580522,0.653397766352,1.),.UNSPECIFIED.);
#2070 = CARTESIAN_POINT('',(1.,-5.E-02));
#2071 = CARTESIAN_POINT('',(0.955904649069,-5.E-02));
#2072 = CARTESIAN_POINT('',(0.910935246281,-5.E-02));
#2073 = CARTESIAN_POINT('',(0.865097767699,-5.E-02));
#2074 = CARTESIAN_POINT('',(0.818426948354,-5.E-02));
#2075 = CARTESIAN_POINT('',(0.744829232478,-5.E-02));
#2076 = CARTESIAN_POINT('',(0.718428419899,-5.E-02));
#2077 = CARTESIAN_POINT('',(0.691810860636,-5.E-02));
#2078 = CARTESIAN_POINT('',(0.664994113952,-5.E-02));
#2079 = CARTESIAN_POINT('',(0.582260979661,-5.E-02));
#2080 = CARTESIAN_POINT('',(0.525758672255,-5.E-02));
#2081 = CARTESIAN_POINT('',(0.468703500308,-5.E-02));
#2082 = CARTESIAN_POINT('',(0.411349048426,-5.E-02));
#2083 = CARTESIAN_POINT('',(0.28214639118,-5.E-02));
#2084 = CARTESIAN_POINT('',(0.210276214266,-5.E-02));
#2085 = CARTESIAN_POINT('',(0.139004558704,-5.E-02));
#2086 = CARTESIAN_POINT('',(6.879638193272E-02,-5.E-02));
#2087 = CARTESIAN_POINT('',(0.,-5.E-02));
#2088 = ( GEOMETRIC_REPRESENTATION_CONTEXT(2) 
PARAMETRIC_REPRESENTATION_CONTEXT() REPRESENTATION_CONTEXT('2D SPACE',''
  ) );
#2089 = ORIENTED_EDGE('',*,*,#2090,.F.);
#2090 = EDGE_CURVE('',#2091,#2016,#2093,.T.);
#2091 = VERTEX_POINT('',#2092);
#2092 = CARTESIAN_POINT('',(28.909451962331,1.066509744678,1.5));
#2093 = SURFACE_CURVE('',#2094,(#2107,#2123),.PCURVE_S1.);
#2094 = B_SPLINE_CURVE_WITH_KNOTS('',6,(#2095,#2096,#2097,#2098,#2099,
    #2100,#2101,#2102,#2103,#2104,#2105,#2106),.UNSPECIFIED.,.F.,.F.,(7,
    5,7),(0.,0.479011375821,1.),.UNSPECIFIED.);
#2095 = CARTESIAN_POINT('',(28.909451962331,1.066509744678,1.5));
#2096 = CARTESIAN_POINT('',(28.968658334927,1.141442809994,1.5));
#2097 = CARTESIAN_POINT('',(29.021663552438,1.221522442826,1.5));
#2098 = CARTESIAN_POINT('',(29.068202505775,1.306302531704,1.5));
#2099 = CARTESIAN_POINT('',(29.108287402342,1.395233334054,1.5));
#2100 = CARTESIAN_POINT('',(29.142119989731,1.487719498012,1.5));
#2101 = CARTESIAN_POINT('',(29.200331111826,1.687002001588,1.5));
#2102 = CARTESIAN_POINT('',(29.223625931397,1.794356218683,1.5));
#2103 = CARTESIAN_POINT('',(29.240297356546,1.90455593728,1.5));
#2104 = CARTESIAN_POINT('',(29.250886299855,2.016986476574,1.5));
#2105 = CARTESIAN_POINT('',(29.255932285475,2.131155450119,1.5));
#2106 = CARTESIAN_POINT('',(29.255932285475,2.246708345387,1.5));
#2107 = PCURVE('',#44,#2108);
#2108 = DEFINITIONAL_REPRESENTATION('',(#2109),#2122);
#2109 = B_SPLINE_CURVE_WITH_KNOTS('',6,(#2110,#2111,#2112,#2113,#2114,
    #2115,#2116,#2117,#2118,#2119,#2120,#2121),.UNSPECIFIED.,.F.,.F.,(7,
    5,7),(0.,0.479011375821,1.),.UNSPECIFIED.);
#2110 = CARTESIAN_POINT('',(68.909451962331,16.066509744678));
#2111 = CARTESIAN_POINT('',(68.968658334927,16.141442809994));
#2112 = CARTESIAN_POINT('',(69.021663552438,16.221522442826));
#2113 = CARTESIAN_POINT('',(69.068202505775,16.306302531704));
#2114 = CARTESIAN_POINT('',(69.108287402342,16.395233334054));
#2115 = CARTESIAN_POINT('',(69.142119989731,16.487719498012));
#2116 = CARTESIAN_POINT('',(69.200331111826,16.687002001588));
#2117 = CARTESIAN_POINT('',(69.223625931397,16.794356218683));
#2118 = CARTESIAN_POINT('',(69.240297356546,16.90455593728));
#2119 = CARTESIAN_POINT('',(69.250886299855,17.016986476574));
#2120 = CARTESIAN_POINT('',(69.255932285475,17.131155450119));
#2121 = CARTESIAN_POINT('',(69.255932285475,17.246708345387));
#2122 = ( GEOMETRIC_REPRESENTATION_CONTEXT(2) 
PARAMETRIC_REPRESENTATION_CONTEXT() REPRESENTATION_CONTEXT('2D SPACE',''
  ) );
#2123 = PCURVE('',#2124,#2131);
#2124 = SURFACE_OF_LINEAR_EXTRUSION('',#2125,#2129);
#2125 = B_SPLINE_CURVE_WITH_KNOTS('',2,(#2126,#2127,#2128),
  .UNSPECIFIED.,.F.,.F.,(3,3),(0.,1.),.PIECEWISE_BEZIER_KNOTS.);
#2126 = CARTESIAN_POINT('',(29.255932285475,2.246708345387,1.45));
#2127 = CARTESIAN_POINT('',(29.255932285475,1.505023903657,1.45));
#2128 = CARTESIAN_POINT('',(28.909451962331,1.066509744678,1.45));
#2129 = VECTOR('',#2130,1.);
#2130 = DIRECTION('',(-0.,-0.,-1.));
#2131 = DEFINITIONAL_REPRESENTATION('',(#2132),#2145);
#2132 = B_SPLINE_CURVE_WITH_KNOTS('',6,(#2133,#2134,#2135,#2136,#2137,
    #2138,#2139,#2140,#2141,#2142,#2143,#2144),.UNSPECIFIED.,.F.,.F.,(7,
    5,7),(0.,0.479011375821,1.),.UNSPECIFIED.);
#2133 = CARTESIAN_POINT('',(1.,-5.E-02));
#2134 = CARTESIAN_POINT('',(0.914560267004,-5.E-02));
#2135 = CARTESIAN_POINT('',(0.829308918155,-5.E-02));
#2136 = CARTESIAN_POINT('',(0.744703076381,-5.E-02));
#2137 = CARTESIAN_POINT('',(0.661106144944,-5.E-02));
#2138 = CARTESIAN_POINT('',(0.578800469474,-5.E-02));
#2139 = CARTESIAN_POINT('',(0.410118735484,-5.E-02));
#2140 = CARTESIAN_POINT('',(0.324005843645,-5.E-02));
#2141 = CARTESIAN_POINT('',(0.239881647031,-5.E-02));
#2142 = CARTESIAN_POINT('',(0.157841457267,-5.E-02));
#2143 = CARTESIAN_POINT('',(7.789896131452E-02,-5.E-02));
#2144 = CARTESIAN_POINT('',(0.,-5.E-02));
#2145 = ( GEOMETRIC_REPRESENTATION_CONTEXT(2) 
PARAMETRIC_REPRESENTATION_CONTEXT() REPRESENTATION_CONTEXT('2D SPACE',''
  ) );
#2146 = ORIENTED_EDGE('',*,*,#2147,.F.);
#2147 = EDGE_CURVE('',#2148,#2091,#2150,.T.);
#2148 = VERTEX_POINT('',#2149);
#2149 = CARTESIAN_POINT('',(27.891666013095,0.519720484716,1.5));
#2150 = SURFACE_CURVE('',#2151,(#2164,#2180),.PCURVE_S1.);
#2151 = B_SPLINE_CURVE_WITH_KNOTS('',6,(#2152,#2153,#2154,#2155,#2156,
    #2157,#2158,#2159,#2160,#2161,#2162,#2163),.UNSPECIFIED.,.F.,.F.,(7,
    5,7),(0.,0.855301389237,1.),.UNSPECIFIED.);
#2152 = CARTESIAN_POINT('',(27.891666013095,0.519720484716,1.5));
#2153 = CARTESIAN_POINT('',(28.06730400338,0.548049192826,1.5));
#2154 = CARTESIAN_POINT('',(28.236937409623,0.59112473738,1.5));
#2155 = CARTESIAN_POINT('',(28.397944145437,0.650987158184,1.5));
#2156 = CARTESIAN_POINT('',(28.547127276124,0.729430415398,1.5));
#2157 = CARTESIAN_POINT('',(28.681228769736,0.827258035828,1.5));
#2158 = CARTESIAN_POINT('',(28.817988194902,0.961863031692,1.5));
#2159 = CARTESIAN_POINT('',(28.837288384187,0.981836953101,1.5));
#2160 = CARTESIAN_POINT('',(28.856091208105,1.002299047096,1.5));
#2161 = CARTESIAN_POINT('',(28.87438954636,1.02323947471,1.5));
#2162 = CARTESIAN_POINT('',(28.892177814182,1.044647150926,1.5));
#2163 = CARTESIAN_POINT('',(28.909451962331,1.066509744678,1.5));
#2164 = PCURVE('',#44,#2165);
#2165 = DEFINITIONAL_REPRESENTATION('',(#2166),#2179);
#2166 = B_SPLINE_CURVE_WITH_KNOTS('',6,(#2167,#2168,#2169,#2170,#2171,
    #2172,#2173,#2174,#2175,#2176,#2177,#2178),.UNSPECIFIED.,.F.,.F.,(7,
    5,7),(0.,0.855301389237,1.),.UNSPECIFIED.);
#2167 = CARTESIAN_POINT('',(67.891666013095,15.519720484716));
#2168 = CARTESIAN_POINT('',(68.06730400338,15.548049192826));
#2169 = CARTESIAN_POINT('',(68.236937409623,15.59112473738));
#2170 = CARTESIAN_POINT('',(68.397944145437,15.650987158184));
#2171 = CARTESIAN_POINT('',(68.547127276124,15.729430415398));
#2172 = CARTESIAN_POINT('',(68.681228769736,15.827258035828));
#2173 = CARTESIAN_POINT('',(68.817988194902,15.961863031692));
#2174 = CARTESIAN_POINT('',(68.837288384187,15.981836953101));
#2175 = CARTESIAN_POINT('',(68.856091208105,16.002299047096));
#2176 = CARTESIAN_POINT('',(68.87438954636,16.02323947471));
#2177 = CARTESIAN_POINT('',(68.892177814182,16.044647150926));
#2178 = CARTESIAN_POINT('',(68.909451962331,16.066509744678));
#2179 = ( GEOMETRIC_REPRESENTATION_CONTEXT(2) 
PARAMETRIC_REPRESENTATION_CONTEXT() REPRESENTATION_CONTEXT('2D SPACE',''
  ) );
#2180 = PCURVE('',#2181,#2188);
#2181 = SURFACE_OF_LINEAR_EXTRUSION('',#2182,#2186);
#2182 = B_SPLINE_CURVE_WITH_KNOTS('',2,(#2183,#2184,#2185),
  .UNSPECIFIED.,.F.,.F.,(3,3),(0.,1.),.PIECEWISE_BEZIER_KNOTS.);
#2183 = CARTESIAN_POINT('',(28.909451962331,1.066509744678,1.45));
#2184 = CARTESIAN_POINT('',(28.562971639187,0.627995585699,1.45));
#2185 = CARTESIAN_POINT('',(27.891666013095,0.519720484716,1.45));
#2186 = VECTOR('',#2187,1.);
#2187 = DIRECTION('',(-0.,-0.,-1.));
#2188 = DEFINITIONAL_REPRESENTATION('',(#2189),#2202);
#2189 = B_SPLINE_CURVE_WITH_KNOTS('',6,(#2190,#2191,#2192,#2193,#2194,
    #2195,#2196,#2197,#2198,#2199,#2200,#2201),.UNSPECIFIED.,.F.,.F.,(7,
    5,7),(0.,0.855301389237,1.),.UNSPECIFIED.);
#2190 = CARTESIAN_POINT('',(1.,-5.E-02));
#2191 = CARTESIAN_POINT('',(0.869181797785,-5.E-02));
#2192 = CARTESIAN_POINT('',(0.732899184145,-5.E-02));
#2193 = CARTESIAN_POINT('',(0.591547816913,-5.E-02));
#2194 = CARTESIAN_POINT('',(0.44604848111,-5.E-02));
#2195 = CARTESIAN_POINT('',(0.297987483979,-5.E-02));
#2196 = CARTESIAN_POINT('',(0.124963698631,-5.E-02));
#2197 = CARTESIAN_POINT('',(9.992745366256E-02,-5.E-02));
#2198 = CARTESIAN_POINT('',(7.490226261739E-02,-5.E-02));
#2199 = CARTESIAN_POINT('',(4.989892380214E-02,-5.E-02));
#2200 = CARTESIAN_POINT('',(2.49280363058E-02,-5.E-02));
#2201 = CARTESIAN_POINT('',(0.,-5.E-02));
#2202 = ( GEOMETRIC_REPRESENTATION_CONTEXT(2) 
PARAMETRIC_REPRESENTATION_CONTEXT() REPRESENTATION_CONTEXT('2D SPACE',''
  ) );
#2203 = ORIENTED_EDGE('',*,*,#2204,.F.);
#2204 = EDGE_CURVE('',#2205,#2148,#2207,.T.);
#2205 = VERTEX_POINT('',#2206);
#2206 = CARTESIAN_POINT('',(29.144950306968,-0.203015814342,1.5));
#2207 = SURFACE_CURVE('',#2208,(#2226,#2247),.PCURVE_S1.);
#2208 = B_SPLINE_CURVE_WITH_KNOTS('',6,(#2209,#2210,#2211,#2212,#2213,
    #2214,#2215,#2216,#2217,#2218,#2219,#2220,#2221,#2222,#2223,#2224,
    #2225),.UNSPECIFIED.,.F.,.F.,(7,5,5,7),(0.,0.163742196172,
    0.461370855803,1.),.UNSPECIFIED.);
#2209 = CARTESIAN_POINT('',(29.144950306968,-0.203015814342,1.5));
#2210 = CARTESIAN_POINT('',(29.119876890762,-0.172167914404,1.5));
#2211 = CARTESIAN_POINT('',(29.09407099793,-0.141967803437,1.5));
#2212 = CARTESIAN_POINT('',(29.067539776213,-0.112436421939,1.5));
#2213 = CARTESIAN_POINT('',(29.040293023492,-8.359259757948E-02,1.5));
#2214 = CARTESIAN_POINT('',(29.01234318779,-5.545304519717E-02,1.5));
#2215 = CARTESIAN_POINT('',(28.931651368143,2.18092741963E-02,1.5));
#2216 = CARTESIAN_POINT('',(28.877322419303,6.92778098698E-02,1.5));
#2217 = CARTESIAN_POINT('',(28.820811905242,0.114283020396,1.5));
#2218 = CARTESIAN_POINT('',(28.762234211958,0.156769473007,1.5));
#2219 = CARTESIAN_POINT('',(28.701721243062,0.196712264161,1.5));
#2220 = CARTESIAN_POINT('',(28.526668240285,0.301797768951,1.5));
#2221 = CARTESIAN_POINT('',(28.408049680988,0.361160833061,1.5));
#2222 = CARTESIAN_POINT('',(28.284414207359,0.412215670091,1.5));
#2223 = CARTESIAN_POINT('',(28.15663778075,0.455321703415,1.5));
#2224 = CARTESIAN_POINT('',(28.025506720576,0.4909761717,1.5));
#2225 = CARTESIAN_POINT('',(27.891666013095,0.519720484716,1.5));
#2226 = PCURVE('',#44,#2227);
#2227 = DEFINITIONAL_REPRESENTATION('',(#2228),#2246);
#2228 = B_SPLINE_CURVE_WITH_KNOTS('',6,(#2229,#2230,#2231,#2232,#2233,
    #2234,#2235,#2236,#2237,#2238,#2239,#2240,#2241,#2242,#2243,#2244,
    #2245),.UNSPECIFIED.,.F.,.F.,(7,5,5,7),(0.,0.163742196172,
    0.461370855803,1.),.UNSPECIFIED.);
#2229 = CARTESIAN_POINT('',(69.144950306968,14.796984185658));
#2230 = CARTESIAN_POINT('',(69.119876890762,14.827832085596));
#2231 = CARTESIAN_POINT('',(69.09407099793,14.858032196563));
#2232 = CARTESIAN_POINT('',(69.067539776213,14.887563578061));
#2233 = CARTESIAN_POINT('',(69.040293023492,14.916407402421));
#2234 = CARTESIAN_POINT('',(69.01234318779,14.944546954803));
#2235 = CARTESIAN_POINT('',(68.931651368143,15.021809274196));
#2236 = CARTESIAN_POINT('',(68.877322419303,15.06927780987));
#2237 = CARTESIAN_POINT('',(68.820811905242,15.114283020396));
#2238 = CARTESIAN_POINT('',(68.762234211958,15.156769473007));
#2239 = CARTESIAN_POINT('',(68.701721243062,15.196712264161));
#2240 = CARTESIAN_POINT('',(68.526668240285,15.301797768951));
#2241 = CARTESIAN_POINT('',(68.408049680988,15.361160833061));
#2242 = CARTESIAN_POINT('',(68.284414207359,15.412215670091));
#2243 = CARTESIAN_POINT('',(68.15663778075,15.455321703415));
#2244 = CARTESIAN_POINT('',(68.025506720576,15.4909761717));
#2245 = CARTESIAN_POINT('',(67.891666013095,15.519720484716));
#2246 = ( GEOMETRIC_REPRESENTATION_CONTEXT(2) 
PARAMETRIC_REPRESENTATION_CONTEXT() REPRESENTATION_CONTEXT('2D SPACE',''
  ) );
#2247 = PCURVE('',#2248,#2255);
#2248 = SURFACE_OF_LINEAR_EXTRUSION('',#2249,#2253);
#2249 = B_SPLINE_CURVE_WITH_KNOTS('',2,(#2250,#2251,#2252),
  .UNSPECIFIED.,.F.,.F.,(3,3),(0.,1.),.PIECEWISE_BEZIER_KNOTS.);
#2250 = CARTESIAN_POINT('',(27.891666013095,0.519720484716,1.45));
#2251 = CARTESIAN_POINT('',(28.698315515415,0.346480323144,1.45));
#2252 = CARTESIAN_POINT('',(29.144950306968,-0.203015814342,1.45));
#2253 = VECTOR('',#2254,1.);
#2254 = DIRECTION('',(-0.,-0.,-1.));
#2255 = DEFINITIONAL_REPRESENTATION('',(#2256),#2274);
#2256 = B_SPLINE_CURVE_WITH_KNOTS('',6,(#2257,#2258,#2259,#2260,#2261,
    #2262,#2263,#2264,#2265,#2266,#2267,#2268,#2269,#2270,#2271,#2272,
    #2273),.UNSPECIFIED.,.F.,.F.,(7,5,5,7),(0.,0.163742196172,
    0.461370855803,1.),.UNSPECIFIED.);
#2257 = CARTESIAN_POINT('',(1.,-5.E-02));
#2258 = CARTESIAN_POINT('',(0.971930739969,-5.E-02));
#2259 = CARTESIAN_POINT('',(0.943803557058,-5.E-02));
#2260 = CARTESIAN_POINT('',(0.915632429058,-5.E-02));
#2261 = CARTESIAN_POINT('',(0.88743165693,-5.E-02));
#2262 = CARTESIAN_POINT('',(0.859215864809,-5.E-02));
#2263 = CARTESIAN_POINT('',(0.77971297552,-5.E-02));
#2264 = CARTESIAN_POINT('',(0.728423750022,-5.E-02));
#2265 = CARTESIAN_POINT('',(0.677224727752,-5.E-02));
#2266 = CARTESIAN_POINT('',(0.626201996728,-5.E-02));
#2267 = CARTESIAN_POINT('',(0.57543563218,-5.E-02));
#2268 = CARTESIAN_POINT('',(0.433724847157,-5.E-02));
#2269 = CARTESIAN_POINT('',(0.343526840407,-5.E-02));
#2270 = CARTESIAN_POINT('',(0.254836777426,-5.E-02));
#2271 = CARTESIAN_POINT('',(0.167928231984,-5.E-02));
#2272 = CARTESIAN_POINT('',(8.2960881458E-02,-5.E-02));
#2273 = CARTESIAN_POINT('',(0.,-5.E-02));
#2274 = ( GEOMETRIC_REPRESENTATION_CONTEXT(2) 
PARAMETRIC_REPRESENTATION_CONTEXT() REPRESENTATION_CONTEXT('2D SPACE',''
  ) );
#2275 = ORIENTED_EDGE('',*,*,#2276,.F.);
#2276 = EDGE_CURVE('',#2277,#2205,#2279,.T.);
#2277 = VERTEX_POINT('',#2278);
#2278 = CARTESIAN_POINT('',(29.591585098521,-1.575402719296,1.5));
#2279 = SURFACE_CURVE('',#2280,(#2298,#2319),.PCURVE_S1.);
#2280 = B_SPLINE_CURVE_WITH_KNOTS('',6,(#2281,#2282,#2283,#2284,#2285,
    #2286,#2287,#2288,#2289,#2290,#2291,#2292,#2293,#2294,#2295,#2296,
    #2297),.UNSPECIFIED.,.F.,.F.,(7,5,5,7),(0.,0.524607145984,
    0.82543622845,1.),.UNSPECIFIED.);
#2281 = CARTESIAN_POINT('',(29.591585098521,-1.575402719296,1.5));
#2282 = CARTESIAN_POINT('',(29.591585098521,-1.442356179041,1.5));
#2283 = CARTESIAN_POINT('',(29.584579852988,-1.310454111574,1.5));
#2284 = CARTESIAN_POINT('',(29.569948305002,-1.180180930977,1.5));
#2285 = CARTESIAN_POINT('',(29.547083184747,-1.052155554233,1.5));
#2286 = CARTESIAN_POINT('',(29.515483870364,-0.927103688418,1.5));
#2287 = CARTESIAN_POINT('',(29.451721135194,-0.73623595472,1.5));
#2288 = CARTESIAN_POINT('',(29.425547141822,-0.667903419349,1.5));
#2289 = CARTESIAN_POINT('',(29.396401894116,-0.60094836857,1.5));
#2290 = CARTESIAN_POINT('',(29.36428002321,-0.535511028236,1.5));
#2291 = CARTESIAN_POINT('',(29.329211670297,-0.471720576339,1.5));
#2292 = CARTESIAN_POINT('',(29.269250000713,-0.373698979306,1.5));
#2293 = CARTESIAN_POINT('',(29.246263340706,-0.338298104798,1.5));
#2294 = CARTESIAN_POINT('',(29.222321402312,-0.303511689057,1.5));
#2295 = CARTESIAN_POINT('',(29.197441117425,-0.269358807655,1.5));
#2296 = CARTESIAN_POINT('',(29.171642832183,-0.235855709001,1.5));
#2297 = CARTESIAN_POINT('',(29.144950306968,-0.203015814342,1.5));
#2298 = PCURVE('',#44,#2299);
#2299 = DEFINITIONAL_REPRESENTATION('',(#2300),#2318);
#2300 = B_SPLINE_CURVE_WITH_KNOTS('',6,(#2301,#2302,#2303,#2304,#2305,
    #2306,#2307,#2308,#2309,#2310,#2311,#2312,#2313,#2314,#2315,#2316,
    #2317),.UNSPECIFIED.,.F.,.F.,(7,5,5,7),(0.,0.524607145984,
    0.82543622845,1.),.UNSPECIFIED.);
#2301 = CARTESIAN_POINT('',(69.591585098521,13.424597280704));
#2302 = CARTESIAN_POINT('',(69.591585098521,13.557643820959));
#2303 = CARTESIAN_POINT('',(69.584579852988,13.689545888426));
#2304 = CARTESIAN_POINT('',(69.569948305002,13.819819069023));
#2305 = CARTESIAN_POINT('',(69.547083184747,13.947844445767));
#2306 = CARTESIAN_POINT('',(69.515483870364,14.072896311582));
#2307 = CARTESIAN_POINT('',(69.451721135194,14.26376404528));
#2308 = CARTESIAN_POINT('',(69.425547141822,14.332096580651));
#2309 = CARTESIAN_POINT('',(69.396401894116,14.39905163143));
#2310 = CARTESIAN_POINT('',(69.36428002321,14.464488971764));
#2311 = CARTESIAN_POINT('',(69.329211670297,14.528279423661));
#2312 = CARTESIAN_POINT('',(69.269250000713,14.626301020694));
#2313 = CARTESIAN_POINT('',(69.246263340706,14.661701895202));
#2314 = CARTESIAN_POINT('',(69.222321402312,14.696488310943));
#2315 = CARTESIAN_POINT('',(69.197441117425,14.730641192345));
#2316 = CARTESIAN_POINT('',(69.171642832183,14.764144290999));
#2317 = CARTESIAN_POINT('',(69.144950306968,14.796984185658));
#2318 = ( GEOMETRIC_REPRESENTATION_CONTEXT(2) 
PARAMETRIC_REPRESENTATION_CONTEXT() REPRESENTATION_CONTEXT('2D SPACE',''
  ) );
#2319 = PCURVE('',#2320,#2327);
#2320 = SURFACE_OF_LINEAR_EXTRUSION('',#2321,#2325);
#2321 = B_SPLINE_CURVE_WITH_KNOTS('',2,(#2322,#2323,#2324),
  .UNSPECIFIED.,.F.,.F.,(3,3),(0.,1.),.PIECEWISE_BEZIER_KNOTS.);
#2322 = CARTESIAN_POINT('',(29.144950306968,-0.203015814342,1.45));
#2323 = CARTESIAN_POINT('',(29.591585098521,-0.752511951828,1.45));
#2324 = CARTESIAN_POINT('',(29.591585098521,-1.575402719296,1.45));
#2325 = VECTOR('',#2326,1.);
#2326 = DIRECTION('',(-0.,-0.,-1.));
#2327 = DEFINITIONAL_REPRESENTATION('',(#2328),#2346);
#2328 = B_SPLINE_CURVE_WITH_KNOTS('',6,(#2329,#2330,#2331,#2332,#2333,
    #2334,#2335,#2336,#2337,#2338,#2339,#2340,#2341,#2342,#2343,#2344,
    #2345),.UNSPECIFIED.,.F.,.F.,(7,5,5,7),(0.,0.524607145984,
    0.82543622845,1.),.UNSPECIFIED.);
#2329 = CARTESIAN_POINT('',(1.,-5.E-02));
#2330 = CARTESIAN_POINT('',(0.919159051532,-5.E-02));
#2331 = CARTESIAN_POINT('',(0.836408015649,-5.E-02));
#2332 = CARTESIAN_POINT('',(0.751810237311,-5.E-02));
#2333 = CARTESIAN_POINT('',(0.665515915218,-5.E-02));
#2334 = CARTESIAN_POINT('',(0.577779801176,-5.E-02));
#2335 = CARTESIAN_POINT('',(0.438090388239,-5.E-02));
#2336 = CARTESIAN_POINT('',(0.386835595224,-5.E-02));
#2337 = CARTESIAN_POINT('',(0.335312672325,-5.E-02));
#2338 = CARTESIAN_POINT('',(0.283604825882,-5.E-02));
#2339 = CARTESIAN_POINT('',(0.231801756775,-5.E-02));
#2340 = CARTESIAN_POINT('',(0.149940705329,-5.E-02));
#2341 = CARTESIAN_POINT('',(0.119881128378,-5.E-02));
#2342 = CARTESIAN_POINT('',(8.983960522194E-02,-5.E-02));
#2343 = CARTESIAN_POINT('',(5.983402398487E-02,-5.E-02));
#2344 = CARTESIAN_POINT('',(2.988182483778E-02,-5.E-02));
#2345 = CARTESIAN_POINT('',(0.,-5.E-02));
#2346 = ( GEOMETRIC_REPRESENTATION_CONTEXT(2) 
PARAMETRIC_REPRESENTATION_CONTEXT() REPRESENTATION_CONTEXT('2D SPACE',''
  ) );
#2347 = ORIENTED_EDGE('',*,*,#2348,.F.);
#2348 = EDGE_CURVE('',#2349,#2277,#2351,.T.);
#2349 = VERTEX_POINT('',#2350);
#2350 = CARTESIAN_POINT('',(28.85531441184,-3.248253029475,1.5));
#2351 = SURFACE_CURVE('',#2352,(#2371,#2393),.PCURVE_S1.);
#2352 = B_SPLINE_CURVE_WITH_KNOTS('',5,(#2353,#2354,#2355,#2356,#2357,
    #2358,#2359,#2360,#2361,#2362,#2363,#2364,#2365,#2366,#2367,#2368,
    #2369,#2370),.UNSPECIFIED.,.F.,.F.,(6,4,4,4,6),(0.,0.311247318864,
    0.597633476029,0.738662473922,1.),.UNSPECIFIED.);
#2353 = CARTESIAN_POINT('',(28.85531441184,-3.248253029475,1.5));
#2354 = CARTESIAN_POINT('',(28.947302672317,-3.17452714424,1.5));
#2355 = CARTESIAN_POINT('',(29.033710638033,-3.094710311379,1.5));
#2356 = CARTESIAN_POINT('',(29.113622229424,-3.008801359695,1.5));
#2357 = CARTESIAN_POINT('',(29.186247143347,-2.917050550967,1.5));
#2358 = CARTESIAN_POINT('',(29.310837063468,-2.730973996391,1.5));
#2359 = CARTESIAN_POINT('',(29.364005346344,-2.637414881653,1.5));
#2360 = CARTESIAN_POINT('',(29.410282615574,-2.539987812575,1.5));
#2361 = CARTESIAN_POINT('',(29.449686275717,-2.439327161819,1.5));
#2362 = CARTESIAN_POINT('',(29.49858633622,-2.285263019708,1.5));
#2363 = CARTESIAN_POINT('',(29.51311233087,-2.233801412765,1.5));
#2364 = CARTESIAN_POINT('',(29.526059835182,-2.181787918054,1.5));
#2365 = CARTESIAN_POINT('',(29.537469159758,-2.129292349891,1.5));
#2366 = CARTESIAN_POINT('',(29.565775361674,-1.978327355549,1.5));
#2367 = CARTESIAN_POINT('',(29.579048761818,-1.878843305792,1.5));
#2368 = CARTESIAN_POINT('',(29.587524941386,-1.778327611746,1.5));
#2369 = CARTESIAN_POINT('',(29.591585098521,-1.677104505312,1.5));
#2370 = CARTESIAN_POINT('',(29.591585098521,-1.575402719296,1.5));
#2371 = PCURVE('',#44,#2372);
#2372 = DEFINITIONAL_REPRESENTATION('',(#2373),#2392);
#2373 = B_SPLINE_CURVE_WITH_KNOTS('',5,(#2374,#2375,#2376,#2377,#2378,
    #2379,#2380,#2381,#2382,#2383,#2384,#2385,#2386,#2387,#2388,#2389,
    #2390,#2391),.UNSPECIFIED.,.F.,.F.,(6,4,4,4,6),(0.,0.311247318864,
    0.597633476029,0.738662473922,1.),.UNSPECIFIED.);
#2374 = CARTESIAN_POINT('',(68.85531441184,11.751746970525));
#2375 = CARTESIAN_POINT('',(68.947302672317,11.82547285576));
#2376 = CARTESIAN_POINT('',(69.033710638033,11.905289688621));
#2377 = CARTESIAN_POINT('',(69.113622229424,11.991198640305));
#2378 = CARTESIAN_POINT('',(69.186247143347,12.082949449033));
#2379 = CARTESIAN_POINT('',(69.310837063468,12.269026003609));
#2380 = CARTESIAN_POINT('',(69.364005346344,12.362585118347));
#2381 = CARTESIAN_POINT('',(69.410282615574,12.460012187425));
#2382 = CARTESIAN_POINT('',(69.449686275717,12.560672838181));
#2383 = CARTESIAN_POINT('',(69.49858633622,12.714736980292));
#2384 = CARTESIAN_POINT('',(69.51311233087,12.766198587235));
#2385 = CARTESIAN_POINT('',(69.526059835182,12.818212081946));
#2386 = CARTESIAN_POINT('',(69.537469159758,12.870707650109));
#2387 = CARTESIAN_POINT('',(69.565775361674,13.021672644451));
#2388 = CARTESIAN_POINT('',(69.579048761818,13.121156694208));
#2389 = CARTESIAN_POINT('',(69.587524941386,13.221672388254));
#2390 = CARTESIAN_POINT('',(69.591585098521,13.322895494688));
#2391 = CARTESIAN_POINT('',(69.591585098521,13.424597280704));
#2392 = ( GEOMETRIC_REPRESENTATION_CONTEXT(2) 
PARAMETRIC_REPRESENTATION_CONTEXT() REPRESENTATION_CONTEXT('2D SPACE',''
  ) );
#2393 = PCURVE('',#2394,#2401);
#2394 = SURFACE_OF_LINEAR_EXTRUSION('',#2395,#2399);
#2395 = B_SPLINE_CURVE_WITH_KNOTS('',2,(#2396,#2397,#2398),
  .UNSPECIFIED.,.F.,.F.,(3,3),(0.,1.),.PIECEWISE_BEZIER_KNOTS.);
#2396 = CARTESIAN_POINT('',(29.591585098521,-1.575402719296,1.45));
#2397 = CARTESIAN_POINT('',(29.591585098521,-2.658153729121,1.45));
#2398 = CARTESIAN_POINT('',(28.85531441184,-3.248253029475,1.45));
#2399 = VECTOR('',#2400,1.);
#2400 = DIRECTION('',(-0.,-0.,-1.));
#2401 = DEFINITIONAL_REPRESENTATION('',(#2402),#2421);
#2402 = B_SPLINE_CURVE_WITH_KNOTS('',5,(#2403,#2404,#2405,#2406,#2407,
    #2408,#2409,#2410,#2411,#2412,#2413,#2414,#2415,#2416,#2417,#2418,
    #2419,#2420),.UNSPECIFIED.,.F.,.F.,(6,4,4,4,6),(0.,0.311247318864,
    0.597633476029,0.738662473922,1.),.UNSPECIFIED.);
#2403 = CARTESIAN_POINT('',(1.,-5.E-02));
#2404 = CARTESIAN_POINT('',(0.937530950137,-5.E-02));
#2405 = CARTESIAN_POINT('',(0.87397343492,-5.E-02));
#2406 = CARTESIAN_POINT('',(0.80960997258,-5.E-02));
#2407 = CARTESIAN_POINT('',(0.744800326144,-5.E-02));
#2408 = CARTESIAN_POINT('',(0.62037565864,-5.E-02));
#2409 = CARTESIAN_POINT('',(0.560742857607,-5.E-02));
#2410 = CARTESIAN_POINT('',(0.501453138451,-5.E-02));
#2411 = CARTESIAN_POINT('',(0.442794068192,-5.E-02));
#2412 = CARTESIAN_POINT('',(0.356539687526,-5.E-02));
#2413 = CARTESIAN_POINT('',(0.328287021054,-5.E-02));
#2414 = CARTESIAN_POINT('',(0.30026723729,-5.E-02));
#2415 = CARTESIAN_POINT('',(0.272500119997,-5.E-02));
#2416 = CARTESIAN_POINT('',(0.194040173055,-5.E-02));
#2417 = CARTESIAN_POINT('',(0.14399842059,-5.E-02));
#2418 = CARTESIAN_POINT('',(9.496255989274E-02,-5.E-02));
#2419 = CARTESIAN_POINT('',(4.696453066938E-02,-5.E-02));
#2420 = CARTESIAN_POINT('',(0.,-5.E-02));
#2421 = ( GEOMETRIC_REPRESENTATION_CONTEXT(2) 
PARAMETRIC_REPRESENTATION_CONTEXT() REPRESENTATION_CONTEXT('2D SPACE',''
  ) );
#2422 = ORIENTED_EDGE('',*,*,#2423,.F.);
#2423 = EDGE_CURVE('',#2424,#2349,#2426,.T.);
#2424 = VERTEX_POINT('',#2425);
#2425 = CARTESIAN_POINT('',(26.760191207828,-3.83835232983,1.5));
#2426 = SURFACE_CURVE('',#2427,(#2446,#2468),.PCURVE_S1.);
#2427 = B_SPLINE_CURVE_WITH_KNOTS('',5,(#2428,#2429,#2430,#2431,#2432,
    #2433,#2434,#2435,#2436,#2437,#2438,#2439,#2440,#2441,#2442,#2443,
    #2444,#2445),.UNSPECIFIED.,.F.,.F.,(6,4,4,4,6),(0.,0.277502105219,
    0.529143894456,0.771218270105,1.),.UNSPECIFIED.);
#2428 = CARTESIAN_POINT('',(26.760191207828,-3.83835232983,1.5));
#2429 = CARTESIAN_POINT('',(26.887046966611,-3.83835232983,1.5));
#2430 = CARTESIAN_POINT('',(27.013495018925,-3.835138168889,1.5));
#2431 = CARTESIAN_POINT('',(27.139398326523,-3.828407101845,1.5));
#2432 = CARTESIAN_POINT('',(27.264547033629,-3.817806053642,1.5));
#2433 = CARTESIAN_POINT('',(27.501204002824,-3.789443327905,1.5));
#2434 = CARTESIAN_POINT('',(27.612890926389,-3.772441673041,1.5));
#2435 = CARTESIAN_POINT('',(27.723509086198,-3.751627613351,1.5));
#2436 = CARTESIAN_POINT('',(27.832761447264,-3.726670675029,1.5));
#2437 = CARTESIAN_POINT('',(28.04370399019,-3.668942394894,1.5));
#2438 = CARTESIAN_POINT('',(28.145520506218,-3.636505001795,1.5));
#2439 = CARTESIAN_POINT('',(28.245391164411,-3.599650935734,1.5));
#2440 = CARTESIAN_POINT('',(28.342889253261,-3.558108507866,1.5));
#2441 = CARTESIAN_POINT('',(28.526997809254,-3.467861485036,1.5));
#2442 = CARTESIAN_POINT('',(28.61391506897,-3.419674130306,1.5));
#2443 = CARTESIAN_POINT('',(28.697883691021,-3.367015727149,1.5));
#2444 = CARTESIAN_POINT('',(28.778477133292,-3.309835848312,1.5));
#2445 = CARTESIAN_POINT('',(28.85531441184,-3.248253029475,1.5));
#2446 = PCURVE('',#44,#2447);
#2447 = DEFINITIONAL_REPRESENTATION('',(#2448),#2467);
#2448 = B_SPLINE_CURVE_WITH_KNOTS('',5,(#2449,#2450,#2451,#2452,#2453,
    #2454,#2455,#2456,#2457,#2458,#2459,#2460,#2461,#2462,#2463,#2464,
    #2465,#2466),.UNSPECIFIED.,.F.,.F.,(6,4,4,4,6),(0.,0.277502105219,
    0.529143894456,0.771218270105,1.),.UNSPECIFIED.);
#2449 = CARTESIAN_POINT('',(66.760191207828,11.16164767017));
#2450 = CARTESIAN_POINT('',(66.887046966611,11.16164767017));
#2451 = CARTESIAN_POINT('',(67.013495018925,11.164861831111));
#2452 = CARTESIAN_POINT('',(67.139398326523,11.171592898155));
#2453 = CARTESIAN_POINT('',(67.264547033629,11.182193946358));
#2454 = CARTESIAN_POINT('',(67.501204002824,11.210556672095));
#2455 = CARTESIAN_POINT('',(67.612890926389,11.227558326959));
#2456 = CARTESIAN_POINT('',(67.723509086198,11.248372386649));
#2457 = CARTESIAN_POINT('',(67.832761447264,11.273329324971));
#2458 = CARTESIAN_POINT('',(68.04370399019,11.331057605106));
#2459 = CARTESIAN_POINT('',(68.145520506218,11.363494998205));
#2460 = CARTESIAN_POINT('',(68.245391164411,11.400349064266));
#2461 = CARTESIAN_POINT('',(68.342889253261,11.441891492134));
#2462 = CARTESIAN_POINT('',(68.526997809254,11.532138514964));
#2463 = CARTESIAN_POINT('',(68.61391506897,11.580325869694));
#2464 = CARTESIAN_POINT('',(68.697883691021,11.632984272851));
#2465 = CARTESIAN_POINT('',(68.778477133292,11.690164151688));
#2466 = CARTESIAN_POINT('',(68.85531441184,11.751746970525));
#2467 = ( GEOMETRIC_REPRESENTATION_CONTEXT(2) 
PARAMETRIC_REPRESENTATION_CONTEXT() REPRESENTATION_CONTEXT('2D SPACE',''
  ) );
#2468 = PCURVE('',#2469,#2476);
#2469 = SURFACE_OF_LINEAR_EXTRUSION('',#2470,#2474);
#2470 = B_SPLINE_CURVE_WITH_KNOTS('',2,(#2471,#2472,#2473),
  .UNSPECIFIED.,.F.,.F.,(3,3),(0.,1.),.PIECEWISE_BEZIER_KNOTS.);
#2471 = CARTESIAN_POINT('',(28.85531441184,-3.248253029475,1.45));
#2472 = CARTESIAN_POINT('',(28.119043725159,-3.83835232983,1.45));
#2473 = CARTESIAN_POINT('',(26.760191207828,-3.83835232983,1.45));
#2474 = VECTOR('',#2475,1.);
#2475 = DIRECTION('',(-0.,-0.,-1.));
#2476 = DEFINITIONAL_REPRESENTATION('',(#2477),#2496);
#2477 = B_SPLINE_CURVE_WITH_KNOTS('',5,(#2478,#2479,#2480,#2481,#2482,
    #2483,#2484,#2485,#2486,#2487,#2488,#2489,#2490,#2491,#2492,#2493,
    #2494,#2495),.UNSPECIFIED.,.F.,.F.,(6,4,4,4,6),(0.,0.277502105219,
    0.529143894456,0.771218270105,1.),.UNSPECIFIED.);
#2478 = CARTESIAN_POINT('',(1.,-5.E-02));
#2479 = CARTESIAN_POINT('',(0.953322469817,-5.E-02));
#2480 = CARTESIAN_POINT('',(0.905547182253,-5.E-02));
#2481 = CARTESIAN_POINT('',(0.856607032238,-5.E-02));
#2482 = CARTESIAN_POINT('',(0.806442169787,-5.E-02));
#2483 = CARTESIAN_POINT('',(0.708351706514,-5.E-02));
#2484 = CARTESIAN_POINT('',(0.660655415825,-5.E-02));
#2485 = CARTESIAN_POINT('',(0.611872363262,-5.E-02));
#2486 = CARTESIAN_POINT('',(0.561983551165,-5.E-02));
#2487 = CARTESIAN_POINT('',(0.461954841983,-5.E-02));
#2488 = CARTESIAN_POINT('',(0.41189810221,-5.E-02));
#2489 = CARTESIAN_POINT('',(0.360842749744,-5.E-02));
#2490 = CARTESIAN_POINT('',(0.308840323409,-5.E-02));
#2491 = CARTESIAN_POINT('',(0.206061213356,-5.E-02));
#2492 = CARTESIAN_POINT('',(0.1553724419,-5.E-02));
#2493 = CARTESIAN_POINT('',(0.104032928919,-5.E-02));
#2494 = CARTESIAN_POINT('',(5.218004732353E-02,-5.E-02));
#2495 = CARTESIAN_POINT('',(0.,-5.E-02));
#2496 = ( GEOMETRIC_REPRESENTATION_CONTEXT(2) 
PARAMETRIC_REPRESENTATION_CONTEXT() REPRESENTATION_CONTEXT('2D SPACE',''
  ) );
#2497 = ORIENTED_EDGE('',*,*,#2498,.F.);
#2498 = EDGE_CURVE('',#1889,#2424,#2499,.T.);
#2499 = SURFACE_CURVE('',#2500,(#2504,#2510),.PCURVE_S1.);
#2500 = LINE('',#2501,#2502);
#2501 = CARTESIAN_POINT('',(-6.619904396086,-3.83835232983,1.5));
#2502 = VECTOR('',#2503,1.);
#2503 = DIRECTION('',(1.,0.,-0.));
#2504 = PCURVE('',#44,#2505);
#2505 = DEFINITIONAL_REPRESENTATION('',(#2506),#2509);
#2506 = B_SPLINE_CURVE_WITH_KNOTS('',1,(#2507,#2508),.UNSPECIFIED.,.F.,
  .F.,(2,2),(30.478322897583,33.380095603914),.PIECEWISE_BEZIER_KNOTS.);
#2507 = CARTESIAN_POINT('',(63.858418501497,11.16164767017));
#2508 = CARTESIAN_POINT('',(66.760191207828,11.16164767017));
#2509 = ( GEOMETRIC_REPRESENTATION_CONTEXT(2) 
PARAMETRIC_REPRESENTATION_CONTEXT() REPRESENTATION_CONTEXT('2D SPACE',''
  ) );
#2510 = PCURVE('',#2511,#2516);
#2511 = PLANE('',#2512);
#2512 = AXIS2_PLACEMENT_3D('',#2513,#2514,#2515);
#2513 = CARTESIAN_POINT('',(26.760191207828,-3.83835232983,1.45));
#2514 = DIRECTION('',(0.,-1.,0.));
#2515 = DIRECTION('',(-1.,0.,0.));
#2516 = DEFINITIONAL_REPRESENTATION('',(#2517),#2520);
#2517 = B_SPLINE_CURVE_WITH_KNOTS('',1,(#2518,#2519),.UNSPECIFIED.,.F.,
  .F.,(2,2),(30.478322897583,33.380095603914),.PIECEWISE_BEZIER_KNOTS.);
#2518 = CARTESIAN_POINT('',(2.901772706331,-5.E-02));
#2519 = CARTESIAN_POINT('',(0.,-5.E-02));
#2520 = ( GEOMETRIC_REPRESENTATION_CONTEXT(2) 
PARAMETRIC_REPRESENTATION_CONTEXT() REPRESENTATION_CONTEXT('2D SPACE',''
  ) );
#2521 = FACE_BOUND('',#2522,.T.);
#2522 = EDGE_LOOP('',(#2523));
#2523 = ORIENTED_EDGE('',*,*,#2524,.T.);
#2524 = EDGE_CURVE('',#2525,#2525,#2527,.T.);
#2525 = VERTEX_POINT('',#2526);
#2526 = CARTESIAN_POINT('',(30.4,-3.918869757272E-16,1.5));
#2527 = SURFACE_CURVE('',#2528,(#2533,#2544),.PCURVE_S1.);
#2528 = CIRCLE('',#2529,1.6);
#2529 = AXIS2_PLACEMENT_3D('',#2530,#2531,#2532);
#2530 = CARTESIAN_POINT('',(32.,0.,1.5));
#2531 = DIRECTION('',(0.,0.,-1.));
#2532 = DIRECTION('',(-1.,0.,0.));
#2533 = PCURVE('',#44,#2534);
#2534 = DEFINITIONAL_REPRESENTATION('',(#2535),#2543);
#2535 = ( BOUNDED_CURVE() B_SPLINE_CURVE(2,(#2536,#2537,#2538,#2539,
#2540,#2541,#2542),.UNSPECIFIED.,.T.,.F.) B_SPLINE_CURVE_WITH_KNOTS((1,2
    ,2,2,2,1),(-2.094395102393,0.,2.094395102393,4.188790204786,
6.28318530718,8.377580409573),.UNSPECIFIED.) CURVE() 
GEOMETRIC_REPRESENTATION_ITEM() RATIONAL_B_SPLINE_CURVE((1.,0.5,1.,0.5,
1.,0.5,1.)) REPRESENTATION_ITEM('') );
#2536 = CARTESIAN_POINT('',(70.4,15.));
#2537 = CARTESIAN_POINT('',(70.4,17.77128129211));
#2538 = CARTESIAN_POINT('',(72.8,16.385640646055));
#2539 = CARTESIAN_POINT('',(75.2,15.));
#2540 = CARTESIAN_POINT('',(72.8,13.614359353945));
#2541 = CARTESIAN_POINT('',(70.4,12.22871870789));
#2542 = CARTESIAN_POINT('',(70.4,15.));
#2543 = ( GEOMETRIC_REPRESENTATION_CONTEXT(2) 
PARAMETRIC_REPRESENTATION_CONTEXT() REPRESENTATION_CONTEXT('2D SPACE',''
  ) );
#2544 = PCURVE('',#2545,#2550);
#2545 = CYLINDRICAL_SURFACE('',#2546,1.6);
#2546 = AXIS2_PLACEMENT_3D('',#2547,#2548,#2549);
#2547 = CARTESIAN_POINT('',(32.,0.,2.7));
#2548 = DIRECTION('',(0.,0.,-1.));
#2549 = DIRECTION('',(-1.,0.,0.));
#2550 = DEFINITIONAL_REPRESENTATION('',(#2551),#2555);
#2551 = LINE('',#2552,#2553);
#2552 = CARTESIAN_POINT('',(0.,1.2));
#2553 = VECTOR('',#2554,1.);
#2554 = DIRECTION('',(1.,0.));
#2555 = ( GEOMETRIC_REPRESENTATION_CONTEXT(2) 
PARAMETRIC_REPRESENTATION_CONTEXT() REPRESENTATION_CONTEXT('2D SPACE',''
  ) );
#2556 = FACE_BOUND('',#2557,.T.);
#2557 = EDGE_LOOP('',(#2558,#2586,#2612,#2638,#2664,#2690,#2716,#2742));
#2558 = ORIENTED_EDGE('',*,*,#2559,.F.);
#2559 = EDGE_CURVE('',#2560,#2562,#2564,.T.);
#2560 = VERTEX_POINT('',#2561);
#2561 = CARTESIAN_POINT('',(-17.63801395005,4.244383958515,1.5));
#2562 = VERTEX_POINT('',#2563);
#2563 = CARTESIAN_POINT('',(-20.72385432805,-3.83835232983,1.5));
#2564 = SURFACE_CURVE('',#2565,(#2569,#2575),.PCURVE_S1.);
#2565 = LINE('',#2566,#2567);
#2566 = CARTESIAN_POINT('',(-23.8095646364,-11.92074792696,1.5));
#2567 = VECTOR('',#2568,1.);
#2568 = DIRECTION('',(-0.356671776907,-0.934229759512,0.));
#2569 = PCURVE('',#44,#2570);
#2570 = DEFINITIONAL_REPRESENTATION('',(#2571),#2574);
#2571 = B_SPLINE_CURVE_WITH_KNOTS('',1,(#2572,#2573),.UNSPECIFIED.,.F.,
  .F.,(2,2),(-17.30316522342,-8.651400273695),.PIECEWISE_BEZIER_KNOTS.);
#2572 = CARTESIAN_POINT('',(22.361986049949,19.244383958515));
#2573 = CARTESIAN_POINT('',(19.276145671947,11.16164767017));
#2574 = ( GEOMETRIC_REPRESENTATION_CONTEXT(2) 
PARAMETRIC_REPRESENTATION_CONTEXT() REPRESENTATION_CONTEXT('2D SPACE',''
  ) );
#2575 = PCURVE('',#2576,#2581);
#2576 = PLANE('',#2577);
#2577 = AXIS2_PLACEMENT_3D('',#2578,#2579,#2580);
#2578 = CARTESIAN_POINT('',(-20.72385432805,-3.83835232983,1.45));
#2579 = DIRECTION('',(-0.934229759512,0.356671776907,0.));
#2580 = DIRECTION('',(0.356671776907,0.934229759512,0.));
#2581 = DEFINITIONAL_REPRESENTATION('',(#2582),#2585);
#2582 = B_SPLINE_CURVE_WITH_KNOTS('',1,(#2583,#2584),.UNSPECIFIED.,.F.,
  .F.,(2,2),(-17.30316522342,-8.651400273695),.PIECEWISE_BEZIER_KNOTS.);
#2583 = CARTESIAN_POINT('',(8.651764949733,-5.E-02));
#2584 = CARTESIAN_POINT('',(0.,-5.E-02));
#2585 = ( GEOMETRIC_REPRESENTATION_CONTEXT(2) 
PARAMETRIC_REPRESENTATION_CONTEXT() REPRESENTATION_CONTEXT('2D SPACE',''
  ) );
#2586 = ORIENTED_EDGE('',*,*,#2587,.F.);
#2587 = EDGE_CURVE('',#2588,#2560,#2590,.T.);
#2588 = VERTEX_POINT('',#2589);
#2589 = CARTESIAN_POINT('',(-16.3982640438,4.244383958515,1.5));
#2590 = SURFACE_CURVE('',#2591,(#2595,#2601),.PCURVE_S1.);
#2591 = LINE('',#2592,#2593);
#2592 = CARTESIAN_POINT('',(-28.81900697502,4.244383958515,1.5));
#2593 = VECTOR('',#2594,1.);
#2594 = DIRECTION('',(-1.,0.,0.));
#2595 = PCURVE('',#44,#2596);
#2596 = DEFINITIONAL_REPRESENTATION('',(#2597),#2600);
#2597 = B_SPLINE_CURVE_WITH_KNOTS('',1,(#2598,#2599),.UNSPECIFIED.,.F.,
  .F.,(2,2),(-12.42074293122,-11.18099302497),.PIECEWISE_BEZIER_KNOTS.);
#2598 = CARTESIAN_POINT('',(23.601735956198,19.244383958515));
#2599 = CARTESIAN_POINT('',(22.361986049949,19.244383958515));
#2600 = ( GEOMETRIC_REPRESENTATION_CONTEXT(2) 
PARAMETRIC_REPRESENTATION_CONTEXT() REPRESENTATION_CONTEXT('2D SPACE',''
  ) );
#2601 = PCURVE('',#2602,#2607);
#2602 = PLANE('',#2603);
#2603 = AXIS2_PLACEMENT_3D('',#2604,#2605,#2606);
#2604 = CARTESIAN_POINT('',(-17.63801395005,4.244383958515,1.45));
#2605 = DIRECTION('',(0.,1.,0.));
#2606 = DIRECTION('',(1.,0.,0.));
#2607 = DEFINITIONAL_REPRESENTATION('',(#2608),#2611);
#2608 = B_SPLINE_CURVE_WITH_KNOTS('',1,(#2609,#2610),.UNSPECIFIED.,.F.,
  .F.,(2,2),(-12.42074293122,-11.18099302497),.PIECEWISE_BEZIER_KNOTS.);
#2609 = CARTESIAN_POINT('',(1.23974990625,-5.E-02));
#2610 = CARTESIAN_POINT('',(0.,-5.E-02));
#2611 = ( GEOMETRIC_REPRESENTATION_CONTEXT(2) 
PARAMETRIC_REPRESENTATION_CONTEXT() REPRESENTATION_CONTEXT('2D SPACE',''
  ) );
#2612 = ORIENTED_EDGE('',*,*,#2613,.F.);
#2613 = EDGE_CURVE('',#2614,#2588,#2616,.T.);
#2614 = VERTEX_POINT('',#2615);
#2615 = CARTESIAN_POINT('',(-13.31783742084,-3.83835232983,1.5));
#2616 = SURFACE_CURVE('',#2617,(#2621,#2627),.PCURVE_S1.);
#2617 = LINE('',#2618,#2619);
#2618 = CARTESIAN_POINT('',(-14.69286691429,-0.230410267072,1.5));
#2619 = VECTOR('',#2620,1.);
#2620 = DIRECTION('',(-0.35612545751,0.934438151251,0.));
#2621 = PCURVE('',#44,#2622);
#2622 = DEFINITIONAL_REPRESENTATION('',(#2623),#2626);
#2623 = B_SPLINE_CURVE_WITH_KNOTS('',1,(#2624,#2625),.UNSPECIFIED.,.F.,
  .F.,(2,2),(-3.861081718386,4.788753776369),.PIECEWISE_BEZIER_KNOTS.);
#2624 = CARTESIAN_POINT('',(26.682162579151,11.16164767017));
#2625 = CARTESIAN_POINT('',(23.601735956198,19.244383958515));
#2626 = ( GEOMETRIC_REPRESENTATION_CONTEXT(2) 
PARAMETRIC_REPRESENTATION_CONTEXT() REPRESENTATION_CONTEXT('2D SPACE',''
  ) );
#2627 = PCURVE('',#2628,#2633);
#2628 = PLANE('',#2629);
#2629 = AXIS2_PLACEMENT_3D('',#2630,#2631,#2632);
#2630 = CARTESIAN_POINT('',(-16.3982640438,4.244383958515,1.45));
#2631 = DIRECTION('',(0.934438151251,0.35612545751,0.));
#2632 = DIRECTION('',(0.35612545751,-0.934438151251,0.));
#2633 = DEFINITIONAL_REPRESENTATION('',(#2634),#2637);
#2634 = B_SPLINE_CURVE_WITH_KNOTS('',1,(#2635,#2636),.UNSPECIFIED.,.F.,
  .F.,(2,2),(-3.861081718386,4.788753776369),.PIECEWISE_BEZIER_KNOTS.);
#2635 = CARTESIAN_POINT('',(8.649835494755,-5.E-02));
#2636 = CARTESIAN_POINT('',(0.,-5.E-02));
#2637 = ( GEOMETRIC_REPRESENTATION_CONTEXT(2) 
PARAMETRIC_REPRESENTATION_CONTEXT() REPRESENTATION_CONTEXT('2D SPACE',''
  ) );
#2638 = ORIENTED_EDGE('',*,*,#2639,.F.);
#2639 = EDGE_CURVE('',#2640,#2614,#2642,.T.);
#2640 = VERTEX_POINT('',#2641);
#2641 = CARTESIAN_POINT('',(-14.45472598116,-3.83835232983,1.5));
#2642 = SURFACE_CURVE('',#2643,(#2647,#2653),.PCURVE_S1.);
#2643 = LINE('',#2644,#2645);
#2644 = CARTESIAN_POINT('',(-26.65891871042,-3.83835232983,1.5));
#2645 = VECTOR('',#2646,1.);
#2646 = DIRECTION('',(1.,0.,-0.));
#2647 = PCURVE('',#44,#2648);
#2648 = DEFINITIONAL_REPRESENTATION('',(#2649),#2652);
#2649 = B_SPLINE_CURVE_WITH_KNOTS('',1,(#2650,#2651),.UNSPECIFIED.,.F.,
  .F.,(2,2),(12.204192729259,13.341081289575),.PIECEWISE_BEZIER_KNOTS.);
#2650 = CARTESIAN_POINT('',(25.545274018835,11.16164767017));
#2651 = CARTESIAN_POINT('',(26.682162579151,11.16164767017));
#2652 = ( GEOMETRIC_REPRESENTATION_CONTEXT(2) 
PARAMETRIC_REPRESENTATION_CONTEXT() REPRESENTATION_CONTEXT('2D SPACE',''
  ) );
#2653 = PCURVE('',#2654,#2659);
#2654 = PLANE('',#2655);
#2655 = AXIS2_PLACEMENT_3D('',#2656,#2657,#2658);
#2656 = CARTESIAN_POINT('',(-13.31783742084,-3.83835232983,1.45));
#2657 = DIRECTION('',(0.,-1.,0.));
#2658 = DIRECTION('',(-1.,0.,0.));
#2659 = DEFINITIONAL_REPRESENTATION('',(#2660),#2663);
#2660 = B_SPLINE_CURVE_WITH_KNOTS('',1,(#2661,#2662),.UNSPECIFIED.,.F.,
  .F.,(2,2),(12.204192729259,13.341081289575),.PIECEWISE_BEZIER_KNOTS.);
#2661 = CARTESIAN_POINT('',(1.136888560316,-5.E-02));
#2662 = CARTESIAN_POINT('',(0.,-5.E-02));
#2663 = ( GEOMETRIC_REPRESENTATION_CONTEXT(2) 
PARAMETRIC_REPRESENTATION_CONTEXT() REPRESENTATION_CONTEXT('2D SPACE',''
  ) );
#2664 = ORIENTED_EDGE('',*,*,#2665,.F.);
#2665 = EDGE_CURVE('',#2666,#2640,#2668,.T.);
#2666 = VERTEX_POINT('',#2667);
#2667 = CARTESIAN_POINT('',(-15.19099666784,-1.764884146015,1.5));
#2668 = SURFACE_CURVE('',#2669,(#2673,#2679),.PCURVE_S1.);
#2669 = LINE('',#2670,#2671);
#2670 = CARTESIAN_POINT('',(-14.12508795231,-4.766671190491,1.5));
#2671 = VECTOR('',#2672,1.);
#2672 = DIRECTION('',(0.334621317278,-0.942352680276,0.));
#2673 = PCURVE('',#44,#2674);
#2674 = DEFINITIONAL_REPRESENTATION('',(#2675),#2678);
#2675 = B_SPLINE_CURVE_WITH_KNOTS('',1,(#2676,#2677),.UNSPECIFIED.,.F.,
  .F.,(2,2),(-3.185417845469,-0.985107677933),.PIECEWISE_BEZIER_KNOTS.);
#2676 = CARTESIAN_POINT('',(24.809003332153,13.235115853985));
#2677 = CARTESIAN_POINT('',(25.545274018835,11.16164767017));
#2678 = ( GEOMETRIC_REPRESENTATION_CONTEXT(2) 
PARAMETRIC_REPRESENTATION_CONTEXT() REPRESENTATION_CONTEXT('2D SPACE',''
  ) );
#2679 = PCURVE('',#2680,#2685);
#2680 = PLANE('',#2681);
#2681 = AXIS2_PLACEMENT_3D('',#2682,#2683,#2684);
#2682 = CARTESIAN_POINT('',(-14.45472598116,-3.83835232983,1.45));
#2683 = DIRECTION('',(-0.942352680276,-0.334621317278,0.));
#2684 = DIRECTION('',(-0.334621317278,0.942352680276,0.));
#2685 = DEFINITIONAL_REPRESENTATION('',(#2686),#2689);
#2686 = B_SPLINE_CURVE_WITH_KNOTS('',1,(#2687,#2688),.UNSPECIFIED.,.F.,
  .F.,(2,2),(-3.185417845469,-0.985107677933),.PIECEWISE_BEZIER_KNOTS.);
#2687 = CARTESIAN_POINT('',(2.200310167535,-5.E-02));
#2688 = CARTESIAN_POINT('',(0.,-5.E-02));
#2689 = ( GEOMETRIC_REPRESENTATION_CONTEXT(2) 
PARAMETRIC_REPRESENTATION_CONTEXT() REPRESENTATION_CONTEXT('2D SPACE',''
  ) );
#2690 = ORIENTED_EDGE('',*,*,#2691,.F.);
#2691 = EDGE_CURVE('',#2692,#2666,#2694,.T.);
#2692 = VERTEX_POINT('',#2693);
#2693 = CARTESIAN_POINT('',(-18.8344538159,-1.764884146015,1.5));
#2694 = SURFACE_CURVE('',#2695,(#2699,#2705),.PCURVE_S1.);
#2695 = LINE('',#2696,#2697);
#2696 = CARTESIAN_POINT('',(-27.59549833392,-1.764884146015,1.5));
#2697 = VECTOR('',#2698,1.);
#2698 = DIRECTION('',(1.,0.,-0.));
#2699 = PCURVE('',#44,#2700);
#2700 = DEFINITIONAL_REPRESENTATION('',(#2701),#2704);
#2701 = B_SPLINE_CURVE_WITH_KNOTS('',1,(#2702,#2703),.UNSPECIFIED.,.F.,
  .F.,(2,2),(8.761044518015,12.404501666077),.PIECEWISE_BEZIER_KNOTS.);
#2702 = CARTESIAN_POINT('',(21.165546184092,13.235115853985));
#2703 = CARTESIAN_POINT('',(24.809003332153,13.235115853985));
#2704 = ( GEOMETRIC_REPRESENTATION_CONTEXT(2) 
PARAMETRIC_REPRESENTATION_CONTEXT() REPRESENTATION_CONTEXT('2D SPACE',''
  ) );
#2705 = PCURVE('',#2706,#2711);
#2706 = PLANE('',#2707);
#2707 = AXIS2_PLACEMENT_3D('',#2708,#2709,#2710);
#2708 = CARTESIAN_POINT('',(-15.19099666784,-1.764884146015,1.45));
#2709 = DIRECTION('',(0.,-1.,0.));
#2710 = DIRECTION('',(-1.,0.,0.));
#2711 = DEFINITIONAL_REPRESENTATION('',(#2712),#2715);
#2712 = B_SPLINE_CURVE_WITH_KNOTS('',1,(#2713,#2714),.UNSPECIFIED.,.F.,
  .F.,(2,2),(8.761044518015,12.404501666077),.PIECEWISE_BEZIER_KNOTS.);
#2713 = CARTESIAN_POINT('',(3.643457148062,-5.E-02));
#2714 = CARTESIAN_POINT('',(0.,-5.E-02));
#2715 = ( GEOMETRIC_REPRESENTATION_CONTEXT(2) 
PARAMETRIC_REPRESENTATION_CONTEXT() REPRESENTATION_CONTEXT('2D SPACE',''
  ) );
#2716 = ORIENTED_EDGE('',*,*,#2717,.F.);
#2717 = EDGE_CURVE('',#2718,#2692,#2720,.T.);
#2718 = VERTEX_POINT('',#2719);
#2719 = CARTESIAN_POINT('',(-19.57072450258,-3.83835232983,1.5));
#2720 = SURFACE_CURVE('',#2721,(#2725,#2731),.PCURVE_S1.);
#2721 = LINE('',#2722,#2723);
#2722 = CARTESIAN_POINT('',(-22.10614512209,-10.97854422151,1.5));
#2723 = VECTOR('',#2724,1.);
#2724 = DIRECTION('',(0.334621317278,0.942352680276,-0.));
#2725 = PCURVE('',#44,#2726);
#2726 = DEFINITIONAL_REPRESENTATION('',(#2727),#2730);
#2727 = B_SPLINE_CURVE_WITH_KNOTS('',1,(#2728,#2729),.UNSPECIFIED.,.F.,
  .F.,(2,2),(7.576984754362,9.777294921898),.PIECEWISE_BEZIER_KNOTS.);
#2728 = CARTESIAN_POINT('',(20.429275497411,11.16164767017));
#2729 = CARTESIAN_POINT('',(21.165546184092,13.235115853985));
#2730 = ( GEOMETRIC_REPRESENTATION_CONTEXT(2) 
PARAMETRIC_REPRESENTATION_CONTEXT() REPRESENTATION_CONTEXT('2D SPACE',''
  ) );
#2731 = PCURVE('',#2732,#2737);
#2732 = PLANE('',#2733);
#2733 = AXIS2_PLACEMENT_3D('',#2734,#2735,#2736);
#2734 = CARTESIAN_POINT('',(-18.8344538159,-1.764884146015,1.45));
#2735 = DIRECTION('',(0.942352680276,-0.334621317278,0.));
#2736 = DIRECTION('',(-0.334621317278,-0.942352680276,0.));
#2737 = DEFINITIONAL_REPRESENTATION('',(#2738),#2741);
#2738 = B_SPLINE_CURVE_WITH_KNOTS('',1,(#2739,#2740),.UNSPECIFIED.,.F.,
  .F.,(2,2),(7.576984754362,9.777294921898),.PIECEWISE_BEZIER_KNOTS.);
#2739 = CARTESIAN_POINT('',(2.200310167535,-5.E-02));
#2740 = CARTESIAN_POINT('',(0.,-5.E-02));
#2741 = ( GEOMETRIC_REPRESENTATION_CONTEXT(2) 
PARAMETRIC_REPRESENTATION_CONTEXT() REPRESENTATION_CONTEXT('2D SPACE',''
  ) );
#2742 = ORIENTED_EDGE('',*,*,#2743,.F.);
#2743 = EDGE_CURVE('',#2562,#2718,#2744,.T.);
#2744 = SURFACE_CURVE('',#2745,(#2749,#2755),.PCURVE_S1.);
#2745 = LINE('',#2746,#2747);
#2746 = CARTESIAN_POINT('',(-29.78536225129,-3.83835232983,1.5));
#2747 = VECTOR('',#2748,1.);
#2748 = DIRECTION('',(1.,0.,-0.));
#2749 = PCURVE('',#44,#2750);
#2750 = DEFINITIONAL_REPRESENTATION('',(#2751),#2754);
#2751 = B_SPLINE_CURVE_WITH_KNOTS('',1,(#2752,#2753),.UNSPECIFIED.,.F.,
  .F.,(2,2),(9.061507923242,10.214637748705),.PIECEWISE_BEZIER_KNOTS.);
#2752 = CARTESIAN_POINT('',(19.276145671947,11.16164767017));
#2753 = CARTESIAN_POINT('',(20.429275497411,11.16164767017));
#2754 = ( GEOMETRIC_REPRESENTATION_CONTEXT(2) 
PARAMETRIC_REPRESENTATION_CONTEXT() REPRESENTATION_CONTEXT('2D SPACE',''
  ) );
#2755 = PCURVE('',#2756,#2761);
#2756 = PLANE('',#2757);
#2757 = AXIS2_PLACEMENT_3D('',#2758,#2759,#2760);
#2758 = CARTESIAN_POINT('',(-19.57072450258,-3.83835232983,1.45));
#2759 = DIRECTION('',(0.,-1.,0.));
#2760 = DIRECTION('',(-1.,0.,0.));
#2761 = DEFINITIONAL_REPRESENTATION('',(#2762),#2765);
#2762 = B_SPLINE_CURVE_WITH_KNOTS('',1,(#2763,#2764),.UNSPECIFIED.,.F.,
  .F.,(2,2),(9.061507923242,10.214637748705),.PIECEWISE_BEZIER_KNOTS.);
#2763 = CARTESIAN_POINT('',(1.153129825464,-5.E-02));
#2764 = CARTESIAN_POINT('',(0.,-5.E-02));
#2765 = ( GEOMETRIC_REPRESENTATION_CONTEXT(2) 
PARAMETRIC_REPRESENTATION_CONTEXT() REPRESENTATION_CONTEXT('2D SPACE',''
  ) );
#2766 = FACE_BOUND('',#2767,.T.);
#2767 = EDGE_LOOP('',(#2768,#2796,#2822,#2848,#2874,#2900,#2926,#2952,
    #2978,#3004,#3030));
#2768 = ORIENTED_EDGE('',*,*,#2769,.F.);
#2769 = EDGE_CURVE('',#2770,#2772,#2774,.T.);
#2770 = VERTEX_POINT('',#2771);
#2771 = CARTESIAN_POINT('',(-12.13763882014,4.244383958515,1.5));
#2772 = VERTEX_POINT('',#2773);
#2773 = CARTESIAN_POINT('',(-12.13763882014,-3.83835232983,1.5));
#2774 = SURFACE_CURVE('',#2775,(#2779,#2785),.PCURVE_S1.);
#2775 = LINE('',#2776,#2777);
#2776 = CARTESIAN_POINT('',(-12.13763882014,-9.419176164915,1.5));
#2777 = VECTOR('',#2778,1.);
#2778 = DIRECTION('',(0.,-1.,0.));
#2779 = PCURVE('',#44,#2780);
#2780 = DEFINITIONAL_REPRESENTATION('',(#2781),#2784);
#2781 = B_SPLINE_CURVE_WITH_KNOTS('',1,(#2782,#2783),.UNSPECIFIED.,.F.,
  .F.,(2,2),(-13.66356012343,-5.580823835085),.PIECEWISE_BEZIER_KNOTS.);
#2782 = CARTESIAN_POINT('',(27.86236117986,19.244383958515));
#2783 = CARTESIAN_POINT('',(27.86236117986,11.16164767017));
#2784 = ( GEOMETRIC_REPRESENTATION_CONTEXT(2) 
PARAMETRIC_REPRESENTATION_CONTEXT() REPRESENTATION_CONTEXT('2D SPACE',''
  ) );
#2785 = PCURVE('',#2786,#2791);
#2786 = PLANE('',#2787);
#2787 = AXIS2_PLACEMENT_3D('',#2788,#2789,#2790);
#2788 = CARTESIAN_POINT('',(-12.13763882014,-3.83835232983,1.45));
#2789 = DIRECTION('',(-1.,0.,0.));
#2790 = DIRECTION('',(0.,1.,0.));
#2791 = DEFINITIONAL_REPRESENTATION('',(#2792),#2795);
#2792 = B_SPLINE_CURVE_WITH_KNOTS('',1,(#2793,#2794),.UNSPECIFIED.,.F.,
  .F.,(2,2),(-13.66356012343,-5.580823835085),.PIECEWISE_BEZIER_KNOTS.);
#2793 = CARTESIAN_POINT('',(8.082736288345,-5.E-02));
#2794 = CARTESIAN_POINT('',(0.,-5.E-02));
#2795 = ( GEOMETRIC_REPRESENTATION_CONTEXT(2) 
PARAMETRIC_REPRESENTATION_CONTEXT() REPRESENTATION_CONTEXT('2D SPACE',''
  ) );
#2796 = ORIENTED_EDGE('',*,*,#2797,.F.);
#2797 = EDGE_CURVE('',#2798,#2770,#2800,.T.);
#2798 = VERTEX_POINT('',#2799);
#2799 = CARTESIAN_POINT('',(-11.04406030021,4.244383958515,1.5));
#2800 = SURFACE_CURVE('',#2801,(#2805,#2811),.PCURVE_S1.);
#2801 = LINE('',#2802,#2803);
#2802 = CARTESIAN_POINT('',(-26.06881941007,4.244383958515,1.5));
#2803 = VECTOR('',#2804,1.);
#2804 = DIRECTION('',(-1.,0.,0.));
#2805 = PCURVE('',#44,#2806);
#2806 = DEFINITIONAL_REPRESENTATION('',(#2807),#2810);
#2807 = B_SPLINE_CURVE_WITH_KNOTS('',1,(#2808,#2809),.UNSPECIFIED.,.F.,
  .F.,(2,2),(-15.02475910985,-13.93118058993),.PIECEWISE_BEZIER_KNOTS.);
#2808 = CARTESIAN_POINT('',(28.955939699784,19.244383958515));
#2809 = CARTESIAN_POINT('',(27.86236117986,19.244383958515));
#2810 = ( GEOMETRIC_REPRESENTATION_CONTEXT(2) 
PARAMETRIC_REPRESENTATION_CONTEXT() REPRESENTATION_CONTEXT('2D SPACE',''
  ) );
#2811 = PCURVE('',#2812,#2817);
#2812 = PLANE('',#2813);
#2813 = AXIS2_PLACEMENT_3D('',#2814,#2815,#2816);
#2814 = CARTESIAN_POINT('',(-12.13763882014,4.244383958515,1.45));
#2815 = DIRECTION('',(0.,1.,0.));
#2816 = DIRECTION('',(1.,0.,0.));
#2817 = DEFINITIONAL_REPRESENTATION('',(#2818),#2821);
#2818 = B_SPLINE_CURVE_WITH_KNOTS('',1,(#2819,#2820),.UNSPECIFIED.,.F.,
  .F.,(2,2),(-15.02475910985,-13.93118058993),.PIECEWISE_BEZIER_KNOTS.);
#2819 = CARTESIAN_POINT('',(1.093578519923,-5.E-02));
#2820 = CARTESIAN_POINT('',(0.,-5.E-02));
#2821 = ( GEOMETRIC_REPRESENTATION_CONTEXT(2) 
PARAMETRIC_REPRESENTATION_CONTEXT() REPRESENTATION_CONTEXT('2D SPACE',''
  ) );
#2822 = ORIENTED_EDGE('',*,*,#2823,.F.);
#2823 = EDGE_CURVE('',#2824,#2798,#2826,.T.);
#2824 = VERTEX_POINT('',#2825);
#2825 = CARTESIAN_POINT('',(-11.04406030021,0.828304522516,1.5));
#2826 = SURFACE_CURVE('',#2827,(#2831,#2837),.PCURVE_S1.);
#2827 = LINE('',#2828,#2829);
#2828 = CARTESIAN_POINT('',(-11.04406030021,-5.377808020743,1.5));
#2829 = VECTOR('',#2830,1.);
#2830 = DIRECTION('',(0.,1.,0.));
#2831 = PCURVE('',#44,#2832);
#2832 = DEFINITIONAL_REPRESENTATION('',(#2833),#2836);
#2833 = B_SPLINE_CURVE_WITH_KNOTS('',1,(#2834,#2835),.UNSPECIFIED.,.F.,
  .F.,(2,2),(6.206112543259,9.622191979257),.PIECEWISE_BEZIER_KNOTS.);
#2834 = CARTESIAN_POINT('',(28.955939699784,15.828304522516));
#2835 = CARTESIAN_POINT('',(28.955939699784,19.244383958515));
#2836 = ( GEOMETRIC_REPRESENTATION_CONTEXT(2) 
PARAMETRIC_REPRESENTATION_CONTEXT() REPRESENTATION_CONTEXT('2D SPACE',''
  ) );
#2837 = PCURVE('',#2838,#2843);
#2838 = PLANE('',#2839);
#2839 = AXIS2_PLACEMENT_3D('',#2840,#2841,#2842);
#2840 = CARTESIAN_POINT('',(-11.04406030021,4.244383958515,1.45));
#2841 = DIRECTION('',(1.,0.,0.));
#2842 = DIRECTION('',(0.,-1.,0.));
#2843 = DEFINITIONAL_REPRESENTATION('',(#2844),#2847);
#2844 = B_SPLINE_CURVE_WITH_KNOTS('',1,(#2845,#2846),.UNSPECIFIED.,.F.,
  .F.,(2,2),(6.206112543259,9.622191979257),.PIECEWISE_BEZIER_KNOTS.);
#2845 = CARTESIAN_POINT('',(3.416079435998,-5.E-02));
#2846 = CARTESIAN_POINT('',(0.,-5.E-02));
#2847 = ( GEOMETRIC_REPRESENTATION_CONTEXT(2) 
PARAMETRIC_REPRESENTATION_CONTEXT() REPRESENTATION_CONTEXT('2D SPACE',''
  ) );
#2848 = ORIENTED_EDGE('',*,*,#2849,.F.);
#2849 = EDGE_CURVE('',#2850,#2824,#2852,.T.);
#2850 = VERTEX_POINT('',#2851);
#2851 = CARTESIAN_POINT('',(-7.416844417302,4.244383958515,1.5));
#2852 = SURFACE_CURVE('',#2853,(#2857,#2863),.PCURVE_S1.);
#2853 = LINE('',#2854,#2855);
#2854 = CARTESIAN_POINT('',(-22.66663154019,-10.11772898856,1.5));
#2855 = VECTOR('',#2856,1.);
#2856 = DIRECTION('',(-0.727976666667,-0.685601905473,0.));
#2857 = PCURVE('',#44,#2858);
#2858 = DEFINITIONAL_REPRESENTATION('',(#2859),#2862);
#2859 = B_SPLINE_CURVE_WITH_KNOTS('',1,(#2860,#2861),.UNSPECIFIED.,.F.,
  .F.,(2,2),(-20.94818120024,-15.96558210195),.PIECEWISE_BEZIER_KNOTS.);
#2860 = CARTESIAN_POINT('',(32.583155582698,19.244383958515));
#2861 = CARTESIAN_POINT('',(28.955939699784,15.828304522516));
#2862 = ( GEOMETRIC_REPRESENTATION_CONTEXT(2) 
PARAMETRIC_REPRESENTATION_CONTEXT() REPRESENTATION_CONTEXT('2D SPACE',''
  ) );
#2863 = PCURVE('',#2864,#2869);
#2864 = PLANE('',#2865);
#2865 = AXIS2_PLACEMENT_3D('',#2866,#2867,#2868);
#2866 = CARTESIAN_POINT('',(-11.04406030021,0.828304522516,1.45));
#2867 = DIRECTION('',(-0.685601905473,0.727976666667,0.));
#2868 = DIRECTION('',(0.727976666667,0.685601905473,0.));
#2869 = DEFINITIONAL_REPRESENTATION('',(#2870),#2873);
#2870 = B_SPLINE_CURVE_WITH_KNOTS('',1,(#2871,#2872),.UNSPECIFIED.,.F.,
  .F.,(2,2),(-20.94818120024,-15.96558210195),.PIECEWISE_BEZIER_KNOTS.);
#2871 = CARTESIAN_POINT('',(4.982599098294,-5.E-02));
#2872 = CARTESIAN_POINT('',(0.,-5.E-02));
#2873 = ( GEOMETRIC_REPRESENTATION_CONTEXT(2) 
PARAMETRIC_REPRESENTATION_CONTEXT() REPRESENTATION_CONTEXT('2D SPACE',''
  ) );
#2874 = ORIENTED_EDGE('',*,*,#2875,.F.);
#2875 = EDGE_CURVE('',#2876,#2850,#2878,.T.);
#2876 = VERTEX_POINT('',#2877);
#2877 = CARTESIAN_POINT('',(-6.009268104529,4.244383958515,1.5));
#2878 = SURFACE_CURVE('',#2879,(#2883,#2889),.PCURVE_S1.);
#2879 = LINE('',#2880,#2881);
#2880 = CARTESIAN_POINT('',(-23.70842220865,4.244383958515,1.5));
#2881 = VECTOR('',#2882,1.);
#2882 = DIRECTION('',(-1.,0.,0.));
#2883 = PCURVE('',#44,#2884);
#2884 = DEFINITIONAL_REPRESENTATION('',(#2885),#2888);
#2885 = B_SPLINE_CURVE_WITH_KNOTS('',1,(#2886,#2887),.UNSPECIFIED.,.F.,
  .F.,(2,2),(-17.69915410412,-16.29157779134),.PIECEWISE_BEZIER_KNOTS.);
#2886 = CARTESIAN_POINT('',(33.990731895471,19.244383958515));
#2887 = CARTESIAN_POINT('',(32.583155582698,19.244383958515));
#2888 = ( GEOMETRIC_REPRESENTATION_CONTEXT(2) 
PARAMETRIC_REPRESENTATION_CONTEXT() REPRESENTATION_CONTEXT('2D SPACE',''
  ) );
#2889 = PCURVE('',#2890,#2895);
#2890 = PLANE('',#2891);
#2891 = AXIS2_PLACEMENT_3D('',#2892,#2893,#2894);
#2892 = CARTESIAN_POINT('',(-7.416844417302,4.244383958515,1.45));
#2893 = DIRECTION('',(0.,1.,0.));
#2894 = DIRECTION('',(1.,0.,0.));
#2895 = DEFINITIONAL_REPRESENTATION('',(#2896),#2899);
#2896 = B_SPLINE_CURVE_WITH_KNOTS('',1,(#2897,#2898),.UNSPECIFIED.,.F.,
  .F.,(2,2),(-17.69915410412,-16.29157779134),.PIECEWISE_BEZIER_KNOTS.);
#2897 = CARTESIAN_POINT('',(1.407576312773,-5.E-02));
#2898 = CARTESIAN_POINT('',(0.,-5.E-02));
#2899 = ( GEOMETRIC_REPRESENTATION_CONTEXT(2) 
PARAMETRIC_REPRESENTATION_CONTEXT() REPRESENTATION_CONTEXT('2D SPACE',''
  ) );
#2900 = ORIENTED_EDGE('',*,*,#2901,.F.);
#2901 = EDGE_CURVE('',#2902,#2876,#2904,.T.);
#2902 = VERTEX_POINT('',#2903);
#2903 = CARTESIAN_POINT('',(-10.02086059593,0.476410444323,1.5));
#2904 = SURFACE_CURVE('',#2905,(#2909,#2915),.PCURVE_S1.);
#2905 = LINE('',#2906,#2907);
#2906 = CARTESIAN_POINT('',(-19.84031292862,-8.74671887221,1.5));
#2907 = VECTOR('',#2908,1.);
#2908 = DIRECTION('',(0.72889269516,0.684627956588,-0.));
#2909 = PCURVE('',#44,#2910);
#2910 = DEFINITIONAL_REPRESENTATION('',(#2911),#2914);
#2911 = B_SPLINE_CURVE_WITH_KNOTS('',1,(#2912,#2913),.UNSPECIFIED.,.F.,
  .F.,(2,2),(13.471739253096,18.975419723538),.PIECEWISE_BEZIER_KNOTS.);
#2912 = CARTESIAN_POINT('',(29.979139404068,15.476410444323));
#2913 = CARTESIAN_POINT('',(33.990731895471,19.244383958515));
#2914 = ( GEOMETRIC_REPRESENTATION_CONTEXT(2) 
PARAMETRIC_REPRESENTATION_CONTEXT() REPRESENTATION_CONTEXT('2D SPACE',''
  ) );
#2915 = PCURVE('',#2916,#2921);
#2916 = PLANE('',#2917);
#2917 = AXIS2_PLACEMENT_3D('',#2918,#2919,#2920);
#2918 = CARTESIAN_POINT('',(-6.009268104529,4.244383958515,1.45));
#2919 = DIRECTION('',(0.684627956588,-0.72889269516,0.));
#2920 = DIRECTION('',(-0.72889269516,-0.684627956588,0.));
#2921 = DEFINITIONAL_REPRESENTATION('',(#2922),#2925);
#2922 = B_SPLINE_CURVE_WITH_KNOTS('',1,(#2923,#2924),.UNSPECIFIED.,.F.,
  .F.,(2,2),(13.471739253096,18.975419723538),.PIECEWISE_BEZIER_KNOTS.);
#2923 = CARTESIAN_POINT('',(5.503680470442,-5.E-02));
#2924 = CARTESIAN_POINT('',(0.,-5.E-02));
#2925 = ( GEOMETRIC_REPRESENTATION_CONTEXT(2) 
PARAMETRIC_REPRESENTATION_CONTEXT() REPRESENTATION_CONTEXT('2D SPACE',''
  ) );
#2926 = ORIENTED_EDGE('',*,*,#2927,.F.);
#2927 = EDGE_CURVE('',#2928,#2902,#2930,.T.);
#2928 = VERTEX_POINT('',#2929);
#2929 = CARTESIAN_POINT('',(-5.722339086926,-3.83835232983,1.5));
#2930 = SURFACE_CURVE('',#2931,(#2935,#2941),.PCURVE_S1.);
#2931 = LINE('',#2932,#2933);
#2932 = CARTESIAN_POINT('',(-13.61830601893,4.087448230383,1.5));
#2933 = VECTOR('',#2934,1.);
#2934 = DIRECTION('',(-0.705772201328,0.708438846925,0.));
#2935 = PCURVE('',#44,#2936);
#2936 = DEFINITIONAL_REPRESENTATION('',(#2937),#2940);
#2937 = B_SPLINE_CURVE_WITH_KNOTS('',1,(#2938,#2939),.UNSPECIFIED.,.F.,
  .F.,(2,2),(-11.18769897305,-5.097176420708),.PIECEWISE_BEZIER_KNOTS.);
#2938 = CARTESIAN_POINT('',(34.277660913074,11.16164767017));
#2939 = CARTESIAN_POINT('',(29.979139404068,15.476410444323));
#2940 = ( GEOMETRIC_REPRESENTATION_CONTEXT(2) 
PARAMETRIC_REPRESENTATION_CONTEXT() REPRESENTATION_CONTEXT('2D SPACE',''
  ) );
#2941 = PCURVE('',#2942,#2947);
#2942 = PLANE('',#2943);
#2943 = AXIS2_PLACEMENT_3D('',#2944,#2945,#2946);
#2944 = CARTESIAN_POINT('',(-10.02086059593,0.476410444323,1.45));
#2945 = DIRECTION('',(0.708438846925,0.705772201328,0.));
#2946 = DIRECTION('',(0.705772201328,-0.708438846925,0.));
#2947 = DEFINITIONAL_REPRESENTATION('',(#2948),#2951);
#2948 = B_SPLINE_CURVE_WITH_KNOTS('',1,(#2949,#2950),.UNSPECIFIED.,.F.,
  .F.,(2,2),(-11.18769897305,-5.097176420708),.PIECEWISE_BEZIER_KNOTS.);
#2949 = CARTESIAN_POINT('',(6.090522552343,-5.E-02));
#2950 = CARTESIAN_POINT('',(0.,-5.E-02));
#2951 = ( GEOMETRIC_REPRESENTATION_CONTEXT(2) 
PARAMETRIC_REPRESENTATION_CONTEXT() REPRESENTATION_CONTEXT('2D SPACE',''
  ) );
#2952 = ORIENTED_EDGE('',*,*,#2953,.F.);
#2953 = EDGE_CURVE('',#2954,#2928,#2956,.T.);
#2954 = VERTEX_POINT('',#2955);
#2955 = CARTESIAN_POINT('',(-7.162397929993,-3.83835232983,1.5));
#2956 = SURFACE_CURVE('',#2957,(#2961,#2967),.PCURVE_S1.);
#2957 = LINE('',#2958,#2959);
#2958 = CARTESIAN_POINT('',(-22.86116954346,-3.83835232983,1.5));
#2959 = VECTOR('',#2960,1.);
#2960 = DIRECTION('',(1.,0.,-0.));
#2961 = PCURVE('',#44,#2962);
#2962 = DEFINITIONAL_REPRESENTATION('',(#2963),#2966);
#2963 = B_SPLINE_CURVE_WITH_KNOTS('',1,(#2964,#2965),.UNSPECIFIED.,.F.,
  .F.,(2,2),(15.69877161347,17.138830456537),.PIECEWISE_BEZIER_KNOTS.);
#2964 = CARTESIAN_POINT('',(32.837602070007,11.16164767017));
#2965 = CARTESIAN_POINT('',(34.277660913074,11.16164767017));
#2966 = ( GEOMETRIC_REPRESENTATION_CONTEXT(2) 
PARAMETRIC_REPRESENTATION_CONTEXT() REPRESENTATION_CONTEXT('2D SPACE',''
  ) );
#2967 = PCURVE('',#2968,#2973);
#2968 = PLANE('',#2969);
#2969 = AXIS2_PLACEMENT_3D('',#2970,#2971,#2972);
#2970 = CARTESIAN_POINT('',(-5.722339086926,-3.83835232983,1.45));
#2971 = DIRECTION('',(0.,-1.,0.));
#2972 = DIRECTION('',(-1.,0.,0.));
#2973 = DEFINITIONAL_REPRESENTATION('',(#2974),#2977);
#2974 = B_SPLINE_CURVE_WITH_KNOTS('',1,(#2975,#2976),.UNSPECIFIED.,.F.,
  .F.,(2,2),(15.69877161347,17.138830456537),.PIECEWISE_BEZIER_KNOTS.);
#2975 = CARTESIAN_POINT('',(1.440058843067,-5.E-02));
#2976 = CARTESIAN_POINT('',(0.,-5.E-02));
#2977 = ( GEOMETRIC_REPRESENTATION_CONTEXT(2) 
PARAMETRIC_REPRESENTATION_CONTEXT() REPRESENTATION_CONTEXT('2D SPACE',''
  ) );
#2978 = ORIENTED_EDGE('',*,*,#2979,.F.);
#2979 = EDGE_CURVE('',#2980,#2954,#2982,.T.);
#2980 = VERTEX_POINT('',#2981);
#2981 = CARTESIAN_POINT('',(-11.04406030021,5.413755049126E-02,1.5));
#2982 = SURFACE_CURVE('',#2983,(#2987,#2993),.PCURVE_S1.);
#2983 = LINE('',#2984,#2985);
#2984 = CARTESIAN_POINT('',(-12.55852998891,1.57283170136,1.5));
#2985 = VECTOR('',#2986,1.);
#2986 = DIRECTION('',(0.706121267943,-0.708090922805,0.));
#2987 = PCURVE('',#44,#2988);
#2988 = DEFINITIONAL_REPRESENTATION('',(#2989),#2992);
#2989 = B_SPLINE_CURVE_WITH_KNOTS('',1,(#2990,#2991),.UNSPECIFIED.,.F.,
  .F.,(2,2),(2.144772799591,7.641933905545),.PIECEWISE_BEZIER_KNOTS.);
#2990 = CARTESIAN_POINT('',(28.955939699784,15.054137550491));
#2991 = CARTESIAN_POINT('',(32.837602070007,11.16164767017));
#2992 = ( GEOMETRIC_REPRESENTATION_CONTEXT(2) 
PARAMETRIC_REPRESENTATION_CONTEXT() REPRESENTATION_CONTEXT('2D SPACE',''
  ) );
#2993 = PCURVE('',#2994,#2999);
#2994 = PLANE('',#2995);
#2995 = AXIS2_PLACEMENT_3D('',#2996,#2997,#2998);
#2996 = CARTESIAN_POINT('',(-7.162397929993,-3.83835232983,1.45));
#2997 = DIRECTION('',(-0.708090922805,-0.706121267943,0.));
#2998 = DIRECTION('',(-0.706121267943,0.708090922805,0.));
#2999 = DEFINITIONAL_REPRESENTATION('',(#3000),#3003);
#3000 = B_SPLINE_CURVE_WITH_KNOTS('',1,(#3001,#3002),.UNSPECIFIED.,.F.,
  .F.,(2,2),(2.144772799591,7.641933905545),.PIECEWISE_BEZIER_KNOTS.);
#3001 = CARTESIAN_POINT('',(5.497161105954,-5.E-02));
#3002 = CARTESIAN_POINT('',(0.,-5.E-02));
#3003 = ( GEOMETRIC_REPRESENTATION_CONTEXT(2) 
PARAMETRIC_REPRESENTATION_CONTEXT() REPRESENTATION_CONTEXT('2D SPACE',''
  ) );
#3004 = ORIENTED_EDGE('',*,*,#3005,.F.);
#3005 = EDGE_CURVE('',#3006,#2980,#3008,.T.);
#3006 = VERTEX_POINT('',#3007);
#3007 = CARTESIAN_POINT('',(-11.04406030021,-3.83835232983,1.5));
#3008 = SURFACE_CURVE('',#3009,(#3013,#3019),.PCURVE_S1.);
#3009 = LINE('',#3010,#3011);
#3010 = CARTESIAN_POINT('',(-11.04406030021,-7.472931224754,1.5));
#3011 = VECTOR('',#3012,1.);
#3012 = DIRECTION('',(0.,1.,0.));
#3013 = PCURVE('',#44,#3014);
#3014 = DEFINITIONAL_REPRESENTATION('',(#3015),#3018);
#3015 = B_SPLINE_CURVE_WITH_KNOTS('',1,(#3016,#3017),.UNSPECIFIED.,.F.,
  .F.,(2,2),(3.634578894924,7.527068775246),.PIECEWISE_BEZIER_KNOTS.);
#3016 = CARTESIAN_POINT('',(28.955939699784,11.16164767017));
#3017 = CARTESIAN_POINT('',(28.955939699784,15.054137550491));
#3018 = ( GEOMETRIC_REPRESENTATION_CONTEXT(2) 
PARAMETRIC_REPRESENTATION_CONTEXT() REPRESENTATION_CONTEXT('2D SPACE',''
  ) );
#3019 = PCURVE('',#3020,#3025);
#3020 = PLANE('',#3021);
#3021 = AXIS2_PLACEMENT_3D('',#3022,#3023,#3024);
#3022 = CARTESIAN_POINT('',(-11.04406030021,5.413755049126E-02,1.45));
#3023 = DIRECTION('',(1.,0.,0.));
#3024 = DIRECTION('',(0.,-1.,0.));
#3025 = DEFINITIONAL_REPRESENTATION('',(#3026),#3029);
#3026 = B_SPLINE_CURVE_WITH_KNOTS('',1,(#3027,#3028),.UNSPECIFIED.,.F.,
  .F.,(2,2),(3.634578894924,7.527068775246),.PIECEWISE_BEZIER_KNOTS.);
#3027 = CARTESIAN_POINT('',(3.892489880321,-5.E-02));
#3028 = CARTESIAN_POINT('',(0.,-5.E-02));
#3029 = ( GEOMETRIC_REPRESENTATION_CONTEXT(2) 
PARAMETRIC_REPRESENTATION_CONTEXT() REPRESENTATION_CONTEXT('2D SPACE',''
  ) );
#3030 = ORIENTED_EDGE('',*,*,#3031,.F.);
#3031 = EDGE_CURVE('',#2772,#3006,#3032,.T.);
#3032 = SURFACE_CURVE('',#3033,(#3037,#3043),.PCURVE_S1.);
#3033 = LINE('',#3034,#3035);
#3034 = CARTESIAN_POINT('',(-25.5220301501,-3.83835232983,1.5));
#3035 = VECTOR('',#3036,1.);
#3036 = DIRECTION('',(1.,0.,-0.));
#3037 = PCURVE('',#44,#3038);
#3038 = DEFINITIONAL_REPRESENTATION('',(#3039),#3042);
#3039 = B_SPLINE_CURVE_WITH_KNOTS('',1,(#3040,#3041),.UNSPECIFIED.,.F.,
  .F.,(2,2),(13.384391329968,14.477969849892),.PIECEWISE_BEZIER_KNOTS.);
#3040 = CARTESIAN_POINT('',(27.86236117986,11.16164767017));
#3041 = CARTESIAN_POINT('',(28.955939699784,11.16164767017));
#3042 = ( GEOMETRIC_REPRESENTATION_CONTEXT(2) 
PARAMETRIC_REPRESENTATION_CONTEXT() REPRESENTATION_CONTEXT('2D SPACE',''
  ) );
#3043 = PCURVE('',#3044,#3049);
#3044 = PLANE('',#3045);
#3045 = AXIS2_PLACEMENT_3D('',#3046,#3047,#3048);
#3046 = CARTESIAN_POINT('',(-11.04406030021,-3.83835232983,1.45));
#3047 = DIRECTION('',(0.,-1.,0.));
#3048 = DIRECTION('',(-1.,0.,0.));
#3049 = DEFINITIONAL_REPRESENTATION('',(#3050),#3053);
#3050 = B_SPLINE_CURVE_WITH_KNOTS('',1,(#3051,#3052),.UNSPECIFIED.,.F.,
  .F.,(2,2),(13.384391329968,14.477969849892),.PIECEWISE_BEZIER_KNOTS.);
#3051 = CARTESIAN_POINT('',(1.093578519923,-5.E-02));
#3052 = CARTESIAN_POINT('',(0.,-5.E-02));
#3053 = ( GEOMETRIC_REPRESENTATION_CONTEXT(2) 
PARAMETRIC_REPRESENTATION_CONTEXT() REPRESENTATION_CONTEXT('2D SPACE',''
  ) );
#3054 = FACE_BOUND('',#3055,.T.);
#3055 = EDGE_LOOP('',(#3056,#3084,#3110,#3136,#3162,#3188,#3214,#3240));
#3056 = ORIENTED_EDGE('',*,*,#3057,.F.);
#3057 = EDGE_CURVE('',#3058,#3060,#3062,.T.);
#3058 = VERTEX_POINT('',#3059);
#3059 = CARTESIAN_POINT('',(18.358043371585,4.244383958515,1.5));
#3060 = VERTEX_POINT('',#3061);
#3061 = CARTESIAN_POINT('',(15.272202993583,-3.83835232983,1.5));
#3062 = SURFACE_CURVE('',#3063,(#3067,#3073),.PCURVE_S1.);
#3063 = LINE('',#3064,#3065);
#3064 = CARTESIAN_POINT('',(9.896877852712,-17.91793204091,1.5));
#3065 = VECTOR('',#3066,1.);
#3066 = DIRECTION('',(-0.356671776907,-0.934229759512,0.));
#3067 = PCURVE('',#44,#3068);
#3068 = DEFINITIONAL_REPRESENTATION('',(#3069),#3072);
#3069 = B_SPLINE_CURVE_WITH_KNOTS('',1,(#3070,#3071),.UNSPECIFIED.,.F.,
  .F.,(2,2),(-23.7225540867,-15.07078913697),.PIECEWISE_BEZIER_KNOTS.);
#3070 = CARTESIAN_POINT('',(58.358043371585,19.244383958515));
#3071 = CARTESIAN_POINT('',(55.272202993583,11.16164767017));
#3072 = ( GEOMETRIC_REPRESENTATION_CONTEXT(2) 
PARAMETRIC_REPRESENTATION_CONTEXT() REPRESENTATION_CONTEXT('2D SPACE',''
  ) );
#3073 = PCURVE('',#3074,#3079);
#3074 = PLANE('',#3075);
#3075 = AXIS2_PLACEMENT_3D('',#3076,#3077,#3078);
#3076 = CARTESIAN_POINT('',(15.272202993583,-3.83835232983,1.45));
#3077 = DIRECTION('',(-0.934229759512,0.356671776907,0.));
#3078 = DIRECTION('',(0.356671776907,0.934229759512,0.));
#3079 = DEFINITIONAL_REPRESENTATION('',(#3080),#3083);
#3080 = B_SPLINE_CURVE_WITH_KNOTS('',1,(#3081,#3082),.UNSPECIFIED.,.F.,
  .F.,(2,2),(-23.7225540867,-15.07078913697),.PIECEWISE_BEZIER_KNOTS.);
#3081 = CARTESIAN_POINT('',(8.651764949733,-5.E-02));
#3082 = CARTESIAN_POINT('',(0.,-5.E-02));
#3083 = ( GEOMETRIC_REPRESENTATION_CONTEXT(2) 
PARAMETRIC_REPRESENTATION_CONTEXT() REPRESENTATION_CONTEXT('2D SPACE',''
  ) );
#3084 = ORIENTED_EDGE('',*,*,#3085,.F.);
#3085 = EDGE_CURVE('',#3086,#3058,#3088,.T.);
#3086 = VERTEX_POINT('',#3087);
#3087 = CARTESIAN_POINT('',(19.597793277835,4.244383958515,1.5));
#3088 = SURFACE_CURVE('',#3089,(#3093,#3099),.PCURVE_S1.);
#3089 = LINE('',#3090,#3091);
#3090 = CARTESIAN_POINT('',(-10.8209783142,4.244383958515,1.5));
#3091 = VECTOR('',#3092,1.);
#3092 = DIRECTION('',(-1.,0.,0.));
#3093 = PCURVE('',#44,#3094);
#3094 = DEFINITIONAL_REPRESENTATION('',(#3095),#3098);
#3095 = B_SPLINE_CURVE_WITH_KNOTS('',1,(#3096,#3097),.UNSPECIFIED.,.F.,
  .F.,(2,2),(-30.41877159204,-29.17902168579),.PIECEWISE_BEZIER_KNOTS.);
#3096 = CARTESIAN_POINT('',(59.597793277835,19.244383958515));
#3097 = CARTESIAN_POINT('',(58.358043371585,19.244383958515));
#3098 = ( GEOMETRIC_REPRESENTATION_CONTEXT(2) 
PARAMETRIC_REPRESENTATION_CONTEXT() REPRESENTATION_CONTEXT('2D SPACE',''
  ) );
#3099 = PCURVE('',#3100,#3105);
#3100 = PLANE('',#3101);
#3101 = AXIS2_PLACEMENT_3D('',#3102,#3103,#3104);
#3102 = CARTESIAN_POINT('',(18.358043371585,4.244383958515,1.45));
#3103 = DIRECTION('',(0.,1.,0.));
#3104 = DIRECTION('',(1.,0.,0.));
#3105 = DEFINITIONAL_REPRESENTATION('',(#3106),#3109);
#3106 = B_SPLINE_CURVE_WITH_KNOTS('',1,(#3107,#3108),.UNSPECIFIED.,.F.,
  .F.,(2,2),(-30.41877159204,-29.17902168579),.PIECEWISE_BEZIER_KNOTS.);
#3107 = CARTESIAN_POINT('',(1.23974990625,-5.E-02));
#3108 = CARTESIAN_POINT('',(0.,-5.E-02));
#3109 = ( GEOMETRIC_REPRESENTATION_CONTEXT(2) 
PARAMETRIC_REPRESENTATION_CONTEXT() REPRESENTATION_CONTEXT('2D SPACE',''
  ) );
#3110 = ORIENTED_EDGE('',*,*,#3111,.F.);
#3111 = EDGE_CURVE('',#3112,#3086,#3114,.T.);
#3112 = VERTEX_POINT('',#3113);
#3113 = CARTESIAN_POINT('',(22.678219900787,-3.83835232983,1.5));
#3114 = SURFACE_CURVE('',#3115,(#3119,#3125),.PCURVE_S1.);
#3115 = LINE('',#3116,#3117);
#3116 = CARTESIAN_POINT('',(19.020584276354,5.758923570484,1.5));
#3117 = VECTOR('',#3118,1.);
#3118 = DIRECTION('',(-0.35612545751,0.934438151251,0.));
#3119 = PCURVE('',#44,#3120);
#3120 = DEFINITIONAL_REPRESENTATION('',(#3121),#3124);
#3121 = B_SPLINE_CURVE_WITH_KNOTS('',1,(#3122,#3123),.UNSPECIFIED.,.F.,
  .F.,(2,2),(-10.27063790949,-1.620802414736),.PIECEWISE_BEZIER_KNOTS.);
#3122 = CARTESIAN_POINT('',(62.678219900787,11.16164767017));
#3123 = CARTESIAN_POINT('',(59.597793277835,19.244383958515));
#3124 = ( GEOMETRIC_REPRESENTATION_CONTEXT(2) 
PARAMETRIC_REPRESENTATION_CONTEXT() REPRESENTATION_CONTEXT('2D SPACE',''
  ) );
#3125 = PCURVE('',#3126,#3131);
#3126 = PLANE('',#3127);
#3127 = AXIS2_PLACEMENT_3D('',#3128,#3129,#3130);
#3128 = CARTESIAN_POINT('',(19.597793277835,4.244383958515,1.45));
#3129 = DIRECTION('',(0.934438151251,0.35612545751,0.));
#3130 = DIRECTION('',(0.35612545751,-0.934438151251,0.));
#3131 = DEFINITIONAL_REPRESENTATION('',(#3132),#3135);
#3132 = B_SPLINE_CURVE_WITH_KNOTS('',1,(#3133,#3134),.UNSPECIFIED.,.F.,
  .F.,(2,2),(-10.27063790949,-1.620802414736),.PIECEWISE_BEZIER_KNOTS.);
#3133 = CARTESIAN_POINT('',(8.649835494755,-5.E-02));
#3134 = CARTESIAN_POINT('',(0.,-5.E-02));
#3135 = ( GEOMETRIC_REPRESENTATION_CONTEXT(2) 
PARAMETRIC_REPRESENTATION_CONTEXT() REPRESENTATION_CONTEXT('2D SPACE',''
  ) );
#3136 = ORIENTED_EDGE('',*,*,#3137,.F.);
#3137 = EDGE_CURVE('',#3138,#3112,#3140,.T.);
#3138 = VERTEX_POINT('',#3139);
#3139 = CARTESIAN_POINT('',(21.541331340471,-3.83835232983,1.5));
#3140 = SURFACE_CURVE('',#3141,(#3145,#3151),.PCURVE_S1.);
#3141 = LINE('',#3142,#3143);
#3142 = CARTESIAN_POINT('',(-8.660890049606,-3.83835232983,1.5));
#3143 = VECTOR('',#3144,1.);
#3144 = DIRECTION('',(1.,0.,-0.));
#3145 = PCURVE('',#44,#3146);
#3146 = DEFINITIONAL_REPRESENTATION('',(#3147),#3150);
#3147 = B_SPLINE_CURVE_WITH_KNOTS('',1,(#3148,#3149),.UNSPECIFIED.,.F.,
  .F.,(2,2),(30.202221390077,31.339109950394),.PIECEWISE_BEZIER_KNOTS.);
#3148 = CARTESIAN_POINT('',(61.541331340471,11.16164767017));
#3149 = CARTESIAN_POINT('',(62.678219900787,11.16164767017));
#3150 = ( GEOMETRIC_REPRESENTATION_CONTEXT(2) 
PARAMETRIC_REPRESENTATION_CONTEXT() REPRESENTATION_CONTEXT('2D SPACE',''
  ) );
#3151 = PCURVE('',#3152,#3157);
#3152 = PLANE('',#3153);
#3153 = AXIS2_PLACEMENT_3D('',#3154,#3155,#3156);
#3154 = CARTESIAN_POINT('',(22.678219900787,-3.83835232983,1.45));
#3155 = DIRECTION('',(0.,-1.,0.));
#3156 = DIRECTION('',(-1.,0.,0.));
#3157 = DEFINITIONAL_REPRESENTATION('',(#3158),#3161);
#3158 = B_SPLINE_CURVE_WITH_KNOTS('',1,(#3159,#3160),.UNSPECIFIED.,.F.,
  .F.,(2,2),(30.202221390077,31.339109950394),.PIECEWISE_BEZIER_KNOTS.);
#3159 = CARTESIAN_POINT('',(1.136888560316,-5.E-02));
#3160 = CARTESIAN_POINT('',(0.,-5.E-02));
#3161 = ( GEOMETRIC_REPRESENTATION_CONTEXT(2) 
PARAMETRIC_REPRESENTATION_CONTEXT() REPRESENTATION_CONTEXT('2D SPACE',''
  ) );
#3162 = ORIENTED_EDGE('',*,*,#3163,.F.);
#3163 = EDGE_CURVE('',#3164,#3138,#3166,.T.);
#3164 = VERTEX_POINT('',#3165);
#3165 = CARTESIAN_POINT('',(20.80506065379,-1.764884146015,1.5));
#3166 = SURFACE_CURVE('',#3167,(#3171,#3177),.PCURVE_S1.);
#3167 = LINE('',#3168,#3169);
#3168 = CARTESIAN_POINT('',(19.855704435396,0.908670498432,1.5));
#3169 = VECTOR('',#3170,1.);
#3170 = DIRECTION('',(0.334621317278,-0.942352680276,0.));
#3171 = PCURVE('',#44,#3172);
#3172 = DEFINITIONAL_REPRESENTATION('',(#3173),#3176);
#3173 = B_SPLINE_CURVE_WITH_KNOTS('',1,(#3174,#3175),.UNSPECIFIED.,.F.,
  .F.,(2,2),(2.837106213423,5.037416380959),.PIECEWISE_BEZIER_KNOTS.);
#3174 = CARTESIAN_POINT('',(60.80506065379,13.235115853985));
#3175 = CARTESIAN_POINT('',(61.541331340471,11.16164767017));
#3176 = ( GEOMETRIC_REPRESENTATION_CONTEXT(2) 
PARAMETRIC_REPRESENTATION_CONTEXT() REPRESENTATION_CONTEXT('2D SPACE',''
  ) );
#3177 = PCURVE('',#3178,#3183);
#3178 = PLANE('',#3179);
#3179 = AXIS2_PLACEMENT_3D('',#3180,#3181,#3182);
#3180 = CARTESIAN_POINT('',(21.541331340471,-3.83835232983,1.45));
#3181 = DIRECTION('',(-0.942352680276,-0.334621317278,0.));
#3182 = DIRECTION('',(-0.334621317278,0.942352680276,0.));
#3183 = DEFINITIONAL_REPRESENTATION('',(#3184),#3187);
#3184 = B_SPLINE_CURVE_WITH_KNOTS('',1,(#3185,#3186),.UNSPECIFIED.,.F.,
  .F.,(2,2),(2.837106213423,5.037416380959),.PIECEWISE_BEZIER_KNOTS.);
#3185 = CARTESIAN_POINT('',(2.200310167535,-5.E-02));
#3186 = CARTESIAN_POINT('',(0.,-5.E-02));
#3187 = ( GEOMETRIC_REPRESENTATION_CONTEXT(2) 
PARAMETRIC_REPRESENTATION_CONTEXT() REPRESENTATION_CONTEXT('2D SPACE',''
  ) );
#3188 = ORIENTED_EDGE('',*,*,#3189,.F.);
#3189 = EDGE_CURVE('',#3190,#3164,#3192,.T.);
#3190 = VERTEX_POINT('',#3191);
#3191 = CARTESIAN_POINT('',(17.161603505728,-1.764884146015,1.5));
#3192 = SURFACE_CURVE('',#3193,(#3197,#3203),.PCURVE_S1.);
#3193 = LINE('',#3194,#3195);
#3194 = CARTESIAN_POINT('',(-9.597469673105,-1.764884146015,1.5));
#3195 = VECTOR('',#3196,1.);
#3196 = DIRECTION('',(1.,0.,-0.));
#3197 = PCURVE('',#44,#3198);
#3198 = DEFINITIONAL_REPRESENTATION('',(#3199),#3202);
#3199 = B_SPLINE_CURVE_WITH_KNOTS('',1,(#3200,#3201),.UNSPECIFIED.,.F.,
  .F.,(2,2),(26.759073178833,30.402530326895),.PIECEWISE_BEZIER_KNOTS.);
#3200 = CARTESIAN_POINT('',(57.161603505728,13.235115853985));
#3201 = CARTESIAN_POINT('',(60.80506065379,13.235115853985));
#3202 = ( GEOMETRIC_REPRESENTATION_CONTEXT(2) 
PARAMETRIC_REPRESENTATION_CONTEXT() REPRESENTATION_CONTEXT('2D SPACE',''
  ) );
#3203 = PCURVE('',#3204,#3209);
#3204 = PLANE('',#3205);
#3205 = AXIS2_PLACEMENT_3D('',#3206,#3207,#3208);
#3206 = CARTESIAN_POINT('',(20.80506065379,-1.764884146015,1.45));
#3207 = DIRECTION('',(0.,-1.,0.));
#3208 = DIRECTION('',(-1.,0.,0.));
#3209 = DEFINITIONAL_REPRESENTATION('',(#3210),#3213);
#3210 = B_SPLINE_CURVE_WITH_KNOTS('',1,(#3211,#3212),.UNSPECIFIED.,.F.,
  .F.,(2,2),(26.759073178833,30.402530326895),.PIECEWISE_BEZIER_KNOTS.);
#3211 = CARTESIAN_POINT('',(3.643457148062,-5.E-02));
#3212 = CARTESIAN_POINT('',(0.,-5.E-02));
#3213 = ( GEOMETRIC_REPRESENTATION_CONTEXT(2) 
PARAMETRIC_REPRESENTATION_CONTEXT() REPRESENTATION_CONTEXT('2D SPACE',''
  ) );
#3214 = ORIENTED_EDGE('',*,*,#3215,.F.);
#3215 = EDGE_CURVE('',#3216,#3190,#3218,.T.);
#3216 = VERTEX_POINT('',#3217);
#3217 = CARTESIAN_POINT('',(16.425332819047,-3.83835232983,1.5));
#3218 = SURFACE_CURVE('',#3219,(#3223,#3229),.PCURVE_S1.);
#3219 = LINE('',#3220,#3221);
#3220 = CARTESIAN_POINT('',(11.874647265621,-16.65388591043,1.5));
#3221 = VECTOR('',#3222,1.);
#3222 = DIRECTION('',(0.334621317278,0.942352680276,-0.));
#3223 = PCURVE('',#44,#3224);
#3224 = DEFINITIONAL_REPRESENTATION('',(#3225),#3228);
#3225 = B_SPLINE_CURVE_WITH_KNOTS('',1,(#3226,#3227),.UNSPECIFIED.,.F.,
  .F.,(2,2),(13.599508813255,15.79981898079),.PIECEWISE_BEZIER_KNOTS.);
#3226 = CARTESIAN_POINT('',(56.425332819047,11.16164767017));
#3227 = CARTESIAN_POINT('',(57.161603505728,13.235115853985));
#3228 = ( GEOMETRIC_REPRESENTATION_CONTEXT(2) 
PARAMETRIC_REPRESENTATION_CONTEXT() REPRESENTATION_CONTEXT('2D SPACE',''
  ) );
#3229 = PCURVE('',#3230,#3235);
#3230 = PLANE('',#3231);
#3231 = AXIS2_PLACEMENT_3D('',#3232,#3233,#3234);
#3232 = CARTESIAN_POINT('',(17.161603505728,-1.764884146015,1.45));
#3233 = DIRECTION('',(0.942352680276,-0.334621317278,0.));
#3234 = DIRECTION('',(-0.334621317278,-0.942352680276,0.));
#3235 = DEFINITIONAL_REPRESENTATION('',(#3236),#3239);
#3236 = B_SPLINE_CURVE_WITH_KNOTS('',1,(#3237,#3238),.UNSPECIFIED.,.F.,
  .F.,(2,2),(13.599508813255,15.79981898079),.PIECEWISE_BEZIER_KNOTS.);
#3237 = CARTESIAN_POINT('',(2.200310167535,-5.E-02));
#3238 = CARTESIAN_POINT('',(0.,-5.E-02));
#3239 = ( GEOMETRIC_REPRESENTATION_CONTEXT(2) 
PARAMETRIC_REPRESENTATION_CONTEXT() REPRESENTATION_CONTEXT('2D SPACE',''
  ) );
#3240 = ORIENTED_EDGE('',*,*,#3241,.F.);
#3241 = EDGE_CURVE('',#3060,#3216,#3242,.T.);
#3242 = SURFACE_CURVE('',#3243,(#3247,#3253),.PCURVE_S1.);
#3243 = LINE('',#3244,#3245);
#3244 = CARTESIAN_POINT('',(-11.78733359047,-3.83835232983,1.5));
#3245 = VECTOR('',#3246,1.);
#3246 = DIRECTION('',(1.,0.,-0.));
#3247 = PCURVE('',#44,#3248);
#3248 = DEFINITIONAL_REPRESENTATION('',(#3249),#3252);
#3249 = B_SPLINE_CURVE_WITH_KNOTS('',1,(#3250,#3251),.UNSPECIFIED.,.F.,
  .F.,(2,2),(27.05953658406,28.212666409524),.PIECEWISE_BEZIER_KNOTS.);
#3250 = CARTESIAN_POINT('',(55.272202993583,11.16164767017));
#3251 = CARTESIAN_POINT('',(56.425332819047,11.16164767017));
#3252 = ( GEOMETRIC_REPRESENTATION_CONTEXT(2) 
PARAMETRIC_REPRESENTATION_CONTEXT() REPRESENTATION_CONTEXT('2D SPACE',''
  ) );
#3253 = PCURVE('',#3254,#3259);
#3254 = PLANE('',#3255);
#3255 = AXIS2_PLACEMENT_3D('',#3256,#3257,#3258);
#3256 = CARTESIAN_POINT('',(16.425332819047,-3.83835232983,1.45));
#3257 = DIRECTION('',(0.,-1.,0.));
#3258 = DIRECTION('',(-1.,0.,0.));
#3259 = DEFINITIONAL_REPRESENTATION('',(#3260),#3263);
#3260 = B_SPLINE_CURVE_WITH_KNOTS('',1,(#3261,#3262),.UNSPECIFIED.,.F.,
  .F.,(2,2),(27.05953658406,28.212666409524),.PIECEWISE_BEZIER_KNOTS.);
#3261 = CARTESIAN_POINT('',(1.153129825464,-5.E-02));
#3262 = CARTESIAN_POINT('',(0.,-5.E-02));
#3263 = ( GEOMETRIC_REPRESENTATION_CONTEXT(2) 
PARAMETRIC_REPRESENTATION_CONTEXT() REPRESENTATION_CONTEXT('2D SPACE',''
  ) );
#3264 = ADVANCED_FACE('',(#3265),#72,.T.);
#3265 = FACE_BOUND('',#3266,.T.);
#3266 = EDGE_LOOP('',(#3267,#3291,#3312,#3313));
#3267 = ORIENTED_EDGE('',*,*,#3268,.T.);
#3268 = EDGE_CURVE('',#57,#3269,#3271,.T.);
#3269 = VERTEX_POINT('',#3270);
#3270 = CARTESIAN_POINT('',(-38.,-15.,-1.5));
#3271 = SURFACE_CURVE('',#3272,(#3277,#3284),.PCURVE_S1.);
#3272 = CIRCLE('',#3273,2.);
#3273 = AXIS2_PLACEMENT_3D('',#3274,#3275,#3276);
#3274 = CARTESIAN_POINT('',(-38.,-13.,-1.5));
#3275 = DIRECTION('',(0.,0.,1.));
#3276 = DIRECTION('',(0.,-1.,0.));
#3277 = PCURVE('',#72,#3278);
#3278 = DEFINITIONAL_REPRESENTATION('',(#3279),#3283);
#3279 = LINE('',#3280,#3281);
#3280 = CARTESIAN_POINT('',(-4.712388980385,0.));
#3281 = VECTOR('',#3282,1.);
#3282 = DIRECTION('',(1.,0.));
#3283 = ( GEOMETRIC_REPRESENTATION_CONTEXT(2) 
PARAMETRIC_REPRESENTATION_CONTEXT() REPRESENTATION_CONTEXT('2D SPACE',''
  ) );
#3284 = PCURVE('',#100,#3285);
#3285 = DEFINITIONAL_REPRESENTATION('',(#3286),#3290);
#3286 = CIRCLE('',#3287,2.);
#3287 = AXIS2_PLACEMENT_2D('',#3288,#3289);
#3288 = CARTESIAN_POINT('',(2.,2.));
#3289 = DIRECTION('',(0.,-1.));
#3290 = ( GEOMETRIC_REPRESENTATION_CONTEXT(2) 
PARAMETRIC_REPRESENTATION_CONTEXT() REPRESENTATION_CONTEXT('2D SPACE',''
  ) );
#3291 = ORIENTED_EDGE('',*,*,#3292,.T.);
#3292 = EDGE_CURVE('',#3269,#143,#3293,.T.);
#3293 = SURFACE_CURVE('',#3294,(#3298,#3305),.PCURVE_S1.);
#3294 = LINE('',#3295,#3296);
#3295 = CARTESIAN_POINT('',(-38.,-15.,-1.5));
#3296 = VECTOR('',#3297,1.);
#3297 = DIRECTION('',(0.,0.,1.));
#3298 = PCURVE('',#72,#3299);
#3299 = DEFINITIONAL_REPRESENTATION('',(#3300),#3304);
#3300 = LINE('',#3301,#3302);
#3301 = CARTESIAN_POINT('',(1.570796326795,0.));
#3302 = VECTOR('',#3303,1.);
#3303 = DIRECTION('',(0.,1.));
#3304 = ( GEOMETRIC_REPRESENTATION_CONTEXT(2) 
PARAMETRIC_REPRESENTATION_CONTEXT() REPRESENTATION_CONTEXT('2D SPACE',''
  ) );
#3305 = PCURVE('',#182,#3306);
#3306 = DEFINITIONAL_REPRESENTATION('',(#3307),#3311);
#3307 = LINE('',#3308,#3309);
#3308 = CARTESIAN_POINT('',(0.,2.));
#3309 = VECTOR('',#3310,1.);
#3310 = DIRECTION('',(1.,0.));
#3311 = ( GEOMETRIC_REPRESENTATION_CONTEXT(2) 
PARAMETRIC_REPRESENTATION_CONTEXT() REPRESENTATION_CONTEXT('2D SPACE',''
  ) );
#3312 = ORIENTED_EDGE('',*,*,#142,.F.);
#3313 = ORIENTED_EDGE('',*,*,#56,.F.);
#3314 = ADVANCED_FACE('',(#3315),#126,.T.);
#3315 = FACE_BOUND('',#3316,.F.);
#3316 = EDGE_LOOP('',(#3317,#3345,#3366,#3367));
#3317 = ORIENTED_EDGE('',*,*,#3318,.T.);
#3318 = EDGE_CURVE('',#85,#3319,#3321,.T.);
#3319 = VERTEX_POINT('',#3320);
#3320 = CARTESIAN_POINT('',(-38.,15.,-1.5));
#3321 = SURFACE_CURVE('',#3322,(#3327,#3334),.PCURVE_S1.);
#3322 = CIRCLE('',#3323,2.);
#3323 = AXIS2_PLACEMENT_3D('',#3324,#3325,#3326);
#3324 = CARTESIAN_POINT('',(-38.,13.,-1.5));
#3325 = DIRECTION('',(-0.,-0.,-1.));
#3326 = DIRECTION('',(0.,-1.,0.));
#3327 = PCURVE('',#126,#3328);
#3328 = DEFINITIONAL_REPRESENTATION('',(#3329),#3333);
#3329 = LINE('',#3330,#3331);
#3330 = CARTESIAN_POINT('',(1.570796326795,-0.));
#3331 = VECTOR('',#3332,1.);
#3332 = DIRECTION('',(-1.,0.));
#3333 = ( GEOMETRIC_REPRESENTATION_CONTEXT(2) 
PARAMETRIC_REPRESENTATION_CONTEXT() REPRESENTATION_CONTEXT('2D SPACE',''
  ) );
#3334 = PCURVE('',#100,#3335);
#3335 = DEFINITIONAL_REPRESENTATION('',(#3336),#3344);
#3336 = ( BOUNDED_CURVE() B_SPLINE_CURVE(2,(#3337,#3338,#3339,#3340,
#3341,#3342,#3343),.UNSPECIFIED.,.T.,.F.) B_SPLINE_CURVE_WITH_KNOTS((1,2
    ,2,2,2,1),(-2.094395102393,0.,2.094395102393,4.188790204786,
6.28318530718,8.377580409573),.UNSPECIFIED.) CURVE() 
GEOMETRIC_REPRESENTATION_ITEM() RATIONAL_B_SPLINE_CURVE((1.,0.5,1.,0.5,
1.,0.5,1.)) REPRESENTATION_ITEM('') );
#3337 = CARTESIAN_POINT('',(2.,26.));
#3338 = CARTESIAN_POINT('',(-1.464101615138,26.));
#3339 = CARTESIAN_POINT('',(0.267949192431,29.));
#3340 = CARTESIAN_POINT('',(2.,32.));
#3341 = CARTESIAN_POINT('',(3.732050807569,29.));
#3342 = CARTESIAN_POINT('',(5.464101615138,26.));
#3343 = CARTESIAN_POINT('',(2.,26.));
#3344 = ( GEOMETRIC_REPRESENTATION_CONTEXT(2) 
PARAMETRIC_REPRESENTATION_CONTEXT() REPRESENTATION_CONTEXT('2D SPACE',''
  ) );
#3345 = ORIENTED_EDGE('',*,*,#3346,.T.);
#3346 = EDGE_CURVE('',#3319,#285,#3347,.T.);
#3347 = SURFACE_CURVE('',#3348,(#3352,#3359),.PCURVE_S1.);
#3348 = LINE('',#3349,#3350);
#3349 = CARTESIAN_POINT('',(-38.,15.,-1.5));
#3350 = VECTOR('',#3351,1.);
#3351 = DIRECTION('',(0.,0.,1.));
#3352 = PCURVE('',#126,#3353);
#3353 = DEFINITIONAL_REPRESENTATION('',(#3354),#3358);
#3354 = LINE('',#3355,#3356);
#3355 = CARTESIAN_POINT('',(-1.570796326795,0.));
#3356 = VECTOR('',#3357,1.);
#3357 = DIRECTION('',(-0.,1.));
#3358 = ( GEOMETRIC_REPRESENTATION_CONTEXT(2) 
PARAMETRIC_REPRESENTATION_CONTEXT() REPRESENTATION_CONTEXT('2D SPACE',''
  ) );
#3359 = PCURVE('',#300,#3360);
#3360 = DEFINITIONAL_REPRESENTATION('',(#3361),#3365);
#3361 = LINE('',#3362,#3363);
#3362 = CARTESIAN_POINT('',(0.,2.));
#3363 = VECTOR('',#3364,1.);
#3364 = DIRECTION('',(1.,0.));
#3365 = ( GEOMETRIC_REPRESENTATION_CONTEXT(2) 
PARAMETRIC_REPRESENTATION_CONTEXT() REPRESENTATION_CONTEXT('2D SPACE',''
  ) );
#3366 = ORIENTED_EDGE('',*,*,#312,.F.);
#3367 = ORIENTED_EDGE('',*,*,#112,.F.);
#3368 = ADVANCED_FACE('',(#3369,#3493,#3523),#100,.F.);
#3369 = FACE_BOUND('',#3370,.F.);
#3370 = EDGE_LOOP('',(#3371,#3372,#3373,#3396,#3424,#3447,#3471,#3492));
#3371 = ORIENTED_EDGE('',*,*,#84,.F.);
#3372 = ORIENTED_EDGE('',*,*,#3268,.T.);
#3373 = ORIENTED_EDGE('',*,*,#3374,.T.);
#3374 = EDGE_CURVE('',#3269,#3375,#3377,.T.);
#3375 = VERTEX_POINT('',#3376);
#3376 = CARTESIAN_POINT('',(38.,-15.,-1.5));
#3377 = SURFACE_CURVE('',#3378,(#3382,#3389),.PCURVE_S1.);
#3378 = LINE('',#3379,#3380);
#3379 = CARTESIAN_POINT('',(-40.,-15.,-1.5));
#3380 = VECTOR('',#3381,1.);
#3381 = DIRECTION('',(1.,0.,0.));
#3382 = PCURVE('',#100,#3383);
#3383 = DEFINITIONAL_REPRESENTATION('',(#3384),#3388);
#3384 = LINE('',#3385,#3386);
#3385 = CARTESIAN_POINT('',(0.,0.));
#3386 = VECTOR('',#3387,1.);
#3387 = DIRECTION('',(1.,0.));
#3388 = ( GEOMETRIC_REPRESENTATION_CONTEXT(2) 
PARAMETRIC_REPRESENTATION_CONTEXT() REPRESENTATION_CONTEXT('2D SPACE',''
  ) );
#3389 = PCURVE('',#182,#3390);
#3390 = DEFINITIONAL_REPRESENTATION('',(#3391),#3395);
#3391 = LINE('',#3392,#3393);
#3392 = CARTESIAN_POINT('',(0.,0.));
#3393 = VECTOR('',#3394,1.);
#3394 = DIRECTION('',(0.,1.));
#3395 = ( GEOMETRIC_REPRESENTATION_CONTEXT(2) 
PARAMETRIC_REPRESENTATION_CONTEXT() REPRESENTATION_CONTEXT('2D SPACE',''
  ) );
#3396 = ORIENTED_EDGE('',*,*,#3397,.F.);
#3397 = EDGE_CURVE('',#3398,#3375,#3400,.T.);
#3398 = VERTEX_POINT('',#3399);
#3399 = CARTESIAN_POINT('',(40.,-13.,-1.5));
#3400 = SURFACE_CURVE('',#3401,(#3406,#3417),.PCURVE_S1.);
#3401 = CIRCLE('',#3402,2.);
#3402 = AXIS2_PLACEMENT_3D('',#3403,#3404,#3405);
#3403 = CARTESIAN_POINT('',(38.,-13.,-1.5));
#3404 = DIRECTION('',(-0.,-0.,-1.));
#3405 = DIRECTION('',(0.,-1.,0.));
#3406 = PCURVE('',#100,#3407);
#3407 = DEFINITIONAL_REPRESENTATION('',(#3408),#3416);
#3408 = ( BOUNDED_CURVE() B_SPLINE_CURVE(2,(#3409,#3410,#3411,#3412,
#3413,#3414,#3415),.UNSPECIFIED.,.T.,.F.) B_SPLINE_CURVE_WITH_KNOTS((1,2
    ,2,2,2,1),(-2.094395102393,0.,2.094395102393,4.188790204786,
6.28318530718,8.377580409573),.UNSPECIFIED.) CURVE() 
GEOMETRIC_REPRESENTATION_ITEM() RATIONAL_B_SPLINE_CURVE((1.,0.5,1.,0.5,
1.,0.5,1.)) REPRESENTATION_ITEM('') );
#3409 = CARTESIAN_POINT('',(78.,0.));
#3410 = CARTESIAN_POINT('',(74.535898384862,0.));
#3411 = CARTESIAN_POINT('',(76.267949192431,3.));
#3412 = CARTESIAN_POINT('',(78.,6.));
#3413 = CARTESIAN_POINT('',(79.732050807569,3.));
#3414 = CARTESIAN_POINT('',(81.464101615138,3.10862446895E-15));
#3415 = CARTESIAN_POINT('',(78.,0.));
#3416 = ( GEOMETRIC_REPRESENTATION_CONTEXT(2) 
PARAMETRIC_REPRESENTATION_CONTEXT() REPRESENTATION_CONTEXT('2D SPACE',''
  ) );
#3417 = PCURVE('',#215,#3418);
#3418 = DEFINITIONAL_REPRESENTATION('',(#3419),#3423);
#3419 = LINE('',#3420,#3421);
#3420 = CARTESIAN_POINT('',(4.712388980385,-0.));
#3421 = VECTOR('',#3422,1.);
#3422 = DIRECTION('',(-1.,0.));
#3423 = ( GEOMETRIC_REPRESENTATION_CONTEXT(2) 
PARAMETRIC_REPRESENTATION_CONTEXT() REPRESENTATION_CONTEXT('2D SPACE',''
  ) );
#3424 = ORIENTED_EDGE('',*,*,#3425,.T.);
#3425 = EDGE_CURVE('',#3398,#3426,#3428,.T.);
#3426 = VERTEX_POINT('',#3427);
#3427 = CARTESIAN_POINT('',(40.,13.,-1.5));
#3428 = SURFACE_CURVE('',#3429,(#3433,#3440),.PCURVE_S1.);
#3429 = LINE('',#3430,#3431);
#3430 = CARTESIAN_POINT('',(40.,-15.,-1.5));
#3431 = VECTOR('',#3432,1.);
#3432 = DIRECTION('',(0.,1.,0.));
#3433 = PCURVE('',#100,#3434);
#3434 = DEFINITIONAL_REPRESENTATION('',(#3435),#3439);
#3435 = LINE('',#3436,#3437);
#3436 = CARTESIAN_POINT('',(80.,0.));
#3437 = VECTOR('',#3438,1.);
#3438 = DIRECTION('',(0.,1.));
#3439 = ( GEOMETRIC_REPRESENTATION_CONTEXT(2) 
PARAMETRIC_REPRESENTATION_CONTEXT() REPRESENTATION_CONTEXT('2D SPACE',''
  ) );
#3440 = PCURVE('',#243,#3441);
#3441 = DEFINITIONAL_REPRESENTATION('',(#3442),#3446);
#3442 = LINE('',#3443,#3444);
#3443 = CARTESIAN_POINT('',(0.,0.));
#3444 = VECTOR('',#3445,1.);
#3445 = DIRECTION('',(0.,-1.));
#3446 = ( GEOMETRIC_REPRESENTATION_CONTEXT(2) 
PARAMETRIC_REPRESENTATION_CONTEXT() REPRESENTATION_CONTEXT('2D SPACE',''
  ) );
#3447 = ORIENTED_EDGE('',*,*,#3448,.T.);
#3448 = EDGE_CURVE('',#3426,#3449,#3451,.T.);
#3449 = VERTEX_POINT('',#3450);
#3450 = CARTESIAN_POINT('',(38.,15.,-1.5));
#3451 = SURFACE_CURVE('',#3452,(#3457,#3464),.PCURVE_S1.);
#3452 = CIRCLE('',#3453,2.);
#3453 = AXIS2_PLACEMENT_3D('',#3454,#3455,#3456);
#3454 = CARTESIAN_POINT('',(38.,13.,-1.5));
#3455 = DIRECTION('',(0.,0.,1.));
#3456 = DIRECTION('',(0.,-1.,0.));
#3457 = PCURVE('',#100,#3458);
#3458 = DEFINITIONAL_REPRESENTATION('',(#3459),#3463);
#3459 = CIRCLE('',#3460,2.);
#3460 = AXIS2_PLACEMENT_2D('',#3461,#3462);
#3461 = CARTESIAN_POINT('',(78.,28.));
#3462 = DIRECTION('',(0.,-1.));
#3463 = ( GEOMETRIC_REPRESENTATION_CONTEXT(2) 
PARAMETRIC_REPRESENTATION_CONTEXT() REPRESENTATION_CONTEXT('2D SPACE',''
  ) );
#3464 = PCURVE('',#272,#3465);
#3465 = DEFINITIONAL_REPRESENTATION('',(#3466),#3470);
#3466 = LINE('',#3467,#3468);
#3467 = CARTESIAN_POINT('',(-1.570796326795,0.));
#3468 = VECTOR('',#3469,1.);
#3469 = DIRECTION('',(1.,0.));
#3470 = ( GEOMETRIC_REPRESENTATION_CONTEXT(2) 
PARAMETRIC_REPRESENTATION_CONTEXT() REPRESENTATION_CONTEXT('2D SPACE',''
  ) );
#3471 = ORIENTED_EDGE('',*,*,#3472,.F.);
#3472 = EDGE_CURVE('',#3319,#3449,#3473,.T.);
#3473 = SURFACE_CURVE('',#3474,(#3478,#3485),.PCURVE_S1.);
#3474 = LINE('',#3475,#3476);
#3475 = CARTESIAN_POINT('',(-40.,15.,-1.5));
#3476 = VECTOR('',#3477,1.);
#3477 = DIRECTION('',(1.,0.,0.));
#3478 = PCURVE('',#100,#3479);
#3479 = DEFINITIONAL_REPRESENTATION('',(#3480),#3484);
#3480 = LINE('',#3481,#3482);
#3481 = CARTESIAN_POINT('',(0.,30.));
#3482 = VECTOR('',#3483,1.);
#3483 = DIRECTION('',(1.,0.));
#3484 = ( GEOMETRIC_REPRESENTATION_CONTEXT(2) 
PARAMETRIC_REPRESENTATION_CONTEXT() REPRESENTATION_CONTEXT('2D SPACE',''
  ) );
#3485 = PCURVE('',#300,#3486);
#3486 = DEFINITIONAL_REPRESENTATION('',(#3487),#3491);
#3487 = LINE('',#3488,#3489);
#3488 = CARTESIAN_POINT('',(0.,0.));
#3489 = VECTOR('',#3490,1.);
#3490 = DIRECTION('',(0.,1.));
#3491 = ( GEOMETRIC_REPRESENTATION_CONTEXT(2) 
PARAMETRIC_REPRESENTATION_CONTEXT() REPRESENTATION_CONTEXT('2D SPACE',''
  ) );
#3492 = ORIENTED_EDGE('',*,*,#3318,.F.);
#3493 = FACE_BOUND('',#3494,.F.);
#3494 = EDGE_LOOP('',(#3495));
#3495 = ORIENTED_EDGE('',*,*,#3496,.T.);
#3496 = EDGE_CURVE('',#3497,#3497,#3499,.T.);
#3497 = VERTEX_POINT('',#3498);
#3498 = CARTESIAN_POINT('',(-33.6,-3.918869757272E-16,-1.5));
#3499 = SURFACE_CURVE('',#3500,(#3505,#3516),.PCURVE_S1.);
#3500 = CIRCLE('',#3501,1.6);
#3501 = AXIS2_PLACEMENT_3D('',#3502,#3503,#3504);
#3502 = CARTESIAN_POINT('',(-32.,0.,-1.5));
#3503 = DIRECTION('',(0.,0.,-1.));
#3504 = DIRECTION('',(-1.,0.,0.));
#3505 = PCURVE('',#100,#3506);
#3506 = DEFINITIONAL_REPRESENTATION('',(#3507),#3515);
#3507 = ( BOUNDED_CURVE() B_SPLINE_CURVE(2,(#3508,#3509,#3510,#3511,
#3512,#3513,#3514),.UNSPECIFIED.,.T.,.F.) B_SPLINE_CURVE_WITH_KNOTS((1,2
    ,2,2,2,1),(-2.094395102393,0.,2.094395102393,4.188790204786,
6.28318530718,8.377580409573),.UNSPECIFIED.) CURVE() 
GEOMETRIC_REPRESENTATION_ITEM() RATIONAL_B_SPLINE_CURVE((1.,0.5,1.,0.5,
1.,0.5,1.)) REPRESENTATION_ITEM('') );
#3508 = CARTESIAN_POINT('',(6.4,15.));
#3509 = CARTESIAN_POINT('',(6.4,17.77128129211));
#3510 = CARTESIAN_POINT('',(8.8,16.385640646055));
#3511 = CARTESIAN_POINT('',(11.2,15.));
#3512 = CARTESIAN_POINT('',(8.8,13.614359353945));
#3513 = CARTESIAN_POINT('',(6.4,12.22871870789));
#3514 = CARTESIAN_POINT('',(6.4,15.));
#3515 = ( GEOMETRIC_REPRESENTATION_CONTEXT(2) 
PARAMETRIC_REPRESENTATION_CONTEXT() REPRESENTATION_CONTEXT('2D SPACE',''
  ) );
#3516 = PCURVE('',#361,#3517);
#3517 = DEFINITIONAL_REPRESENTATION('',(#3518),#3522);
#3518 = LINE('',#3519,#3520);
#3519 = CARTESIAN_POINT('',(0.,4.2));
#3520 = VECTOR('',#3521,1.);
#3521 = DIRECTION('',(1.,0.));
#3522 = ( GEOMETRIC_REPRESENTATION_CONTEXT(2) 
PARAMETRIC_REPRESENTATION_CONTEXT() REPRESENTATION_CONTEXT('2D SPACE',''
  ) );
#3523 = FACE_BOUND('',#3524,.F.);
#3524 = EDGE_LOOP('',(#3525));
#3525 = ORIENTED_EDGE('',*,*,#3526,.T.);
#3526 = EDGE_CURVE('',#3527,#3527,#3529,.T.);
#3527 = VERTEX_POINT('',#3528);
#3528 = CARTESIAN_POINT('',(30.4,-3.918869757272E-16,-1.5));
#3529 = SURFACE_CURVE('',#3530,(#3535,#3546),.PCURVE_S1.);
#3530 = CIRCLE('',#3531,1.6);
#3531 = AXIS2_PLACEMENT_3D('',#3532,#3533,#3534);
#3532 = CARTESIAN_POINT('',(32.,0.,-1.5));
#3533 = DIRECTION('',(0.,0.,-1.));
#3534 = DIRECTION('',(-1.,0.,0.));
#3535 = PCURVE('',#100,#3536);
#3536 = DEFINITIONAL_REPRESENTATION('',(#3537),#3545);
#3537 = ( BOUNDED_CURVE() B_SPLINE_CURVE(2,(#3538,#3539,#3540,#3541,
#3542,#3543,#3544),.UNSPECIFIED.,.T.,.F.) B_SPLINE_CURVE_WITH_KNOTS((1,2
    ,2,2,2,1),(-2.094395102393,0.,2.094395102393,4.188790204786,
6.28318530718,8.377580409573),.UNSPECIFIED.) CURVE() 
GEOMETRIC_REPRESENTATION_ITEM() RATIONAL_B_SPLINE_CURVE((1.,0.5,1.,0.5,
1.,0.5,1.)) REPRESENTATION_ITEM('') );
#3538 = CARTESIAN_POINT('',(70.4,15.));
#3539 = CARTESIAN_POINT('',(70.4,17.77128129211));
#3540 = CARTESIAN_POINT('',(72.8,16.385640646055));
#3541 = CARTESIAN_POINT('',(75.2,15.));
#3542 = CARTESIAN_POINT('',(72.8,13.614359353945));
#3543 = CARTESIAN_POINT('',(70.4,12.22871870789));
#3544 = CARTESIAN_POINT('',(70.4,15.));
#3545 = ( GEOMETRIC_REPRESENTATION_CONTEXT(2) 
PARAMETRIC_REPRESENTATION_CONTEXT() REPRESENTATION_CONTEXT('2D SPACE',''
  ) );
#3546 = PCURVE('',#2545,#3547);
#3547 = DEFINITIONAL_REPRESENTATION('',(#3548),#3552);
#3548 = LINE('',#3549,#3550);
#3549 = CARTESIAN_POINT('',(0.,4.2));
#3550 = VECTOR('',#3551,1.);
#3551 = DIRECTION('',(1.,0.));
#3552 = ( GEOMETRIC_REPRESENTATION_CONTEXT(2) 
PARAMETRIC_REPRESENTATION_CONTEXT() REPRESENTATION_CONTEXT('2D SPACE',''
  ) );
#3553 = ADVANCED_FACE('',(#3554),#182,.F.);
#3554 = FACE_BOUND('',#3555,.F.);
#3555 = EDGE_LOOP('',(#3556,#3557,#3558,#3559));
#3556 = ORIENTED_EDGE('',*,*,#3374,.F.);
#3557 = ORIENTED_EDGE('',*,*,#3292,.T.);
#3558 = ORIENTED_EDGE('',*,*,#166,.T.);
#3559 = ORIENTED_EDGE('',*,*,#3560,.F.);
#3560 = EDGE_CURVE('',#3375,#167,#3561,.T.);
#3561 = SURFACE_CURVE('',#3562,(#3566,#3573),.PCURVE_S1.);
#3562 = LINE('',#3563,#3564);
#3563 = CARTESIAN_POINT('',(38.,-15.,-1.5));
#3564 = VECTOR('',#3565,1.);
#3565 = DIRECTION('',(0.,0.,1.));
#3566 = PCURVE('',#182,#3567);
#3567 = DEFINITIONAL_REPRESENTATION('',(#3568),#3572);
#3568 = LINE('',#3569,#3570);
#3569 = CARTESIAN_POINT('',(0.,78.));
#3570 = VECTOR('',#3571,1.);
#3571 = DIRECTION('',(1.,0.));
#3572 = ( GEOMETRIC_REPRESENTATION_CONTEXT(2) 
PARAMETRIC_REPRESENTATION_CONTEXT() REPRESENTATION_CONTEXT('2D SPACE',''
  ) );
#3573 = PCURVE('',#215,#3574);
#3574 = DEFINITIONAL_REPRESENTATION('',(#3575),#3579);
#3575 = LINE('',#3576,#3577);
#3576 = CARTESIAN_POINT('',(-1.570796326795,0.));
#3577 = VECTOR('',#3578,1.);
#3578 = DIRECTION('',(-0.,1.));
#3579 = ( GEOMETRIC_REPRESENTATION_CONTEXT(2) 
PARAMETRIC_REPRESENTATION_CONTEXT() REPRESENTATION_CONTEXT('2D SPACE',''
  ) );
#3580 = ADVANCED_FACE('',(#3581),#300,.T.);
#3581 = FACE_BOUND('',#3582,.T.);
#3582 = EDGE_LOOP('',(#3583,#3584,#3585,#3586));
#3583 = ORIENTED_EDGE('',*,*,#3472,.F.);
#3584 = ORIENTED_EDGE('',*,*,#3346,.T.);
#3585 = ORIENTED_EDGE('',*,*,#284,.T.);
#3586 = ORIENTED_EDGE('',*,*,#3587,.F.);
#3587 = EDGE_CURVE('',#3449,#256,#3588,.T.);
#3588 = SURFACE_CURVE('',#3589,(#3593,#3600),.PCURVE_S1.);
#3589 = LINE('',#3590,#3591);
#3590 = CARTESIAN_POINT('',(38.,15.,-1.5));
#3591 = VECTOR('',#3592,1.);
#3592 = DIRECTION('',(0.,0.,1.));
#3593 = PCURVE('',#300,#3594);
#3594 = DEFINITIONAL_REPRESENTATION('',(#3595),#3599);
#3595 = LINE('',#3596,#3597);
#3596 = CARTESIAN_POINT('',(0.,78.));
#3597 = VECTOR('',#3598,1.);
#3598 = DIRECTION('',(1.,0.));
#3599 = ( GEOMETRIC_REPRESENTATION_CONTEXT(2) 
PARAMETRIC_REPRESENTATION_CONTEXT() REPRESENTATION_CONTEXT('2D SPACE',''
  ) );
#3600 = PCURVE('',#272,#3601);
#3601 = DEFINITIONAL_REPRESENTATION('',(#3602),#3606);
#3602 = LINE('',#3603,#3604);
#3603 = CARTESIAN_POINT('',(1.570796326795,0.));
#3604 = VECTOR('',#3605,1.);
#3605 = DIRECTION('',(0.,1.));
#3606 = ( GEOMETRIC_REPRESENTATION_CONTEXT(2) 
PARAMETRIC_REPRESENTATION_CONTEXT() REPRESENTATION_CONTEXT('2D SPACE',''
  ) );
#3607 = ADVANCED_FACE('',(#3608),#215,.T.);
#3608 = FACE_BOUND('',#3609,.F.);
#3609 = EDGE_LOOP('',(#3610,#3611,#3612,#3613));
#3610 = ORIENTED_EDGE('',*,*,#3397,.T.);
#3611 = ORIENTED_EDGE('',*,*,#3560,.T.);
#3612 = ORIENTED_EDGE('',*,*,#194,.F.);
#3613 = ORIENTED_EDGE('',*,*,#3614,.F.);
#3614 = EDGE_CURVE('',#3398,#195,#3615,.T.);
#3615 = SURFACE_CURVE('',#3616,(#3620,#3627),.PCURVE_S1.);
#3616 = LINE('',#3617,#3618);
#3617 = CARTESIAN_POINT('',(40.,-13.,-1.5));
#3618 = VECTOR('',#3619,1.);
#3619 = DIRECTION('',(0.,0.,1.));
#3620 = PCURVE('',#215,#3621);
#3621 = DEFINITIONAL_REPRESENTATION('',(#3622),#3626);
#3622 = LINE('',#3623,#3624);
#3623 = CARTESIAN_POINT('',(-0.,0.));
#3624 = VECTOR('',#3625,1.);
#3625 = DIRECTION('',(-0.,1.));
#3626 = ( GEOMETRIC_REPRESENTATION_CONTEXT(2) 
PARAMETRIC_REPRESENTATION_CONTEXT() REPRESENTATION_CONTEXT('2D SPACE',''
  ) );
#3627 = PCURVE('',#243,#3628);
#3628 = DEFINITIONAL_REPRESENTATION('',(#3629),#3633);
#3629 = LINE('',#3630,#3631);
#3630 = CARTESIAN_POINT('',(0.,-2.));
#3631 = VECTOR('',#3632,1.);
#3632 = DIRECTION('',(1.,0.));
#3633 = ( GEOMETRIC_REPRESENTATION_CONTEXT(2) 
PARAMETRIC_REPRESENTATION_CONTEXT() REPRESENTATION_CONTEXT('2D SPACE',''
  ) );
#3634 = ADVANCED_FACE('',(#3635),#272,.T.);
#3635 = FACE_BOUND('',#3636,.T.);
#3636 = EDGE_LOOP('',(#3637,#3638,#3639,#3640));
#3637 = ORIENTED_EDGE('',*,*,#3448,.T.);
#3638 = ORIENTED_EDGE('',*,*,#3587,.T.);
#3639 = ORIENTED_EDGE('',*,*,#255,.F.);
#3640 = ORIENTED_EDGE('',*,*,#3641,.F.);
#3641 = EDGE_CURVE('',#3426,#228,#3642,.T.);
#3642 = SURFACE_CURVE('',#3643,(#3647,#3654),.PCURVE_S1.);
#3643 = LINE('',#3644,#3645);
#3644 = CARTESIAN_POINT('',(40.,13.,-1.5));
#3645 = VECTOR('',#3646,1.);
#3646 = DIRECTION('',(0.,0.,1.));
#3647 = PCURVE('',#272,#3648);
#3648 = DEFINITIONAL_REPRESENTATION('',(#3649),#3653);
#3649 = LINE('',#3650,#3651);
#3650 = CARTESIAN_POINT('',(0.,0.));
#3651 = VECTOR('',#3652,1.);
#3652 = DIRECTION('',(0.,1.));
#3653 = ( GEOMETRIC_REPRESENTATION_CONTEXT(2) 
PARAMETRIC_REPRESENTATION_CONTEXT() REPRESENTATION_CONTEXT('2D SPACE',''
  ) );
#3654 = PCURVE('',#243,#3655);
#3655 = DEFINITIONAL_REPRESENTATION('',(#3656),#3660);
#3656 = LINE('',#3657,#3658);
#3657 = CARTESIAN_POINT('',(0.,-28.));
#3658 = VECTOR('',#3659,1.);
#3659 = DIRECTION('',(1.,0.));
#3660 = ( GEOMETRIC_REPRESENTATION_CONTEXT(2) 
PARAMETRIC_REPRESENTATION_CONTEXT() REPRESENTATION_CONTEXT('2D SPACE',''
  ) );
#3661 = ADVANCED_FACE('',(#3662),#243,.T.);
#3662 = FACE_BOUND('',#3663,.T.);
#3663 = EDGE_LOOP('',(#3664,#3665,#3666,#3667));
#3664 = ORIENTED_EDGE('',*,*,#227,.F.);
#3665 = ORIENTED_EDGE('',*,*,#3614,.F.);
#3666 = ORIENTED_EDGE('',*,*,#3425,.T.);
#3667 = ORIENTED_EDGE('',*,*,#3641,.T.);
#3668 = ADVANCED_FACE('',(#3669),#361,.F.);
#3669 = FACE_BOUND('',#3670,.F.);
#3670 = EDGE_LOOP('',(#3671,#3672,#3693,#3694));
#3671 = ORIENTED_EDGE('',*,*,#3496,.F.);
#3672 = ORIENTED_EDGE('',*,*,#3673,.F.);
#3673 = EDGE_CURVE('',#341,#3497,#3674,.T.);
#3674 = SEAM_CURVE('',#3675,(#3679,#3686),.PCURVE_S1.);
#3675 = LINE('',#3676,#3677);
#3676 = CARTESIAN_POINT('',(-33.6,-3.918869757272E-16,2.7));
#3677 = VECTOR('',#3678,1.);
#3678 = DIRECTION('',(0.,0.,-1.));
#3679 = PCURVE('',#361,#3680);
#3680 = DEFINITIONAL_REPRESENTATION('',(#3681),#3685);
#3681 = LINE('',#3682,#3683);
#3682 = CARTESIAN_POINT('',(6.28318530718,-0.));
#3683 = VECTOR('',#3684,1.);
#3684 = DIRECTION('',(0.,1.));
#3685 = ( GEOMETRIC_REPRESENTATION_CONTEXT(2) 
PARAMETRIC_REPRESENTATION_CONTEXT() REPRESENTATION_CONTEXT('2D SPACE',''
  ) );
#3686 = PCURVE('',#361,#3687);
#3687 = DEFINITIONAL_REPRESENTATION('',(#3688),#3692);
#3688 = LINE('',#3689,#3690);
#3689 = CARTESIAN_POINT('',(0.,-0.));
#3690 = VECTOR('',#3691,1.);
#3691 = DIRECTION('',(0.,1.));
#3692 = ( GEOMETRIC_REPRESENTATION_CONTEXT(2) 
PARAMETRIC_REPRESENTATION_CONTEXT() REPRESENTATION_CONTEXT('2D SPACE',''
  ) );
#3693 = ORIENTED_EDGE('',*,*,#340,.T.);
#3694 = ORIENTED_EDGE('',*,*,#3673,.T.);
#3695 = ADVANCED_FACE('',(#3696),#392,.T.);
#3696 = FACE_BOUND('',#3697,.T.);
#3697 = EDGE_LOOP('',(#3698,#3699,#3722,#3750));
#3698 = ORIENTED_EDGE('',*,*,#375,.T.);
#3699 = ORIENTED_EDGE('',*,*,#3700,.T.);
#3700 = EDGE_CURVE('',#378,#3701,#3703,.T.);
#3701 = VERTEX_POINT('',#3702);
#3702 = CARTESIAN_POINT('',(-29.28841481577,-3.83835232983,2.7));
#3703 = SURFACE_CURVE('',#3704,(#3708,#3715),.PCURVE_S1.);
#3704 = LINE('',#3705,#3706);
#3705 = CARTESIAN_POINT('',(-29.28841481577,-3.83835232983,1.45));
#3706 = VECTOR('',#3707,1.);
#3707 = DIRECTION('',(0.,0.,1.));
#3708 = PCURVE('',#392,#3709);
#3709 = DEFINITIONAL_REPRESENTATION('',(#3710),#3714);
#3710 = LINE('',#3711,#3712);
#3711 = CARTESIAN_POINT('',(0.,0.));
#3712 = VECTOR('',#3713,1.);
#3713 = DIRECTION('',(0.,-1.));
#3714 = ( GEOMETRIC_REPRESENTATION_CONTEXT(2) 
PARAMETRIC_REPRESENTATION_CONTEXT() REPRESENTATION_CONTEXT('2D SPACE',''
  ) );
#3715 = PCURVE('',#702,#3716);
#3716 = DEFINITIONAL_REPRESENTATION('',(#3717),#3721);
#3717 = LINE('',#3718,#3719);
#3718 = CARTESIAN_POINT('',(1.061095989629,0.));
#3719 = VECTOR('',#3720,1.);
#3720 = DIRECTION('',(0.,-1.));
#3721 = ( GEOMETRIC_REPRESENTATION_CONTEXT(2) 
PARAMETRIC_REPRESENTATION_CONTEXT() REPRESENTATION_CONTEXT('2D SPACE',''
  ) );
#3722 = ORIENTED_EDGE('',*,*,#3723,.T.);
#3723 = EDGE_CURVE('',#3701,#3724,#3726,.T.);
#3724 = VERTEX_POINT('',#3725);
#3725 = CARTESIAN_POINT('',(-29.28841481577,4.244383958515,2.7));
#3726 = SURFACE_CURVE('',#3727,(#3731,#3738),.PCURVE_S1.);
#3727 = LINE('',#3728,#3729);
#3728 = CARTESIAN_POINT('',(-29.28841481577,-3.83835232983,2.7));
#3729 = VECTOR('',#3730,1.);
#3730 = DIRECTION('',(0.,1.,0.));
#3731 = PCURVE('',#392,#3732);
#3732 = DEFINITIONAL_REPRESENTATION('',(#3733),#3737);
#3733 = LINE('',#3734,#3735);
#3734 = CARTESIAN_POINT('',(0.,-1.25));
#3735 = VECTOR('',#3736,1.);
#3736 = DIRECTION('',(1.,0.));
#3737 = ( GEOMETRIC_REPRESENTATION_CONTEXT(2) 
PARAMETRIC_REPRESENTATION_CONTEXT() REPRESENTATION_CONTEXT('2D SPACE',''
  ) );
#3738 = PCURVE('',#3739,#3744);
#3739 = PLANE('',#3740);
#3740 = AXIS2_PLACEMENT_3D('',#3741,#3742,#3743);
#3741 = CARTESIAN_POINT('',(-30.37657958064,-3.83835232983,2.7));
#3742 = DIRECTION('',(0.,0.,1.));
#3743 = DIRECTION('',(1.,0.,0.));
#3744 = DEFINITIONAL_REPRESENTATION('',(#3745),#3749);
#3745 = LINE('',#3746,#3747);
#3746 = CARTESIAN_POINT('',(1.088164764874,0.));
#3747 = VECTOR('',#3748,1.);
#3748 = DIRECTION('',(0.,1.));
#3749 = ( GEOMETRIC_REPRESENTATION_CONTEXT(2) 
PARAMETRIC_REPRESENTATION_CONTEXT() REPRESENTATION_CONTEXT('2D SPACE',''
  ) );
#3750 = ORIENTED_EDGE('',*,*,#3751,.F.);
#3751 = EDGE_CURVE('',#376,#3724,#3752,.T.);
#3752 = SURFACE_CURVE('',#3753,(#3757,#3764),.PCURVE_S1.);
#3753 = LINE('',#3754,#3755);
#3754 = CARTESIAN_POINT('',(-29.28841481577,4.244383958515,1.45));
#3755 = VECTOR('',#3756,1.);
#3756 = DIRECTION('',(0.,0.,1.));
#3757 = PCURVE('',#392,#3758);
#3758 = DEFINITIONAL_REPRESENTATION('',(#3759),#3763);
#3759 = LINE('',#3760,#3761);
#3760 = CARTESIAN_POINT('',(8.082736288345,0.));
#3761 = VECTOR('',#3762,1.);
#3762 = DIRECTION('',(0.,-1.));
#3763 = ( GEOMETRIC_REPRESENTATION_CONTEXT(2) 
PARAMETRIC_REPRESENTATION_CONTEXT() REPRESENTATION_CONTEXT('2D SPACE',''
  ) );
#3764 = PCURVE('',#418,#3765);
#3765 = DEFINITIONAL_REPRESENTATION('',(#3766),#3770);
#3766 = LINE('',#3767,#3768);
#3767 = CARTESIAN_POINT('',(0.,0.));
#3768 = VECTOR('',#3769,1.);
#3769 = DIRECTION('',(0.,-1.));
#3770 = ( GEOMETRIC_REPRESENTATION_CONTEXT(2) 
PARAMETRIC_REPRESENTATION_CONTEXT() REPRESENTATION_CONTEXT('2D SPACE',''
  ) );
#3771 = ADVANCED_FACE('',(#3772),#418,.T.);
#3772 = FACE_BOUND('',#3773,.T.);
#3773 = EDGE_LOOP('',(#3774,#3775,#3776,#3799));
#3774 = ORIENTED_EDGE('',*,*,#403,.T.);
#3775 = ORIENTED_EDGE('',*,*,#3751,.T.);
#3776 = ORIENTED_EDGE('',*,*,#3777,.T.);
#3777 = EDGE_CURVE('',#3724,#3778,#3780,.T.);
#3778 = VERTEX_POINT('',#3779);
#3779 = CARTESIAN_POINT('',(-27.65887454598,4.244383958515,2.7));
#3780 = SURFACE_CURVE('',#3781,(#3785,#3792),.PCURVE_S1.);
#3781 = LINE('',#3782,#3783);
#3782 = CARTESIAN_POINT('',(-29.28841481577,4.244383958515,2.7));
#3783 = VECTOR('',#3784,1.);
#3784 = DIRECTION('',(1.,0.,0.));
#3785 = PCURVE('',#418,#3786);
#3786 = DEFINITIONAL_REPRESENTATION('',(#3787),#3791);
#3787 = LINE('',#3788,#3789);
#3788 = CARTESIAN_POINT('',(0.,-1.25));
#3789 = VECTOR('',#3790,1.);
#3790 = DIRECTION('',(1.,0.));
#3791 = ( GEOMETRIC_REPRESENTATION_CONTEXT(2) 
PARAMETRIC_REPRESENTATION_CONTEXT() REPRESENTATION_CONTEXT('2D SPACE',''
  ) );
#3792 = PCURVE('',#3739,#3793);
#3793 = DEFINITIONAL_REPRESENTATION('',(#3794),#3798);
#3794 = LINE('',#3795,#3796);
#3795 = CARTESIAN_POINT('',(1.088164764874,8.082736288345));
#3796 = VECTOR('',#3797,1.);
#3797 = DIRECTION('',(1.,0.));
#3798 = ( GEOMETRIC_REPRESENTATION_CONTEXT(2) 
PARAMETRIC_REPRESENTATION_CONTEXT() REPRESENTATION_CONTEXT('2D SPACE',''
  ) );
#3799 = ORIENTED_EDGE('',*,*,#3800,.F.);
#3800 = EDGE_CURVE('',#404,#3778,#3801,.T.);
#3801 = SURFACE_CURVE('',#3802,(#3806,#3813),.PCURVE_S1.);
#3802 = LINE('',#3803,#3804);
#3803 = CARTESIAN_POINT('',(-27.65887454598,4.244383958515,1.45));
#3804 = VECTOR('',#3805,1.);
#3805 = DIRECTION('',(0.,0.,1.));
#3806 = PCURVE('',#418,#3807);
#3807 = DEFINITIONAL_REPRESENTATION('',(#3808),#3812);
#3808 = LINE('',#3809,#3810);
#3809 = CARTESIAN_POINT('',(1.629540269787,0.));
#3810 = VECTOR('',#3811,1.);
#3811 = DIRECTION('',(0.,-1.));
#3812 = ( GEOMETRIC_REPRESENTATION_CONTEXT(2) 
PARAMETRIC_REPRESENTATION_CONTEXT() REPRESENTATION_CONTEXT('2D SPACE',''
  ) );
#3813 = PCURVE('',#444,#3814);
#3814 = DEFINITIONAL_REPRESENTATION('',(#3815),#3819);
#3815 = LINE('',#3816,#3817);
#3816 = CARTESIAN_POINT('',(0.,0.));
#3817 = VECTOR('',#3818,1.);
#3818 = DIRECTION('',(0.,-1.));
#3819 = ( GEOMETRIC_REPRESENTATION_CONTEXT(2) 
PARAMETRIC_REPRESENTATION_CONTEXT() REPRESENTATION_CONTEXT('2D SPACE',''
  ) );
#3820 = ADVANCED_FACE('',(#3821),#702,.T.);
#3821 = FACE_BOUND('',#3822,.T.);
#3822 = EDGE_LOOP('',(#3823,#3824,#3847,#3868));
#3823 = ORIENTED_EDGE('',*,*,#689,.T.);
#3824 = ORIENTED_EDGE('',*,*,#3825,.T.);
#3825 = EDGE_CURVE('',#664,#3826,#3828,.T.);
#3826 = VERTEX_POINT('',#3827);
#3827 = CARTESIAN_POINT('',(-28.22731882614,-3.83835232983,2.7));
#3828 = SURFACE_CURVE('',#3829,(#3833,#3840),.PCURVE_S1.);
#3829 = LINE('',#3830,#3831);
#3830 = CARTESIAN_POINT('',(-28.22731882614,-3.83835232983,1.45));
#3831 = VECTOR('',#3832,1.);
#3832 = DIRECTION('',(0.,0.,1.));
#3833 = PCURVE('',#702,#3834);
#3834 = DEFINITIONAL_REPRESENTATION('',(#3835),#3839);
#3835 = LINE('',#3836,#3837);
#3836 = CARTESIAN_POINT('',(0.,-0.));
#3837 = VECTOR('',#3838,1.);
#3838 = DIRECTION('',(0.,-1.));
#3839 = ( GEOMETRIC_REPRESENTATION_CONTEXT(2) 
PARAMETRIC_REPRESENTATION_CONTEXT() REPRESENTATION_CONTEXT('2D SPACE',''
  ) );
#3840 = PCURVE('',#678,#3841);
#3841 = DEFINITIONAL_REPRESENTATION('',(#3842),#3846);
#3842 = LINE('',#3843,#3844);
#3843 = CARTESIAN_POINT('',(7.097432869404,0.));
#3844 = VECTOR('',#3845,1.);
#3845 = DIRECTION('',(0.,-1.));
#3846 = ( GEOMETRIC_REPRESENTATION_CONTEXT(2) 
PARAMETRIC_REPRESENTATION_CONTEXT() REPRESENTATION_CONTEXT('2D SPACE',''
  ) );
#3847 = ORIENTED_EDGE('',*,*,#3848,.T.);
#3848 = EDGE_CURVE('',#3826,#3701,#3849,.T.);
#3849 = SURFACE_CURVE('',#3850,(#3854,#3861),.PCURVE_S1.);
#3850 = LINE('',#3851,#3852);
#3851 = CARTESIAN_POINT('',(-28.22731882614,-3.83835232983,2.7));
#3852 = VECTOR('',#3853,1.);
#3853 = DIRECTION('',(-1.,0.,0.));
#3854 = PCURVE('',#702,#3855);
#3855 = DEFINITIONAL_REPRESENTATION('',(#3856),#3860);
#3856 = LINE('',#3857,#3858);
#3857 = CARTESIAN_POINT('',(0.,-1.25));
#3858 = VECTOR('',#3859,1.);
#3859 = DIRECTION('',(1.,0.));
#3860 = ( GEOMETRIC_REPRESENTATION_CONTEXT(2) 
PARAMETRIC_REPRESENTATION_CONTEXT() REPRESENTATION_CONTEXT('2D SPACE',''
  ) );
#3861 = PCURVE('',#3739,#3862);
#3862 = DEFINITIONAL_REPRESENTATION('',(#3863),#3867);
#3863 = LINE('',#3864,#3865);
#3864 = CARTESIAN_POINT('',(2.149260754503,0.));
#3865 = VECTOR('',#3866,1.);
#3866 = DIRECTION('',(-1.,0.));
#3867 = ( GEOMETRIC_REPRESENTATION_CONTEXT(2) 
PARAMETRIC_REPRESENTATION_CONTEXT() REPRESENTATION_CONTEXT('2D SPACE',''
  ) );
#3868 = ORIENTED_EDGE('',*,*,#3700,.F.);
#3869 = ADVANCED_FACE('',(#3870),#444,.T.);
#3870 = FACE_BOUND('',#3871,.T.);
#3871 = EDGE_LOOP('',(#3872,#3873,#3874,#3897));
#3872 = ORIENTED_EDGE('',*,*,#429,.T.);
#3873 = ORIENTED_EDGE('',*,*,#3800,.T.);
#3874 = ORIENTED_EDGE('',*,*,#3875,.T.);
#3875 = EDGE_CURVE('',#3778,#3876,#3878,.T.);
#3876 = VERTEX_POINT('',#3877);
#3877 = CARTESIAN_POINT('',(-25.59623387226,-1.255991171397,2.7));
#3878 = SURFACE_CURVE('',#3879,(#3883,#3890),.PCURVE_S1.);
#3879 = LINE('',#3880,#3881);
#3880 = CARTESIAN_POINT('',(-27.65887454598,4.244383958515,2.7));
#3881 = VECTOR('',#3882,1.);
#3882 = DIRECTION('',(0.351123441588,-0.936329177569,0.));
#3883 = PCURVE('',#444,#3884);
#3884 = DEFINITIONAL_REPRESENTATION('',(#3885),#3889);
#3885 = LINE('',#3886,#3887);
#3886 = CARTESIAN_POINT('',(0.,-1.25));
#3887 = VECTOR('',#3888,1.);
#3888 = DIRECTION('',(1.,0.));
#3889 = ( GEOMETRIC_REPRESENTATION_CONTEXT(2) 
PARAMETRIC_REPRESENTATION_CONTEXT() REPRESENTATION_CONTEXT('2D SPACE',''
  ) );
#3890 = PCURVE('',#3739,#3891);
#3891 = DEFINITIONAL_REPRESENTATION('',(#3892),#3896);
#3892 = LINE('',#3893,#3894);
#3893 = CARTESIAN_POINT('',(2.717705034661,8.082736288345));
#3894 = VECTOR('',#3895,1.);
#3895 = DIRECTION('',(0.351123441588,-0.936329177569));
#3896 = ( GEOMETRIC_REPRESENTATION_CONTEXT(2) 
PARAMETRIC_REPRESENTATION_CONTEXT() REPRESENTATION_CONTEXT('2D SPACE',''
  ) );
#3897 = ORIENTED_EDGE('',*,*,#3898,.F.);
#3898 = EDGE_CURVE('',#430,#3876,#3899,.T.);
#3899 = SURFACE_CURVE('',#3900,(#3904,#3911),.PCURVE_S1.);
#3900 = LINE('',#3901,#3902);
#3901 = CARTESIAN_POINT('',(-25.59623387226,-1.255991171397,1.45));
#3902 = VECTOR('',#3903,1.);
#3903 = DIRECTION('',(0.,0.,1.));
#3904 = PCURVE('',#444,#3905);
#3905 = DEFINITIONAL_REPRESENTATION('',(#3906),#3910);
#3906 = LINE('',#3907,#3908);
#3907 = CARTESIAN_POINT('',(5.874403213827,0.));
#3908 = VECTOR('',#3909,1.);
#3909 = DIRECTION('',(0.,-1.));
#3910 = ( GEOMETRIC_REPRESENTATION_CONTEXT(2) 
PARAMETRIC_REPRESENTATION_CONTEXT() REPRESENTATION_CONTEXT('2D SPACE',''
  ) );
#3911 = PCURVE('',#470,#3912);
#3912 = DEFINITIONAL_REPRESENTATION('',(#3913),#3917);
#3913 = LINE('',#3914,#3915);
#3914 = CARTESIAN_POINT('',(4.155441345992E-16,0.));
#3915 = VECTOR('',#3916,1.);
#3916 = DIRECTION('',(0.,-1.));
#3917 = ( GEOMETRIC_REPRESENTATION_CONTEXT(2) 
PARAMETRIC_REPRESENTATION_CONTEXT() REPRESENTATION_CONTEXT('2D SPACE',''
  ) );
#3918 = ADVANCED_FACE('',(#3919),#678,.T.);
#3919 = FACE_BOUND('',#3920,.T.);
#3920 = EDGE_LOOP('',(#3921,#3922,#3945,#3966));
#3921 = ORIENTED_EDGE('',*,*,#663,.T.);
#3922 = ORIENTED_EDGE('',*,*,#3923,.T.);
#3923 = EDGE_CURVE('',#638,#3924,#3926,.T.);
#3924 = VERTEX_POINT('',#3925);
#3925 = CARTESIAN_POINT('',(-28.22731882614,3.259080539574,2.7));
#3926 = SURFACE_CURVE('',#3927,(#3931,#3938),.PCURVE_S1.);
#3927 = LINE('',#3928,#3929);
#3928 = CARTESIAN_POINT('',(-28.22731882614,3.259080539574,1.45));
#3929 = VECTOR('',#3930,1.);
#3930 = DIRECTION('',(0.,0.,1.));
#3931 = PCURVE('',#678,#3932);
#3932 = DEFINITIONAL_REPRESENTATION('',(#3933),#3937);
#3933 = LINE('',#3934,#3935);
#3934 = CARTESIAN_POINT('',(0.,0.));
#3935 = VECTOR('',#3936,1.);
#3936 = DIRECTION('',(0.,-1.));
#3937 = ( GEOMETRIC_REPRESENTATION_CONTEXT(2) 
PARAMETRIC_REPRESENTATION_CONTEXT() REPRESENTATION_CONTEXT('2D SPACE',''
  ) );
#3938 = PCURVE('',#652,#3939);
#3939 = DEFINITIONAL_REPRESENTATION('',(#3940),#3944);
#3940 = LINE('',#3941,#3942);
#3941 = CARTESIAN_POINT('',(5.922561422824,0.));
#3942 = VECTOR('',#3943,1.);
#3943 = DIRECTION('',(0.,-1.));
#3944 = ( GEOMETRIC_REPRESENTATION_CONTEXT(2) 
PARAMETRIC_REPRESENTATION_CONTEXT() REPRESENTATION_CONTEXT('2D SPACE',''
  ) );
#3945 = ORIENTED_EDGE('',*,*,#3946,.T.);
#3946 = EDGE_CURVE('',#3924,#3826,#3947,.T.);
#3947 = SURFACE_CURVE('',#3948,(#3952,#3959),.PCURVE_S1.);
#3948 = LINE('',#3949,#3950);
#3949 = CARTESIAN_POINT('',(-28.22731882614,3.259080539574,2.7));
#3950 = VECTOR('',#3951,1.);
#3951 = DIRECTION('',(0.,-1.,0.));
#3952 = PCURVE('',#678,#3953);
#3953 = DEFINITIONAL_REPRESENTATION('',(#3954),#3958);
#3954 = LINE('',#3955,#3956);
#3955 = CARTESIAN_POINT('',(0.,-1.25));
#3956 = VECTOR('',#3957,1.);
#3957 = DIRECTION('',(1.,0.));
#3958 = ( GEOMETRIC_REPRESENTATION_CONTEXT(2) 
PARAMETRIC_REPRESENTATION_CONTEXT() REPRESENTATION_CONTEXT('2D SPACE',''
  ) );
#3959 = PCURVE('',#3739,#3960);
#3960 = DEFINITIONAL_REPRESENTATION('',(#3961),#3965);
#3961 = LINE('',#3962,#3963);
#3962 = CARTESIAN_POINT('',(2.149260754503,7.097432869404));
#3963 = VECTOR('',#3964,1.);
#3964 = DIRECTION('',(0.,-1.));
#3965 = ( GEOMETRIC_REPRESENTATION_CONTEXT(2) 
PARAMETRIC_REPRESENTATION_CONTEXT() REPRESENTATION_CONTEXT('2D SPACE',''
  ) );
#3966 = ORIENTED_EDGE('',*,*,#3825,.F.);
#3967 = ADVANCED_FACE('',(#3968),#470,.T.);
#3968 = FACE_BOUND('',#3969,.T.);
#3969 = EDGE_LOOP('',(#3970,#3971,#3972,#3995));
#3970 = ORIENTED_EDGE('',*,*,#455,.T.);
#3971 = ORIENTED_EDGE('',*,*,#3898,.T.);
#3972 = ORIENTED_EDGE('',*,*,#3973,.T.);
#3973 = EDGE_CURVE('',#3876,#3974,#3976,.T.);
#3974 = VERTEX_POINT('',#3975);
#3975 = CARTESIAN_POINT('',(-23.52276568845,4.244383958515,2.7));
#3976 = SURFACE_CURVE('',#3977,(#3981,#3988),.PCURVE_S1.);
#3977 = LINE('',#3978,#3979);
#3978 = CARTESIAN_POINT('',(-25.59623387226,-1.255991171397,2.7));
#3979 = VECTOR('',#3980,1.);
#3980 = DIRECTION('',(0.35273779967,0.935722204869,0.));
#3981 = PCURVE('',#470,#3982);
#3982 = DEFINITIONAL_REPRESENTATION('',(#3983),#3987);
#3983 = LINE('',#3984,#3985);
#3984 = CARTESIAN_POINT('',(0.,-1.25));
#3985 = VECTOR('',#3986,1.);
#3986 = DIRECTION('',(1.,0.));
#3987 = ( GEOMETRIC_REPRESENTATION_CONTEXT(2) 
PARAMETRIC_REPRESENTATION_CONTEXT() REPRESENTATION_CONTEXT('2D SPACE',''
  ) );
#3988 = PCURVE('',#3739,#3989);
#3989 = DEFINITIONAL_REPRESENTATION('',(#3990),#3994);
#3990 = LINE('',#3991,#3992);
#3991 = CARTESIAN_POINT('',(4.780345708378,2.582361158433));
#3992 = VECTOR('',#3993,1.);
#3993 = DIRECTION('',(0.35273779967,0.935722204869));
#3994 = ( GEOMETRIC_REPRESENTATION_CONTEXT(2) 
PARAMETRIC_REPRESENTATION_CONTEXT() REPRESENTATION_CONTEXT('2D SPACE',''
  ) );
#3995 = ORIENTED_EDGE('',*,*,#3996,.F.);
#3996 = EDGE_CURVE('',#456,#3974,#3997,.T.);
#3997 = SURFACE_CURVE('',#3998,(#4002,#4009),.PCURVE_S1.);
#3998 = LINE('',#3999,#4000);
#3999 = CARTESIAN_POINT('',(-23.52276568845,4.244383958515,1.45));
#4000 = VECTOR('',#4001,1.);
#4001 = DIRECTION('',(0.,0.,1.));
#4002 = PCURVE('',#470,#4003);
#4003 = DEFINITIONAL_REPRESENTATION('',(#4004),#4008);
#4004 = LINE('',#4005,#4006);
#4005 = CARTESIAN_POINT('',(5.87821374901,0.));
#4006 = VECTOR('',#4007,1.);
#4007 = DIRECTION('',(0.,-1.));
#4008 = ( GEOMETRIC_REPRESENTATION_CONTEXT(2) 
PARAMETRIC_REPRESENTATION_CONTEXT() REPRESENTATION_CONTEXT('2D SPACE',''
  ) );
#4009 = PCURVE('',#496,#4010);
#4010 = DEFINITIONAL_REPRESENTATION('',(#4011),#4015);
#4011 = LINE('',#4012,#4013);
#4012 = CARTESIAN_POINT('',(0.,0.));
#4013 = VECTOR('',#4014,1.);
#4014 = DIRECTION('',(0.,-1.));
#4015 = ( GEOMETRIC_REPRESENTATION_CONTEXT(2) 
PARAMETRIC_REPRESENTATION_CONTEXT() REPRESENTATION_CONTEXT('2D SPACE',''
  ) );
#4016 = ADVANCED_FACE('',(#4017),#652,.T.);
#4017 = FACE_BOUND('',#4018,.T.);
#4018 = EDGE_LOOP('',(#4019,#4020,#4043,#4064));
#4019 = ORIENTED_EDGE('',*,*,#637,.T.);
#4020 = ORIENTED_EDGE('',*,*,#4021,.T.);
#4021 = EDGE_CURVE('',#612,#4022,#4024,.T.);
#4022 = VERTEX_POINT('',#4023);
#4023 = CARTESIAN_POINT('',(-26.14302313222,-2.284604630731,2.7));
#4024 = SURFACE_CURVE('',#4025,(#4029,#4036),.PCURVE_S1.);
#4025 = LINE('',#4026,#4027);
#4026 = CARTESIAN_POINT('',(-26.14302313222,-2.284604630731,1.45));
#4027 = VECTOR('',#4028,1.);
#4028 = DIRECTION('',(0.,0.,1.));
#4029 = PCURVE('',#652,#4030);
#4030 = DEFINITIONAL_REPRESENTATION('',(#4031),#4035);
#4031 = LINE('',#4032,#4033);
#4032 = CARTESIAN_POINT('',(0.,0.));
#4033 = VECTOR('',#4034,1.);
#4034 = DIRECTION('',(0.,-1.));
#4035 = ( GEOMETRIC_REPRESENTATION_CONTEXT(2) 
PARAMETRIC_REPRESENTATION_CONTEXT() REPRESENTATION_CONTEXT('2D SPACE',''
  ) );
#4036 = PCURVE('',#626,#4037);
#4037 = DEFINITIONAL_REPRESENTATION('',(#4038),#4042);
#4038 = LINE('',#4039,#4040);
#4039 = CARTESIAN_POINT('',(1.098992274973,0.));
#4040 = VECTOR('',#4041,1.);
#4041 = DIRECTION('',(0.,-1.));
#4042 = ( GEOMETRIC_REPRESENTATION_CONTEXT(2) 
PARAMETRIC_REPRESENTATION_CONTEXT() REPRESENTATION_CONTEXT('2D SPACE',''
  ) );
#4043 = ORIENTED_EDGE('',*,*,#4044,.T.);
#4044 = EDGE_CURVE('',#4022,#3924,#4045,.T.);
#4045 = SURFACE_CURVE('',#4046,(#4050,#4057),.PCURVE_S1.);
#4046 = LINE('',#4047,#4048);
#4047 = CARTESIAN_POINT('',(-26.14302313222,-2.284604630731,2.7));
#4048 = VECTOR('',#4049,1.);
#4049 = DIRECTION('',(-0.351924707084,0.936028311828,0.));
#4050 = PCURVE('',#652,#4051);
#4051 = DEFINITIONAL_REPRESENTATION('',(#4052),#4056);
#4052 = LINE('',#4053,#4054);
#4053 = CARTESIAN_POINT('',(0.,-1.25));
#4054 = VECTOR('',#4055,1.);
#4055 = DIRECTION('',(1.,0.));
#4056 = ( GEOMETRIC_REPRESENTATION_CONTEXT(2) 
PARAMETRIC_REPRESENTATION_CONTEXT() REPRESENTATION_CONTEXT('2D SPACE',''
  ) );
#4057 = PCURVE('',#3739,#4058);
#4058 = DEFINITIONAL_REPRESENTATION('',(#4059),#4063);
#4059 = LINE('',#4060,#4061);
#4060 = CARTESIAN_POINT('',(4.233556448416,1.553747699099));
#4061 = VECTOR('',#4062,1.);
#4062 = DIRECTION('',(-0.351924707084,0.936028311828));
#4063 = ( GEOMETRIC_REPRESENTATION_CONTEXT(2) 
PARAMETRIC_REPRESENTATION_CONTEXT() REPRESENTATION_CONTEXT('2D SPACE',''
  ) );
#4064 = ORIENTED_EDGE('',*,*,#3923,.F.);
#4065 = ADVANCED_FACE('',(#4066),#496,.T.);
#4066 = FACE_BOUND('',#4067,.T.);
#4067 = EDGE_LOOP('',(#4068,#4069,#4070,#4093));
#4068 = ORIENTED_EDGE('',*,*,#481,.T.);
#4069 = ORIENTED_EDGE('',*,*,#3996,.T.);
#4070 = ORIENTED_EDGE('',*,*,#4071,.T.);
#4071 = EDGE_CURVE('',#3974,#4072,#4074,.T.);
#4072 = VERTEX_POINT('',#4073);
#4073 = CARTESIAN_POINT('',(-21.89322541866,4.244383958515,2.7));
#4074 = SURFACE_CURVE('',#4075,(#4079,#4086),.PCURVE_S1.);
#4075 = LINE('',#4076,#4077);
#4076 = CARTESIAN_POINT('',(-23.52276568845,4.244383958515,2.7));
#4077 = VECTOR('',#4078,1.);
#4078 = DIRECTION('',(1.,0.,0.));
#4079 = PCURVE('',#496,#4080);
#4080 = DEFINITIONAL_REPRESENTATION('',(#4081),#4085);
#4081 = LINE('',#4082,#4083);
#4082 = CARTESIAN_POINT('',(0.,-1.25));
#4083 = VECTOR('',#4084,1.);
#4084 = DIRECTION('',(1.,0.));
#4085 = ( GEOMETRIC_REPRESENTATION_CONTEXT(2) 
PARAMETRIC_REPRESENTATION_CONTEXT() REPRESENTATION_CONTEXT('2D SPACE',''
  ) );
#4086 = PCURVE('',#3739,#4087);
#4087 = DEFINITIONAL_REPRESENTATION('',(#4088),#4092);
#4088 = LINE('',#4089,#4090);
#4089 = CARTESIAN_POINT('',(6.853813892193,8.082736288345));
#4090 = VECTOR('',#4091,1.);
#4091 = DIRECTION('',(1.,0.));
#4092 = ( GEOMETRIC_REPRESENTATION_CONTEXT(2) 
PARAMETRIC_REPRESENTATION_CONTEXT() REPRESENTATION_CONTEXT('2D SPACE',''
  ) );
#4093 = ORIENTED_EDGE('',*,*,#4094,.F.);
#4094 = EDGE_CURVE('',#482,#4072,#4095,.T.);
#4095 = SURFACE_CURVE('',#4096,(#4100,#4107),.PCURVE_S1.);
#4096 = LINE('',#4097,#4098);
#4097 = CARTESIAN_POINT('',(-21.89322541866,4.244383958515,1.45));
#4098 = VECTOR('',#4099,1.);
#4099 = DIRECTION('',(0.,0.,1.));
#4100 = PCURVE('',#496,#4101);
#4101 = DEFINITIONAL_REPRESENTATION('',(#4102),#4106);
#4102 = LINE('',#4103,#4104);
#4103 = CARTESIAN_POINT('',(1.629540269787,0.));
#4104 = VECTOR('',#4105,1.);
#4105 = DIRECTION('',(0.,-1.));
#4106 = ( GEOMETRIC_REPRESENTATION_CONTEXT(2) 
PARAMETRIC_REPRESENTATION_CONTEXT() REPRESENTATION_CONTEXT('2D SPACE',''
  ) );
#4107 = PCURVE('',#522,#4108);
#4108 = DEFINITIONAL_REPRESENTATION('',(#4109),#4113);
#4109 = LINE('',#4110,#4111);
#4110 = CARTESIAN_POINT('',(0.,0.));
#4111 = VECTOR('',#4112,1.);
#4112 = DIRECTION('',(0.,-1.));
#4113 = ( GEOMETRIC_REPRESENTATION_CONTEXT(2) 
PARAMETRIC_REPRESENTATION_CONTEXT() REPRESENTATION_CONTEXT('2D SPACE',''
  ) );
#4114 = ADVANCED_FACE('',(#4115),#626,.T.);
#4115 = FACE_BOUND('',#4116,.T.);
#4116 = EDGE_LOOP('',(#4117,#4118,#4141,#4162));
#4117 = ORIENTED_EDGE('',*,*,#611,.T.);
#4118 = ORIENTED_EDGE('',*,*,#4119,.T.);
#4119 = EDGE_CURVE('',#586,#4120,#4122,.T.);
#4120 = VERTEX_POINT('',#4121);
#4121 = CARTESIAN_POINT('',(-25.04403085725,-2.284604630731,2.7));
#4122 = SURFACE_CURVE('',#4123,(#4127,#4134),.PCURVE_S1.);
#4123 = LINE('',#4124,#4125);
#4124 = CARTESIAN_POINT('',(-25.04403085725,-2.284604630731,1.45));
#4125 = VECTOR('',#4126,1.);
#4126 = DIRECTION('',(0.,0.,1.));
#4127 = PCURVE('',#626,#4128);
#4128 = DEFINITIONAL_REPRESENTATION('',(#4129),#4133);
#4129 = LINE('',#4130,#4131);
#4130 = CARTESIAN_POINT('',(0.,-0.));
#4131 = VECTOR('',#4132,1.);
#4132 = DIRECTION('',(0.,-1.));
#4133 = ( GEOMETRIC_REPRESENTATION_CONTEXT(2) 
PARAMETRIC_REPRESENTATION_CONTEXT() REPRESENTATION_CONTEXT('2D SPACE',''
  ) );
#4134 = PCURVE('',#600,#4135);
#4135 = DEFINITIONAL_REPRESENTATION('',(#4136),#4140);
#4136 = LINE('',#4137,#4138);
#4137 = CARTESIAN_POINT('',(5.922561422824,0.));
#4138 = VECTOR('',#4139,1.);
#4139 = DIRECTION('',(0.,-1.));
#4140 = ( GEOMETRIC_REPRESENTATION_CONTEXT(2) 
PARAMETRIC_REPRESENTATION_CONTEXT() REPRESENTATION_CONTEXT('2D SPACE',''
  ) );
#4141 = ORIENTED_EDGE('',*,*,#4142,.T.);
#4142 = EDGE_CURVE('',#4120,#4022,#4143,.T.);
#4143 = SURFACE_CURVE('',#4144,(#4148,#4155),.PCURVE_S1.);
#4144 = LINE('',#4145,#4146);
#4145 = CARTESIAN_POINT('',(-25.04403085725,-2.284604630731,2.7));
#4146 = VECTOR('',#4147,1.);
#4147 = DIRECTION('',(-1.,0.,0.));
#4148 = PCURVE('',#626,#4149);
#4149 = DEFINITIONAL_REPRESENTATION('',(#4150),#4154);
#4150 = LINE('',#4151,#4152);
#4151 = CARTESIAN_POINT('',(0.,-1.25));
#4152 = VECTOR('',#4153,1.);
#4153 = DIRECTION('',(1.,0.));
#4154 = ( GEOMETRIC_REPRESENTATION_CONTEXT(2) 
PARAMETRIC_REPRESENTATION_CONTEXT() REPRESENTATION_CONTEXT('2D SPACE',''
  ) );
#4155 = PCURVE('',#3739,#4156);
#4156 = DEFINITIONAL_REPRESENTATION('',(#4157),#4161);
#4157 = LINE('',#4158,#4159);
#4158 = CARTESIAN_POINT('',(5.332548723389,1.553747699099));
#4159 = VECTOR('',#4160,1.);
#4160 = DIRECTION('',(-1.,0.));
#4161 = ( GEOMETRIC_REPRESENTATION_CONTEXT(2) 
PARAMETRIC_REPRESENTATION_CONTEXT() REPRESENTATION_CONTEXT('2D SPACE',''
  ) );
#4162 = ORIENTED_EDGE('',*,*,#4021,.F.);
#4163 = ADVANCED_FACE('',(#4164),#522,.T.);
#4164 = FACE_BOUND('',#4165,.T.);
#4165 = EDGE_LOOP('',(#4166,#4167,#4168,#4191));
#4166 = ORIENTED_EDGE('',*,*,#507,.T.);
#4167 = ORIENTED_EDGE('',*,*,#4094,.T.);
#4168 = ORIENTED_EDGE('',*,*,#4169,.T.);
#4169 = EDGE_CURVE('',#4072,#4170,#4172,.T.);
#4170 = VERTEX_POINT('',#4171);
#4171 = CARTESIAN_POINT('',(-21.89322541866,-3.83835232983,2.7));
#4172 = SURFACE_CURVE('',#4173,(#4177,#4184),.PCURVE_S1.);
#4173 = LINE('',#4174,#4175);
#4174 = CARTESIAN_POINT('',(-21.89322541866,4.244383958515,2.7));
#4175 = VECTOR('',#4176,1.);
#4176 = DIRECTION('',(0.,-1.,0.));
#4177 = PCURVE('',#522,#4178);
#4178 = DEFINITIONAL_REPRESENTATION('',(#4179),#4183);
#4179 = LINE('',#4180,#4181);
#4180 = CARTESIAN_POINT('',(0.,-1.25));
#4181 = VECTOR('',#4182,1.);
#4182 = DIRECTION('',(1.,0.));
#4183 = ( GEOMETRIC_REPRESENTATION_CONTEXT(2) 
PARAMETRIC_REPRESENTATION_CONTEXT() REPRESENTATION_CONTEXT('2D SPACE',''
  ) );
#4184 = PCURVE('',#3739,#4185);
#4185 = DEFINITIONAL_REPRESENTATION('',(#4186),#4190);
#4186 = LINE('',#4187,#4188);
#4187 = CARTESIAN_POINT('',(8.48335416198,8.082736288345));
#4188 = VECTOR('',#4189,1.);
#4189 = DIRECTION('',(0.,-1.));
#4190 = ( GEOMETRIC_REPRESENTATION_CONTEXT(2) 
PARAMETRIC_REPRESENTATION_CONTEXT() REPRESENTATION_CONTEXT('2D SPACE',''
  ) );
#4191 = ORIENTED_EDGE('',*,*,#4192,.F.);
#4192 = EDGE_CURVE('',#508,#4170,#4193,.T.);
#4193 = SURFACE_CURVE('',#4194,(#4198,#4205),.PCURVE_S1.);
#4194 = LINE('',#4195,#4196);
#4195 = CARTESIAN_POINT('',(-21.89322541866,-3.83835232983,1.45));
#4196 = VECTOR('',#4197,1.);
#4197 = DIRECTION('',(0.,0.,1.));
#4198 = PCURVE('',#522,#4199);
#4199 = DEFINITIONAL_REPRESENTATION('',(#4200),#4204);
#4200 = LINE('',#4201,#4202);
#4201 = CARTESIAN_POINT('',(8.082736288345,0.));
#4202 = VECTOR('',#4203,1.);
#4203 = DIRECTION('',(0.,-1.));
#4204 = ( GEOMETRIC_REPRESENTATION_CONTEXT(2) 
PARAMETRIC_REPRESENTATION_CONTEXT() REPRESENTATION_CONTEXT('2D SPACE',''
  ) );
#4205 = PCURVE('',#548,#4206);
#4206 = DEFINITIONAL_REPRESENTATION('',(#4207),#4211);
#4207 = LINE('',#4208,#4209);
#4208 = CARTESIAN_POINT('',(0.,-0.));
#4209 = VECTOR('',#4210,1.);
#4210 = DIRECTION('',(0.,-1.));
#4211 = ( GEOMETRIC_REPRESENTATION_CONTEXT(2) 
PARAMETRIC_REPRESENTATION_CONTEXT() REPRESENTATION_CONTEXT('2D SPACE',''
  ) );
#4212 = ADVANCED_FACE('',(#4213),#600,.T.);
#4213 = FACE_BOUND('',#4214,.T.);
#4214 = EDGE_LOOP('',(#4215,#4216,#4239,#4260));
#4215 = ORIENTED_EDGE('',*,*,#585,.T.);
#4216 = ORIENTED_EDGE('',*,*,#4217,.T.);
#4217 = EDGE_CURVE('',#560,#4218,#4220,.T.);
#4218 = VERTEX_POINT('',#4219);
#4219 = CARTESIAN_POINT('',(-22.95973516334,3.259080539574,2.7));
#4220 = SURFACE_CURVE('',#4221,(#4225,#4232),.PCURVE_S1.);
#4221 = LINE('',#4222,#4223);
#4222 = CARTESIAN_POINT('',(-22.95973516334,3.259080539574,1.45));
#4223 = VECTOR('',#4224,1.);
#4224 = DIRECTION('',(0.,0.,1.));
#4225 = PCURVE('',#600,#4226);
#4226 = DEFINITIONAL_REPRESENTATION('',(#4227),#4231);
#4227 = LINE('',#4228,#4229);
#4228 = CARTESIAN_POINT('',(0.,0.));
#4229 = VECTOR('',#4230,1.);
#4230 = DIRECTION('',(0.,-1.));
#4231 = ( GEOMETRIC_REPRESENTATION_CONTEXT(2) 
PARAMETRIC_REPRESENTATION_CONTEXT() REPRESENTATION_CONTEXT('2D SPACE',''
  ) );
#4232 = PCURVE('',#574,#4233);
#4233 = DEFINITIONAL_REPRESENTATION('',(#4234),#4238);
#4234 = LINE('',#4235,#4236);
#4235 = CARTESIAN_POINT('',(7.097432869404,0.));
#4236 = VECTOR('',#4237,1.);
#4237 = DIRECTION('',(0.,-1.));
#4238 = ( GEOMETRIC_REPRESENTATION_CONTEXT(2) 
PARAMETRIC_REPRESENTATION_CONTEXT() REPRESENTATION_CONTEXT('2D SPACE',''
  ) );
#4239 = ORIENTED_EDGE('',*,*,#4240,.T.);
#4240 = EDGE_CURVE('',#4218,#4120,#4241,.T.);
#4241 = SURFACE_CURVE('',#4242,(#4246,#4253),.PCURVE_S1.);
#4242 = LINE('',#4243,#4244);
#4243 = CARTESIAN_POINT('',(-22.95973516334,3.259080539574,2.7));
#4244 = VECTOR('',#4245,1.);
#4245 = DIRECTION('',(-0.351924707084,-0.936028311828,0.));
#4246 = PCURVE('',#600,#4247);
#4247 = DEFINITIONAL_REPRESENTATION('',(#4248),#4252);
#4248 = LINE('',#4249,#4250);
#4249 = CARTESIAN_POINT('',(0.,-1.25));
#4250 = VECTOR('',#4251,1.);
#4251 = DIRECTION('',(1.,0.));
#4252 = ( GEOMETRIC_REPRESENTATION_CONTEXT(2) 
PARAMETRIC_REPRESENTATION_CONTEXT() REPRESENTATION_CONTEXT('2D SPACE',''
  ) );
#4253 = PCURVE('',#3739,#4254);
#4254 = DEFINITIONAL_REPRESENTATION('',(#4255),#4259);
#4255 = LINE('',#4256,#4257);
#4256 = CARTESIAN_POINT('',(7.416844417302,7.097432869404));
#4257 = VECTOR('',#4258,1.);
#4258 = DIRECTION('',(-0.351924707084,-0.936028311828));
#4259 = ( GEOMETRIC_REPRESENTATION_CONTEXT(2) 
PARAMETRIC_REPRESENTATION_CONTEXT() REPRESENTATION_CONTEXT('2D SPACE',''
  ) );
#4260 = ORIENTED_EDGE('',*,*,#4119,.F.);
#4261 = ADVANCED_FACE('',(#4262),#548,.T.);
#4262 = FACE_BOUND('',#4263,.T.);
#4263 = EDGE_LOOP('',(#4264,#4265,#4266,#4289));
#4264 = ORIENTED_EDGE('',*,*,#533,.T.);
#4265 = ORIENTED_EDGE('',*,*,#4192,.T.);
#4266 = ORIENTED_EDGE('',*,*,#4267,.T.);
#4267 = EDGE_CURVE('',#4170,#4268,#4270,.T.);
#4268 = VERTEX_POINT('',#4269);
#4269 = CARTESIAN_POINT('',(-22.95973516334,-3.83835232983,2.7));
#4270 = SURFACE_CURVE('',#4271,(#4275,#4282),.PCURVE_S1.);
#4271 = LINE('',#4272,#4273);
#4272 = CARTESIAN_POINT('',(-21.89322541866,-3.83835232983,2.7));
#4273 = VECTOR('',#4274,1.);
#4274 = DIRECTION('',(-1.,0.,0.));
#4275 = PCURVE('',#548,#4276);
#4276 = DEFINITIONAL_REPRESENTATION('',(#4277),#4281);
#4277 = LINE('',#4278,#4279);
#4278 = CARTESIAN_POINT('',(0.,-1.25));
#4279 = VECTOR('',#4280,1.);
#4280 = DIRECTION('',(1.,0.));
#4281 = ( GEOMETRIC_REPRESENTATION_CONTEXT(2) 
PARAMETRIC_REPRESENTATION_CONTEXT() REPRESENTATION_CONTEXT('2D SPACE',''
  ) );
#4282 = PCURVE('',#3739,#4283);
#4283 = DEFINITIONAL_REPRESENTATION('',(#4284),#4288);
#4284 = LINE('',#4285,#4286);
#4285 = CARTESIAN_POINT('',(8.48335416198,0.));
#4286 = VECTOR('',#4287,1.);
#4287 = DIRECTION('',(-1.,0.));
#4288 = ( GEOMETRIC_REPRESENTATION_CONTEXT(2) 
PARAMETRIC_REPRESENTATION_CONTEXT() REPRESENTATION_CONTEXT('2D SPACE',''
  ) );
#4289 = ORIENTED_EDGE('',*,*,#4290,.F.);
#4290 = EDGE_CURVE('',#534,#4268,#4291,.T.);
#4291 = SURFACE_CURVE('',#4292,(#4296,#4303),.PCURVE_S1.);
#4292 = LINE('',#4293,#4294);
#4293 = CARTESIAN_POINT('',(-22.95973516334,-3.83835232983,1.45));
#4294 = VECTOR('',#4295,1.);
#4295 = DIRECTION('',(0.,0.,1.));
#4296 = PCURVE('',#548,#4297);
#4297 = DEFINITIONAL_REPRESENTATION('',(#4298),#4302);
#4298 = LINE('',#4299,#4300);
#4299 = CARTESIAN_POINT('',(1.066509744678,0.));
#4300 = VECTOR('',#4301,1.);
#4301 = DIRECTION('',(0.,-1.));
#4302 = ( GEOMETRIC_REPRESENTATION_CONTEXT(2) 
PARAMETRIC_REPRESENTATION_CONTEXT() REPRESENTATION_CONTEXT('2D SPACE',''
  ) );
#4303 = PCURVE('',#574,#4304);
#4304 = DEFINITIONAL_REPRESENTATION('',(#4305),#4309);
#4305 = LINE('',#4306,#4307);
#4306 = CARTESIAN_POINT('',(0.,0.));
#4307 = VECTOR('',#4308,1.);
#4308 = DIRECTION('',(0.,-1.));
#4309 = ( GEOMETRIC_REPRESENTATION_CONTEXT(2) 
PARAMETRIC_REPRESENTATION_CONTEXT() REPRESENTATION_CONTEXT('2D SPACE',''
  ) );
#4310 = ADVANCED_FACE('',(#4311),#574,.T.);
#4311 = FACE_BOUND('',#4312,.T.);
#4312 = EDGE_LOOP('',(#4313,#4314,#4315,#4336));
#4313 = ORIENTED_EDGE('',*,*,#559,.T.);
#4314 = ORIENTED_EDGE('',*,*,#4290,.T.);
#4315 = ORIENTED_EDGE('',*,*,#4316,.T.);
#4316 = EDGE_CURVE('',#4268,#4218,#4317,.T.);
#4317 = SURFACE_CURVE('',#4318,(#4322,#4329),.PCURVE_S1.);
#4318 = LINE('',#4319,#4320);
#4319 = CARTESIAN_POINT('',(-22.95973516334,-3.83835232983,2.7));
#4320 = VECTOR('',#4321,1.);
#4321 = DIRECTION('',(0.,1.,0.));
#4322 = PCURVE('',#574,#4323);
#4323 = DEFINITIONAL_REPRESENTATION('',(#4324),#4328);
#4324 = LINE('',#4325,#4326);
#4325 = CARTESIAN_POINT('',(0.,-1.25));
#4326 = VECTOR('',#4327,1.);
#4327 = DIRECTION('',(1.,0.));
#4328 = ( GEOMETRIC_REPRESENTATION_CONTEXT(2) 
PARAMETRIC_REPRESENTATION_CONTEXT() REPRESENTATION_CONTEXT('2D SPACE',''
  ) );
#4329 = PCURVE('',#3739,#4330);
#4330 = DEFINITIONAL_REPRESENTATION('',(#4331),#4335);
#4331 = LINE('',#4332,#4333);
#4332 = CARTESIAN_POINT('',(7.416844417302,0.));
#4333 = VECTOR('',#4334,1.);
#4334 = DIRECTION('',(0.,1.));
#4335 = ( GEOMETRIC_REPRESENTATION_CONTEXT(2) 
PARAMETRIC_REPRESENTATION_CONTEXT() REPRESENTATION_CONTEXT('2D SPACE',''
  ) );
#4336 = ORIENTED_EDGE('',*,*,#4217,.F.);
#4337 = ADVANCED_FACE('',(#4338),#732,.T.);
#4338 = FACE_BOUND('',#4339,.T.);
#4339 = EDGE_LOOP('',(#4340,#4341,#4364,#4392));
#4340 = ORIENTED_EDGE('',*,*,#715,.T.);
#4341 = ORIENTED_EDGE('',*,*,#4342,.T.);
#4342 = EDGE_CURVE('',#718,#4343,#4345,.T.);
#4343 = VERTEX_POINT('',#4344);
#4344 = CARTESIAN_POINT('',(-4.866965789164,-3.83835232983,2.7));
#4345 = SURFACE_CURVE('',#4346,(#4350,#4357),.PCURVE_S1.);
#4346 = LINE('',#4347,#4348);
#4347 = CARTESIAN_POINT('',(-4.866965789164,-3.83835232983,1.45));
#4348 = VECTOR('',#4349,1.);
#4349 = DIRECTION('',(0.,0.,1.));
#4350 = PCURVE('',#732,#4351);
#4351 = DEFINITIONAL_REPRESENTATION('',(#4352),#4356);
#4352 = LINE('',#4353,#4354);
#4353 = CARTESIAN_POINT('',(0.,0.));
#4354 = VECTOR('',#4355,1.);
#4355 = DIRECTION('',(0.,-1.));
#4356 = ( GEOMETRIC_REPRESENTATION_CONTEXT(2) 
PARAMETRIC_REPRESENTATION_CONTEXT() REPRESENTATION_CONTEXT('2D SPACE',''
  ) );
#4357 = PCURVE('',#1016,#4358);
#4358 = DEFINITIONAL_REPRESENTATION('',(#4359),#4363);
#4359 = LINE('',#4360,#4361);
#4360 = CARTESIAN_POINT('',(5.208032357259,0.));
#4361 = VECTOR('',#4362,1.);
#4362 = DIRECTION('',(0.,-1.));
#4363 = ( GEOMETRIC_REPRESENTATION_CONTEXT(2) 
PARAMETRIC_REPRESENTATION_CONTEXT() REPRESENTATION_CONTEXT('2D SPACE',''
  ) );
#4364 = ORIENTED_EDGE('',*,*,#4365,.T.);
#4365 = EDGE_CURVE('',#4343,#4366,#4368,.T.);
#4366 = VERTEX_POINT('',#4367);
#4367 = CARTESIAN_POINT('',(-4.866965789164,4.244383958515,2.7));
#4368 = SURFACE_CURVE('',#4369,(#4373,#4380),.PCURVE_S1.);
#4369 = LINE('',#4370,#4371);
#4370 = CARTESIAN_POINT('',(-4.866965789164,-3.83835232983,2.7));
#4371 = VECTOR('',#4372,1.);
#4372 = DIRECTION('',(0.,1.,0.));
#4373 = PCURVE('',#732,#4374);
#4374 = DEFINITIONAL_REPRESENTATION('',(#4375),#4379);
#4375 = LINE('',#4376,#4377);
#4376 = CARTESIAN_POINT('',(0.,-1.25));
#4377 = VECTOR('',#4378,1.);
#4378 = DIRECTION('',(1.,0.));
#4379 = ( GEOMETRIC_REPRESENTATION_CONTEXT(2) 
PARAMETRIC_REPRESENTATION_CONTEXT() REPRESENTATION_CONTEXT('2D SPACE',''
  ) );
#4380 = PCURVE('',#4381,#4386);
#4381 = PLANE('',#4382);
#4382 = AXIS2_PLACEMENT_3D('',#4383,#4384,#4385);
#4383 = CARTESIAN_POINT('',(-5.955130554038,-3.83835232983,2.7));
#4384 = DIRECTION('',(0.,0.,1.));
#4385 = DIRECTION('',(1.,0.,0.));
#4386 = DEFINITIONAL_REPRESENTATION('',(#4387),#4391);
#4387 = LINE('',#4388,#4389);
#4388 = CARTESIAN_POINT('',(1.088164764874,0.));
#4389 = VECTOR('',#4390,1.);
#4390 = DIRECTION('',(0.,1.));
#4391 = ( GEOMETRIC_REPRESENTATION_CONTEXT(2) 
PARAMETRIC_REPRESENTATION_CONTEXT() REPRESENTATION_CONTEXT('2D SPACE',''
  ) );
#4392 = ORIENTED_EDGE('',*,*,#4393,.F.);
#4393 = EDGE_CURVE('',#716,#4366,#4394,.T.);
#4394 = SURFACE_CURVE('',#4395,(#4399,#4406),.PCURVE_S1.);
#4395 = LINE('',#4396,#4397);
#4396 = CARTESIAN_POINT('',(-4.866965789164,4.244383958515,1.45));
#4397 = VECTOR('',#4398,1.);
#4398 = DIRECTION('',(0.,0.,1.));
#4399 = PCURVE('',#732,#4400);
#4400 = DEFINITIONAL_REPRESENTATION('',(#4401),#4405);
#4401 = LINE('',#4402,#4403);
#4402 = CARTESIAN_POINT('',(8.082736288345,0.));
#4403 = VECTOR('',#4404,1.);
#4404 = DIRECTION('',(0.,-1.));
#4405 = ( GEOMETRIC_REPRESENTATION_CONTEXT(2) 
PARAMETRIC_REPRESENTATION_CONTEXT() REPRESENTATION_CONTEXT('2D SPACE',''
  ) );
#4406 = PCURVE('',#758,#4407);
#4407 = DEFINITIONAL_REPRESENTATION('',(#4408),#4412);
#4408 = LINE('',#4409,#4410);
#4409 = CARTESIAN_POINT('',(0.,0.));
#4410 = VECTOR('',#4411,1.);
#4411 = DIRECTION('',(0.,-1.));
#4412 = ( GEOMETRIC_REPRESENTATION_CONTEXT(2) 
PARAMETRIC_REPRESENTATION_CONTEXT() REPRESENTATION_CONTEXT('2D SPACE',''
  ) );
#4413 = ADVANCED_FACE('',(#4414),#758,.T.);
#4414 = FACE_BOUND('',#4415,.T.);
#4415 = EDGE_LOOP('',(#4416,#4417,#4418,#4441));
#4416 = ORIENTED_EDGE('',*,*,#743,.T.);
#4417 = ORIENTED_EDGE('',*,*,#4393,.T.);
#4418 = ORIENTED_EDGE('',*,*,#4419,.T.);
#4419 = EDGE_CURVE('',#4366,#4420,#4422,.T.);
#4420 = VERTEX_POINT('',#4421);
#4421 = CARTESIAN_POINT('',(0.243618977211,4.244383958515,2.7));
#4422 = SURFACE_CURVE('',#4423,(#4427,#4434),.PCURVE_S1.);
#4423 = LINE('',#4424,#4425);
#4424 = CARTESIAN_POINT('',(-4.866965789164,4.244383958515,2.7));
#4425 = VECTOR('',#4426,1.);
#4426 = DIRECTION('',(1.,0.,0.));
#4427 = PCURVE('',#758,#4428);
#4428 = DEFINITIONAL_REPRESENTATION('',(#4429),#4433);
#4429 = LINE('',#4430,#4431);
#4430 = CARTESIAN_POINT('',(0.,-1.25));
#4431 = VECTOR('',#4432,1.);
#4432 = DIRECTION('',(1.,0.));
#4433 = ( GEOMETRIC_REPRESENTATION_CONTEXT(2) 
PARAMETRIC_REPRESENTATION_CONTEXT() REPRESENTATION_CONTEXT('2D SPACE',''
  ) );
#4434 = PCURVE('',#4381,#4435);
#4435 = DEFINITIONAL_REPRESENTATION('',(#4436),#4440);
#4436 = LINE('',#4437,#4438);
#4437 = CARTESIAN_POINT('',(1.088164764874,8.082736288345));
#4438 = VECTOR('',#4439,1.);
#4439 = DIRECTION('',(1.,0.));
#4440 = ( GEOMETRIC_REPRESENTATION_CONTEXT(2) 
PARAMETRIC_REPRESENTATION_CONTEXT() REPRESENTATION_CONTEXT('2D SPACE',''
  ) );
#4441 = ORIENTED_EDGE('',*,*,#4442,.F.);
#4442 = EDGE_CURVE('',#744,#4420,#4443,.T.);
#4443 = SURFACE_CURVE('',#4444,(#4448,#4455),.PCURVE_S1.);
#4444 = LINE('',#4445,#4446);
#4445 = CARTESIAN_POINT('',(0.243618977211,4.244383958515,1.45));
#4446 = VECTOR('',#4447,1.);
#4447 = DIRECTION('',(0.,0.,1.));
#4448 = PCURVE('',#758,#4449);
#4449 = DEFINITIONAL_REPRESENTATION('',(#4450),#4454);
#4450 = LINE('',#4451,#4452);
#4451 = CARTESIAN_POINT('',(5.110584766375,0.));
#4452 = VECTOR('',#4453,1.);
#4453 = DIRECTION('',(0.,-1.));
#4454 = ( GEOMETRIC_REPRESENTATION_CONTEXT(2) 
PARAMETRIC_REPRESENTATION_CONTEXT() REPRESENTATION_CONTEXT('2D SPACE',''
  ) );
#4455 = PCURVE('',#784,#4456);
#4456 = DEFINITIONAL_REPRESENTATION('',(#4457),#4461);
#4457 = LINE('',#4458,#4459);
#4458 = CARTESIAN_POINT('',(0.,0.));
#4459 = VECTOR('',#4460,1.);
#4460 = DIRECTION('',(0.,-1.));
#4461 = ( GEOMETRIC_REPRESENTATION_CONTEXT(2) 
PARAMETRIC_REPRESENTATION_CONTEXT() REPRESENTATION_CONTEXT('2D SPACE',''
  ) );
#4462 = ADVANCED_FACE('',(#4463),#1016,.T.);
#4463 = FACE_BOUND('',#4464,.T.);
#4464 = EDGE_LOOP('',(#4465,#4466,#4489,#4510));
#4465 = ORIENTED_EDGE('',*,*,#1003,.T.);
#4466 = ORIENTED_EDGE('',*,*,#4467,.T.);
#4467 = EDGE_CURVE('',#978,#4468,#4470,.T.);
#4468 = VERTEX_POINT('',#4469);
#4469 = CARTESIAN_POINT('',(0.341066568095,-3.83835232983,2.7));
#4470 = SURFACE_CURVE('',#4471,(#4475,#4482),.PCURVE_S1.);
#4471 = LINE('',#4472,#4473);
#4472 = CARTESIAN_POINT('',(0.341066568095,-3.83835232983,1.45));
#4473 = VECTOR('',#4474,1.);
#4474 = DIRECTION('',(0.,0.,1.));
#4475 = PCURVE('',#1016,#4476);
#4476 = DEFINITIONAL_REPRESENTATION('',(#4477),#4481);
#4477 = LINE('',#4478,#4479);
#4478 = CARTESIAN_POINT('',(0.,-0.));
#4479 = VECTOR('',#4480,1.);
#4480 = DIRECTION('',(0.,-1.));
#4481 = ( GEOMETRIC_REPRESENTATION_CONTEXT(2) 
PARAMETRIC_REPRESENTATION_CONTEXT() REPRESENTATION_CONTEXT('2D SPACE',''
  ) );
#4482 = PCURVE('',#992,#4483);
#4483 = DEFINITIONAL_REPRESENTATION('',(#4484),#4488);
#4484 = LINE('',#4485,#4486);
#4485 = CARTESIAN_POINT('',(0.920338358351,0.));
#4486 = VECTOR('',#4487,1.);
#4487 = DIRECTION('',(0.,-1.));
#4488 = ( GEOMETRIC_REPRESENTATION_CONTEXT(2) 
PARAMETRIC_REPRESENTATION_CONTEXT() REPRESENTATION_CONTEXT('2D SPACE',''
  ) );
#4489 = ORIENTED_EDGE('',*,*,#4490,.T.);
#4490 = EDGE_CURVE('',#4468,#4343,#4491,.T.);
#4491 = SURFACE_CURVE('',#4492,(#4496,#4503),.PCURVE_S1.);
#4492 = LINE('',#4493,#4494);
#4493 = CARTESIAN_POINT('',(0.341066568095,-3.83835232983,2.7));
#4494 = VECTOR('',#4495,1.);
#4495 = DIRECTION('',(-1.,0.,0.));
#4496 = PCURVE('',#1016,#4497);
#4497 = DEFINITIONAL_REPRESENTATION('',(#4498),#4502);
#4498 = LINE('',#4499,#4500);
#4499 = CARTESIAN_POINT('',(0.,-1.25));
#4500 = VECTOR('',#4501,1.);
#4501 = DIRECTION('',(1.,0.));
#4502 = ( GEOMETRIC_REPRESENTATION_CONTEXT(2) 
PARAMETRIC_REPRESENTATION_CONTEXT() REPRESENTATION_CONTEXT('2D SPACE',''
  ) );
#4503 = PCURVE('',#4381,#4504);
#4504 = DEFINITIONAL_REPRESENTATION('',(#4505),#4509);
#4505 = LINE('',#4506,#4507);
#4506 = CARTESIAN_POINT('',(6.296197122133,0.));
#4507 = VECTOR('',#4508,1.);
#4508 = DIRECTION('',(-1.,0.));
#4509 = ( GEOMETRIC_REPRESENTATION_CONTEXT(2) 
PARAMETRIC_REPRESENTATION_CONTEXT() REPRESENTATION_CONTEXT('2D SPACE',''
  ) );
#4510 = ORIENTED_EDGE('',*,*,#4342,.F.);
#4511 = ADVANCED_FACE('',(#4512),#784,.T.);
#4512 = FACE_BOUND('',#4513,.T.);
#4513 = EDGE_LOOP('',(#4514,#4515,#4516,#4539));
#4514 = ORIENTED_EDGE('',*,*,#769,.T.);
#4515 = ORIENTED_EDGE('',*,*,#4442,.T.);
#4516 = ORIENTED_EDGE('',*,*,#4517,.T.);
#4517 = EDGE_CURVE('',#4420,#4518,#4520,.T.);
#4518 = VERTEX_POINT('',#4519);
#4519 = CARTESIAN_POINT('',(0.243618977211,3.324045600163,2.7));
#4520 = SURFACE_CURVE('',#4521,(#4525,#4532),.PCURVE_S1.);
#4521 = LINE('',#4522,#4523);
#4522 = CARTESIAN_POINT('',(0.243618977211,4.244383958515,2.7));
#4523 = VECTOR('',#4524,1.);
#4524 = DIRECTION('',(0.,-1.,0.));
#4525 = PCURVE('',#784,#4526);
#4526 = DEFINITIONAL_REPRESENTATION('',(#4527),#4531);
#4527 = LINE('',#4528,#4529);
#4528 = CARTESIAN_POINT('',(0.,-1.25));
#4529 = VECTOR('',#4530,1.);
#4530 = DIRECTION('',(1.,0.));
#4531 = ( GEOMETRIC_REPRESENTATION_CONTEXT(2) 
PARAMETRIC_REPRESENTATION_CONTEXT() REPRESENTATION_CONTEXT('2D SPACE',''
  ) );
#4532 = PCURVE('',#4381,#4533);
#4533 = DEFINITIONAL_REPRESENTATION('',(#4534),#4538);
#4534 = LINE('',#4535,#4536);
#4535 = CARTESIAN_POINT('',(6.198749531249,8.082736288345));
#4536 = VECTOR('',#4537,1.);
#4537 = DIRECTION('',(0.,-1.));
#4538 = ( GEOMETRIC_REPRESENTATION_CONTEXT(2) 
PARAMETRIC_REPRESENTATION_CONTEXT() REPRESENTATION_CONTEXT('2D SPACE',''
  ) );
#4539 = ORIENTED_EDGE('',*,*,#4540,.F.);
#4540 = EDGE_CURVE('',#770,#4518,#4541,.T.);
#4541 = SURFACE_CURVE('',#4542,(#4546,#4553),.PCURVE_S1.);
#4542 = LINE('',#4543,#4544);
#4543 = CARTESIAN_POINT('',(0.243618977211,3.324045600163,1.45));
#4544 = VECTOR('',#4545,1.);
#4545 = DIRECTION('',(0.,0.,1.));
#4546 = PCURVE('',#784,#4547);
#4547 = DEFINITIONAL_REPRESENTATION('',(#4548),#4552);
#4548 = LINE('',#4549,#4550);
#4549 = CARTESIAN_POINT('',(0.920338358351,0.));
#4550 = VECTOR('',#4551,1.);
#4551 = DIRECTION('',(0.,-1.));
#4552 = ( GEOMETRIC_REPRESENTATION_CONTEXT(2) 
PARAMETRIC_REPRESENTATION_CONTEXT() REPRESENTATION_CONTEXT('2D SPACE',''
  ) );
#4553 = PCURVE('',#810,#4554);
#4554 = DEFINITIONAL_REPRESENTATION('',(#4555),#4559);
#4555 = LINE('',#4556,#4557);
#4556 = CARTESIAN_POINT('',(0.,-0.));
#4557 = VECTOR('',#4558,1.);
#4558 = DIRECTION('',(0.,-1.));
#4559 = ( GEOMETRIC_REPRESENTATION_CONTEXT(2) 
PARAMETRIC_REPRESENTATION_CONTEXT() REPRESENTATION_CONTEXT('2D SPACE',''
  ) );
#4560 = ADVANCED_FACE('',(#4561),#992,.T.);
#4561 = FACE_BOUND('',#4562,.T.);
#4562 = EDGE_LOOP('',(#4563,#4564,#4587,#4608));
#4563 = ORIENTED_EDGE('',*,*,#977,.T.);
#4564 = ORIENTED_EDGE('',*,*,#4565,.T.);
#4565 = EDGE_CURVE('',#952,#4566,#4568,.T.);
#4566 = VERTEX_POINT('',#4567);
#4567 = CARTESIAN_POINT('',(0.341066568095,-2.918013971479,2.7));
#4568 = SURFACE_CURVE('',#4569,(#4573,#4580),.PCURVE_S1.);
#4569 = LINE('',#4570,#4571);
#4570 = CARTESIAN_POINT('',(0.341066568095,-2.918013971479,1.45));
#4571 = VECTOR('',#4572,1.);
#4572 = DIRECTION('',(0.,0.,1.));
#4573 = PCURVE('',#992,#4574);
#4574 = DEFINITIONAL_REPRESENTATION('',(#4575),#4579);
#4575 = LINE('',#4576,#4577);
#4576 = CARTESIAN_POINT('',(0.,0.));
#4577 = VECTOR('',#4578,1.);
#4578 = DIRECTION('',(0.,-1.));
#4579 = ( GEOMETRIC_REPRESENTATION_CONTEXT(2) 
PARAMETRIC_REPRESENTATION_CONTEXT() REPRESENTATION_CONTEXT('2D SPACE',''
  ) );
#4580 = PCURVE('',#966,#4581);
#4581 = DEFINITIONAL_REPRESENTATION('',(#4582),#4586);
#4582 = LINE('',#4583,#4584);
#4583 = CARTESIAN_POINT('',(4.114453837335,0.));
#4584 = VECTOR('',#4585,1.);
#4585 = DIRECTION('',(0.,-1.));
#4586 = ( GEOMETRIC_REPRESENTATION_CONTEXT(2) 
PARAMETRIC_REPRESENTATION_CONTEXT() REPRESENTATION_CONTEXT('2D SPACE',''
  ) );
#4587 = ORIENTED_EDGE('',*,*,#4588,.T.);
#4588 = EDGE_CURVE('',#4566,#4468,#4589,.T.);
#4589 = SURFACE_CURVE('',#4590,(#4594,#4601),.PCURVE_S1.);
#4590 = LINE('',#4591,#4592);
#4591 = CARTESIAN_POINT('',(0.341066568095,-2.918013971479,2.7));
#4592 = VECTOR('',#4593,1.);
#4593 = DIRECTION('',(0.,-1.,0.));
#4594 = PCURVE('',#992,#4595);
#4595 = DEFINITIONAL_REPRESENTATION('',(#4596),#4600);
#4596 = LINE('',#4597,#4598);
#4597 = CARTESIAN_POINT('',(0.,-1.25));
#4598 = VECTOR('',#4599,1.);
#4599 = DIRECTION('',(1.,0.));
#4600 = ( GEOMETRIC_REPRESENTATION_CONTEXT(2) 
PARAMETRIC_REPRESENTATION_CONTEXT() REPRESENTATION_CONTEXT('2D SPACE',''
  ) );
#4601 = PCURVE('',#4381,#4602);
#4602 = DEFINITIONAL_REPRESENTATION('',(#4603),#4607);
#4603 = LINE('',#4604,#4605);
#4604 = CARTESIAN_POINT('',(6.296197122133,0.920338358351));
#4605 = VECTOR('',#4606,1.);
#4606 = DIRECTION('',(0.,-1.));
#4607 = ( GEOMETRIC_REPRESENTATION_CONTEXT(2) 
PARAMETRIC_REPRESENTATION_CONTEXT() REPRESENTATION_CONTEXT('2D SPACE',''
  ) );
#4608 = ORIENTED_EDGE('',*,*,#4467,.F.);
#4609 = ADVANCED_FACE('',(#4610),#810,.T.);
#4610 = FACE_BOUND('',#4611,.T.);
#4611 = EDGE_LOOP('',(#4612,#4613,#4614,#4637));
#4612 = ORIENTED_EDGE('',*,*,#795,.T.);
#4613 = ORIENTED_EDGE('',*,*,#4540,.T.);
#4614 = ORIENTED_EDGE('',*,*,#4615,.T.);
#4615 = EDGE_CURVE('',#4518,#4616,#4618,.T.);
#4616 = VERTEX_POINT('',#4617);
#4617 = CARTESIAN_POINT('',(-3.773387269241,3.324045600163,2.7));
#4618 = SURFACE_CURVE('',#4619,(#4623,#4630),.PCURVE_S1.);
#4619 = LINE('',#4620,#4621);
#4620 = CARTESIAN_POINT('',(0.243618977211,3.324045600163,2.7));
#4621 = VECTOR('',#4622,1.);
#4622 = DIRECTION('',(-1.,0.,0.));
#4623 = PCURVE('',#810,#4624);
#4624 = DEFINITIONAL_REPRESENTATION('',(#4625),#4629);
#4625 = LINE('',#4626,#4627);
#4626 = CARTESIAN_POINT('',(0.,-1.25));
#4627 = VECTOR('',#4628,1.);
#4628 = DIRECTION('',(1.,0.));
#4629 = ( GEOMETRIC_REPRESENTATION_CONTEXT(2) 
PARAMETRIC_REPRESENTATION_CONTEXT() REPRESENTATION_CONTEXT('2D SPACE',''
  ) );
#4630 = PCURVE('',#4381,#4631);
#4631 = DEFINITIONAL_REPRESENTATION('',(#4632),#4636);
#4632 = LINE('',#4633,#4634);
#4633 = CARTESIAN_POINT('',(6.198749531249,7.162397929993));
#4634 = VECTOR('',#4635,1.);
#4635 = DIRECTION('',(-1.,0.));
#4636 = ( GEOMETRIC_REPRESENTATION_CONTEXT(2) 
PARAMETRIC_REPRESENTATION_CONTEXT() REPRESENTATION_CONTEXT('2D SPACE',''
  ) );
#4637 = ORIENTED_EDGE('',*,*,#4638,.F.);
#4638 = EDGE_CURVE('',#796,#4616,#4639,.T.);
#4639 = SURFACE_CURVE('',#4640,(#4644,#4651),.PCURVE_S1.);
#4640 = LINE('',#4641,#4642);
#4641 = CARTESIAN_POINT('',(-3.773387269241,3.324045600163,1.45));
#4642 = VECTOR('',#4643,1.);
#4643 = DIRECTION('',(0.,0.,1.));
#4644 = PCURVE('',#810,#4645);
#4645 = DEFINITIONAL_REPRESENTATION('',(#4646),#4650);
#4646 = LINE('',#4647,#4648);
#4647 = CARTESIAN_POINT('',(4.017006246451,0.));
#4648 = VECTOR('',#4649,1.);
#4649 = DIRECTION('',(0.,-1.));
#4650 = ( GEOMETRIC_REPRESENTATION_CONTEXT(2) 
PARAMETRIC_REPRESENTATION_CONTEXT() REPRESENTATION_CONTEXT('2D SPACE',''
  ) );
#4651 = PCURVE('',#836,#4652);
#4652 = DEFINITIONAL_REPRESENTATION('',(#4653),#4657);
#4653 = LINE('',#4654,#4655);
#4654 = CARTESIAN_POINT('',(0.,0.));
#4655 = VECTOR('',#4656,1.);
#4656 = DIRECTION('',(0.,-1.));
#4657 = ( GEOMETRIC_REPRESENTATION_CONTEXT(2) 
PARAMETRIC_REPRESENTATION_CONTEXT() REPRESENTATION_CONTEXT('2D SPACE',''
  ) );
#4658 = ADVANCED_FACE('',(#4659),#966,.T.);
#4659 = FACE_BOUND('',#4660,.T.);
#4660 = EDGE_LOOP('',(#4661,#4662,#4685,#4706));
#4661 = ORIENTED_EDGE('',*,*,#951,.T.);
#4662 = ORIENTED_EDGE('',*,*,#4663,.T.);
#4663 = EDGE_CURVE('',#926,#4664,#4666,.T.);
#4664 = VERTEX_POINT('',#4665);
#4665 = CARTESIAN_POINT('',(-3.773387269241,-2.918013971479,2.7));
#4666 = SURFACE_CURVE('',#4667,(#4671,#4678),.PCURVE_S1.);
#4667 = LINE('',#4668,#4669);
#4668 = CARTESIAN_POINT('',(-3.773387269241,-2.918013971479,1.45));
#4669 = VECTOR('',#4670,1.);
#4670 = DIRECTION('',(0.,0.,1.));
#4671 = PCURVE('',#966,#4672);
#4672 = DEFINITIONAL_REPRESENTATION('',(#4673),#4677);
#4673 = LINE('',#4674,#4675);
#4674 = CARTESIAN_POINT('',(0.,0.));
#4675 = VECTOR('',#4676,1.);
#4676 = DIRECTION('',(0.,-1.));
#4677 = ( GEOMETRIC_REPRESENTATION_CONTEXT(2) 
PARAMETRIC_REPRESENTATION_CONTEXT() REPRESENTATION_CONTEXT('2D SPACE',''
  ) );
#4678 = PCURVE('',#940,#4679);
#4679 = DEFINITIONAL_REPRESENTATION('',(#4680),#4684);
#4680 = LINE('',#4681,#4682);
#4681 = CARTESIAN_POINT('',(2.928841481577,0.));
#4682 = VECTOR('',#4683,1.);
#4683 = DIRECTION('',(0.,-1.));
#4684 = ( GEOMETRIC_REPRESENTATION_CONTEXT(2) 
PARAMETRIC_REPRESENTATION_CONTEXT() REPRESENTATION_CONTEXT('2D SPACE',''
  ) );
#4685 = ORIENTED_EDGE('',*,*,#4686,.T.);
#4686 = EDGE_CURVE('',#4664,#4566,#4687,.T.);
#4687 = SURFACE_CURVE('',#4688,(#4692,#4699),.PCURVE_S1.);
#4688 = LINE('',#4689,#4690);
#4689 = CARTESIAN_POINT('',(-3.773387269241,-2.918013971479,2.7));
#4690 = VECTOR('',#4691,1.);
#4691 = DIRECTION('',(1.,0.,0.));
#4692 = PCURVE('',#966,#4693);
#4693 = DEFINITIONAL_REPRESENTATION('',(#4694),#4698);
#4694 = LINE('',#4695,#4696);
#4695 = CARTESIAN_POINT('',(0.,-1.25));
#4696 = VECTOR('',#4697,1.);
#4697 = DIRECTION('',(1.,0.));
#4698 = ( GEOMETRIC_REPRESENTATION_CONTEXT(2) 
PARAMETRIC_REPRESENTATION_CONTEXT() REPRESENTATION_CONTEXT('2D SPACE',''
  ) );
#4699 = PCURVE('',#4381,#4700);
#4700 = DEFINITIONAL_REPRESENTATION('',(#4701),#4705);
#4701 = LINE('',#4702,#4703);
#4702 = CARTESIAN_POINT('',(2.181743284798,0.920338358351));
#4703 = VECTOR('',#4704,1.);
#4704 = DIRECTION('',(1.,0.));
#4705 = ( GEOMETRIC_REPRESENTATION_CONTEXT(2) 
PARAMETRIC_REPRESENTATION_CONTEXT() REPRESENTATION_CONTEXT('2D SPACE',''
  ) );
#4706 = ORIENTED_EDGE('',*,*,#4565,.F.);
#4707 = ADVANCED_FACE('',(#4708),#836,.T.);
#4708 = FACE_BOUND('',#4709,.T.);
#4709 = EDGE_LOOP('',(#4710,#4711,#4712,#4735));
#4710 = ORIENTED_EDGE('',*,*,#821,.T.);
#4711 = ORIENTED_EDGE('',*,*,#4638,.T.);
#4712 = ORIENTED_EDGE('',*,*,#4713,.T.);
#4713 = EDGE_CURVE('',#4616,#4714,#4716,.T.);
#4714 = VERTEX_POINT('',#4715);
#4715 = CARTESIAN_POINT('',(-3.773387269241,0.93116586845,2.7));
#4716 = SURFACE_CURVE('',#4717,(#4721,#4728),.PCURVE_S1.);
#4717 = LINE('',#4718,#4719);
#4718 = CARTESIAN_POINT('',(-3.773387269241,3.324045600163,2.7));
#4719 = VECTOR('',#4720,1.);
#4720 = DIRECTION('',(0.,-1.,0.));
#4721 = PCURVE('',#836,#4722);
#4722 = DEFINITIONAL_REPRESENTATION('',(#4723),#4727);
#4723 = LINE('',#4724,#4725);
#4724 = CARTESIAN_POINT('',(0.,-1.25));
#4725 = VECTOR('',#4726,1.);
#4726 = DIRECTION('',(1.,0.));
#4727 = ( GEOMETRIC_REPRESENTATION_CONTEXT(2) 
PARAMETRIC_REPRESENTATION_CONTEXT() REPRESENTATION_CONTEXT('2D SPACE',''
  ) );
#4728 = PCURVE('',#4381,#4729);
#4729 = DEFINITIONAL_REPRESENTATION('',(#4730),#4734);
#4730 = LINE('',#4731,#4732);
#4731 = CARTESIAN_POINT('',(2.181743284798,7.162397929993));
#4732 = VECTOR('',#4733,1.);
#4733 = DIRECTION('',(0.,-1.));
#4734 = ( GEOMETRIC_REPRESENTATION_CONTEXT(2) 
PARAMETRIC_REPRESENTATION_CONTEXT() REPRESENTATION_CONTEXT('2D SPACE',''
  ) );
#4735 = ORIENTED_EDGE('',*,*,#4736,.F.);
#4736 = EDGE_CURVE('',#822,#4714,#4737,.T.);
#4737 = SURFACE_CURVE('',#4738,(#4742,#4749),.PCURVE_S1.);
#4738 = LINE('',#4739,#4740);
#4739 = CARTESIAN_POINT('',(-3.773387269241,0.93116586845,1.45));
#4740 = VECTOR('',#4741,1.);
#4741 = DIRECTION('',(0.,0.,1.));
#4742 = PCURVE('',#836,#4743);
#4743 = DEFINITIONAL_REPRESENTATION('',(#4744),#4748);
#4744 = LINE('',#4745,#4746);
#4745 = CARTESIAN_POINT('',(2.392879731714,0.));
#4746 = VECTOR('',#4747,1.);
#4747 = DIRECTION('',(0.,-1.));
#4748 = ( GEOMETRIC_REPRESENTATION_CONTEXT(2) 
PARAMETRIC_REPRESENTATION_CONTEXT() REPRESENTATION_CONTEXT('2D SPACE',''
  ) );
#4749 = PCURVE('',#862,#4750);
#4750 = DEFINITIONAL_REPRESENTATION('',(#4751),#4755);
#4751 = LINE('',#4752,#4753);
#4752 = CARTESIAN_POINT('',(0.,0.));
#4753 = VECTOR('',#4754,1.);
#4754 = DIRECTION('',(0.,-1.));
#4755 = ( GEOMETRIC_REPRESENTATION_CONTEXT(2) 
PARAMETRIC_REPRESENTATION_CONTEXT() REPRESENTATION_CONTEXT('2D SPACE',''
  ) );
#4756 = ADVANCED_FACE('',(#4757),#940,.T.);
#4757 = FACE_BOUND('',#4758,.T.);
#4758 = EDGE_LOOP('',(#4759,#4760,#4783,#4804));
#4759 = ORIENTED_EDGE('',*,*,#925,.T.);
#4760 = ORIENTED_EDGE('',*,*,#4761,.T.);
#4761 = EDGE_CURVE('',#900,#4762,#4764,.T.);
#4762 = VERTEX_POINT('',#4763);
#4763 = CARTESIAN_POINT('',(-3.773387269241,1.082751009825E-02,2.7));
#4764 = SURFACE_CURVE('',#4765,(#4769,#4776),.PCURVE_S1.);
#4765 = LINE('',#4766,#4767);
#4766 = CARTESIAN_POINT('',(-3.773387269241,1.082751009825E-02,1.45));
#4767 = VECTOR('',#4768,1.);
#4768 = DIRECTION('',(0.,0.,1.));
#4769 = PCURVE('',#940,#4770);
#4770 = DEFINITIONAL_REPRESENTATION('',(#4771),#4775);
#4771 = LINE('',#4772,#4773);
#4772 = CARTESIAN_POINT('',(0.,0.));
#4773 = VECTOR('',#4774,1.);
#4774 = DIRECTION('',(0.,-1.));
#4775 = ( GEOMETRIC_REPRESENTATION_CONTEXT(2) 
PARAMETRIC_REPRESENTATION_CONTEXT() REPRESENTATION_CONTEXT('2D SPACE',''
  ) );
#4776 = PCURVE('',#914,#4777);
#4777 = DEFINITIONAL_REPRESENTATION('',(#4778),#4782);
#4778 = LINE('',#4779,#4780);
#4779 = CARTESIAN_POINT('',(3.849179839928,0.));
#4780 = VECTOR('',#4781,1.);
#4781 = DIRECTION('',(0.,-1.));
#4782 = ( GEOMETRIC_REPRESENTATION_CONTEXT(2) 
PARAMETRIC_REPRESENTATION_CONTEXT() REPRESENTATION_CONTEXT('2D SPACE',''
  ) );
#4783 = ORIENTED_EDGE('',*,*,#4784,.T.);
#4784 = EDGE_CURVE('',#4762,#4664,#4785,.T.);
#4785 = SURFACE_CURVE('',#4786,(#4790,#4797),.PCURVE_S1.);
#4786 = LINE('',#4787,#4788);
#4787 = CARTESIAN_POINT('',(-3.773387269241,1.082751009825E-02,2.7));
#4788 = VECTOR('',#4789,1.);
#4789 = DIRECTION('',(0.,-1.,0.));
#4790 = PCURVE('',#940,#4791);
#4791 = DEFINITIONAL_REPRESENTATION('',(#4792),#4796);
#4792 = LINE('',#4793,#4794);
#4793 = CARTESIAN_POINT('',(0.,-1.25));
#4794 = VECTOR('',#4795,1.);
#4795 = DIRECTION('',(1.,0.));
#4796 = ( GEOMETRIC_REPRESENTATION_CONTEXT(2) 
PARAMETRIC_REPRESENTATION_CONTEXT() REPRESENTATION_CONTEXT('2D SPACE',''
  ) );
#4797 = PCURVE('',#4381,#4798);
#4798 = DEFINITIONAL_REPRESENTATION('',(#4799),#4803);
#4799 = LINE('',#4800,#4801);
#4800 = CARTESIAN_POINT('',(2.181743284798,3.849179839928));
#4801 = VECTOR('',#4802,1.);
#4802 = DIRECTION('',(0.,-1.));
#4803 = ( GEOMETRIC_REPRESENTATION_CONTEXT(2) 
PARAMETRIC_REPRESENTATION_CONTEXT() REPRESENTATION_CONTEXT('2D SPACE',''
  ) );
#4804 = ORIENTED_EDGE('',*,*,#4663,.F.);
#4805 = ADVANCED_FACE('',(#4806),#862,.T.);
#4806 = FACE_BOUND('',#4807,.T.);
#4807 = EDGE_LOOP('',(#4808,#4809,#4810,#4833));
#4808 = ORIENTED_EDGE('',*,*,#847,.T.);
#4809 = ORIENTED_EDGE('',*,*,#4736,.T.);
#4810 = ORIENTED_EDGE('',*,*,#4811,.T.);
#4811 = EDGE_CURVE('',#4714,#4812,#4814,.T.);
#4812 = VERTEX_POINT('',#4813);
#4813 = CARTESIAN_POINT('',(7.579257068776E-02,0.93116586845,2.7));
#4814 = SURFACE_CURVE('',#4815,(#4819,#4826),.PCURVE_S1.);
#4815 = LINE('',#4816,#4817);
#4816 = CARTESIAN_POINT('',(-3.773387269241,0.93116586845,2.7));
#4817 = VECTOR('',#4818,1.);
#4818 = DIRECTION('',(1.,0.,0.));
#4819 = PCURVE('',#862,#4820);
#4820 = DEFINITIONAL_REPRESENTATION('',(#4821),#4825);
#4821 = LINE('',#4822,#4823);
#4822 = CARTESIAN_POINT('',(0.,-1.25));
#4823 = VECTOR('',#4824,1.);
#4824 = DIRECTION('',(1.,0.));
#4825 = ( GEOMETRIC_REPRESENTATION_CONTEXT(2) 
PARAMETRIC_REPRESENTATION_CONTEXT() REPRESENTATION_CONTEXT('2D SPACE',''
  ) );
#4826 = PCURVE('',#4381,#4827);
#4827 = DEFINITIONAL_REPRESENTATION('',(#4828),#4832);
#4828 = LINE('',#4829,#4830);
#4829 = CARTESIAN_POINT('',(2.181743284798,4.76951819828));
#4830 = VECTOR('',#4831,1.);
#4831 = DIRECTION('',(1.,0.));
#4832 = ( GEOMETRIC_REPRESENTATION_CONTEXT(2) 
PARAMETRIC_REPRESENTATION_CONTEXT() REPRESENTATION_CONTEXT('2D SPACE',''
  ) );
#4833 = ORIENTED_EDGE('',*,*,#4834,.F.);
#4834 = EDGE_CURVE('',#848,#4812,#4835,.T.);
#4835 = SURFACE_CURVE('',#4836,(#4840,#4847),.PCURVE_S1.);
#4836 = LINE('',#4837,#4838);
#4837 = CARTESIAN_POINT('',(7.579257068776E-02,0.93116586845,1.45));
#4838 = VECTOR('',#4839,1.);
#4839 = DIRECTION('',(0.,0.,1.));
#4840 = PCURVE('',#862,#4841);
#4841 = DEFINITIONAL_REPRESENTATION('',(#4842),#4846);
#4842 = LINE('',#4843,#4844);
#4843 = CARTESIAN_POINT('',(3.849179839928,0.));
#4844 = VECTOR('',#4845,1.);
#4845 = DIRECTION('',(0.,-1.));
#4846 = ( GEOMETRIC_REPRESENTATION_CONTEXT(2) 
PARAMETRIC_REPRESENTATION_CONTEXT() REPRESENTATION_CONTEXT('2D SPACE',''
  ) );
#4847 = PCURVE('',#888,#4848);
#4848 = DEFINITIONAL_REPRESENTATION('',(#4849),#4853);
#4849 = LINE('',#4850,#4851);
#4850 = CARTESIAN_POINT('',(0.,0.));
#4851 = VECTOR('',#4852,1.);
#4852 = DIRECTION('',(0.,-1.));
#4853 = ( GEOMETRIC_REPRESENTATION_CONTEXT(2) 
PARAMETRIC_REPRESENTATION_CONTEXT() REPRESENTATION_CONTEXT('2D SPACE',''
  ) );
#4854 = ADVANCED_FACE('',(#4855),#914,.T.);
#4855 = FACE_BOUND('',#4856,.T.);
#4856 = EDGE_LOOP('',(#4857,#4858,#4881,#4902));
#4857 = ORIENTED_EDGE('',*,*,#899,.T.);
#4858 = ORIENTED_EDGE('',*,*,#4859,.T.);
#4859 = EDGE_CURVE('',#874,#4860,#4862,.T.);
#4860 = VERTEX_POINT('',#4861);
#4861 = CARTESIAN_POINT('',(7.579257068776E-02,1.082751009825E-02,2.7));
#4862 = SURFACE_CURVE('',#4863,(#4867,#4874),.PCURVE_S1.);
#4863 = LINE('',#4864,#4865);
#4864 = CARTESIAN_POINT('',(7.579257068776E-02,1.082751009825E-02,1.45)
  );
#4865 = VECTOR('',#4866,1.);
#4866 = DIRECTION('',(0.,0.,1.));
#4867 = PCURVE('',#914,#4868);
#4868 = DEFINITIONAL_REPRESENTATION('',(#4869),#4873);
#4869 = LINE('',#4870,#4871);
#4870 = CARTESIAN_POINT('',(0.,-0.));
#4871 = VECTOR('',#4872,1.);
#4872 = DIRECTION('',(0.,-1.));
#4873 = ( GEOMETRIC_REPRESENTATION_CONTEXT(2) 
PARAMETRIC_REPRESENTATION_CONTEXT() REPRESENTATION_CONTEXT('2D SPACE',''
  ) );
#4874 = PCURVE('',#888,#4875);
#4875 = DEFINITIONAL_REPRESENTATION('',(#4876),#4880);
#4876 = LINE('',#4877,#4878);
#4877 = CARTESIAN_POINT('',(0.920338358351,0.));
#4878 = VECTOR('',#4879,1.);
#4879 = DIRECTION('',(0.,-1.));
#4880 = ( GEOMETRIC_REPRESENTATION_CONTEXT(2) 
PARAMETRIC_REPRESENTATION_CONTEXT() REPRESENTATION_CONTEXT('2D SPACE',''
  ) );
#4881 = ORIENTED_EDGE('',*,*,#4882,.T.);
#4882 = EDGE_CURVE('',#4860,#4762,#4883,.T.);
#4883 = SURFACE_CURVE('',#4884,(#4888,#4895),.PCURVE_S1.);
#4884 = LINE('',#4885,#4886);
#4885 = CARTESIAN_POINT('',(7.579257068776E-02,1.082751009825E-02,2.7));
#4886 = VECTOR('',#4887,1.);
#4887 = DIRECTION('',(-1.,0.,0.));
#4888 = PCURVE('',#914,#4889);
#4889 = DEFINITIONAL_REPRESENTATION('',(#4890),#4894);
#4890 = LINE('',#4891,#4892);
#4891 = CARTESIAN_POINT('',(0.,-1.25));
#4892 = VECTOR('',#4893,1.);
#4893 = DIRECTION('',(1.,0.));
#4894 = ( GEOMETRIC_REPRESENTATION_CONTEXT(2) 
PARAMETRIC_REPRESENTATION_CONTEXT() REPRESENTATION_CONTEXT('2D SPACE',''
  ) );
#4895 = PCURVE('',#4381,#4896);
#4896 = DEFINITIONAL_REPRESENTATION('',(#4897),#4901);
#4897 = LINE('',#4898,#4899);
#4898 = CARTESIAN_POINT('',(6.030923124726,3.849179839928));
#4899 = VECTOR('',#4900,1.);
#4900 = DIRECTION('',(-1.,0.));
#4901 = ( GEOMETRIC_REPRESENTATION_CONTEXT(2) 
PARAMETRIC_REPRESENTATION_CONTEXT() REPRESENTATION_CONTEXT('2D SPACE',''
  ) );
#4902 = ORIENTED_EDGE('',*,*,#4761,.F.);
#4903 = ADVANCED_FACE('',(#4904),#888,.T.);
#4904 = FACE_BOUND('',#4905,.T.);
#4905 = EDGE_LOOP('',(#4906,#4907,#4908,#4929));
#4906 = ORIENTED_EDGE('',*,*,#873,.T.);
#4907 = ORIENTED_EDGE('',*,*,#4834,.T.);
#4908 = ORIENTED_EDGE('',*,*,#4909,.T.);
#4909 = EDGE_CURVE('',#4812,#4860,#4910,.T.);
#4910 = SURFACE_CURVE('',#4911,(#4915,#4922),.PCURVE_S1.);
#4911 = LINE('',#4912,#4913);
#4912 = CARTESIAN_POINT('',(7.579257068776E-02,0.93116586845,2.7));
#4913 = VECTOR('',#4914,1.);
#4914 = DIRECTION('',(0.,-1.,0.));
#4915 = PCURVE('',#888,#4916);
#4916 = DEFINITIONAL_REPRESENTATION('',(#4917),#4921);
#4917 = LINE('',#4918,#4919);
#4918 = CARTESIAN_POINT('',(0.,-1.25));
#4919 = VECTOR('',#4920,1.);
#4920 = DIRECTION('',(1.,0.));
#4921 = ( GEOMETRIC_REPRESENTATION_CONTEXT(2) 
PARAMETRIC_REPRESENTATION_CONTEXT() REPRESENTATION_CONTEXT('2D SPACE',''
  ) );
#4922 = PCURVE('',#4381,#4923);
#4923 = DEFINITIONAL_REPRESENTATION('',(#4924),#4928);
#4924 = LINE('',#4925,#4926);
#4925 = CARTESIAN_POINT('',(6.030923124726,4.76951819828));
#4926 = VECTOR('',#4927,1.);
#4927 = DIRECTION('',(0.,-1.));
#4928 = ( GEOMETRIC_REPRESENTATION_CONTEXT(2) 
PARAMETRIC_REPRESENTATION_CONTEXT() REPRESENTATION_CONTEXT('2D SPACE',''
  ) );
#4929 = ORIENTED_EDGE('',*,*,#4859,.F.);
#4930 = ADVANCED_FACE('',(#4931),#1061,.T.);
#4931 = FACE_BOUND('',#4932,.T.);
#4932 = EDGE_LOOP('',(#4933,#4934,#4957,#4985));
#4933 = ORIENTED_EDGE('',*,*,#1029,.T.);
#4934 = ORIENTED_EDGE('',*,*,#4935,.T.);
#4935 = EDGE_CURVE('',#1032,#4936,#4938,.T.);
#4936 = VERTEX_POINT('',#4937);
#4937 = CARTESIAN_POINT('',(5.971371819186,-4.872379544213E-02,2.7));
#4938 = SURFACE_CURVE('',#4939,(#4943,#4950),.PCURVE_S1.);
#4939 = LINE('',#4940,#4941);
#4940 = CARTESIAN_POINT('',(5.971371819186,-4.872379544213E-02,1.45));
#4941 = VECTOR('',#4942,1.);
#4942 = DIRECTION('',(0.,0.,1.));
#4943 = PCURVE('',#1061,#4944);
#4944 = DEFINITIONAL_REPRESENTATION('',(#4945),#4949);
#4945 = LINE('',#4946,#4947);
#4946 = CARTESIAN_POINT('',(0.,0.));
#4947 = VECTOR('',#4948,1.);
#4948 = DIRECTION('',(0.,-1.));
#4949 = ( GEOMETRIC_REPRESENTATION_CONTEXT(2) 
PARAMETRIC_REPRESENTATION_CONTEXT() REPRESENTATION_CONTEXT('2D SPACE',''
  ) );
#4950 = PCURVE('',#1703,#4951);
#4951 = DEFINITIONAL_REPRESENTATION('',(#4952),#4956);
#4952 = LINE('',#4953,#4954);
#4953 = CARTESIAN_POINT('',(1.,0.));
#4954 = VECTOR('',#4955,1.);
#4955 = DIRECTION('',(0.,-1.));
#4956 = ( GEOMETRIC_REPRESENTATION_CONTEXT(2) 
PARAMETRIC_REPRESENTATION_CONTEXT() REPRESENTATION_CONTEXT('2D SPACE',''
  ) );
#4957 = ORIENTED_EDGE('',*,*,#4958,.T.);
#4958 = EDGE_CURVE('',#4936,#4959,#4961,.T.);
#4959 = VERTEX_POINT('',#4960);
#4960 = CARTESIAN_POINT('',(6.6562118329,-0.55761677006,2.7));
#4961 = SURFACE_CURVE('',#4962,(#4966,#4973),.PCURVE_S1.);
#4962 = B_SPLINE_CURVE_WITH_KNOTS('',2,(#4963,#4964,#4965),
  .UNSPECIFIED.,.F.,.F.,(3,3),(0.,1.),.PIECEWISE_BEZIER_KNOTS.);
#4963 = CARTESIAN_POINT('',(5.971371819186,-4.872379544213E-02,2.7));
#4964 = CARTESIAN_POINT('',(6.323265897379,-0.167826406523,2.7));
#4965 = CARTESIAN_POINT('',(6.6562118329,-0.55761677006,2.7));
#4966 = PCURVE('',#1061,#4967);
#4967 = DEFINITIONAL_REPRESENTATION('',(#4968),#4972);
#4968 = LINE('',#4969,#4970);
#4969 = CARTESIAN_POINT('',(0.,-1.25));
#4970 = VECTOR('',#4971,1.);
#4971 = DIRECTION('',(1.,0.));
#4972 = ( GEOMETRIC_REPRESENTATION_CONTEXT(2) 
PARAMETRIC_REPRESENTATION_CONTEXT() REPRESENTATION_CONTEXT('2D SPACE',''
  ) );
#4973 = PCURVE('',#4974,#4979);
#4974 = PLANE('',#4975);
#4975 = AXIS2_PLACEMENT_3D('',#4976,#4977,#4978);
#4976 = CARTESIAN_POINT('',(1.05026847953,-3.83835232983,2.7));
#4977 = DIRECTION('',(0.,0.,1.));
#4978 = DIRECTION('',(1.,0.,0.));
#4979 = DEFINITIONAL_REPRESENTATION('',(#4980),#4984);
#4980 = B_SPLINE_CURVE_WITH_KNOTS('',2,(#4981,#4982,#4983),
  .UNSPECIFIED.,.F.,.F.,(3,3),(0.,1.),.PIECEWISE_BEZIER_KNOTS.);
#4981 = CARTESIAN_POINT('',(4.921103339655,3.789628534388));
#4982 = CARTESIAN_POINT('',(5.272997417848,3.670525923307));
#4983 = CARTESIAN_POINT('',(5.60594335337,3.28073555977));
#4984 = ( GEOMETRIC_REPRESENTATION_CONTEXT(2) 
PARAMETRIC_REPRESENTATION_CONTEXT() REPRESENTATION_CONTEXT('2D SPACE',''
  ) );
#4985 = ORIENTED_EDGE('',*,*,#4986,.F.);
#4986 = EDGE_CURVE('',#1030,#4959,#4987,.T.);
#4987 = SURFACE_CURVE('',#4988,(#4992,#4999),.PCURVE_S1.);
#4988 = LINE('',#4989,#4990);
#4989 = CARTESIAN_POINT('',(6.6562118329,-0.55761677006,1.45));
#4990 = VECTOR('',#4991,1.);
#4991 = DIRECTION('',(0.,0.,1.));
#4992 = PCURVE('',#1061,#4993);
#4993 = DEFINITIONAL_REPRESENTATION('',(#4994),#4998);
#4994 = LINE('',#4995,#4996);
#4995 = CARTESIAN_POINT('',(1.,0.));
#4996 = VECTOR('',#4997,1.);
#4997 = DIRECTION('',(0.,-1.));
#4998 = ( GEOMETRIC_REPRESENTATION_CONTEXT(2) 
PARAMETRIC_REPRESENTATION_CONTEXT() REPRESENTATION_CONTEXT('2D SPACE',''
  ) );
#4999 = PCURVE('',#1106,#5000);
#5000 = DEFINITIONAL_REPRESENTATION('',(#5001),#5005);
#5001 = LINE('',#5002,#5003);
#5002 = CARTESIAN_POINT('',(0.,0.));
#5003 = VECTOR('',#5004,1.);
#5004 = DIRECTION('',(0.,-1.));
#5005 = ( GEOMETRIC_REPRESENTATION_CONTEXT(2) 
PARAMETRIC_REPRESENTATION_CONTEXT() REPRESENTATION_CONTEXT('2D SPACE',''
  ) );
#5006 = ADVANCED_FACE('',(#5007),#1106,.T.);
#5007 = FACE_BOUND('',#5008,.T.);
#5008 = EDGE_LOOP('',(#5009,#5010,#5011,#5034));
#5009 = ORIENTED_EDGE('',*,*,#1082,.T.);
#5010 = ORIENTED_EDGE('',*,*,#4986,.T.);
#5011 = ORIENTED_EDGE('',*,*,#5012,.T.);
#5012 = EDGE_CURVE('',#4959,#5013,#5015,.T.);
#5013 = VERTEX_POINT('',#5014);
#5014 = CARTESIAN_POINT('',(7.324810581467,-1.629540269787,2.7));
#5015 = SURFACE_CURVE('',#5016,(#5020,#5027),.PCURVE_S1.);
#5016 = B_SPLINE_CURVE_WITH_KNOTS('',2,(#5017,#5018,#5019),
  .UNSPECIFIED.,.F.,.F.,(3,3),(0.,1.),.PIECEWISE_BEZIER_KNOTS.);
#5017 = CARTESIAN_POINT('',(6.6562118329,-0.55761677006,2.7));
#5018 = CARTESIAN_POINT('',(6.989157768421,-0.947407133597,2.7));
#5019 = CARTESIAN_POINT('',(7.324810581467,-1.629540269787,2.7));
#5020 = PCURVE('',#1106,#5021);
#5021 = DEFINITIONAL_REPRESENTATION('',(#5022),#5026);
#5022 = LINE('',#5023,#5024);
#5023 = CARTESIAN_POINT('',(0.,-1.25));
#5024 = VECTOR('',#5025,1.);
#5025 = DIRECTION('',(1.,0.));
#5026 = ( GEOMETRIC_REPRESENTATION_CONTEXT(2) 
PARAMETRIC_REPRESENTATION_CONTEXT() REPRESENTATION_CONTEXT('2D SPACE',''
  ) );
#5027 = PCURVE('',#4974,#5028);
#5028 = DEFINITIONAL_REPRESENTATION('',(#5029),#5033);
#5029 = B_SPLINE_CURVE_WITH_KNOTS('',2,(#5030,#5031,#5032),
  .UNSPECIFIED.,.F.,.F.,(3,3),(0.,1.),.PIECEWISE_BEZIER_KNOTS.);
#5030 = CARTESIAN_POINT('',(5.60594335337,3.28073555977));
#5031 = CARTESIAN_POINT('',(5.938889288891,2.890945196233));
#5032 = CARTESIAN_POINT('',(6.274542101937,2.208812060043));
#5033 = ( GEOMETRIC_REPRESENTATION_CONTEXT(2) 
PARAMETRIC_REPRESENTATION_CONTEXT() REPRESENTATION_CONTEXT('2D SPACE',''
  ) );
#5034 = ORIENTED_EDGE('',*,*,#5035,.F.);
#5035 = EDGE_CURVE('',#1083,#5013,#5036,.T.);
#5036 = SURFACE_CURVE('',#5037,(#5041,#5048),.PCURVE_S1.);
#5037 = LINE('',#5038,#5039);
#5038 = CARTESIAN_POINT('',(7.324810581467,-1.629540269787,1.45));
#5039 = VECTOR('',#5040,1.);
#5040 = DIRECTION('',(0.,0.,1.));
#5041 = PCURVE('',#1106,#5042);
#5042 = DEFINITIONAL_REPRESENTATION('',(#5043),#5047);
#5043 = LINE('',#5044,#5045);
#5044 = CARTESIAN_POINT('',(1.,0.));
#5045 = VECTOR('',#5046,1.);
#5046 = DIRECTION('',(0.,-1.));
#5047 = ( GEOMETRIC_REPRESENTATION_CONTEXT(2) 
PARAMETRIC_REPRESENTATION_CONTEXT() REPRESENTATION_CONTEXT('2D SPACE',''
  ) );
#5048 = PCURVE('',#1139,#5049);
#5049 = DEFINITIONAL_REPRESENTATION('',(#5050),#5054);
#5050 = LINE('',#5051,#5052);
#5051 = CARTESIAN_POINT('',(0.,0.));
#5052 = VECTOR('',#5053,1.);
#5053 = DIRECTION('',(0.,-1.));
#5054 = ( GEOMETRIC_REPRESENTATION_CONTEXT(2) 
PARAMETRIC_REPRESENTATION_CONTEXT() REPRESENTATION_CONTEXT('2D SPACE',''
  ) );
#5055 = ADVANCED_FACE('',(#5056),#1703,.T.);
#5056 = FACE_BOUND('',#5057,.T.);
#5057 = EDGE_LOOP('',(#5058,#5059,#5082,#5103));
#5058 = ORIENTED_EDGE('',*,*,#1671,.T.);
#5059 = ORIENTED_EDGE('',*,*,#5060,.T.);
#5060 = EDGE_CURVE('',#1615,#5061,#5063,.T.);
#5061 = VERTEX_POINT('',#5062);
#5062 = CARTESIAN_POINT('',(7.002692156044,0.649650605895,2.7));
#5063 = SURFACE_CURVE('',#5064,(#5068,#5075),.PCURVE_S1.);
#5064 = LINE('',#5065,#5066);
#5065 = CARTESIAN_POINT('',(7.002692156044,0.649650605895,1.45));
#5066 = VECTOR('',#5067,1.);
#5067 = DIRECTION('',(0.,0.,1.));
#5068 = PCURVE('',#1703,#5069);
#5069 = DEFINITIONAL_REPRESENTATION('',(#5070),#5074);
#5070 = LINE('',#5071,#5072);
#5071 = CARTESIAN_POINT('',(0.,0.));
#5072 = VECTOR('',#5073,1.);
#5073 = DIRECTION('',(0.,-1.));
#5074 = ( GEOMETRIC_REPRESENTATION_CONTEXT(2) 
PARAMETRIC_REPRESENTATION_CONTEXT() REPRESENTATION_CONTEXT('2D SPACE',''
  ) );
#5075 = PCURVE('',#1648,#5076);
#5076 = DEFINITIONAL_REPRESENTATION('',(#5077),#5081);
#5077 = LINE('',#5078,#5079);
#5078 = CARTESIAN_POINT('',(1.,0.));
#5079 = VECTOR('',#5080,1.);
#5080 = DIRECTION('',(0.,-1.));
#5081 = ( GEOMETRIC_REPRESENTATION_CONTEXT(2) 
PARAMETRIC_REPRESENTATION_CONTEXT() REPRESENTATION_CONTEXT('2D SPACE',''
  ) );
#5082 = ORIENTED_EDGE('',*,*,#5083,.T.);
#5083 = EDGE_CURVE('',#5061,#4936,#5084,.T.);
#5084 = SURFACE_CURVE('',#5085,(#5089,#5096),.PCURVE_S1.);
#5085 = B_SPLINE_CURVE_WITH_KNOTS('',2,(#5086,#5087,#5088),
  .UNSPECIFIED.,.F.,.F.,(3,3),(0.,1.),.PIECEWISE_BEZIER_KNOTS.);
#5086 = CARTESIAN_POINT('',(7.002692156044,0.649650605895,2.7));
#5087 = CARTESIAN_POINT('',(6.648091200326,0.146171386326,2.7));
#5088 = CARTESIAN_POINT('',(5.971371819186,-4.872379544213E-02,2.7));
#5089 = PCURVE('',#1703,#5090);
#5090 = DEFINITIONAL_REPRESENTATION('',(#5091),#5095);
#5091 = LINE('',#5092,#5093);
#5092 = CARTESIAN_POINT('',(0.,-1.25));
#5093 = VECTOR('',#5094,1.);
#5094 = DIRECTION('',(1.,0.));
#5095 = ( GEOMETRIC_REPRESENTATION_CONTEXT(2) 
PARAMETRIC_REPRESENTATION_CONTEXT() REPRESENTATION_CONTEXT('2D SPACE',''
  ) );
#5096 = PCURVE('',#4974,#5097);
#5097 = DEFINITIONAL_REPRESENTATION('',(#5098),#5102);
#5098 = B_SPLINE_CURVE_WITH_KNOTS('',2,(#5099,#5100,#5101),
  .UNSPECIFIED.,.F.,.F.,(3,3),(0.,1.),.PIECEWISE_BEZIER_KNOTS.);
#5099 = CARTESIAN_POINT('',(5.952423676514,4.488002935725));
#5100 = CARTESIAN_POINT('',(5.597822720796,3.984523716156));
#5101 = CARTESIAN_POINT('',(4.921103339655,3.789628534388));
#5102 = ( GEOMETRIC_REPRESENTATION_CONTEXT(2) 
PARAMETRIC_REPRESENTATION_CONTEXT() REPRESENTATION_CONTEXT('2D SPACE',''
  ) );
#5103 = ORIENTED_EDGE('',*,*,#4935,.F.);
#5104 = ADVANCED_FACE('',(#5105),#1139,.T.);
#5105 = FACE_BOUND('',#5106,.T.);
#5106 = EDGE_LOOP('',(#5107,#5108,#5109,#5132));
#5107 = ORIENTED_EDGE('',*,*,#1124,.T.);
#5108 = ORIENTED_EDGE('',*,*,#5035,.T.);
#5109 = ORIENTED_EDGE('',*,*,#5110,.T.);
#5110 = EDGE_CURVE('',#5013,#5111,#5113,.T.);
#5111 = VERTEX_POINT('',#5112);
#5112 = CARTESIAN_POINT('',(8.434630366538,-3.83835232983,2.7));
#5113 = SURFACE_CURVE('',#5114,(#5118,#5125),.PCURVE_S1.);
#5114 = LINE('',#5115,#5116);
#5115 = CARTESIAN_POINT('',(7.324810581467,-1.629540269787,2.7));
#5116 = VECTOR('',#5117,1.);
#5117 = DIRECTION('',(0.448964795228,-0.893549446112,0.));
#5118 = PCURVE('',#1139,#5119);
#5119 = DEFINITIONAL_REPRESENTATION('',(#5120),#5124);
#5120 = LINE('',#5121,#5122);
#5121 = CARTESIAN_POINT('',(0.,-1.25));
#5122 = VECTOR('',#5123,1.);
#5123 = DIRECTION('',(1.,0.));
#5124 = ( GEOMETRIC_REPRESENTATION_CONTEXT(2) 
PARAMETRIC_REPRESENTATION_CONTEXT() REPRESENTATION_CONTEXT('2D SPACE',''
  ) );
#5125 = PCURVE('',#4974,#5126);
#5126 = DEFINITIONAL_REPRESENTATION('',(#5127),#5131);
#5127 = LINE('',#5128,#5129);
#5128 = CARTESIAN_POINT('',(6.274542101937,2.208812060043));
#5129 = VECTOR('',#5130,1.);
#5130 = DIRECTION('',(0.448964795228,-0.893549446112));
#5131 = ( GEOMETRIC_REPRESENTATION_CONTEXT(2) 
PARAMETRIC_REPRESENTATION_CONTEXT() REPRESENTATION_CONTEXT('2D SPACE',''
  ) );
#5132 = ORIENTED_EDGE('',*,*,#5133,.F.);
#5133 = EDGE_CURVE('',#1125,#5111,#5134,.T.);
#5134 = SURFACE_CURVE('',#5135,(#5139,#5146),.PCURVE_S1.);
#5135 = LINE('',#5136,#5137);
#5136 = CARTESIAN_POINT('',(8.434630366538,-3.83835232983,1.45));
#5137 = VECTOR('',#5138,1.);
#5138 = DIRECTION('',(0.,0.,1.));
#5139 = PCURVE('',#1139,#5140);
#5140 = DEFINITIONAL_REPRESENTATION('',(#5141),#5145);
#5141 = LINE('',#5142,#5143);
#5142 = CARTESIAN_POINT('',(2.47195280536,0.));
#5143 = VECTOR('',#5144,1.);
#5144 = DIRECTION('',(0.,-1.));
#5145 = ( GEOMETRIC_REPRESENTATION_CONTEXT(2) 
PARAMETRIC_REPRESENTATION_CONTEXT() REPRESENTATION_CONTEXT('2D SPACE',''
  ) );
#5146 = PCURVE('',#1165,#5147);
#5147 = DEFINITIONAL_REPRESENTATION('',(#5148),#5152);
#5148 = LINE('',#5149,#5150);
#5149 = CARTESIAN_POINT('',(0.,-0.));
#5150 = VECTOR('',#5151,1.);
#5151 = DIRECTION('',(0.,-1.));
#5152 = ( GEOMETRIC_REPRESENTATION_CONTEXT(2) 
PARAMETRIC_REPRESENTATION_CONTEXT() REPRESENTATION_CONTEXT('2D SPACE',''
  ) );
#5153 = ADVANCED_FACE('',(#5154),#1648,.T.);
#5154 = FACE_BOUND('',#5155,.T.);
#5155 = EDGE_LOOP('',(#5156,#5157,#5180,#5201));
#5156 = ORIENTED_EDGE('',*,*,#1614,.T.);
#5157 = ORIENTED_EDGE('',*,*,#5158,.T.);
#5158 = EDGE_CURVE('',#1528,#5159,#5161,.T.);
#5159 = VERTEX_POINT('',#5160);
#5160 = CARTESIAN_POINT('',(7.357293111762,1.91646928739,2.7));
#5161 = SURFACE_CURVE('',#5162,(#5166,#5173),.PCURVE_S1.);
#5162 = LINE('',#5163,#5164);
#5163 = CARTESIAN_POINT('',(7.357293111762,1.91646928739,1.45));
#5164 = VECTOR('',#5165,1.);
#5165 = DIRECTION('',(0.,0.,1.));
#5166 = PCURVE('',#1648,#5167);
#5167 = DEFINITIONAL_REPRESENTATION('',(#5168),#5172);
#5168 = LINE('',#5169,#5170);
#5169 = CARTESIAN_POINT('',(0.,0.));
#5170 = VECTOR('',#5171,1.);
#5171 = DIRECTION('',(0.,-1.));
#5172 = ( GEOMETRIC_REPRESENTATION_CONTEXT(2) 
PARAMETRIC_REPRESENTATION_CONTEXT() REPRESENTATION_CONTEXT('2D SPACE',''
  ) );
#5173 = PCURVE('',#1581,#5174);
#5174 = DEFINITIONAL_REPRESENTATION('',(#5175),#5179);
#5175 = LINE('',#5176,#5177);
#5176 = CARTESIAN_POINT('',(1.,0.));
#5177 = VECTOR('',#5178,1.);
#5178 = DIRECTION('',(0.,-1.));
#5179 = ( GEOMETRIC_REPRESENTATION_CONTEXT(2) 
PARAMETRIC_REPRESENTATION_CONTEXT() REPRESENTATION_CONTEXT('2D SPACE',''
  ) );
#5180 = ORIENTED_EDGE('',*,*,#5181,.T.);
#5181 = EDGE_CURVE('',#5159,#5061,#5182,.T.);
#5182 = SURFACE_CURVE('',#5183,(#5187,#5194),.PCURVE_S1.);
#5183 = B_SPLINE_CURVE_WITH_KNOTS('',2,(#5184,#5185,#5186),
  .UNSPECIFIED.,.F.,.F.,(3,3),(0.,1.),.PIECEWISE_BEZIER_KNOTS.);
#5184 = CARTESIAN_POINT('',(7.357293111762,1.91646928739,2.7));
#5185 = CARTESIAN_POINT('',(7.357293111762,1.153129825464,2.7));
#5186 = CARTESIAN_POINT('',(7.002692156044,0.649650605895,2.7));
#5187 = PCURVE('',#1648,#5188);
#5188 = DEFINITIONAL_REPRESENTATION('',(#5189),#5193);
#5189 = LINE('',#5190,#5191);
#5190 = CARTESIAN_POINT('',(0.,-1.25));
#5191 = VECTOR('',#5192,1.);
#5192 = DIRECTION('',(1.,0.));
#5193 = ( GEOMETRIC_REPRESENTATION_CONTEXT(2) 
PARAMETRIC_REPRESENTATION_CONTEXT() REPRESENTATION_CONTEXT('2D SPACE',''
  ) );
#5194 = PCURVE('',#4974,#5195);
#5195 = DEFINITIONAL_REPRESENTATION('',(#5196),#5200);
#5196 = B_SPLINE_CURVE_WITH_KNOTS('',2,(#5197,#5198,#5199),
  .UNSPECIFIED.,.F.,.F.,(3,3),(0.,1.),.PIECEWISE_BEZIER_KNOTS.);
#5197 = CARTESIAN_POINT('',(6.307024632231,5.754821617221));
#5198 = CARTESIAN_POINT('',(6.307024632231,4.991482155294));
#5199 = CARTESIAN_POINT('',(5.952423676514,4.488002935725));
#5200 = ( GEOMETRIC_REPRESENTATION_CONTEXT(2) 
PARAMETRIC_REPRESENTATION_CONTEXT() REPRESENTATION_CONTEXT('2D SPACE',''
  ) );
#5201 = ORIENTED_EDGE('',*,*,#5060,.F.);
#5202 = ADVANCED_FACE('',(#5203),#1165,.T.);
#5203 = FACE_BOUND('',#5204,.T.);
#5204 = EDGE_LOOP('',(#5205,#5206,#5207,#5230));
#5205 = ORIENTED_EDGE('',*,*,#1150,.T.);
#5206 = ORIENTED_EDGE('',*,*,#5133,.T.);
#5207 = ORIENTED_EDGE('',*,*,#5208,.T.);
#5208 = EDGE_CURVE('',#5111,#5209,#5211,.T.);
#5209 = VERTEX_POINT('',#5210);
#5210 = CARTESIAN_POINT('',(7.259845520878,-3.83835232983,2.7));
#5211 = SURFACE_CURVE('',#5212,(#5216,#5223),.PCURVE_S1.);
#5212 = LINE('',#5213,#5214);
#5213 = CARTESIAN_POINT('',(8.434630366538,-3.83835232983,2.7));
#5214 = VECTOR('',#5215,1.);
#5215 = DIRECTION('',(-1.,0.,0.));
#5216 = PCURVE('',#1165,#5217);
#5217 = DEFINITIONAL_REPRESENTATION('',(#5218),#5222);
#5218 = LINE('',#5219,#5220);
#5219 = CARTESIAN_POINT('',(0.,-1.25));
#5220 = VECTOR('',#5221,1.);
#5221 = DIRECTION('',(1.,0.));
#5222 = ( GEOMETRIC_REPRESENTATION_CONTEXT(2) 
PARAMETRIC_REPRESENTATION_CONTEXT() REPRESENTATION_CONTEXT('2D SPACE',''
  ) );
#5223 = PCURVE('',#4974,#5224);
#5224 = DEFINITIONAL_REPRESENTATION('',(#5225),#5229);
#5225 = LINE('',#5226,#5227);
#5226 = CARTESIAN_POINT('',(7.384361887007,0.));
#5227 = VECTOR('',#5228,1.);
#5228 = DIRECTION('',(-1.,0.));
#5229 = ( GEOMETRIC_REPRESENTATION_CONTEXT(2) 
PARAMETRIC_REPRESENTATION_CONTEXT() REPRESENTATION_CONTEXT('2D SPACE',''
  ) );
#5230 = ORIENTED_EDGE('',*,*,#5231,.F.);
#5231 = EDGE_CURVE('',#1151,#5209,#5232,.T.);
#5232 = SURFACE_CURVE('',#5233,(#5237,#5244),.PCURVE_S1.);
#5233 = LINE('',#5234,#5235);
#5234 = CARTESIAN_POINT('',(7.259845520878,-3.83835232983,1.45));
#5235 = VECTOR('',#5236,1.);
#5236 = DIRECTION('',(0.,0.,1.));
#5237 = PCURVE('',#1165,#5238);
#5238 = DEFINITIONAL_REPRESENTATION('',(#5239),#5243);
#5239 = LINE('',#5240,#5241);
#5240 = CARTESIAN_POINT('',(1.17478484566,0.));
#5241 = VECTOR('',#5242,1.);
#5242 = DIRECTION('',(0.,-1.));
#5243 = ( GEOMETRIC_REPRESENTATION_CONTEXT(2) 
PARAMETRIC_REPRESENTATION_CONTEXT() REPRESENTATION_CONTEXT('2D SPACE',''
  ) );
#5244 = PCURVE('',#1191,#5245);
#5245 = DEFINITIONAL_REPRESENTATION('',(#5246),#5250);
#5246 = LINE('',#5247,#5248);
#5247 = CARTESIAN_POINT('',(0.,0.));
#5248 = VECTOR('',#5249,1.);
#5249 = DIRECTION('',(0.,-1.));
#5250 = ( GEOMETRIC_REPRESENTATION_CONTEXT(2) 
PARAMETRIC_REPRESENTATION_CONTEXT() REPRESENTATION_CONTEXT('2D SPACE',''
  ) );
#5251 = ADVANCED_FACE('',(#5252),#1581,.T.);
#5252 = FACE_BOUND('',#5253,.T.);
#5253 = EDGE_LOOP('',(#5254,#5255,#5278,#5299));
#5254 = ORIENTED_EDGE('',*,*,#1527,.T.);
#5255 = ORIENTED_EDGE('',*,*,#5256,.T.);
#5256 = EDGE_CURVE('',#1453,#5257,#5259,.T.);
#5257 = VERTEX_POINT('',#5258);
#5258 = CARTESIAN_POINT('',(6.675159975572,3.665112168258,2.7));
#5259 = SURFACE_CURVE('',#5260,(#5264,#5271),.PCURVE_S1.);
#5260 = LINE('',#5261,#5262);
#5261 = CARTESIAN_POINT('',(6.675159975572,3.665112168258,1.45));
#5262 = VECTOR('',#5263,1.);
#5263 = DIRECTION('',(0.,0.,1.));
#5264 = PCURVE('',#1581,#5265);
#5265 = DEFINITIONAL_REPRESENTATION('',(#5266),#5270);
#5266 = LINE('',#5267,#5268);
#5267 = CARTESIAN_POINT('',(0.,0.));
#5268 = VECTOR('',#5269,1.);
#5269 = DIRECTION('',(0.,-1.));
#5270 = ( GEOMETRIC_REPRESENTATION_CONTEXT(2) 
PARAMETRIC_REPRESENTATION_CONTEXT() REPRESENTATION_CONTEXT('2D SPACE',''
  ) );
#5271 = PCURVE('',#1498,#5272);
#5272 = DEFINITIONAL_REPRESENTATION('',(#5273),#5277);
#5273 = LINE('',#5274,#5275);
#5274 = CARTESIAN_POINT('',(1.,0.));
#5275 = VECTOR('',#5276,1.);
#5276 = DIRECTION('',(0.,-1.));
#5277 = ( GEOMETRIC_REPRESENTATION_CONTEXT(2) 
PARAMETRIC_REPRESENTATION_CONTEXT() REPRESENTATION_CONTEXT('2D SPACE',''
  ) );
#5278 = ORIENTED_EDGE('',*,*,#5279,.T.);
#5279 = EDGE_CURVE('',#5257,#5159,#5280,.T.);
#5280 = SURFACE_CURVE('',#5281,(#5285,#5292),.PCURVE_S1.);
#5281 = B_SPLINE_CURVE_WITH_KNOTS('',2,(#5282,#5283,#5284),
  .UNSPECIFIED.,.F.,.F.,(3,3),(0.,1.),.PIECEWISE_BEZIER_KNOTS.);
#5282 = CARTESIAN_POINT('',(6.675159975572,3.665112168258,2.7));
#5283 = CARTESIAN_POINT('',(7.357293111762,3.085840378002,2.7));
#5284 = CARTESIAN_POINT('',(7.357293111762,1.91646928739,2.7));
#5285 = PCURVE('',#1581,#5286);
#5286 = DEFINITIONAL_REPRESENTATION('',(#5287),#5291);
#5287 = LINE('',#5288,#5289);
#5288 = CARTESIAN_POINT('',(0.,-1.25));
#5289 = VECTOR('',#5290,1.);
#5290 = DIRECTION('',(1.,0.));
#5291 = ( GEOMETRIC_REPRESENTATION_CONTEXT(2) 
PARAMETRIC_REPRESENTATION_CONTEXT() REPRESENTATION_CONTEXT('2D SPACE',''
  ) );
#5292 = PCURVE('',#4974,#5293);
#5293 = DEFINITIONAL_REPRESENTATION('',(#5294),#5298);
#5294 = B_SPLINE_CURVE_WITH_KNOTS('',2,(#5295,#5296,#5297),
  .UNSPECIFIED.,.F.,.F.,(3,3),(0.,1.),.PIECEWISE_BEZIER_KNOTS.);
#5295 = CARTESIAN_POINT('',(5.624891496042,7.503464498088));
#5296 = CARTESIAN_POINT('',(6.307024632231,6.924192707832));
#5297 = CARTESIAN_POINT('',(6.307024632231,5.754821617221));
#5298 = ( GEOMETRIC_REPRESENTATION_CONTEXT(2) 
PARAMETRIC_REPRESENTATION_CONTEXT() REPRESENTATION_CONTEXT('2D SPACE',''
  ) );
#5299 = ORIENTED_EDGE('',*,*,#5158,.F.);
#5300 = ADVANCED_FACE('',(#5301),#1191,.T.);
#5301 = FACE_BOUND('',#5302,.T.);
#5302 = EDGE_LOOP('',(#5303,#5304,#5305,#5328));
#5303 = ORIENTED_EDGE('',*,*,#1176,.T.);
#5304 = ORIENTED_EDGE('',*,*,#5231,.T.);
#5305 = ORIENTED_EDGE('',*,*,#5306,.T.);
#5306 = EDGE_CURVE('',#5209,#5307,#5309,.T.);
#5307 = VERTEX_POINT('',#5308);
#5308 = CARTESIAN_POINT('',(6.225818306495,-1.764884146015,2.7));
#5309 = SURFACE_CURVE('',#5310,(#5314,#5321),.PCURVE_S1.);
#5310 = LINE('',#5311,#5312);
#5311 = CARTESIAN_POINT('',(7.259845520878,-3.83835232983,2.7));
#5312 = VECTOR('',#5313,1.);
#5313 = DIRECTION('',(-0.446278736193,0.894894010273,0.));
#5314 = PCURVE('',#1191,#5315);
#5315 = DEFINITIONAL_REPRESENTATION('',(#5316),#5320);
#5316 = LINE('',#5317,#5318);
#5317 = CARTESIAN_POINT('',(0.,-1.25));
#5318 = VECTOR('',#5319,1.);
#5319 = DIRECTION('',(1.,0.));
#5320 = ( GEOMETRIC_REPRESENTATION_CONTEXT(2) 
PARAMETRIC_REPRESENTATION_CONTEXT() REPRESENTATION_CONTEXT('2D SPACE',''
  ) );
#5321 = PCURVE('',#4974,#5322);
#5322 = DEFINITIONAL_REPRESENTATION('',(#5323),#5327);
#5323 = LINE('',#5324,#5325);
#5324 = CARTESIAN_POINT('',(6.209577041347,0.));
#5325 = VECTOR('',#5326,1.);
#5326 = DIRECTION('',(-0.446278736193,0.894894010273));
#5327 = ( GEOMETRIC_REPRESENTATION_CONTEXT(2) 
PARAMETRIC_REPRESENTATION_CONTEXT() REPRESENTATION_CONTEXT('2D SPACE',''
  ) );
#5328 = ORIENTED_EDGE('',*,*,#5329,.F.);
#5329 = EDGE_CURVE('',#1177,#5307,#5330,.T.);
#5330 = SURFACE_CURVE('',#5331,(#5335,#5342),.PCURVE_S1.);
#5331 = LINE('',#5332,#5333);
#5332 = CARTESIAN_POINT('',(6.225818306495,-1.764884146015,1.45));
#5333 = VECTOR('',#5334,1.);
#5334 = DIRECTION('',(0.,0.,1.));
#5335 = PCURVE('',#1191,#5336);
#5336 = DEFINITIONAL_REPRESENTATION('',(#5337),#5341);
#5337 = LINE('',#5338,#5339);
#5338 = CARTESIAN_POINT('',(2.316998616611,0.));
#5339 = VECTOR('',#5340,1.);
#5340 = DIRECTION('',(0.,-1.));
#5341 = ( GEOMETRIC_REPRESENTATION_CONTEXT(2) 
PARAMETRIC_REPRESENTATION_CONTEXT() REPRESENTATION_CONTEXT('2D SPACE',''
  ) );
#5342 = PCURVE('',#1240,#5343);
#5343 = DEFINITIONAL_REPRESENTATION('',(#5344),#5348);
#5344 = LINE('',#5345,#5346);
#5345 = CARTESIAN_POINT('',(0.,0.));
#5346 = VECTOR('',#5347,1.);
#5347 = DIRECTION('',(0.,-1.));
#5348 = ( GEOMETRIC_REPRESENTATION_CONTEXT(2) 
PARAMETRIC_REPRESENTATION_CONTEXT() REPRESENTATION_CONTEXT('2D SPACE',''
  ) );
#5349 = ADVANCED_FACE('',(#5350),#1498,.T.);
#5350 = FACE_BOUND('',#5351,.T.);
#5351 = EDGE_LOOP('',(#5352,#5353,#5376,#5397));
#5352 = ORIENTED_EDGE('',*,*,#1452,.T.);
#5353 = ORIENTED_EDGE('',*,*,#5354,.T.);
#5354 = EDGE_CURVE('',#1427,#5355,#5357,.T.);
#5355 = VERTEX_POINT('',#5356);
#5356 = CARTESIAN_POINT('',(4.607105546806,4.244383958515,2.7));
#5357 = SURFACE_CURVE('',#5358,(#5362,#5369),.PCURVE_S1.);
#5358 = LINE('',#5359,#5360);
#5359 = CARTESIAN_POINT('',(4.607105546806,4.244383958515,1.45));
#5360 = VECTOR('',#5361,1.);
#5361 = DIRECTION('',(0.,0.,1.));
#5362 = PCURVE('',#1498,#5363);
#5363 = DEFINITIONAL_REPRESENTATION('',(#5364),#5368);
#5364 = LINE('',#5365,#5366);
#5365 = CARTESIAN_POINT('',(0.,0.));
#5366 = VECTOR('',#5367,1.);
#5367 = DIRECTION('',(0.,-1.));
#5368 = ( GEOMETRIC_REPRESENTATION_CONTEXT(2) 
PARAMETRIC_REPRESENTATION_CONTEXT() REPRESENTATION_CONTEXT('2D SPACE',''
  ) );
#5369 = PCURVE('',#1441,#5370);
#5370 = DEFINITIONAL_REPRESENTATION('',(#5371),#5375);
#5371 = LINE('',#5372,#5373);
#5372 = CARTESIAN_POINT('',(2.468672302401,0.));
#5373 = VECTOR('',#5374,1.);
#5374 = DIRECTION('',(0.,-1.));
#5375 = ( GEOMETRIC_REPRESENTATION_CONTEXT(2) 
PARAMETRIC_REPRESENTATION_CONTEXT() REPRESENTATION_CONTEXT('2D SPACE',''
  ) );
#5376 = ORIENTED_EDGE('',*,*,#5377,.T.);
#5377 = EDGE_CURVE('',#5355,#5257,#5378,.T.);
#5378 = SURFACE_CURVE('',#5379,(#5383,#5390),.PCURVE_S1.);
#5379 = B_SPLINE_CURVE_WITH_KNOTS('',2,(#5380,#5381,#5382),
  .UNSPECIFIED.,.F.,.F.,(3,3),(0.,1.),.PIECEWISE_BEZIER_KNOTS.);
#5380 = CARTESIAN_POINT('',(4.607105546806,4.244383958515,2.7));
#5381 = CARTESIAN_POINT('',(5.993026839382,4.244383958515,2.7));
#5382 = CARTESIAN_POINT('',(6.675159975572,3.665112168258,2.7));
#5383 = PCURVE('',#1498,#5384);
#5384 = DEFINITIONAL_REPRESENTATION('',(#5385),#5389);
#5385 = LINE('',#5386,#5387);
#5386 = CARTESIAN_POINT('',(0.,-1.25));
#5387 = VECTOR('',#5388,1.);
#5388 = DIRECTION('',(1.,0.));
#5389 = ( GEOMETRIC_REPRESENTATION_CONTEXT(2) 
PARAMETRIC_REPRESENTATION_CONTEXT() REPRESENTATION_CONTEXT('2D SPACE',''
  ) );
#5390 = PCURVE('',#4974,#5391);
#5391 = DEFINITIONAL_REPRESENTATION('',(#5392),#5396);
#5392 = B_SPLINE_CURVE_WITH_KNOTS('',2,(#5393,#5394,#5395),
  .UNSPECIFIED.,.F.,.F.,(3,3),(0.,1.),.PIECEWISE_BEZIER_KNOTS.);
#5393 = CARTESIAN_POINT('',(3.556837067276,8.082736288345));
#5394 = CARTESIAN_POINT('',(4.942758359852,8.082736288345));
#5395 = CARTESIAN_POINT('',(5.624891496042,7.503464498088));
#5396 = ( GEOMETRIC_REPRESENTATION_CONTEXT(2) 
PARAMETRIC_REPRESENTATION_CONTEXT() REPRESENTATION_CONTEXT('2D SPACE',''
  ) );
#5397 = ORIENTED_EDGE('',*,*,#5256,.F.);
#5398 = ADVANCED_FACE('',(#5399),#1240,.T.);
#5399 = FACE_BOUND('',#5400,.T.);
#5400 = EDGE_LOOP('',(#5401,#5402,#5403,#5426));
#5401 = ORIENTED_EDGE('',*,*,#1202,.T.);
#5402 = ORIENTED_EDGE('',*,*,#5329,.T.);
#5403 = ORIENTED_EDGE('',*,*,#5404,.T.);
#5404 = EDGE_CURVE('',#5307,#5405,#5407,.T.);
#5405 = VERTEX_POINT('',#5406);
#5406 = CARTESIAN_POINT('',(5.448944456945,-0.687546891239,2.7));
#5407 = SURFACE_CURVE('',#5408,(#5412,#5419),.PCURVE_S1.);
#5408 = B_SPLINE_CURVE_WITH_KNOTS('',2,(#5409,#5410,#5411),
  .UNSPECIFIED.,.F.,.F.,(3,3),(0.,1.),.PIECEWISE_BEZIER_KNOTS.);
#5409 = CARTESIAN_POINT('',(6.225818306495,-1.764884146015,2.7));
#5410 = CARTESIAN_POINT('',(5.825200432859,-0.952820888646,2.7));
#5411 = CARTESIAN_POINT('',(5.448944456945,-0.687546891239,2.7));
#5412 = PCURVE('',#1240,#5413);
#5413 = DEFINITIONAL_REPRESENTATION('',(#5414),#5418);
#5414 = LINE('',#5415,#5416);
#5415 = CARTESIAN_POINT('',(0.,-1.25));
#5416 = VECTOR('',#5417,1.);
#5417 = DIRECTION('',(1.,0.));
#5418 = ( GEOMETRIC_REPRESENTATION_CONTEXT(2) 
PARAMETRIC_REPRESENTATION_CONTEXT() REPRESENTATION_CONTEXT('2D SPACE',''
  ) );
#5419 = PCURVE('',#4974,#5420);
#5420 = DEFINITIONAL_REPRESENTATION('',(#5421),#5425);
#5421 = B_SPLINE_CURVE_WITH_KNOTS('',2,(#5422,#5423,#5424),
  .UNSPECIFIED.,.F.,.F.,(3,3),(0.,1.),.PIECEWISE_BEZIER_KNOTS.);
#5422 = CARTESIAN_POINT('',(5.175549826964,2.073468183815));
#5423 = CARTESIAN_POINT('',(4.774931953329,2.885531441184));
#5424 = CARTESIAN_POINT('',(4.398675977415,3.150805438591));
#5425 = ( GEOMETRIC_REPRESENTATION_CONTEXT(2) 
PARAMETRIC_REPRESENTATION_CONTEXT() REPRESENTATION_CONTEXT('2D SPACE',''
  ) );
#5426 = ORIENTED_EDGE('',*,*,#5427,.F.);
#5427 = EDGE_CURVE('',#1203,#5405,#5428,.T.);
#5428 = SURFACE_CURVE('',#5429,(#5433,#5440),.PCURVE_S1.);
#5429 = LINE('',#5430,#5431);
#5430 = CARTESIAN_POINT('',(5.448944456945,-0.687546891239,1.45));
#5431 = VECTOR('',#5432,1.);
#5432 = DIRECTION('',(0.,0.,1.));
#5433 = PCURVE('',#1240,#5434);
#5434 = DEFINITIONAL_REPRESENTATION('',(#5435),#5439);
#5435 = LINE('',#5436,#5437);
#5436 = CARTESIAN_POINT('',(1.,0.));
#5437 = VECTOR('',#5438,1.);
#5438 = DIRECTION('',(0.,-1.));
#5439 = ( GEOMETRIC_REPRESENTATION_CONTEXT(2) 
PARAMETRIC_REPRESENTATION_CONTEXT() REPRESENTATION_CONTEXT('2D SPACE',''
  ) );
#5440 = PCURVE('',#1299,#5441);
#5441 = DEFINITIONAL_REPRESENTATION('',(#5442),#5446);
#5442 = LINE('',#5443,#5444);
#5443 = CARTESIAN_POINT('',(0.,0.));
#5444 = VECTOR('',#5445,1.);
#5445 = DIRECTION('',(0.,-1.));
#5446 = ( GEOMETRIC_REPRESENTATION_CONTEXT(2) 
PARAMETRIC_REPRESENTATION_CONTEXT() REPRESENTATION_CONTEXT('2D SPACE',''
  ) );
#5447 = ADVANCED_FACE('',(#5448),#1441,.T.);
#5448 = FACE_BOUND('',#5449,.T.);
#5449 = EDGE_LOOP('',(#5450,#5451,#5474,#5495));
#5450 = ORIENTED_EDGE('',*,*,#1426,.T.);
#5451 = ORIENTED_EDGE('',*,*,#5452,.T.);
#5452 = EDGE_CURVE('',#1401,#5453,#5455,.T.);
#5453 = VERTEX_POINT('',#5454);
#5454 = CARTESIAN_POINT('',(2.138433244405,4.244383958515,2.7));
#5455 = SURFACE_CURVE('',#5456,(#5460,#5467),.PCURVE_S1.);
#5456 = LINE('',#5457,#5458);
#5457 = CARTESIAN_POINT('',(2.138433244405,4.244383958515,1.45));
#5458 = VECTOR('',#5459,1.);
#5459 = DIRECTION('',(0.,0.,1.));
#5460 = PCURVE('',#1441,#5461);
#5461 = DEFINITIONAL_REPRESENTATION('',(#5462),#5466);
#5462 = LINE('',#5463,#5464);
#5463 = CARTESIAN_POINT('',(0.,0.));
#5464 = VECTOR('',#5465,1.);
#5465 = DIRECTION('',(0.,-1.));
#5466 = ( GEOMETRIC_REPRESENTATION_CONTEXT(2) 
PARAMETRIC_REPRESENTATION_CONTEXT() REPRESENTATION_CONTEXT('2D SPACE',''
  ) );
#5467 = PCURVE('',#1415,#5468);
#5468 = DEFINITIONAL_REPRESENTATION('',(#5469),#5473);
#5469 = LINE('',#5470,#5471);
#5470 = CARTESIAN_POINT('',(8.082736288345,0.));
#5471 = VECTOR('',#5472,1.);
#5472 = DIRECTION('',(0.,-1.));
#5473 = ( GEOMETRIC_REPRESENTATION_CONTEXT(2) 
PARAMETRIC_REPRESENTATION_CONTEXT() REPRESENTATION_CONTEXT('2D SPACE',''
  ) );
#5474 = ORIENTED_EDGE('',*,*,#5475,.T.);
#5475 = EDGE_CURVE('',#5453,#5355,#5476,.T.);
#5476 = SURFACE_CURVE('',#5477,(#5481,#5488),.PCURVE_S1.);
#5477 = LINE('',#5478,#5479);
#5478 = CARTESIAN_POINT('',(2.138433244405,4.244383958515,2.7));
#5479 = VECTOR('',#5480,1.);
#5480 = DIRECTION('',(1.,0.,0.));
#5481 = PCURVE('',#1441,#5482);
#5482 = DEFINITIONAL_REPRESENTATION('',(#5483),#5487);
#5483 = LINE('',#5484,#5485);
#5484 = CARTESIAN_POINT('',(0.,-1.25));
#5485 = VECTOR('',#5486,1.);
#5486 = DIRECTION('',(1.,0.));
#5487 = ( GEOMETRIC_REPRESENTATION_CONTEXT(2) 
PARAMETRIC_REPRESENTATION_CONTEXT() REPRESENTATION_CONTEXT('2D SPACE',''
  ) );
#5488 = PCURVE('',#4974,#5489);
#5489 = DEFINITIONAL_REPRESENTATION('',(#5490),#5494);
#5490 = LINE('',#5491,#5492);
#5491 = CARTESIAN_POINT('',(1.088164764874,8.082736288345));
#5492 = VECTOR('',#5493,1.);
#5493 = DIRECTION('',(1.,0.));
#5494 = ( GEOMETRIC_REPRESENTATION_CONTEXT(2) 
PARAMETRIC_REPRESENTATION_CONTEXT() REPRESENTATION_CONTEXT('2D SPACE',''
  ) );
#5495 = ORIENTED_EDGE('',*,*,#5354,.F.);
#5496 = ADVANCED_FACE('',(#5497),#1299,.T.);
#5497 = FACE_BOUND('',#5498,.T.);
#5498 = EDGE_LOOP('',(#5499,#5500,#5501,#5524));
#5499 = ORIENTED_EDGE('',*,*,#1265,.T.);
#5500 = ORIENTED_EDGE('',*,*,#5427,.T.);
#5501 = ORIENTED_EDGE('',*,*,#5502,.T.);
#5502 = EDGE_CURVE('',#5405,#5503,#5505,.T.);
#5503 = VERTEX_POINT('',#5504);
#5504 = CARTESIAN_POINT('',(4.423037875136,-0.422272893832,2.7));
#5505 = SURFACE_CURVE('',#5506,(#5510,#5517),.PCURVE_S1.);
#5506 = B_SPLINE_CURVE_WITH_KNOTS('',2,(#5507,#5508,#5509),
  .UNSPECIFIED.,.F.,.F.,(3,3),(0.,1.),.PIECEWISE_BEZIER_KNOTS.);
#5507 = CARTESIAN_POINT('',(5.448944456945,-0.687546891239,2.7));
#5508 = CARTESIAN_POINT('',(5.072688481031,-0.422272893832,2.7));
#5509 = CARTESIAN_POINT('',(4.423037875136,-0.422272893832,2.7));
#5510 = PCURVE('',#1299,#5511);
#5511 = DEFINITIONAL_REPRESENTATION('',(#5512),#5516);
#5512 = LINE('',#5513,#5514);
#5513 = CARTESIAN_POINT('',(0.,-1.25));
#5514 = VECTOR('',#5515,1.);
#5515 = DIRECTION('',(1.,0.));
#5516 = ( GEOMETRIC_REPRESENTATION_CONTEXT(2) 
PARAMETRIC_REPRESENTATION_CONTEXT() REPRESENTATION_CONTEXT('2D SPACE',''
  ) );
#5517 = PCURVE('',#4974,#5518);
#5518 = DEFINITIONAL_REPRESENTATION('',(#5519),#5523);
#5519 = B_SPLINE_CURVE_WITH_KNOTS('',2,(#5520,#5521,#5522),
  .UNSPECIFIED.,.F.,.F.,(3,3),(0.,1.),.PIECEWISE_BEZIER_KNOTS.);
#5520 = CARTESIAN_POINT('',(4.398675977415,3.150805438591));
#5521 = CARTESIAN_POINT('',(4.0224200015,3.416079435998));
#5522 = CARTESIAN_POINT('',(3.372769395605,3.416079435998));
#5523 = ( GEOMETRIC_REPRESENTATION_CONTEXT(2) 
PARAMETRIC_REPRESENTATION_CONTEXT() REPRESENTATION_CONTEXT('2D SPACE',''
  ) );
#5524 = ORIENTED_EDGE('',*,*,#5525,.F.);
#5525 = EDGE_CURVE('',#1266,#5503,#5526,.T.);
#5526 = SURFACE_CURVE('',#5527,(#5531,#5538),.PCURVE_S1.);
#5527 = LINE('',#5528,#5529);
#5528 = CARTESIAN_POINT('',(4.423037875136,-0.422272893832,1.45));
#5529 = VECTOR('',#5530,1.);
#5530 = DIRECTION('',(0.,0.,1.));
#5531 = PCURVE('',#1299,#5532);
#5532 = DEFINITIONAL_REPRESENTATION('',(#5533),#5537);
#5533 = LINE('',#5534,#5535);
#5534 = CARTESIAN_POINT('',(1.,0.));
#5535 = VECTOR('',#5536,1.);
#5536 = DIRECTION('',(0.,-1.));
#5537 = ( GEOMETRIC_REPRESENTATION_CONTEXT(2) 
PARAMETRIC_REPRESENTATION_CONTEXT() REPRESENTATION_CONTEXT('2D SPACE',''
  ) );
#5538 = PCURVE('',#1337,#5539);
#5539 = DEFINITIONAL_REPRESENTATION('',(#5540),#5544);
#5540 = LINE('',#5541,#5542);
#5541 = CARTESIAN_POINT('',(0.,-0.));
#5542 = VECTOR('',#5543,1.);
#5543 = DIRECTION('',(0.,-1.));
#5544 = ( GEOMETRIC_REPRESENTATION_CONTEXT(2) 
PARAMETRIC_REPRESENTATION_CONTEXT() REPRESENTATION_CONTEXT('2D SPACE',''
  ) );
#5545 = ADVANCED_FACE('',(#5546),#1415,.T.);
#5546 = FACE_BOUND('',#5547,.T.);
#5547 = EDGE_LOOP('',(#5548,#5549,#5572,#5593));
#5548 = ORIENTED_EDGE('',*,*,#1400,.T.);
#5549 = ORIENTED_EDGE('',*,*,#5550,.T.);
#5550 = EDGE_CURVE('',#1375,#5551,#5553,.T.);
#5551 = VERTEX_POINT('',#5552);
#5552 = CARTESIAN_POINT('',(2.138433244405,-3.83835232983,2.7));
#5553 = SURFACE_CURVE('',#5554,(#5558,#5565),.PCURVE_S1.);
#5554 = LINE('',#5555,#5556);
#5555 = CARTESIAN_POINT('',(2.138433244405,-3.83835232983,1.45));
#5556 = VECTOR('',#5557,1.);
#5557 = DIRECTION('',(0.,0.,1.));
#5558 = PCURVE('',#1415,#5559);
#5559 = DEFINITIONAL_REPRESENTATION('',(#5560),#5564);
#5560 = LINE('',#5561,#5562);
#5561 = CARTESIAN_POINT('',(0.,0.));
#5562 = VECTOR('',#5563,1.);
#5563 = DIRECTION('',(0.,-1.));
#5564 = ( GEOMETRIC_REPRESENTATION_CONTEXT(2) 
PARAMETRIC_REPRESENTATION_CONTEXT() REPRESENTATION_CONTEXT('2D SPACE',''
  ) );
#5565 = PCURVE('',#1389,#5566);
#5566 = DEFINITIONAL_REPRESENTATION('',(#5567),#5571);
#5567 = LINE('',#5568,#5569);
#5568 = CARTESIAN_POINT('',(1.093578519923,0.));
#5569 = VECTOR('',#5570,1.);
#5570 = DIRECTION('',(0.,-1.));
#5571 = ( GEOMETRIC_REPRESENTATION_CONTEXT(2) 
PARAMETRIC_REPRESENTATION_CONTEXT() REPRESENTATION_CONTEXT('2D SPACE',''
  ) );
#5572 = ORIENTED_EDGE('',*,*,#5573,.T.);
#5573 = EDGE_CURVE('',#5551,#5453,#5574,.T.);
#5574 = SURFACE_CURVE('',#5575,(#5579,#5586),.PCURVE_S1.);
#5575 = LINE('',#5576,#5577);
#5576 = CARTESIAN_POINT('',(2.138433244405,-3.83835232983,2.7));
#5577 = VECTOR('',#5578,1.);
#5578 = DIRECTION('',(0.,1.,0.));
#5579 = PCURVE('',#1415,#5580);
#5580 = DEFINITIONAL_REPRESENTATION('',(#5581),#5585);
#5581 = LINE('',#5582,#5583);
#5582 = CARTESIAN_POINT('',(0.,-1.25));
#5583 = VECTOR('',#5584,1.);
#5584 = DIRECTION('',(1.,0.));
#5585 = ( GEOMETRIC_REPRESENTATION_CONTEXT(2) 
PARAMETRIC_REPRESENTATION_CONTEXT() REPRESENTATION_CONTEXT('2D SPACE',''
  ) );
#5586 = PCURVE('',#4974,#5587);
#5587 = DEFINITIONAL_REPRESENTATION('',(#5588),#5592);
#5588 = LINE('',#5589,#5590);
#5589 = CARTESIAN_POINT('',(1.088164764874,0.));
#5590 = VECTOR('',#5591,1.);
#5591 = DIRECTION('',(0.,1.));
#5592 = ( GEOMETRIC_REPRESENTATION_CONTEXT(2) 
PARAMETRIC_REPRESENTATION_CONTEXT() REPRESENTATION_CONTEXT('2D SPACE',''
  ) );
#5593 = ORIENTED_EDGE('',*,*,#5452,.F.);
#5594 = ADVANCED_FACE('',(#5595),#1337,.T.);
#5595 = FACE_BOUND('',#5596,.T.);
#5596 = EDGE_LOOP('',(#5597,#5598,#5599,#5622));
#5597 = ORIENTED_EDGE('',*,*,#1322,.T.);
#5598 = ORIENTED_EDGE('',*,*,#5525,.T.);
#5599 = ORIENTED_EDGE('',*,*,#5600,.T.);
#5600 = EDGE_CURVE('',#5503,#5601,#5603,.T.);
#5601 = VERTEX_POINT('',#5602);
#5602 = CARTESIAN_POINT('',(3.232011764328,-0.422272893832,2.7));
#5603 = SURFACE_CURVE('',#5604,(#5608,#5615),.PCURVE_S1.);
#5604 = LINE('',#5605,#5606);
#5605 = CARTESIAN_POINT('',(4.423037875136,-0.422272893832,2.7));
#5606 = VECTOR('',#5607,1.);
#5607 = DIRECTION('',(-1.,0.,0.));
#5608 = PCURVE('',#1337,#5609);
#5609 = DEFINITIONAL_REPRESENTATION('',(#5610),#5614);
#5610 = LINE('',#5611,#5612);
#5611 = CARTESIAN_POINT('',(0.,-1.25));
#5612 = VECTOR('',#5613,1.);
#5613 = DIRECTION('',(1.,0.));
#5614 = ( GEOMETRIC_REPRESENTATION_CONTEXT(2) 
PARAMETRIC_REPRESENTATION_CONTEXT() REPRESENTATION_CONTEXT('2D SPACE',''
  ) );
#5615 = PCURVE('',#4974,#5616);
#5616 = DEFINITIONAL_REPRESENTATION('',(#5617),#5621);
#5617 = LINE('',#5618,#5619);
#5618 = CARTESIAN_POINT('',(3.372769395605,3.416079435998));
#5619 = VECTOR('',#5620,1.);
#5620 = DIRECTION('',(-1.,0.));
#5621 = ( GEOMETRIC_REPRESENTATION_CONTEXT(2) 
PARAMETRIC_REPRESENTATION_CONTEXT() REPRESENTATION_CONTEXT('2D SPACE',''
  ) );
#5622 = ORIENTED_EDGE('',*,*,#5623,.F.);
#5623 = EDGE_CURVE('',#1323,#5601,#5624,.T.);
#5624 = SURFACE_CURVE('',#5625,(#5629,#5636),.PCURVE_S1.);
#5625 = LINE('',#5626,#5627);
#5626 = CARTESIAN_POINT('',(3.232011764328,-0.422272893832,1.45));
#5627 = VECTOR('',#5628,1.);
#5628 = DIRECTION('',(0.,0.,1.));
#5629 = PCURVE('',#1337,#5630);
#5630 = DEFINITIONAL_REPRESENTATION('',(#5631),#5635);
#5631 = LINE('',#5632,#5633);
#5632 = CARTESIAN_POINT('',(1.191026110808,0.));
#5633 = VECTOR('',#5634,1.);
#5634 = DIRECTION('',(0.,-1.));
#5635 = ( GEOMETRIC_REPRESENTATION_CONTEXT(2) 
PARAMETRIC_REPRESENTATION_CONTEXT() REPRESENTATION_CONTEXT('2D SPACE',''
  ) );
#5636 = PCURVE('',#1363,#5637);
#5637 = DEFINITIONAL_REPRESENTATION('',(#5638),#5642);
#5638 = LINE('',#5639,#5640);
#5639 = CARTESIAN_POINT('',(0.,0.));
#5640 = VECTOR('',#5641,1.);
#5641 = DIRECTION('',(0.,-1.));
#5642 = ( GEOMETRIC_REPRESENTATION_CONTEXT(2) 
PARAMETRIC_REPRESENTATION_CONTEXT() REPRESENTATION_CONTEXT('2D SPACE',''
  ) );
#5643 = ADVANCED_FACE('',(#5644),#1389,.T.);
#5644 = FACE_BOUND('',#5645,.T.);
#5645 = EDGE_LOOP('',(#5646,#5647,#5670,#5691));
#5646 = ORIENTED_EDGE('',*,*,#1374,.T.);
#5647 = ORIENTED_EDGE('',*,*,#5648,.T.);
#5648 = EDGE_CURVE('',#1349,#5649,#5651,.T.);
#5649 = VERTEX_POINT('',#5650);
#5650 = CARTESIAN_POINT('',(3.232011764328,-3.83835232983,2.7));
#5651 = SURFACE_CURVE('',#5652,(#5656,#5663),.PCURVE_S1.);
#5652 = LINE('',#5653,#5654);
#5653 = CARTESIAN_POINT('',(3.232011764328,-3.83835232983,1.45));
#5654 = VECTOR('',#5655,1.);
#5655 = DIRECTION('',(0.,0.,1.));
#5656 = PCURVE('',#1389,#5657);
#5657 = DEFINITIONAL_REPRESENTATION('',(#5658),#5662);
#5658 = LINE('',#5659,#5660);
#5659 = CARTESIAN_POINT('',(0.,-0.));
#5660 = VECTOR('',#5661,1.);
#5661 = DIRECTION('',(0.,-1.));
#5662 = ( GEOMETRIC_REPRESENTATION_CONTEXT(2) 
PARAMETRIC_REPRESENTATION_CONTEXT() REPRESENTATION_CONTEXT('2D SPACE',''
  ) );
#5663 = PCURVE('',#1363,#5664);
#5664 = DEFINITIONAL_REPRESENTATION('',(#5665),#5669);
#5665 = LINE('',#5666,#5667);
#5666 = CARTESIAN_POINT('',(3.416079435998,0.));
#5667 = VECTOR('',#5668,1.);
#5668 = DIRECTION('',(0.,-1.));
#5669 = ( GEOMETRIC_REPRESENTATION_CONTEXT(2) 
PARAMETRIC_REPRESENTATION_CONTEXT() REPRESENTATION_CONTEXT('2D SPACE',''
  ) );
#5670 = ORIENTED_EDGE('',*,*,#5671,.T.);
#5671 = EDGE_CURVE('',#5649,#5551,#5672,.T.);
#5672 = SURFACE_CURVE('',#5673,(#5677,#5684),.PCURVE_S1.);
#5673 = LINE('',#5674,#5675);
#5674 = CARTESIAN_POINT('',(3.232011764328,-3.83835232983,2.7));
#5675 = VECTOR('',#5676,1.);
#5676 = DIRECTION('',(-1.,0.,0.));
#5677 = PCURVE('',#1389,#5678);
#5678 = DEFINITIONAL_REPRESENTATION('',(#5679),#5683);
#5679 = LINE('',#5680,#5681);
#5680 = CARTESIAN_POINT('',(0.,-1.25));
#5681 = VECTOR('',#5682,1.);
#5682 = DIRECTION('',(1.,0.));
#5683 = ( GEOMETRIC_REPRESENTATION_CONTEXT(2) 
PARAMETRIC_REPRESENTATION_CONTEXT() REPRESENTATION_CONTEXT('2D SPACE',''
  ) );
#5684 = PCURVE('',#4974,#5685);
#5685 = DEFINITIONAL_REPRESENTATION('',(#5686),#5690);
#5686 = LINE('',#5687,#5688);
#5687 = CARTESIAN_POINT('',(2.181743284798,0.));
#5688 = VECTOR('',#5689,1.);
#5689 = DIRECTION('',(-1.,0.));
#5690 = ( GEOMETRIC_REPRESENTATION_CONTEXT(2) 
PARAMETRIC_REPRESENTATION_CONTEXT() REPRESENTATION_CONTEXT('2D SPACE',''
  ) );
#5691 = ORIENTED_EDGE('',*,*,#5550,.F.);
#5692 = ADVANCED_FACE('',(#5693),#1363,.T.);
#5693 = FACE_BOUND('',#5694,.T.);
#5694 = EDGE_LOOP('',(#5695,#5696,#5697,#5718));
#5695 = ORIENTED_EDGE('',*,*,#1348,.T.);
#5696 = ORIENTED_EDGE('',*,*,#5623,.T.);
#5697 = ORIENTED_EDGE('',*,*,#5698,.T.);
#5698 = EDGE_CURVE('',#5601,#5649,#5699,.T.);
#5699 = SURFACE_CURVE('',#5700,(#5704,#5711),.PCURVE_S1.);
#5700 = LINE('',#5701,#5702);
#5701 = CARTESIAN_POINT('',(3.232011764328,-0.422272893832,2.7));
#5702 = VECTOR('',#5703,1.);
#5703 = DIRECTION('',(0.,-1.,0.));
#5704 = PCURVE('',#1363,#5705);
#5705 = DEFINITIONAL_REPRESENTATION('',(#5706),#5710);
#5706 = LINE('',#5707,#5708);
#5707 = CARTESIAN_POINT('',(0.,-1.25));
#5708 = VECTOR('',#5709,1.);
#5709 = DIRECTION('',(1.,0.));
#5710 = ( GEOMETRIC_REPRESENTATION_CONTEXT(2) 
PARAMETRIC_REPRESENTATION_CONTEXT() REPRESENTATION_CONTEXT('2D SPACE',''
  ) );
#5711 = PCURVE('',#4974,#5712);
#5712 = DEFINITIONAL_REPRESENTATION('',(#5713),#5717);
#5713 = LINE('',#5714,#5715);
#5714 = CARTESIAN_POINT('',(2.181743284798,3.416079435998));
#5715 = VECTOR('',#5716,1.);
#5716 = DIRECTION('',(0.,-1.));
#5717 = ( GEOMETRIC_REPRESENTATION_CONTEXT(2) 
PARAMETRIC_REPRESENTATION_CONTEXT() REPRESENTATION_CONTEXT('2D SPACE',''
  ) );
#5718 = ORIENTED_EDGE('',*,*,#5648,.F.);
#5719 = ADVANCED_FACE('',(#5720),#1745,.T.);
#5720 = FACE_BOUND('',#5721,.T.);
#5721 = EDGE_LOOP('',(#5722,#5723,#5746,#5774));
#5722 = ORIENTED_EDGE('',*,*,#1728,.T.);
#5723 = ORIENTED_EDGE('',*,*,#5724,.T.);
#5724 = EDGE_CURVE('',#1731,#5725,#5727,.T.);
#5725 = VERTEX_POINT('',#5726);
#5726 = CARTESIAN_POINT('',(9.84220667931,-3.83835232983,2.7));
#5727 = SURFACE_CURVE('',#5728,(#5732,#5739),.PCURVE_S1.);
#5728 = LINE('',#5729,#5730);
#5729 = CARTESIAN_POINT('',(9.84220667931,-3.83835232983,1.45));
#5730 = VECTOR('',#5731,1.);
#5731 = DIRECTION('',(0.,0.,1.));
#5732 = PCURVE('',#1745,#5733);
#5733 = DEFINITIONAL_REPRESENTATION('',(#5734),#5738);
#5734 = LINE('',#5735,#5736);
#5735 = CARTESIAN_POINT('',(0.,0.));
#5736 = VECTOR('',#5737,1.);
#5737 = DIRECTION('',(0.,-1.));
#5738 = ( GEOMETRIC_REPRESENTATION_CONTEXT(2) 
PARAMETRIC_REPRESENTATION_CONTEXT() REPRESENTATION_CONTEXT('2D SPACE',''
  ) );
#5739 = PCURVE('',#1873,#5740);
#5740 = DEFINITIONAL_REPRESENTATION('',(#5741),#5745);
#5741 = LINE('',#5742,#5743);
#5742 = CARTESIAN_POINT('',(5.029378440638,0.));
#5743 = VECTOR('',#5744,1.);
#5744 = DIRECTION('',(0.,-1.));
#5745 = ( GEOMETRIC_REPRESENTATION_CONTEXT(2) 
PARAMETRIC_REPRESENTATION_CONTEXT() REPRESENTATION_CONTEXT('2D SPACE',''
  ) );
#5746 = ORIENTED_EDGE('',*,*,#5747,.T.);
#5747 = EDGE_CURVE('',#5725,#5748,#5750,.T.);
#5748 = VERTEX_POINT('',#5749);
#5749 = CARTESIAN_POINT('',(9.84220667931,4.244383958515,2.7));
#5750 = SURFACE_CURVE('',#5751,(#5755,#5762),.PCURVE_S1.);
#5751 = LINE('',#5752,#5753);
#5752 = CARTESIAN_POINT('',(9.84220667931,-3.83835232983,2.7));
#5753 = VECTOR('',#5754,1.);
#5754 = DIRECTION('',(0.,1.,0.));
#5755 = PCURVE('',#1745,#5756);
#5756 = DEFINITIONAL_REPRESENTATION('',(#5757),#5761);
#5757 = LINE('',#5758,#5759);
#5758 = CARTESIAN_POINT('',(0.,-1.25));
#5759 = VECTOR('',#5760,1.);
#5760 = DIRECTION('',(1.,0.));
#5761 = ( GEOMETRIC_REPRESENTATION_CONTEXT(2) 
PARAMETRIC_REPRESENTATION_CONTEXT() REPRESENTATION_CONTEXT('2D SPACE',''
  ) );
#5762 = PCURVE('',#5763,#5768);
#5763 = PLANE('',#5764);
#5764 = AXIS2_PLACEMENT_3D('',#5765,#5766,#5767);
#5765 = CARTESIAN_POINT('',(8.754041914436,-3.83835232983,2.7));
#5766 = DIRECTION('',(0.,0.,1.));
#5767 = DIRECTION('',(1.,0.,0.));
#5768 = DEFINITIONAL_REPRESENTATION('',(#5769),#5773);
#5769 = LINE('',#5770,#5771);
#5770 = CARTESIAN_POINT('',(1.088164764874,0.));
#5771 = VECTOR('',#5772,1.);
#5772 = DIRECTION('',(0.,1.));
#5773 = ( GEOMETRIC_REPRESENTATION_CONTEXT(2) 
PARAMETRIC_REPRESENTATION_CONTEXT() REPRESENTATION_CONTEXT('2D SPACE',''
  ) );
#5774 = ORIENTED_EDGE('',*,*,#5775,.F.);
#5775 = EDGE_CURVE('',#1729,#5748,#5776,.T.);
#5776 = SURFACE_CURVE('',#5777,(#5781,#5788),.PCURVE_S1.);
#5777 = LINE('',#5778,#5779);
#5778 = CARTESIAN_POINT('',(9.84220667931,4.244383958515,1.45));
#5779 = VECTOR('',#5780,1.);
#5780 = DIRECTION('',(0.,0.,1.));
#5781 = PCURVE('',#1745,#5782);
#5782 = DEFINITIONAL_REPRESENTATION('',(#5783),#5787);
#5783 = LINE('',#5784,#5785);
#5784 = CARTESIAN_POINT('',(8.082736288345,0.));
#5785 = VECTOR('',#5786,1.);
#5786 = DIRECTION('',(0.,-1.));
#5787 = ( GEOMETRIC_REPRESENTATION_CONTEXT(2) 
PARAMETRIC_REPRESENTATION_CONTEXT() REPRESENTATION_CONTEXT('2D SPACE',''
  ) );
#5788 = PCURVE('',#1771,#5789);
#5789 = DEFINITIONAL_REPRESENTATION('',(#5790),#5794);
#5790 = LINE('',#5791,#5792);
#5791 = CARTESIAN_POINT('',(0.,0.));
#5792 = VECTOR('',#5793,1.);
#5793 = DIRECTION('',(0.,-1.));
#5794 = ( GEOMETRIC_REPRESENTATION_CONTEXT(2) 
PARAMETRIC_REPRESENTATION_CONTEXT() REPRESENTATION_CONTEXT('2D SPACE',''
  ) );
#5795 = ADVANCED_FACE('',(#5796),#1771,.T.);
#5796 = FACE_BOUND('',#5797,.T.);
#5797 = EDGE_LOOP('',(#5798,#5799,#5800,#5823));
#5798 = ORIENTED_EDGE('',*,*,#1756,.T.);
#5799 = ORIENTED_EDGE('',*,*,#5775,.T.);
#5800 = ORIENTED_EDGE('',*,*,#5801,.T.);
#5801 = EDGE_CURVE('',#5748,#5802,#5804,.T.);
#5802 = VERTEX_POINT('',#5803);
#5803 = CARTESIAN_POINT('',(10.935785199234,4.244383958515,2.7));
#5804 = SURFACE_CURVE('',#5805,(#5809,#5816),.PCURVE_S1.);
#5805 = LINE('',#5806,#5807);
#5806 = CARTESIAN_POINT('',(9.84220667931,4.244383958515,2.7));
#5807 = VECTOR('',#5808,1.);
#5808 = DIRECTION('',(1.,0.,0.));
#5809 = PCURVE('',#1771,#5810);
#5810 = DEFINITIONAL_REPRESENTATION('',(#5811),#5815);
#5811 = LINE('',#5812,#5813);
#5812 = CARTESIAN_POINT('',(0.,-1.25));
#5813 = VECTOR('',#5814,1.);
#5814 = DIRECTION('',(1.,0.));
#5815 = ( GEOMETRIC_REPRESENTATION_CONTEXT(2) 
PARAMETRIC_REPRESENTATION_CONTEXT() REPRESENTATION_CONTEXT('2D SPACE',''
  ) );
#5816 = PCURVE('',#5763,#5817);
#5817 = DEFINITIONAL_REPRESENTATION('',(#5818),#5822);
#5818 = LINE('',#5819,#5820);
#5819 = CARTESIAN_POINT('',(1.088164764874,8.082736288345));
#5820 = VECTOR('',#5821,1.);
#5821 = DIRECTION('',(1.,0.));
#5822 = ( GEOMETRIC_REPRESENTATION_CONTEXT(2) 
PARAMETRIC_REPRESENTATION_CONTEXT() REPRESENTATION_CONTEXT('2D SPACE',''
  ) );
#5823 = ORIENTED_EDGE('',*,*,#5824,.F.);
#5824 = EDGE_CURVE('',#1757,#5802,#5825,.T.);
#5825 = SURFACE_CURVE('',#5826,(#5830,#5837),.PCURVE_S1.);
#5826 = LINE('',#5827,#5828);
#5827 = CARTESIAN_POINT('',(10.935785199234,4.244383958515,1.45));
#5828 = VECTOR('',#5829,1.);
#5829 = DIRECTION('',(0.,0.,1.));
#5830 = PCURVE('',#1771,#5831);
#5831 = DEFINITIONAL_REPRESENTATION('',(#5832),#5836);
#5832 = LINE('',#5833,#5834);
#5833 = CARTESIAN_POINT('',(1.093578519923,0.));
#5834 = VECTOR('',#5835,1.);
#5835 = DIRECTION('',(0.,-1.));
#5836 = ( GEOMETRIC_REPRESENTATION_CONTEXT(2) 
PARAMETRIC_REPRESENTATION_CONTEXT() REPRESENTATION_CONTEXT('2D SPACE',''
  ) );
#5837 = PCURVE('',#1797,#5838);
#5838 = DEFINITIONAL_REPRESENTATION('',(#5839),#5843);
#5839 = LINE('',#5840,#5841);
#5840 = CARTESIAN_POINT('',(0.,0.));
#5841 = VECTOR('',#5842,1.);
#5842 = DIRECTION('',(0.,-1.));
#5843 = ( GEOMETRIC_REPRESENTATION_CONTEXT(2) 
PARAMETRIC_REPRESENTATION_CONTEXT() REPRESENTATION_CONTEXT('2D SPACE',''
  ) );
#5844 = ADVANCED_FACE('',(#5845),#1873,.T.);
#5845 = FACE_BOUND('',#5846,.T.);
#5846 = EDGE_LOOP('',(#5847,#5848,#5871,#5892));
#5847 = ORIENTED_EDGE('',*,*,#1860,.T.);
#5848 = ORIENTED_EDGE('',*,*,#5849,.T.);
#5849 = EDGE_CURVE('',#1835,#5850,#5852,.T.);
#5850 = VERTEX_POINT('',#5851);
#5851 = CARTESIAN_POINT('',(14.871585119948,-3.83835232983,2.7));
#5852 = SURFACE_CURVE('',#5853,(#5857,#5864),.PCURVE_S1.);
#5853 = LINE('',#5854,#5855);
#5854 = CARTESIAN_POINT('',(14.871585119948,-3.83835232983,1.45));
#5855 = VECTOR('',#5856,1.);
#5856 = DIRECTION('',(0.,0.,1.));
#5857 = PCURVE('',#1873,#5858);
#5858 = DEFINITIONAL_REPRESENTATION('',(#5859),#5863);
#5859 = LINE('',#5860,#5861);
#5860 = CARTESIAN_POINT('',(0.,-0.));
#5861 = VECTOR('',#5862,1.);
#5862 = DIRECTION('',(0.,-1.));
#5863 = ( GEOMETRIC_REPRESENTATION_CONTEXT(2) 
PARAMETRIC_REPRESENTATION_CONTEXT() REPRESENTATION_CONTEXT('2D SPACE',''
  ) );
#5864 = PCURVE('',#1849,#5865);
#5865 = DEFINITIONAL_REPRESENTATION('',(#5866),#5870);
#5866 = LINE('',#5867,#5868);
#5867 = CARTESIAN_POINT('',(0.920338358351,0.));
#5868 = VECTOR('',#5869,1.);
#5869 = DIRECTION('',(0.,-1.));
#5870 = ( GEOMETRIC_REPRESENTATION_CONTEXT(2) 
PARAMETRIC_REPRESENTATION_CONTEXT() REPRESENTATION_CONTEXT('2D SPACE',''
  ) );
#5871 = ORIENTED_EDGE('',*,*,#5872,.T.);
#5872 = EDGE_CURVE('',#5850,#5725,#5873,.T.);
#5873 = SURFACE_CURVE('',#5874,(#5878,#5885),.PCURVE_S1.);
#5874 = LINE('',#5875,#5876);
#5875 = CARTESIAN_POINT('',(14.871585119948,-3.83835232983,2.7));
#5876 = VECTOR('',#5877,1.);
#5877 = DIRECTION('',(-1.,0.,0.));
#5878 = PCURVE('',#1873,#5879);
#5879 = DEFINITIONAL_REPRESENTATION('',(#5880),#5884);
#5880 = LINE('',#5881,#5882);
#5881 = CARTESIAN_POINT('',(0.,-1.25));
#5882 = VECTOR('',#5883,1.);
#5883 = DIRECTION('',(1.,0.));
#5884 = ( GEOMETRIC_REPRESENTATION_CONTEXT(2) 
PARAMETRIC_REPRESENTATION_CONTEXT() REPRESENTATION_CONTEXT('2D SPACE',''
  ) );
#5885 = PCURVE('',#5763,#5886);
#5886 = DEFINITIONAL_REPRESENTATION('',(#5887),#5891);
#5887 = LINE('',#5888,#5889);
#5888 = CARTESIAN_POINT('',(6.117543205512,0.));
#5889 = VECTOR('',#5890,1.);
#5890 = DIRECTION('',(-1.,0.));
#5891 = ( GEOMETRIC_REPRESENTATION_CONTEXT(2) 
PARAMETRIC_REPRESENTATION_CONTEXT() REPRESENTATION_CONTEXT('2D SPACE',''
  ) );
#5892 = ORIENTED_EDGE('',*,*,#5724,.F.);
#5893 = ADVANCED_FACE('',(#5894),#1797,.T.);
#5894 = FACE_BOUND('',#5895,.T.);
#5895 = EDGE_LOOP('',(#5896,#5897,#5898,#5921));
#5896 = ORIENTED_EDGE('',*,*,#1782,.T.);
#5897 = ORIENTED_EDGE('',*,*,#5824,.T.);
#5898 = ORIENTED_EDGE('',*,*,#5899,.T.);
#5899 = EDGE_CURVE('',#5802,#5900,#5902,.T.);
#5900 = VERTEX_POINT('',#5901);
#5901 = CARTESIAN_POINT('',(10.935785199234,-2.918013971479,2.7));
#5902 = SURFACE_CURVE('',#5903,(#5907,#5914),.PCURVE_S1.);
#5903 = LINE('',#5904,#5905);
#5904 = CARTESIAN_POINT('',(10.935785199234,4.244383958515,2.7));
#5905 = VECTOR('',#5906,1.);
#5906 = DIRECTION('',(0.,-1.,0.));
#5907 = PCURVE('',#1797,#5908);
#5908 = DEFINITIONAL_REPRESENTATION('',(#5909),#5913);
#5909 = LINE('',#5910,#5911);
#5910 = CARTESIAN_POINT('',(0.,-1.25));
#5911 = VECTOR('',#5912,1.);
#5912 = DIRECTION('',(1.,0.));
#5913 = ( GEOMETRIC_REPRESENTATION_CONTEXT(2) 
PARAMETRIC_REPRESENTATION_CONTEXT() REPRESENTATION_CONTEXT('2D SPACE',''
  ) );
#5914 = PCURVE('',#5763,#5915);
#5915 = DEFINITIONAL_REPRESENTATION('',(#5916),#5920);
#5916 = LINE('',#5917,#5918);
#5917 = CARTESIAN_POINT('',(2.181743284798,8.082736288345));
#5918 = VECTOR('',#5919,1.);
#5919 = DIRECTION('',(0.,-1.));
#5920 = ( GEOMETRIC_REPRESENTATION_CONTEXT(2) 
PARAMETRIC_REPRESENTATION_CONTEXT() REPRESENTATION_CONTEXT('2D SPACE',''
  ) );
#5921 = ORIENTED_EDGE('',*,*,#5922,.F.);
#5922 = EDGE_CURVE('',#1783,#5900,#5923,.T.);
#5923 = SURFACE_CURVE('',#5924,(#5928,#5935),.PCURVE_S1.);
#5924 = LINE('',#5925,#5926);
#5925 = CARTESIAN_POINT('',(10.935785199234,-2.918013971479,1.45));
#5926 = VECTOR('',#5927,1.);
#5927 = DIRECTION('',(0.,0.,1.));
#5928 = PCURVE('',#1797,#5929);
#5929 = DEFINITIONAL_REPRESENTATION('',(#5930),#5934);
#5930 = LINE('',#5931,#5932);
#5931 = CARTESIAN_POINT('',(7.162397929993,0.));
#5932 = VECTOR('',#5933,1.);
#5933 = DIRECTION('',(0.,-1.));
#5934 = ( GEOMETRIC_REPRESENTATION_CONTEXT(2) 
PARAMETRIC_REPRESENTATION_CONTEXT() REPRESENTATION_CONTEXT('2D SPACE',''
  ) );
#5935 = PCURVE('',#1823,#5936);
#5936 = DEFINITIONAL_REPRESENTATION('',(#5937),#5941);
#5937 = LINE('',#5938,#5939);
#5938 = CARTESIAN_POINT('',(0.,0.));
#5939 = VECTOR('',#5940,1.);
#5940 = DIRECTION('',(0.,-1.));
#5941 = ( GEOMETRIC_REPRESENTATION_CONTEXT(2) 
PARAMETRIC_REPRESENTATION_CONTEXT() REPRESENTATION_CONTEXT('2D SPACE',''
  ) );
#5942 = ADVANCED_FACE('',(#5943),#1849,.T.);
#5943 = FACE_BOUND('',#5944,.T.);
#5944 = EDGE_LOOP('',(#5945,#5946,#5969,#5990));
#5945 = ORIENTED_EDGE('',*,*,#1834,.T.);
#5946 = ORIENTED_EDGE('',*,*,#5947,.T.);
#5947 = EDGE_CURVE('',#1809,#5948,#5950,.T.);
#5948 = VERTEX_POINT('',#5949);
#5949 = CARTESIAN_POINT('',(14.871585119948,-2.918013971479,2.7));
#5950 = SURFACE_CURVE('',#5951,(#5955,#5962),.PCURVE_S1.);
#5951 = LINE('',#5952,#5953);
#5952 = CARTESIAN_POINT('',(14.871585119948,-2.918013971479,1.45));
#5953 = VECTOR('',#5954,1.);
#5954 = DIRECTION('',(0.,0.,1.));
#5955 = PCURVE('',#1849,#5956);
#5956 = DEFINITIONAL_REPRESENTATION('',(#5957),#5961);
#5957 = LINE('',#5958,#5959);
#5958 = CARTESIAN_POINT('',(0.,0.));
#5959 = VECTOR('',#5960,1.);
#5960 = DIRECTION('',(0.,-1.));
#5961 = ( GEOMETRIC_REPRESENTATION_CONTEXT(2) 
PARAMETRIC_REPRESENTATION_CONTEXT() REPRESENTATION_CONTEXT('2D SPACE',''
  ) );
#5962 = PCURVE('',#1823,#5963);
#5963 = DEFINITIONAL_REPRESENTATION('',(#5964),#5968);
#5964 = LINE('',#5965,#5966);
#5965 = CARTESIAN_POINT('',(3.935799920714,0.));
#5966 = VECTOR('',#5967,1.);
#5967 = DIRECTION('',(0.,-1.));
#5968 = ( GEOMETRIC_REPRESENTATION_CONTEXT(2) 
PARAMETRIC_REPRESENTATION_CONTEXT() REPRESENTATION_CONTEXT('2D SPACE',''
  ) );
#5969 = ORIENTED_EDGE('',*,*,#5970,.T.);
#5970 = EDGE_CURVE('',#5948,#5850,#5971,.T.);
#5971 = SURFACE_CURVE('',#5972,(#5976,#5983),.PCURVE_S1.);
#5972 = LINE('',#5973,#5974);
#5973 = CARTESIAN_POINT('',(14.871585119948,-2.918013971479,2.7));
#5974 = VECTOR('',#5975,1.);
#5975 = DIRECTION('',(0.,-1.,0.));
#5976 = PCURVE('',#1849,#5977);
#5977 = DEFINITIONAL_REPRESENTATION('',(#5978),#5982);
#5978 = LINE('',#5979,#5980);
#5979 = CARTESIAN_POINT('',(0.,-1.25));
#5980 = VECTOR('',#5981,1.);
#5981 = DIRECTION('',(1.,0.));
#5982 = ( GEOMETRIC_REPRESENTATION_CONTEXT(2) 
PARAMETRIC_REPRESENTATION_CONTEXT() REPRESENTATION_CONTEXT('2D SPACE',''
  ) );
#5983 = PCURVE('',#5763,#5984);
#5984 = DEFINITIONAL_REPRESENTATION('',(#5985),#5989);
#5985 = LINE('',#5986,#5987);
#5986 = CARTESIAN_POINT('',(6.117543205512,0.920338358351));
#5987 = VECTOR('',#5988,1.);
#5988 = DIRECTION('',(0.,-1.));
#5989 = ( GEOMETRIC_REPRESENTATION_CONTEXT(2) 
PARAMETRIC_REPRESENTATION_CONTEXT() REPRESENTATION_CONTEXT('2D SPACE',''
  ) );
#5990 = ORIENTED_EDGE('',*,*,#5849,.F.);
#5991 = ADVANCED_FACE('',(#5992),#1823,.T.);
#5992 = FACE_BOUND('',#5993,.T.);
#5993 = EDGE_LOOP('',(#5994,#5995,#5996,#6017));
#5994 = ORIENTED_EDGE('',*,*,#1808,.T.);
#5995 = ORIENTED_EDGE('',*,*,#5922,.T.);
#5996 = ORIENTED_EDGE('',*,*,#5997,.T.);
#5997 = EDGE_CURVE('',#5900,#5948,#5998,.T.);
#5998 = SURFACE_CURVE('',#5999,(#6003,#6010),.PCURVE_S1.);
#5999 = LINE('',#6000,#6001);
#6000 = CARTESIAN_POINT('',(10.935785199234,-2.918013971479,2.7));
#6001 = VECTOR('',#6002,1.);
#6002 = DIRECTION('',(1.,0.,0.));
#6003 = PCURVE('',#1823,#6004);
#6004 = DEFINITIONAL_REPRESENTATION('',(#6005),#6009);
#6005 = LINE('',#6006,#6007);
#6006 = CARTESIAN_POINT('',(0.,-1.25));
#6007 = VECTOR('',#6008,1.);
#6008 = DIRECTION('',(1.,0.));
#6009 = ( GEOMETRIC_REPRESENTATION_CONTEXT(2) 
PARAMETRIC_REPRESENTATION_CONTEXT() REPRESENTATION_CONTEXT('2D SPACE',''
  ) );
#6010 = PCURVE('',#5763,#6011);
#6011 = DEFINITIONAL_REPRESENTATION('',(#6012),#6016);
#6012 = LINE('',#6013,#6014);
#6013 = CARTESIAN_POINT('',(2.181743284798,0.920338358351));
#6014 = VECTOR('',#6015,1.);
#6015 = DIRECTION('',(1.,0.));
#6016 = ( GEOMETRIC_REPRESENTATION_CONTEXT(2) 
PARAMETRIC_REPRESENTATION_CONTEXT() REPRESENTATION_CONTEXT('2D SPACE',''
  ) );
#6017 = ORIENTED_EDGE('',*,*,#5947,.F.);
#6018 = ADVANCED_FACE('',(#6019),#1903,.T.);
#6019 = FACE_BOUND('',#6020,.T.);
#6020 = EDGE_LOOP('',(#6021,#6022,#6045,#6073));
#6021 = ORIENTED_EDGE('',*,*,#1886,.T.);
#6022 = ORIENTED_EDGE('',*,*,#6023,.T.);
#6023 = EDGE_CURVE('',#1889,#6024,#6026,.T.);
#6024 = VERTEX_POINT('',#6025);
#6025 = CARTESIAN_POINT('',(23.858418501497,-3.83835232983,2.7));
#6026 = SURFACE_CURVE('',#6027,(#6031,#6038),.PCURVE_S1.);
#6027 = LINE('',#6028,#6029);
#6028 = CARTESIAN_POINT('',(23.858418501497,-3.83835232983,1.45));
#6029 = VECTOR('',#6030,1.);
#6030 = DIRECTION('',(0.,0.,1.));
#6031 = PCURVE('',#1903,#6032);
#6032 = DEFINITIONAL_REPRESENTATION('',(#6033),#6037);
#6033 = LINE('',#6034,#6035);
#6034 = CARTESIAN_POINT('',(0.,0.));
#6035 = VECTOR('',#6036,1.);
#6036 = DIRECTION('',(0.,-1.));
#6037 = ( GEOMETRIC_REPRESENTATION_CONTEXT(2) 
PARAMETRIC_REPRESENTATION_CONTEXT() REPRESENTATION_CONTEXT('2D SPACE',''
  ) );
#6038 = PCURVE('',#2511,#6039);
#6039 = DEFINITIONAL_REPRESENTATION('',(#6040),#6044);
#6040 = LINE('',#6041,#6042);
#6041 = CARTESIAN_POINT('',(2.901772706331,0.));
#6042 = VECTOR('',#6043,1.);
#6043 = DIRECTION('',(0.,-1.));
#6044 = ( GEOMETRIC_REPRESENTATION_CONTEXT(2) 
PARAMETRIC_REPRESENTATION_CONTEXT() REPRESENTATION_CONTEXT('2D SPACE',''
  ) );
#6045 = ORIENTED_EDGE('',*,*,#6046,.T.);
#6046 = EDGE_CURVE('',#6024,#6047,#6049,.T.);
#6047 = VERTEX_POINT('',#6048);
#6048 = CARTESIAN_POINT('',(23.858418501497,4.244383958515,2.7));
#6049 = SURFACE_CURVE('',#6050,(#6054,#6061),.PCURVE_S1.);
#6050 = LINE('',#6051,#6052);
#6051 = CARTESIAN_POINT('',(23.858418501497,-3.83835232983,2.7));
#6052 = VECTOR('',#6053,1.);
#6053 = DIRECTION('',(0.,1.,0.));
#6054 = PCURVE('',#1903,#6055);
#6055 = DEFINITIONAL_REPRESENTATION('',(#6056),#6060);
#6056 = LINE('',#6057,#6058);
#6057 = CARTESIAN_POINT('',(0.,-1.25));
#6058 = VECTOR('',#6059,1.);
#6059 = DIRECTION('',(1.,0.));
#6060 = ( GEOMETRIC_REPRESENTATION_CONTEXT(2) 
PARAMETRIC_REPRESENTATION_CONTEXT() REPRESENTATION_CONTEXT('2D SPACE',''
  ) );
#6061 = PCURVE('',#6062,#6067);
#6062 = PLANE('',#6063);
#6063 = AXIS2_PLACEMENT_3D('',#6064,#6065,#6066);
#6064 = CARTESIAN_POINT('',(22.770253736622,-3.83835232983,2.7));
#6065 = DIRECTION('',(0.,0.,1.));
#6066 = DIRECTION('',(1.,0.,0.));
#6067 = DEFINITIONAL_REPRESENTATION('',(#6068),#6072);
#6068 = LINE('',#6069,#6070);
#6069 = CARTESIAN_POINT('',(1.088164764874,0.));
#6070 = VECTOR('',#6071,1.);
#6071 = DIRECTION('',(0.,1.));
#6072 = ( GEOMETRIC_REPRESENTATION_CONTEXT(2) 
PARAMETRIC_REPRESENTATION_CONTEXT() REPRESENTATION_CONTEXT('2D SPACE',''
  ) );
#6073 = ORIENTED_EDGE('',*,*,#6074,.F.);
#6074 = EDGE_CURVE('',#1887,#6047,#6075,.T.);
#6075 = SURFACE_CURVE('',#6076,(#6080,#6087),.PCURVE_S1.);
#6076 = LINE('',#6077,#6078);
#6077 = CARTESIAN_POINT('',(23.858418501497,4.244383958515,1.45));
#6078 = VECTOR('',#6079,1.);
#6079 = DIRECTION('',(0.,0.,1.));
#6080 = PCURVE('',#1903,#6081);
#6081 = DEFINITIONAL_REPRESENTATION('',(#6082),#6086);
#6082 = LINE('',#6083,#6084);
#6083 = CARTESIAN_POINT('',(8.082736288345,0.));
#6084 = VECTOR('',#6085,1.);
#6085 = DIRECTION('',(0.,-1.));
#6086 = ( GEOMETRIC_REPRESENTATION_CONTEXT(2) 
PARAMETRIC_REPRESENTATION_CONTEXT() REPRESENTATION_CONTEXT('2D SPACE',''
  ) );
#6087 = PCURVE('',#1929,#6088);
#6088 = DEFINITIONAL_REPRESENTATION('',(#6089),#6093);
#6089 = LINE('',#6090,#6091);
#6090 = CARTESIAN_POINT('',(0.,0.));
#6091 = VECTOR('',#6092,1.);
#6092 = DIRECTION('',(0.,-1.));
#6093 = ( GEOMETRIC_REPRESENTATION_CONTEXT(2) 
PARAMETRIC_REPRESENTATION_CONTEXT() REPRESENTATION_CONTEXT('2D SPACE',''
  ) );
#6094 = ADVANCED_FACE('',(#6095),#1929,.T.);
#6095 = FACE_BOUND('',#6096,.T.);
#6096 = EDGE_LOOP('',(#6097,#6098,#6099,#6122));
#6097 = ORIENTED_EDGE('',*,*,#1914,.T.);
#6098 = ORIENTED_EDGE('',*,*,#6074,.T.);
#6099 = ORIENTED_EDGE('',*,*,#6100,.T.);
#6100 = EDGE_CURVE('',#6047,#6101,#6103,.T.);
#6101 = VERTEX_POINT('',#6102);
#6102 = CARTESIAN_POINT('',(26.651916106846,4.244383958515,2.7));
#6103 = SURFACE_CURVE('',#6104,(#6108,#6115),.PCURVE_S1.);
#6104 = LINE('',#6105,#6106);
#6105 = CARTESIAN_POINT('',(23.858418501497,4.244383958515,2.7));
#6106 = VECTOR('',#6107,1.);
#6107 = DIRECTION('',(1.,0.,0.));
#6108 = PCURVE('',#1929,#6109);
#6109 = DEFINITIONAL_REPRESENTATION('',(#6110),#6114);
#6110 = LINE('',#6111,#6112);
#6111 = CARTESIAN_POINT('',(0.,-1.25));
#6112 = VECTOR('',#6113,1.);
#6113 = DIRECTION('',(1.,0.));
#6114 = ( GEOMETRIC_REPRESENTATION_CONTEXT(2) 
PARAMETRIC_REPRESENTATION_CONTEXT() REPRESENTATION_CONTEXT('2D SPACE',''
  ) );
#6115 = PCURVE('',#6062,#6116);
#6116 = DEFINITIONAL_REPRESENTATION('',(#6117),#6121);
#6117 = LINE('',#6118,#6119);
#6118 = CARTESIAN_POINT('',(1.088164764874,8.082736288345));
#6119 = VECTOR('',#6120,1.);
#6120 = DIRECTION('',(1.,0.));
#6121 = ( GEOMETRIC_REPRESENTATION_CONTEXT(2) 
PARAMETRIC_REPRESENTATION_CONTEXT() REPRESENTATION_CONTEXT('2D SPACE',''
  ) );
#6122 = ORIENTED_EDGE('',*,*,#6123,.F.);
#6123 = EDGE_CURVE('',#1915,#6101,#6124,.T.);
#6124 = SURFACE_CURVE('',#6125,(#6129,#6136),.PCURVE_S1.);
#6125 = LINE('',#6126,#6127);
#6126 = CARTESIAN_POINT('',(26.651916106846,4.244383958515,1.45));
#6127 = VECTOR('',#6128,1.);
#6128 = DIRECTION('',(0.,0.,1.));
#6129 = PCURVE('',#1929,#6130);
#6130 = DEFINITIONAL_REPRESENTATION('',(#6131),#6135);
#6131 = LINE('',#6132,#6133);
#6132 = CARTESIAN_POINT('',(2.793497605349,0.));
#6133 = VECTOR('',#6134,1.);
#6134 = DIRECTION('',(0.,-1.));
#6135 = ( GEOMETRIC_REPRESENTATION_CONTEXT(2) 
PARAMETRIC_REPRESENTATION_CONTEXT() REPRESENTATION_CONTEXT('2D SPACE',''
  ) );
#6136 = PCURVE('',#1986,#6137);
#6137 = DEFINITIONAL_REPRESENTATION('',(#6138),#6142);
#6138 = LINE('',#6139,#6140);
#6139 = CARTESIAN_POINT('',(0.,0.));
#6140 = VECTOR('',#6141,1.);
#6141 = DIRECTION('',(0.,-1.));
#6142 = ( GEOMETRIC_REPRESENTATION_CONTEXT(2) 
PARAMETRIC_REPRESENTATION_CONTEXT() REPRESENTATION_CONTEXT('2D SPACE',''
  ) );
#6143 = ADVANCED_FACE('',(#6144),#2511,.T.);
#6144 = FACE_BOUND('',#6145,.T.);
#6145 = EDGE_LOOP('',(#6146,#6147,#6170,#6191));
#6146 = ORIENTED_EDGE('',*,*,#2498,.T.);
#6147 = ORIENTED_EDGE('',*,*,#6148,.T.);
#6148 = EDGE_CURVE('',#2424,#6149,#6151,.T.);
#6149 = VERTEX_POINT('',#6150);
#6150 = CARTESIAN_POINT('',(26.760191207828,-3.83835232983,2.7));
#6151 = SURFACE_CURVE('',#6152,(#6156,#6163),.PCURVE_S1.);
#6152 = LINE('',#6153,#6154);
#6153 = CARTESIAN_POINT('',(26.760191207828,-3.83835232983,1.45));
#6154 = VECTOR('',#6155,1.);
#6155 = DIRECTION('',(0.,0.,1.));
#6156 = PCURVE('',#2511,#6157);
#6157 = DEFINITIONAL_REPRESENTATION('',(#6158),#6162);
#6158 = LINE('',#6159,#6160);
#6159 = CARTESIAN_POINT('',(0.,-0.));
#6160 = VECTOR('',#6161,1.);
#6161 = DIRECTION('',(0.,-1.));
#6162 = ( GEOMETRIC_REPRESENTATION_CONTEXT(2) 
PARAMETRIC_REPRESENTATION_CONTEXT() REPRESENTATION_CONTEXT('2D SPACE',''
  ) );
#6163 = PCURVE('',#2469,#6164);
#6164 = DEFINITIONAL_REPRESENTATION('',(#6165),#6169);
#6165 = LINE('',#6166,#6167);
#6166 = CARTESIAN_POINT('',(1.,0.));
#6167 = VECTOR('',#6168,1.);
#6168 = DIRECTION('',(0.,-1.));
#6169 = ( GEOMETRIC_REPRESENTATION_CONTEXT(2) 
PARAMETRIC_REPRESENTATION_CONTEXT() REPRESENTATION_CONTEXT('2D SPACE',''
  ) );
#6170 = ORIENTED_EDGE('',*,*,#6171,.T.);
#6171 = EDGE_CURVE('',#6149,#6024,#6172,.T.);
#6172 = SURFACE_CURVE('',#6173,(#6177,#6184),.PCURVE_S1.);
#6173 = LINE('',#6174,#6175);
#6174 = CARTESIAN_POINT('',(26.760191207828,-3.83835232983,2.7));
#6175 = VECTOR('',#6176,1.);
#6176 = DIRECTION('',(-1.,0.,0.));
#6177 = PCURVE('',#2511,#6178);
#6178 = DEFINITIONAL_REPRESENTATION('',(#6179),#6183);
#6179 = LINE('',#6180,#6181);
#6180 = CARTESIAN_POINT('',(0.,-1.25));
#6181 = VECTOR('',#6182,1.);
#6182 = DIRECTION('',(1.,0.));
#6183 = ( GEOMETRIC_REPRESENTATION_CONTEXT(2) 
PARAMETRIC_REPRESENTATION_CONTEXT() REPRESENTATION_CONTEXT('2D SPACE',''
  ) );
#6184 = PCURVE('',#6062,#6185);
#6185 = DEFINITIONAL_REPRESENTATION('',(#6186),#6190);
#6186 = LINE('',#6187,#6188);
#6187 = CARTESIAN_POINT('',(3.989937471206,0.));
#6188 = VECTOR('',#6189,1.);
#6189 = DIRECTION('',(-1.,0.));
#6190 = ( GEOMETRIC_REPRESENTATION_CONTEXT(2) 
PARAMETRIC_REPRESENTATION_CONTEXT() REPRESENTATION_CONTEXT('2D SPACE',''
  ) );
#6191 = ORIENTED_EDGE('',*,*,#6023,.F.);
#6192 = ADVANCED_FACE('',(#6193),#1986,.T.);
#6193 = FACE_BOUND('',#6194,.T.);
#6194 = EDGE_LOOP('',(#6195,#6196,#6197,#6220));
#6195 = ORIENTED_EDGE('',*,*,#1940,.T.);
#6196 = ORIENTED_EDGE('',*,*,#6123,.T.);
#6197 = ORIENTED_EDGE('',*,*,#6198,.T.);
#6198 = EDGE_CURVE('',#6101,#6199,#6201,.T.);
#6199 = VERTEX_POINT('',#6200);
#6200 = CARTESIAN_POINT('',(28.579212904334,3.724663473798,2.7));
#6201 = SURFACE_CURVE('',#6202,(#6206,#6213),.PCURVE_S1.);
#6202 = B_SPLINE_CURVE_WITH_KNOTS('',2,(#6203,#6204,#6205),
  .UNSPECIFIED.,.F.,.F.,(3,3),(0.,1.),.PIECEWISE_BEZIER_KNOTS.);
#6203 = CARTESIAN_POINT('',(26.651916106846,4.244383958515,2.7));
#6204 = CARTESIAN_POINT('',(27.902493523194,4.244383958515,2.7));
#6205 = CARTESIAN_POINT('',(28.579212904334,3.724663473798,2.7));
#6206 = PCURVE('',#1986,#6207);
#6207 = DEFINITIONAL_REPRESENTATION('',(#6208),#6212);
#6208 = LINE('',#6209,#6210);
#6209 = CARTESIAN_POINT('',(0.,-1.25));
#6210 = VECTOR('',#6211,1.);
#6211 = DIRECTION('',(1.,0.));
#6212 = ( GEOMETRIC_REPRESENTATION_CONTEXT(2) 
PARAMETRIC_REPRESENTATION_CONTEXT() REPRESENTATION_CONTEXT('2D SPACE',''
  ) );
#6213 = PCURVE('',#6062,#6214);
#6214 = DEFINITIONAL_REPRESENTATION('',(#6215),#6219);
#6215 = B_SPLINE_CURVE_WITH_KNOTS('',2,(#6216,#6217,#6218),
  .UNSPECIFIED.,.F.,.F.,(3,3),(0.,1.),.PIECEWISE_BEZIER_KNOTS.);
#6216 = CARTESIAN_POINT('',(3.881662370223,8.082736288345));
#6217 = CARTESIAN_POINT('',(5.132239786571,8.082736288345));
#6218 = CARTESIAN_POINT('',(5.808959167712,7.563015803629));
#6219 = ( GEOMETRIC_REPRESENTATION_CONTEXT(2) 
PARAMETRIC_REPRESENTATION_CONTEXT() REPRESENTATION_CONTEXT('2D SPACE',''
  ) );
#6220 = ORIENTED_EDGE('',*,*,#6221,.F.);
#6221 = EDGE_CURVE('',#1941,#6199,#6222,.T.);
#6222 = SURFACE_CURVE('',#6223,(#6227,#6234),.PCURVE_S1.);
#6223 = LINE('',#6224,#6225);
#6224 = CARTESIAN_POINT('',(28.579212904334,3.724663473798,1.45));
#6225 = VECTOR('',#6226,1.);
#6226 = DIRECTION('',(0.,0.,1.));
#6227 = PCURVE('',#1986,#6228);
#6228 = DEFINITIONAL_REPRESENTATION('',(#6229),#6233);
#6229 = LINE('',#6230,#6231);
#6230 = CARTESIAN_POINT('',(1.,0.));
#6231 = VECTOR('',#6232,1.);
#6232 = DIRECTION('',(0.,-1.));
#6233 = ( GEOMETRIC_REPRESENTATION_CONTEXT(2) 
PARAMETRIC_REPRESENTATION_CONTEXT() REPRESENTATION_CONTEXT('2D SPACE',''
  ) );
#6234 = PCURVE('',#2061,#6235);
#6235 = DEFINITIONAL_REPRESENTATION('',(#6236),#6240);
#6236 = LINE('',#6237,#6238);
#6237 = CARTESIAN_POINT('',(0.,0.));
#6238 = VECTOR('',#6239,1.);
#6239 = DIRECTION('',(0.,-1.));
#6240 = ( GEOMETRIC_REPRESENTATION_CONTEXT(2) 
PARAMETRIC_REPRESENTATION_CONTEXT() REPRESENTATION_CONTEXT('2D SPACE',''
  ) );
#6241 = ADVANCED_FACE('',(#6242),#2469,.T.);
#6242 = FACE_BOUND('',#6243,.T.);
#6243 = EDGE_LOOP('',(#6244,#6245,#6268,#6289));
#6244 = ORIENTED_EDGE('',*,*,#2423,.T.);
#6245 = ORIENTED_EDGE('',*,*,#6246,.T.);
#6246 = EDGE_CURVE('',#2349,#6247,#6249,.T.);
#6247 = VERTEX_POINT('',#6248);
#6248 = CARTESIAN_POINT('',(28.85531441184,-3.248253029475,2.7));
#6249 = SURFACE_CURVE('',#6250,(#6254,#6261),.PCURVE_S1.);
#6250 = LINE('',#6251,#6252);
#6251 = CARTESIAN_POINT('',(28.85531441184,-3.248253029475,1.45));
#6252 = VECTOR('',#6253,1.);
#6253 = DIRECTION('',(0.,0.,1.));
#6254 = PCURVE('',#2469,#6255);
#6255 = DEFINITIONAL_REPRESENTATION('',(#6256),#6260);
#6256 = LINE('',#6257,#6258);
#6257 = CARTESIAN_POINT('',(0.,0.));
#6258 = VECTOR('',#6259,1.);
#6259 = DIRECTION('',(0.,-1.));
#6260 = ( GEOMETRIC_REPRESENTATION_CONTEXT(2) 
PARAMETRIC_REPRESENTATION_CONTEXT() REPRESENTATION_CONTEXT('2D SPACE',''
  ) );
#6261 = PCURVE('',#2394,#6262);
#6262 = DEFINITIONAL_REPRESENTATION('',(#6263),#6267);
#6263 = LINE('',#6264,#6265);
#6264 = CARTESIAN_POINT('',(1.,0.));
#6265 = VECTOR('',#6266,1.);
#6266 = DIRECTION('',(0.,-1.));
#6267 = ( GEOMETRIC_REPRESENTATION_CONTEXT(2) 
PARAMETRIC_REPRESENTATION_CONTEXT() REPRESENTATION_CONTEXT('2D SPACE',''
  ) );
#6268 = ORIENTED_EDGE('',*,*,#6269,.T.);
#6269 = EDGE_CURVE('',#6247,#6149,#6270,.T.);
#6270 = SURFACE_CURVE('',#6271,(#6275,#6282),.PCURVE_S1.);
#6271 = B_SPLINE_CURVE_WITH_KNOTS('',2,(#6272,#6273,#6274),
  .UNSPECIFIED.,.F.,.F.,(3,3),(0.,1.),.PIECEWISE_BEZIER_KNOTS.);
#6272 = CARTESIAN_POINT('',(28.85531441184,-3.248253029475,2.7));
#6273 = CARTESIAN_POINT('',(28.119043725159,-3.83835232983,2.7));
#6274 = CARTESIAN_POINT('',(26.760191207828,-3.83835232983,2.7));
#6275 = PCURVE('',#2469,#6276);
#6276 = DEFINITIONAL_REPRESENTATION('',(#6277),#6281);
#6277 = LINE('',#6278,#6279);
#6278 = CARTESIAN_POINT('',(0.,-1.25));
#6279 = VECTOR('',#6280,1.);
#6280 = DIRECTION('',(1.,0.));
#6281 = ( GEOMETRIC_REPRESENTATION_CONTEXT(2) 
PARAMETRIC_REPRESENTATION_CONTEXT() REPRESENTATION_CONTEXT('2D SPACE',''
  ) );
#6282 = PCURVE('',#6062,#6283);
#6283 = DEFINITIONAL_REPRESENTATION('',(#6284),#6288);
#6284 = B_SPLINE_CURVE_WITH_KNOTS('',2,(#6285,#6286,#6287),
  .UNSPECIFIED.,.F.,.F.,(3,3),(0.,1.),.PIECEWISE_BEZIER_KNOTS.);
#6285 = CARTESIAN_POINT('',(6.085060675217,0.590099300355));
#6286 = CARTESIAN_POINT('',(5.348789988536,0.));
#6287 = CARTESIAN_POINT('',(3.989937471206,0.));
#6288 = ( GEOMETRIC_REPRESENTATION_CONTEXT(2) 
PARAMETRIC_REPRESENTATION_CONTEXT() REPRESENTATION_CONTEXT('2D SPACE',''
  ) );
#6289 = ORIENTED_EDGE('',*,*,#6148,.F.);
#6290 = ADVANCED_FACE('',(#6291),#2061,.T.);
#6291 = FACE_BOUND('',#6292,.T.);
#6292 = EDGE_LOOP('',(#6293,#6294,#6295,#6318));
#6293 = ORIENTED_EDGE('',*,*,#2015,.T.);
#6294 = ORIENTED_EDGE('',*,*,#6221,.T.);
#6295 = ORIENTED_EDGE('',*,*,#6296,.T.);
#6296 = EDGE_CURVE('',#6199,#6297,#6299,.T.);
#6297 = VERTEX_POINT('',#6298);
#6298 = CARTESIAN_POINT('',(29.255932285475,2.246708345387,2.7));
#6299 = SURFACE_CURVE('',#6300,(#6304,#6311),.PCURVE_S1.);
#6300 = B_SPLINE_CURVE_WITH_KNOTS('',2,(#6301,#6302,#6303),
  .UNSPECIFIED.,.F.,.F.,(3,3),(0.,1.),.PIECEWISE_BEZIER_KNOTS.);
#6301 = CARTESIAN_POINT('',(28.579212904334,3.724663473798,2.7));
#6302 = CARTESIAN_POINT('',(29.255932285475,3.204942989082,2.7));
#6303 = CARTESIAN_POINT('',(29.255932285475,2.246708345387,2.7));
#6304 = PCURVE('',#2061,#6305);
#6305 = DEFINITIONAL_REPRESENTATION('',(#6306),#6310);
#6306 = LINE('',#6307,#6308);
#6307 = CARTESIAN_POINT('',(0.,-1.25));
#6308 = VECTOR('',#6309,1.);
#6309 = DIRECTION('',(1.,0.));
#6310 = ( GEOMETRIC_REPRESENTATION_CONTEXT(2) 
PARAMETRIC_REPRESENTATION_CONTEXT() REPRESENTATION_CONTEXT('2D SPACE',''
  ) );
#6311 = PCURVE('',#6062,#6312);
#6312 = DEFINITIONAL_REPRESENTATION('',(#6313),#6317);
#6313 = B_SPLINE_CURVE_WITH_KNOTS('',2,(#6314,#6315,#6316),
  .UNSPECIFIED.,.F.,.F.,(3,3),(0.,1.),.PIECEWISE_BEZIER_KNOTS.);
#6314 = CARTESIAN_POINT('',(5.808959167712,7.563015803629));
#6315 = CARTESIAN_POINT('',(6.485678548853,7.043295318912));
#6316 = CARTESIAN_POINT('',(6.485678548853,6.085060675217));
#6317 = ( GEOMETRIC_REPRESENTATION_CONTEXT(2) 
PARAMETRIC_REPRESENTATION_CONTEXT() REPRESENTATION_CONTEXT('2D SPACE',''
  ) );
#6318 = ORIENTED_EDGE('',*,*,#6319,.F.);
#6319 = EDGE_CURVE('',#2016,#6297,#6320,.T.);
#6320 = SURFACE_CURVE('',#6321,(#6325,#6332),.PCURVE_S1.);
#6321 = LINE('',#6322,#6323);
#6322 = CARTESIAN_POINT('',(29.255932285475,2.246708345387,1.45));
#6323 = VECTOR('',#6324,1.);
#6324 = DIRECTION('',(0.,0.,1.));
#6325 = PCURVE('',#2061,#6326);
#6326 = DEFINITIONAL_REPRESENTATION('',(#6327),#6331);
#6327 = LINE('',#6328,#6329);
#6328 = CARTESIAN_POINT('',(1.,0.));
#6329 = VECTOR('',#6330,1.);
#6330 = DIRECTION('',(0.,-1.));
#6331 = ( GEOMETRIC_REPRESENTATION_CONTEXT(2) 
PARAMETRIC_REPRESENTATION_CONTEXT() REPRESENTATION_CONTEXT('2D SPACE',''
  ) );
#6332 = PCURVE('',#2124,#6333);
#6333 = DEFINITIONAL_REPRESENTATION('',(#6334),#6338);
#6334 = LINE('',#6335,#6336);
#6335 = CARTESIAN_POINT('',(0.,0.));
#6336 = VECTOR('',#6337,1.);
#6337 = DIRECTION('',(0.,-1.));
#6338 = ( GEOMETRIC_REPRESENTATION_CONTEXT(2) 
PARAMETRIC_REPRESENTATION_CONTEXT() REPRESENTATION_CONTEXT('2D SPACE',''
  ) );
#6339 = ADVANCED_FACE('',(#6340),#2394,.T.);
#6340 = FACE_BOUND('',#6341,.T.);
#6341 = EDGE_LOOP('',(#6342,#6343,#6366,#6387));
#6342 = ORIENTED_EDGE('',*,*,#2348,.T.);
#6343 = ORIENTED_EDGE('',*,*,#6344,.T.);
#6344 = EDGE_CURVE('',#2277,#6345,#6347,.T.);
#6345 = VERTEX_POINT('',#6346);
#6346 = CARTESIAN_POINT('',(29.591585098521,-1.575402719296,2.7));
#6347 = SURFACE_CURVE('',#6348,(#6352,#6359),.PCURVE_S1.);
#6348 = LINE('',#6349,#6350);
#6349 = CARTESIAN_POINT('',(29.591585098521,-1.575402719296,1.45));
#6350 = VECTOR('',#6351,1.);
#6351 = DIRECTION('',(0.,0.,1.));
#6352 = PCURVE('',#2394,#6353);
#6353 = DEFINITIONAL_REPRESENTATION('',(#6354),#6358);
#6354 = LINE('',#6355,#6356);
#6355 = CARTESIAN_POINT('',(0.,0.));
#6356 = VECTOR('',#6357,1.);
#6357 = DIRECTION('',(0.,-1.));
#6358 = ( GEOMETRIC_REPRESENTATION_CONTEXT(2) 
PARAMETRIC_REPRESENTATION_CONTEXT() REPRESENTATION_CONTEXT('2D SPACE',''
  ) );
#6359 = PCURVE('',#2320,#6360);
#6360 = DEFINITIONAL_REPRESENTATION('',(#6361),#6365);
#6361 = LINE('',#6362,#6363);
#6362 = CARTESIAN_POINT('',(1.,0.));
#6363 = VECTOR('',#6364,1.);
#6364 = DIRECTION('',(0.,-1.));
#6365 = ( GEOMETRIC_REPRESENTATION_CONTEXT(2) 
PARAMETRIC_REPRESENTATION_CONTEXT() REPRESENTATION_CONTEXT('2D SPACE',''
  ) );
#6366 = ORIENTED_EDGE('',*,*,#6367,.T.);
#6367 = EDGE_CURVE('',#6345,#6247,#6368,.T.);
#6368 = SURFACE_CURVE('',#6369,(#6373,#6380),.PCURVE_S1.);
#6369 = B_SPLINE_CURVE_WITH_KNOTS('',2,(#6370,#6371,#6372),
  .UNSPECIFIED.,.F.,.F.,(3,3),(0.,1.),.PIECEWISE_BEZIER_KNOTS.);
#6370 = CARTESIAN_POINT('',(29.591585098521,-1.575402719296,2.7));
#6371 = CARTESIAN_POINT('',(29.591585098521,-2.658153729121,2.7));
#6372 = CARTESIAN_POINT('',(28.85531441184,-3.248253029475,2.7));
#6373 = PCURVE('',#2394,#6374);
#6374 = DEFINITIONAL_REPRESENTATION('',(#6375),#6379);
#6375 = LINE('',#6376,#6377);
#6376 = CARTESIAN_POINT('',(0.,-1.25));
#6377 = VECTOR('',#6378,1.);
#6378 = DIRECTION('',(1.,0.));
#6379 = ( GEOMETRIC_REPRESENTATION_CONTEXT(2) 
PARAMETRIC_REPRESENTATION_CONTEXT() REPRESENTATION_CONTEXT('2D SPACE',''
  ) );
#6380 = PCURVE('',#6062,#6381);
#6381 = DEFINITIONAL_REPRESENTATION('',(#6382),#6386);
#6382 = B_SPLINE_CURVE_WITH_KNOTS('',2,(#6383,#6384,#6385),
  .UNSPECIFIED.,.F.,.F.,(3,3),(0.,1.),.PIECEWISE_BEZIER_KNOTS.);
#6383 = CARTESIAN_POINT('',(6.821331361898,2.262949610535));
#6384 = CARTESIAN_POINT('',(6.821331361898,1.180198600709));
#6385 = CARTESIAN_POINT('',(6.085060675217,0.590099300355));
#6386 = ( GEOMETRIC_REPRESENTATION_CONTEXT(2) 
PARAMETRIC_REPRESENTATION_CONTEXT() REPRESENTATION_CONTEXT('2D SPACE',''
  ) );
#6387 = ORIENTED_EDGE('',*,*,#6246,.F.);
#6388 = ADVANCED_FACE('',(#6389),#2124,.T.);
#6389 = FACE_BOUND('',#6390,.T.);
#6390 = EDGE_LOOP('',(#6391,#6392,#6393,#6416));
#6391 = ORIENTED_EDGE('',*,*,#2090,.T.);
#6392 = ORIENTED_EDGE('',*,*,#6319,.T.);
#6393 = ORIENTED_EDGE('',*,*,#6394,.T.);
#6394 = EDGE_CURVE('',#6297,#6395,#6397,.T.);
#6395 = VERTEX_POINT('',#6396);
#6396 = CARTESIAN_POINT('',(28.909451962331,1.066509744678,2.7));
#6397 = SURFACE_CURVE('',#6398,(#6402,#6409),.PCURVE_S1.);
#6398 = B_SPLINE_CURVE_WITH_KNOTS('',2,(#6399,#6400,#6401),
  .UNSPECIFIED.,.F.,.F.,(3,3),(0.,1.),.PIECEWISE_BEZIER_KNOTS.);
#6399 = CARTESIAN_POINT('',(29.255932285475,2.246708345387,2.7));
#6400 = CARTESIAN_POINT('',(29.255932285475,1.505023903657,2.7));
#6401 = CARTESIAN_POINT('',(28.909451962331,1.066509744678,2.7));
#6402 = PCURVE('',#2124,#6403);
#6403 = DEFINITIONAL_REPRESENTATION('',(#6404),#6408);
#6404 = LINE('',#6405,#6406);
#6405 = CARTESIAN_POINT('',(0.,-1.25));
#6406 = VECTOR('',#6407,1.);
#6407 = DIRECTION('',(1.,0.));
#6408 = ( GEOMETRIC_REPRESENTATION_CONTEXT(2) 
PARAMETRIC_REPRESENTATION_CONTEXT() REPRESENTATION_CONTEXT('2D SPACE',''
  ) );
#6409 = PCURVE('',#6062,#6410);
#6410 = DEFINITIONAL_REPRESENTATION('',(#6411),#6415);
#6411 = B_SPLINE_CURVE_WITH_KNOTS('',2,(#6412,#6413,#6414),
  .UNSPECIFIED.,.F.,.F.,(3,3),(0.,1.),.PIECEWISE_BEZIER_KNOTS.);
#6412 = CARTESIAN_POINT('',(6.485678548853,6.085060675217));
#6413 = CARTESIAN_POINT('',(6.485678548853,5.343376233487));
#6414 = CARTESIAN_POINT('',(6.139198225708,4.904862074508));
#6415 = ( GEOMETRIC_REPRESENTATION_CONTEXT(2) 
PARAMETRIC_REPRESENTATION_CONTEXT() REPRESENTATION_CONTEXT('2D SPACE',''
  ) );
#6416 = ORIENTED_EDGE('',*,*,#6417,.F.);
#6417 = EDGE_CURVE('',#2091,#6395,#6418,.T.);
#6418 = SURFACE_CURVE('',#6419,(#6423,#6430),.PCURVE_S1.);
#6419 = LINE('',#6420,#6421);
#6420 = CARTESIAN_POINT('',(28.909451962331,1.066509744678,1.45));
#6421 = VECTOR('',#6422,1.);
#6422 = DIRECTION('',(0.,0.,1.));
#6423 = PCURVE('',#2124,#6424);
#6424 = DEFINITIONAL_REPRESENTATION('',(#6425),#6429);
#6425 = LINE('',#6426,#6427);
#6426 = CARTESIAN_POINT('',(1.,0.));
#6427 = VECTOR('',#6428,1.);
#6428 = DIRECTION('',(0.,-1.));
#6429 = ( GEOMETRIC_REPRESENTATION_CONTEXT(2) 
PARAMETRIC_REPRESENTATION_CONTEXT() REPRESENTATION_CONTEXT('2D SPACE',''
  ) );
#6430 = PCURVE('',#2181,#6431);
#6431 = DEFINITIONAL_REPRESENTATION('',(#6432),#6436);
#6432 = LINE('',#6433,#6434);
#6433 = CARTESIAN_POINT('',(0.,0.));
#6434 = VECTOR('',#6435,1.);
#6435 = DIRECTION('',(0.,-1.));
#6436 = ( GEOMETRIC_REPRESENTATION_CONTEXT(2) 
PARAMETRIC_REPRESENTATION_CONTEXT() REPRESENTATION_CONTEXT('2D SPACE',''
  ) );
#6437 = ADVANCED_FACE('',(#6438),#2320,.T.);
#6438 = FACE_BOUND('',#6439,.T.);
#6439 = EDGE_LOOP('',(#6440,#6441,#6464,#6485));
#6440 = ORIENTED_EDGE('',*,*,#2276,.T.);
#6441 = ORIENTED_EDGE('',*,*,#6442,.T.);
#6442 = EDGE_CURVE('',#2205,#6443,#6445,.T.);
#6443 = VERTEX_POINT('',#6444);
#6444 = CARTESIAN_POINT('',(29.144950306968,-0.203015814342,2.7));
#6445 = SURFACE_CURVE('',#6446,(#6450,#6457),.PCURVE_S1.);
#6446 = LINE('',#6447,#6448);
#6447 = CARTESIAN_POINT('',(29.144950306968,-0.203015814342,1.45));
#6448 = VECTOR('',#6449,1.);
#6449 = DIRECTION('',(0.,0.,1.));
#6450 = PCURVE('',#2320,#6451);
#6451 = DEFINITIONAL_REPRESENTATION('',(#6452),#6456);
#6452 = LINE('',#6453,#6454);
#6453 = CARTESIAN_POINT('',(0.,0.));
#6454 = VECTOR('',#6455,1.);
#6455 = DIRECTION('',(0.,-1.));
#6456 = ( GEOMETRIC_REPRESENTATION_CONTEXT(2) 
PARAMETRIC_REPRESENTATION_CONTEXT() REPRESENTATION_CONTEXT('2D SPACE',''
  ) );
#6457 = PCURVE('',#2248,#6458);
#6458 = DEFINITIONAL_REPRESENTATION('',(#6459),#6463);
#6459 = LINE('',#6460,#6461);
#6460 = CARTESIAN_POINT('',(1.,0.));
#6461 = VECTOR('',#6462,1.);
#6462 = DIRECTION('',(0.,-1.));
#6463 = ( GEOMETRIC_REPRESENTATION_CONTEXT(2) 
PARAMETRIC_REPRESENTATION_CONTEXT() REPRESENTATION_CONTEXT('2D SPACE',''
  ) );
#6464 = ORIENTED_EDGE('',*,*,#6465,.T.);
#6465 = EDGE_CURVE('',#6443,#6345,#6466,.T.);
#6466 = SURFACE_CURVE('',#6467,(#6471,#6478),.PCURVE_S1.);
#6467 = B_SPLINE_CURVE_WITH_KNOTS('',2,(#6468,#6469,#6470),
  .UNSPECIFIED.,.F.,.F.,(3,3),(0.,1.),.PIECEWISE_BEZIER_KNOTS.);
#6468 = CARTESIAN_POINT('',(29.144950306968,-0.203015814342,2.7));
#6469 = CARTESIAN_POINT('',(29.591585098521,-0.752511951828,2.7));
#6470 = CARTESIAN_POINT('',(29.591585098521,-1.575402719296,2.7));
#6471 = PCURVE('',#2320,#6472);
#6472 = DEFINITIONAL_REPRESENTATION('',(#6473),#6477);
#6473 = LINE('',#6474,#6475);
#6474 = CARTESIAN_POINT('',(0.,-1.25));
#6475 = VECTOR('',#6476,1.);
#6476 = DIRECTION('',(1.,0.));
#6477 = ( GEOMETRIC_REPRESENTATION_CONTEXT(2) 
PARAMETRIC_REPRESENTATION_CONTEXT() REPRESENTATION_CONTEXT('2D SPACE',''
  ) );
#6478 = PCURVE('',#6062,#6479);
#6479 = DEFINITIONAL_REPRESENTATION('',(#6480),#6484);
#6480 = B_SPLINE_CURVE_WITH_KNOTS('',2,(#6481,#6482,#6483),
  .UNSPECIFIED.,.F.,.F.,(3,3),(0.,1.),.PIECEWISE_BEZIER_KNOTS.);
#6481 = CARTESIAN_POINT('',(6.374696570345,3.635336515488));
#6482 = CARTESIAN_POINT('',(6.821331361898,3.085840378002));
#6483 = CARTESIAN_POINT('',(6.821331361898,2.262949610535));
#6484 = ( GEOMETRIC_REPRESENTATION_CONTEXT(2) 
PARAMETRIC_REPRESENTATION_CONTEXT() REPRESENTATION_CONTEXT('2D SPACE',''
  ) );
#6485 = ORIENTED_EDGE('',*,*,#6344,.F.);
#6486 = ADVANCED_FACE('',(#6487),#2181,.T.);
#6487 = FACE_BOUND('',#6488,.T.);
#6488 = EDGE_LOOP('',(#6489,#6490,#6491,#6514));
#6489 = ORIENTED_EDGE('',*,*,#2147,.T.);
#6490 = ORIENTED_EDGE('',*,*,#6417,.T.);
#6491 = ORIENTED_EDGE('',*,*,#6492,.T.);
#6492 = EDGE_CURVE('',#6395,#6493,#6495,.T.);
#6493 = VERTEX_POINT('',#6494);
#6494 = CARTESIAN_POINT('',(27.891666013095,0.519720484716,2.7));
#6495 = SURFACE_CURVE('',#6496,(#6500,#6507),.PCURVE_S1.);
#6496 = B_SPLINE_CURVE_WITH_KNOTS('',2,(#6497,#6498,#6499),
  .UNSPECIFIED.,.F.,.F.,(3,3),(0.,1.),.PIECEWISE_BEZIER_KNOTS.);
#6497 = CARTESIAN_POINT('',(28.909451962331,1.066509744678,2.7));
#6498 = CARTESIAN_POINT('',(28.562971639187,0.627995585699,2.7));
#6499 = CARTESIAN_POINT('',(27.891666013095,0.519720484716,2.7));
#6500 = PCURVE('',#2181,#6501);
#6501 = DEFINITIONAL_REPRESENTATION('',(#6502),#6506);
#6502 = LINE('',#6503,#6504);
#6503 = CARTESIAN_POINT('',(0.,-1.25));
#6504 = VECTOR('',#6505,1.);
#6505 = DIRECTION('',(1.,0.));
#6506 = ( GEOMETRIC_REPRESENTATION_CONTEXT(2) 
PARAMETRIC_REPRESENTATION_CONTEXT() REPRESENTATION_CONTEXT('2D SPACE',''
  ) );
#6507 = PCURVE('',#6062,#6508);
#6508 = DEFINITIONAL_REPRESENTATION('',(#6509),#6513);
#6509 = B_SPLINE_CURVE_WITH_KNOTS('',2,(#6510,#6511,#6512),
  .UNSPECIFIED.,.F.,.F.,(3,3),(0.,1.),.PIECEWISE_BEZIER_KNOTS.);
#6510 = CARTESIAN_POINT('',(6.139198225708,4.904862074508));
#6511 = CARTESIAN_POINT('',(5.792717902564,4.466347915529));
#6512 = CARTESIAN_POINT('',(5.121412276473,4.358072814546));
#6513 = ( GEOMETRIC_REPRESENTATION_CONTEXT(2) 
PARAMETRIC_REPRESENTATION_CONTEXT() REPRESENTATION_CONTEXT('2D SPACE',''
  ) );
#6514 = ORIENTED_EDGE('',*,*,#6515,.F.);
#6515 = EDGE_CURVE('',#2148,#6493,#6516,.T.);
#6516 = SURFACE_CURVE('',#6517,(#6521,#6528),.PCURVE_S1.);
#6517 = LINE('',#6518,#6519);
#6518 = CARTESIAN_POINT('',(27.891666013095,0.519720484716,1.45));
#6519 = VECTOR('',#6520,1.);
#6520 = DIRECTION('',(0.,0.,1.));
#6521 = PCURVE('',#2181,#6522);
#6522 = DEFINITIONAL_REPRESENTATION('',(#6523),#6527);
#6523 = LINE('',#6524,#6525);
#6524 = CARTESIAN_POINT('',(1.,0.));
#6525 = VECTOR('',#6526,1.);
#6526 = DIRECTION('',(0.,-1.));
#6527 = ( GEOMETRIC_REPRESENTATION_CONTEXT(2) 
PARAMETRIC_REPRESENTATION_CONTEXT() REPRESENTATION_CONTEXT('2D SPACE',''
  ) );
#6528 = PCURVE('',#2248,#6529);
#6529 = DEFINITIONAL_REPRESENTATION('',(#6530),#6534);
#6530 = LINE('',#6531,#6532);
#6531 = CARTESIAN_POINT('',(0.,0.));
#6532 = VECTOR('',#6533,1.);
#6533 = DIRECTION('',(0.,-1.));
#6534 = ( GEOMETRIC_REPRESENTATION_CONTEXT(2) 
PARAMETRIC_REPRESENTATION_CONTEXT() REPRESENTATION_CONTEXT('2D SPACE',''
  ) );
#6535 = ADVANCED_FACE('',(#6536),#2248,.T.);
#6536 = FACE_BOUND('',#6537,.T.);
#6537 = EDGE_LOOP('',(#6538,#6539,#6540,#6561));
#6538 = ORIENTED_EDGE('',*,*,#2204,.T.);
#6539 = ORIENTED_EDGE('',*,*,#6515,.T.);
#6540 = ORIENTED_EDGE('',*,*,#6541,.T.);
#6541 = EDGE_CURVE('',#6493,#6443,#6542,.T.);
#6542 = SURFACE_CURVE('',#6543,(#6547,#6554),.PCURVE_S1.);
#6543 = B_SPLINE_CURVE_WITH_KNOTS('',2,(#6544,#6545,#6546),
  .UNSPECIFIED.,.F.,.F.,(3,3),(0.,1.),.PIECEWISE_BEZIER_KNOTS.);
#6544 = CARTESIAN_POINT('',(27.891666013095,0.519720484716,2.7));
#6545 = CARTESIAN_POINT('',(28.698315515415,0.346480323144,2.7));
#6546 = CARTESIAN_POINT('',(29.144950306968,-0.203015814342,2.7));
#6547 = PCURVE('',#2248,#6548);
#6548 = DEFINITIONAL_REPRESENTATION('',(#6549),#6553);
#6549 = LINE('',#6550,#6551);
#6550 = CARTESIAN_POINT('',(0.,-1.25));
#6551 = VECTOR('',#6552,1.);
#6552 = DIRECTION('',(1.,0.));
#6553 = ( GEOMETRIC_REPRESENTATION_CONTEXT(2) 
PARAMETRIC_REPRESENTATION_CONTEXT() REPRESENTATION_CONTEXT('2D SPACE',''
  ) );
#6554 = PCURVE('',#6062,#6555);
#6555 = DEFINITIONAL_REPRESENTATION('',(#6556),#6560);
#6556 = B_SPLINE_CURVE_WITH_KNOTS('',2,(#6557,#6558,#6559),
  .UNSPECIFIED.,.F.,.F.,(3,3),(0.,1.),.PIECEWISE_BEZIER_KNOTS.);
#6557 = CARTESIAN_POINT('',(5.121412276473,4.358072814546));
#6558 = CARTESIAN_POINT('',(5.928061778793,4.184832652974));
#6559 = CARTESIAN_POINT('',(6.374696570345,3.635336515488));
#6560 = ( GEOMETRIC_REPRESENTATION_CONTEXT(2) 
PARAMETRIC_REPRESENTATION_CONTEXT() REPRESENTATION_CONTEXT('2D SPACE',''
  ) );
#6561 = ORIENTED_EDGE('',*,*,#6442,.F.);
#6562 = ADVANCED_FACE('',(#6563),#2545,.F.);
#6563 = FACE_BOUND('',#6564,.F.);
#6564 = EDGE_LOOP('',(#6565,#6566,#6587,#6588));
#6565 = ORIENTED_EDGE('',*,*,#3526,.F.);
#6566 = ORIENTED_EDGE('',*,*,#6567,.F.);
#6567 = EDGE_CURVE('',#2525,#3527,#6568,.T.);
#6568 = SEAM_CURVE('',#6569,(#6573,#6580),.PCURVE_S1.);
#6569 = LINE('',#6570,#6571);
#6570 = CARTESIAN_POINT('',(30.4,-3.918869757272E-16,2.7));
#6571 = VECTOR('',#6572,1.);
#6572 = DIRECTION('',(0.,0.,-1.));
#6573 = PCURVE('',#2545,#6574);
#6574 = DEFINITIONAL_REPRESENTATION('',(#6575),#6579);
#6575 = LINE('',#6576,#6577);
#6576 = CARTESIAN_POINT('',(6.28318530718,-0.));
#6577 = VECTOR('',#6578,1.);
#6578 = DIRECTION('',(0.,1.));
#6579 = ( GEOMETRIC_REPRESENTATION_CONTEXT(2) 
PARAMETRIC_REPRESENTATION_CONTEXT() REPRESENTATION_CONTEXT('2D SPACE',''
  ) );
#6580 = PCURVE('',#2545,#6581);
#6581 = DEFINITIONAL_REPRESENTATION('',(#6582),#6586);
#6582 = LINE('',#6583,#6584);
#6583 = CARTESIAN_POINT('',(0.,-0.));
#6584 = VECTOR('',#6585,1.);
#6585 = DIRECTION('',(0.,1.));
#6586 = ( GEOMETRIC_REPRESENTATION_CONTEXT(2) 
PARAMETRIC_REPRESENTATION_CONTEXT() REPRESENTATION_CONTEXT('2D SPACE',''
  ) );
#6587 = ORIENTED_EDGE('',*,*,#2524,.T.);
#6588 = ORIENTED_EDGE('',*,*,#6567,.T.);
#6589 = ADVANCED_FACE('',(#6590),#2576,.T.);
#6590 = FACE_BOUND('',#6591,.T.);
#6591 = EDGE_LOOP('',(#6592,#6593,#6616,#6644));
#6592 = ORIENTED_EDGE('',*,*,#2559,.T.);
#6593 = ORIENTED_EDGE('',*,*,#6594,.T.);
#6594 = EDGE_CURVE('',#2562,#6595,#6597,.T.);
#6595 = VERTEX_POINT('',#6596);
#6596 = CARTESIAN_POINT('',(-20.72385432805,-3.83835232983,2.7));
#6597 = SURFACE_CURVE('',#6598,(#6602,#6609),.PCURVE_S1.);
#6598 = LINE('',#6599,#6600);
#6599 = CARTESIAN_POINT('',(-20.72385432805,-3.83835232983,1.45));
#6600 = VECTOR('',#6601,1.);
#6601 = DIRECTION('',(0.,0.,1.));
#6602 = PCURVE('',#2576,#6603);
#6603 = DEFINITIONAL_REPRESENTATION('',(#6604),#6608);
#6604 = LINE('',#6605,#6606);
#6605 = CARTESIAN_POINT('',(0.,0.));
#6606 = VECTOR('',#6607,1.);
#6607 = DIRECTION('',(0.,-1.));
#6608 = ( GEOMETRIC_REPRESENTATION_CONTEXT(2) 
PARAMETRIC_REPRESENTATION_CONTEXT() REPRESENTATION_CONTEXT('2D SPACE',''
  ) );
#6609 = PCURVE('',#2756,#6610);
#6610 = DEFINITIONAL_REPRESENTATION('',(#6611),#6615);
#6611 = LINE('',#6612,#6613);
#6612 = CARTESIAN_POINT('',(1.153129825464,0.));
#6613 = VECTOR('',#6614,1.);
#6614 = DIRECTION('',(0.,-1.));
#6615 = ( GEOMETRIC_REPRESENTATION_CONTEXT(2) 
PARAMETRIC_REPRESENTATION_CONTEXT() REPRESENTATION_CONTEXT('2D SPACE',''
  ) );
#6616 = ORIENTED_EDGE('',*,*,#6617,.T.);
#6617 = EDGE_CURVE('',#6595,#6618,#6620,.T.);
#6618 = VERTEX_POINT('',#6619);
#6619 = CARTESIAN_POINT('',(-17.63801395005,4.244383958515,2.7));
#6620 = SURFACE_CURVE('',#6621,(#6625,#6632),.PCURVE_S1.);
#6621 = LINE('',#6622,#6623);
#6622 = CARTESIAN_POINT('',(-20.72385432805,-3.83835232983,2.7));
#6623 = VECTOR('',#6624,1.);
#6624 = DIRECTION('',(0.356671776907,0.934229759512,0.));
#6625 = PCURVE('',#2576,#6626);
#6626 = DEFINITIONAL_REPRESENTATION('',(#6627),#6631);
#6627 = LINE('',#6628,#6629);
#6628 = CARTESIAN_POINT('',(0.,-1.25));
#6629 = VECTOR('',#6630,1.);
#6630 = DIRECTION('',(1.,0.));
#6631 = ( GEOMETRIC_REPRESENTATION_CONTEXT(2) 
PARAMETRIC_REPRESENTATION_CONTEXT() REPRESENTATION_CONTEXT('2D SPACE',''
  ) );
#6632 = PCURVE('',#6633,#6638);
#6633 = PLANE('',#6634);
#6634 = AXIS2_PLACEMENT_3D('',#6635,#6636,#6637);
#6635 = CARTESIAN_POINT('',(-20.81047440883,-3.83835232983,2.7));
#6636 = DIRECTION('',(0.,0.,1.));
#6637 = DIRECTION('',(1.,0.,0.));
#6638 = DEFINITIONAL_REPRESENTATION('',(#6639),#6643);
#6639 = LINE('',#6640,#6641);
#6640 = CARTESIAN_POINT('',(8.662008078601E-02,0.));
#6641 = VECTOR('',#6642,1.);
#6642 = DIRECTION('',(0.356671776907,0.934229759512));
#6643 = ( GEOMETRIC_REPRESENTATION_CONTEXT(2) 
PARAMETRIC_REPRESENTATION_CONTEXT() REPRESENTATION_CONTEXT('2D SPACE',''
  ) );
#6644 = ORIENTED_EDGE('',*,*,#6645,.F.);
#6645 = EDGE_CURVE('',#2560,#6618,#6646,.T.);
#6646 = SURFACE_CURVE('',#6647,(#6651,#6658),.PCURVE_S1.);
#6647 = LINE('',#6648,#6649);
#6648 = CARTESIAN_POINT('',(-17.63801395005,4.244383958515,1.45));
#6649 = VECTOR('',#6650,1.);
#6650 = DIRECTION('',(0.,0.,1.));
#6651 = PCURVE('',#2576,#6652);
#6652 = DEFINITIONAL_REPRESENTATION('',(#6653),#6657);
#6653 = LINE('',#6654,#6655);
#6654 = CARTESIAN_POINT('',(8.651764949733,0.));
#6655 = VECTOR('',#6656,1.);
#6656 = DIRECTION('',(0.,-1.));
#6657 = ( GEOMETRIC_REPRESENTATION_CONTEXT(2) 
PARAMETRIC_REPRESENTATION_CONTEXT() REPRESENTATION_CONTEXT('2D SPACE',''
  ) );
#6658 = PCURVE('',#2602,#6659);
#6659 = DEFINITIONAL_REPRESENTATION('',(#6660),#6664);
#6660 = LINE('',#6661,#6662);
#6661 = CARTESIAN_POINT('',(0.,0.));
#6662 = VECTOR('',#6663,1.);
#6663 = DIRECTION('',(0.,-1.));
#6664 = ( GEOMETRIC_REPRESENTATION_CONTEXT(2) 
PARAMETRIC_REPRESENTATION_CONTEXT() REPRESENTATION_CONTEXT('2D SPACE',''
  ) );
#6665 = ADVANCED_FACE('',(#6666),#2602,.T.);
#6666 = FACE_BOUND('',#6667,.T.);
#6667 = EDGE_LOOP('',(#6668,#6669,#6670,#6693));
#6668 = ORIENTED_EDGE('',*,*,#2587,.T.);
#6669 = ORIENTED_EDGE('',*,*,#6645,.T.);
#6670 = ORIENTED_EDGE('',*,*,#6671,.T.);
#6671 = EDGE_CURVE('',#6618,#6672,#6674,.T.);
#6672 = VERTEX_POINT('',#6673);
#6673 = CARTESIAN_POINT('',(-16.3982640438,4.244383958515,2.7));
#6674 = SURFACE_CURVE('',#6675,(#6679,#6686),.PCURVE_S1.);
#6675 = LINE('',#6676,#6677);
#6676 = CARTESIAN_POINT('',(-17.63801395005,4.244383958515,2.7));
#6677 = VECTOR('',#6678,1.);
#6678 = DIRECTION('',(1.,0.,0.));
#6679 = PCURVE('',#2602,#6680);
#6680 = DEFINITIONAL_REPRESENTATION('',(#6681),#6685);
#6681 = LINE('',#6682,#6683);
#6682 = CARTESIAN_POINT('',(0.,-1.25));
#6683 = VECTOR('',#6684,1.);
#6684 = DIRECTION('',(1.,0.));
#6685 = ( GEOMETRIC_REPRESENTATION_CONTEXT(2) 
PARAMETRIC_REPRESENTATION_CONTEXT() REPRESENTATION_CONTEXT('2D SPACE',''
  ) );
#6686 = PCURVE('',#6633,#6687);
#6687 = DEFINITIONAL_REPRESENTATION('',(#6688),#6692);
#6688 = LINE('',#6689,#6690);
#6689 = CARTESIAN_POINT('',(3.172460458788,8.082736288345));
#6690 = VECTOR('',#6691,1.);
#6691 = DIRECTION('',(1.,0.));
#6692 = ( GEOMETRIC_REPRESENTATION_CONTEXT(2) 
PARAMETRIC_REPRESENTATION_CONTEXT() REPRESENTATION_CONTEXT('2D SPACE',''
  ) );
#6693 = ORIENTED_EDGE('',*,*,#6694,.F.);
#6694 = EDGE_CURVE('',#2588,#6672,#6695,.T.);
#6695 = SURFACE_CURVE('',#6696,(#6700,#6707),.PCURVE_S1.);
#6696 = LINE('',#6697,#6698);
#6697 = CARTESIAN_POINT('',(-16.3982640438,4.244383958515,1.45));
#6698 = VECTOR('',#6699,1.);
#6699 = DIRECTION('',(0.,0.,1.));
#6700 = PCURVE('',#2602,#6701);
#6701 = DEFINITIONAL_REPRESENTATION('',(#6702),#6706);
#6702 = LINE('',#6703,#6704);
#6703 = CARTESIAN_POINT('',(1.23974990625,0.));
#6704 = VECTOR('',#6705,1.);
#6705 = DIRECTION('',(0.,-1.));
#6706 = ( GEOMETRIC_REPRESENTATION_CONTEXT(2) 
PARAMETRIC_REPRESENTATION_CONTEXT() REPRESENTATION_CONTEXT('2D SPACE',''
  ) );
#6707 = PCURVE('',#2628,#6708);
#6708 = DEFINITIONAL_REPRESENTATION('',(#6709),#6713);
#6709 = LINE('',#6710,#6711);
#6710 = CARTESIAN_POINT('',(0.,0.));
#6711 = VECTOR('',#6712,1.);
#6712 = DIRECTION('',(0.,-1.));
#6713 = ( GEOMETRIC_REPRESENTATION_CONTEXT(2) 
PARAMETRIC_REPRESENTATION_CONTEXT() REPRESENTATION_CONTEXT('2D SPACE',''
  ) );
#6714 = ADVANCED_FACE('',(#6715),#2756,.T.);
#6715 = FACE_BOUND('',#6716,.T.);
#6716 = EDGE_LOOP('',(#6717,#6718,#6741,#6762));
#6717 = ORIENTED_EDGE('',*,*,#2743,.T.);
#6718 = ORIENTED_EDGE('',*,*,#6719,.T.);
#6719 = EDGE_CURVE('',#2718,#6720,#6722,.T.);
#6720 = VERTEX_POINT('',#6721);
#6721 = CARTESIAN_POINT('',(-19.57072450258,-3.83835232983,2.7));
#6722 = SURFACE_CURVE('',#6723,(#6727,#6734),.PCURVE_S1.);
#6723 = LINE('',#6724,#6725);
#6724 = CARTESIAN_POINT('',(-19.57072450258,-3.83835232983,1.45));
#6725 = VECTOR('',#6726,1.);
#6726 = DIRECTION('',(0.,0.,1.));
#6727 = PCURVE('',#2756,#6728);
#6728 = DEFINITIONAL_REPRESENTATION('',(#6729),#6733);
#6729 = LINE('',#6730,#6731);
#6730 = CARTESIAN_POINT('',(0.,-0.));
#6731 = VECTOR('',#6732,1.);
#6732 = DIRECTION('',(0.,-1.));
#6733 = ( GEOMETRIC_REPRESENTATION_CONTEXT(2) 
PARAMETRIC_REPRESENTATION_CONTEXT() REPRESENTATION_CONTEXT('2D SPACE',''
  ) );
#6734 = PCURVE('',#2732,#6735);
#6735 = DEFINITIONAL_REPRESENTATION('',(#6736),#6740);
#6736 = LINE('',#6737,#6738);
#6737 = CARTESIAN_POINT('',(2.200310167535,0.));
#6738 = VECTOR('',#6739,1.);
#6739 = DIRECTION('',(0.,-1.));
#6740 = ( GEOMETRIC_REPRESENTATION_CONTEXT(2) 
PARAMETRIC_REPRESENTATION_CONTEXT() REPRESENTATION_CONTEXT('2D SPACE',''
  ) );
#6741 = ORIENTED_EDGE('',*,*,#6742,.T.);
#6742 = EDGE_CURVE('',#6720,#6595,#6743,.T.);
#6743 = SURFACE_CURVE('',#6744,(#6748,#6755),.PCURVE_S1.);
#6744 = LINE('',#6745,#6746);
#6745 = CARTESIAN_POINT('',(-19.57072450258,-3.83835232983,2.7));
#6746 = VECTOR('',#6747,1.);
#6747 = DIRECTION('',(-1.,0.,0.));
#6748 = PCURVE('',#2756,#6749);
#6749 = DEFINITIONAL_REPRESENTATION('',(#6750),#6754);
#6750 = LINE('',#6751,#6752);
#6751 = CARTESIAN_POINT('',(0.,-1.25));
#6752 = VECTOR('',#6753,1.);
#6753 = DIRECTION('',(1.,0.));
#6754 = ( GEOMETRIC_REPRESENTATION_CONTEXT(2) 
PARAMETRIC_REPRESENTATION_CONTEXT() REPRESENTATION_CONTEXT('2D SPACE',''
  ) );
#6755 = PCURVE('',#6633,#6756);
#6756 = DEFINITIONAL_REPRESENTATION('',(#6757),#6761);
#6757 = LINE('',#6758,#6759);
#6758 = CARTESIAN_POINT('',(1.23974990625,0.));
#6759 = VECTOR('',#6760,1.);
#6760 = DIRECTION('',(-1.,0.));
#6761 = ( GEOMETRIC_REPRESENTATION_CONTEXT(2) 
PARAMETRIC_REPRESENTATION_CONTEXT() REPRESENTATION_CONTEXT('2D SPACE',''
  ) );
#6762 = ORIENTED_EDGE('',*,*,#6594,.F.);
#6763 = ADVANCED_FACE('',(#6764),#2628,.T.);
#6764 = FACE_BOUND('',#6765,.T.);
#6765 = EDGE_LOOP('',(#6766,#6767,#6768,#6791));
#6766 = ORIENTED_EDGE('',*,*,#2613,.T.);
#6767 = ORIENTED_EDGE('',*,*,#6694,.T.);
#6768 = ORIENTED_EDGE('',*,*,#6769,.T.);
#6769 = EDGE_CURVE('',#6672,#6770,#6772,.T.);
#6770 = VERTEX_POINT('',#6771);
#6771 = CARTESIAN_POINT('',(-13.31783742084,-3.83835232983,2.7));
#6772 = SURFACE_CURVE('',#6773,(#6777,#6784),.PCURVE_S1.);
#6773 = LINE('',#6774,#6775);
#6774 = CARTESIAN_POINT('',(-16.3982640438,4.244383958515,2.7));
#6775 = VECTOR('',#6776,1.);
#6776 = DIRECTION('',(0.35612545751,-0.934438151251,0.));
#6777 = PCURVE('',#2628,#6778);
#6778 = DEFINITIONAL_REPRESENTATION('',(#6779),#6783);
#6779 = LINE('',#6780,#6781);
#6780 = CARTESIAN_POINT('',(0.,-1.25));
#6781 = VECTOR('',#6782,1.);
#6782 = DIRECTION('',(1.,0.));
#6783 = ( GEOMETRIC_REPRESENTATION_CONTEXT(2) 
PARAMETRIC_REPRESENTATION_CONTEXT() REPRESENTATION_CONTEXT('2D SPACE',''
  ) );
#6784 = PCURVE('',#6633,#6785);
#6785 = DEFINITIONAL_REPRESENTATION('',(#6786),#6790);
#6786 = LINE('',#6787,#6788);
#6787 = CARTESIAN_POINT('',(4.412210365037,8.082736288345));
#6788 = VECTOR('',#6789,1.);
#6789 = DIRECTION('',(0.35612545751,-0.934438151251));
#6790 = ( GEOMETRIC_REPRESENTATION_CONTEXT(2) 
PARAMETRIC_REPRESENTATION_CONTEXT() REPRESENTATION_CONTEXT('2D SPACE',''
  ) );
#6791 = ORIENTED_EDGE('',*,*,#6792,.F.);
#6792 = EDGE_CURVE('',#2614,#6770,#6793,.T.);
#6793 = SURFACE_CURVE('',#6794,(#6798,#6805),.PCURVE_S1.);
#6794 = LINE('',#6795,#6796);
#6795 = CARTESIAN_POINT('',(-13.31783742084,-3.83835232983,1.45));
#6796 = VECTOR('',#6797,1.);
#6797 = DIRECTION('',(0.,0.,1.));
#6798 = PCURVE('',#2628,#6799);
#6799 = DEFINITIONAL_REPRESENTATION('',(#6800),#6804);
#6800 = LINE('',#6801,#6802);
#6801 = CARTESIAN_POINT('',(8.649835494755,0.));
#6802 = VECTOR('',#6803,1.);
#6803 = DIRECTION('',(0.,-1.));
#6804 = ( GEOMETRIC_REPRESENTATION_CONTEXT(2) 
PARAMETRIC_REPRESENTATION_CONTEXT() REPRESENTATION_CONTEXT('2D SPACE',''
  ) );
#6805 = PCURVE('',#2654,#6806);
#6806 = DEFINITIONAL_REPRESENTATION('',(#6807),#6811);
#6807 = LINE('',#6808,#6809);
#6808 = CARTESIAN_POINT('',(0.,-0.));
#6809 = VECTOR('',#6810,1.);
#6810 = DIRECTION('',(0.,-1.));
#6811 = ( GEOMETRIC_REPRESENTATION_CONTEXT(2) 
PARAMETRIC_REPRESENTATION_CONTEXT() REPRESENTATION_CONTEXT('2D SPACE',''
  ) );
#6812 = ADVANCED_FACE('',(#6813),#2732,.T.);
#6813 = FACE_BOUND('',#6814,.T.);
#6814 = EDGE_LOOP('',(#6815,#6816,#6839,#6860));
#6815 = ORIENTED_EDGE('',*,*,#2717,.T.);
#6816 = ORIENTED_EDGE('',*,*,#6817,.T.);
#6817 = EDGE_CURVE('',#2692,#6818,#6820,.T.);
#6818 = VERTEX_POINT('',#6819);
#6819 = CARTESIAN_POINT('',(-18.8344538159,-1.764884146015,2.7));
#6820 = SURFACE_CURVE('',#6821,(#6825,#6832),.PCURVE_S1.);
#6821 = LINE('',#6822,#6823);
#6822 = CARTESIAN_POINT('',(-18.8344538159,-1.764884146015,1.45));
#6823 = VECTOR('',#6824,1.);
#6824 = DIRECTION('',(0.,0.,1.));
#6825 = PCURVE('',#2732,#6826);
#6826 = DEFINITIONAL_REPRESENTATION('',(#6827),#6831);
#6827 = LINE('',#6828,#6829);
#6828 = CARTESIAN_POINT('',(0.,0.));
#6829 = VECTOR('',#6830,1.);
#6830 = DIRECTION('',(0.,-1.));
#6831 = ( GEOMETRIC_REPRESENTATION_CONTEXT(2) 
PARAMETRIC_REPRESENTATION_CONTEXT() REPRESENTATION_CONTEXT('2D SPACE',''
  ) );
#6832 = PCURVE('',#2706,#6833);
#6833 = DEFINITIONAL_REPRESENTATION('',(#6834),#6838);
#6834 = LINE('',#6835,#6836);
#6835 = CARTESIAN_POINT('',(3.643457148062,0.));
#6836 = VECTOR('',#6837,1.);
#6837 = DIRECTION('',(0.,-1.));
#6838 = ( GEOMETRIC_REPRESENTATION_CONTEXT(2) 
PARAMETRIC_REPRESENTATION_CONTEXT() REPRESENTATION_CONTEXT('2D SPACE',''
  ) );
#6839 = ORIENTED_EDGE('',*,*,#6840,.T.);
#6840 = EDGE_CURVE('',#6818,#6720,#6841,.T.);
#6841 = SURFACE_CURVE('',#6842,(#6846,#6853),.PCURVE_S1.);
#6842 = LINE('',#6843,#6844);
#6843 = CARTESIAN_POINT('',(-18.8344538159,-1.764884146015,2.7));
#6844 = VECTOR('',#6845,1.);
#6845 = DIRECTION('',(-0.334621317278,-0.942352680276,0.));
#6846 = PCURVE('',#2732,#6847);
#6847 = DEFINITIONAL_REPRESENTATION('',(#6848),#6852);
#6848 = LINE('',#6849,#6850);
#6849 = CARTESIAN_POINT('',(0.,-1.25));
#6850 = VECTOR('',#6851,1.);
#6851 = DIRECTION('',(1.,0.));
#6852 = ( GEOMETRIC_REPRESENTATION_CONTEXT(2) 
PARAMETRIC_REPRESENTATION_CONTEXT() REPRESENTATION_CONTEXT('2D SPACE',''
  ) );
#6853 = PCURVE('',#6633,#6854);
#6854 = DEFINITIONAL_REPRESENTATION('',(#6855),#6859);
#6855 = LINE('',#6856,#6857);
#6856 = CARTESIAN_POINT('',(1.976020592931,2.073468183815));
#6857 = VECTOR('',#6858,1.);
#6858 = DIRECTION('',(-0.334621317278,-0.942352680276));
#6859 = ( GEOMETRIC_REPRESENTATION_CONTEXT(2) 
PARAMETRIC_REPRESENTATION_CONTEXT() REPRESENTATION_CONTEXT('2D SPACE',''
  ) );
#6860 = ORIENTED_EDGE('',*,*,#6719,.F.);
#6861 = ADVANCED_FACE('',(#6862),#2654,.T.);
#6862 = FACE_BOUND('',#6863,.T.);
#6863 = EDGE_LOOP('',(#6864,#6865,#6866,#6889));
#6864 = ORIENTED_EDGE('',*,*,#2639,.T.);
#6865 = ORIENTED_EDGE('',*,*,#6792,.T.);
#6866 = ORIENTED_EDGE('',*,*,#6867,.T.);
#6867 = EDGE_CURVE('',#6770,#6868,#6870,.T.);
#6868 = VERTEX_POINT('',#6869);
#6869 = CARTESIAN_POINT('',(-14.45472598116,-3.83835232983,2.7));
#6870 = SURFACE_CURVE('',#6871,(#6875,#6882),.PCURVE_S1.);
#6871 = LINE('',#6872,#6873);
#6872 = CARTESIAN_POINT('',(-13.31783742084,-3.83835232983,2.7));
#6873 = VECTOR('',#6874,1.);
#6874 = DIRECTION('',(-1.,0.,0.));
#6875 = PCURVE('',#2654,#6876);
#6876 = DEFINITIONAL_REPRESENTATION('',(#6877),#6881);
#6877 = LINE('',#6878,#6879);
#6878 = CARTESIAN_POINT('',(0.,-1.25));
#6879 = VECTOR('',#6880,1.);
#6880 = DIRECTION('',(1.,0.));
#6881 = ( GEOMETRIC_REPRESENTATION_CONTEXT(2) 
PARAMETRIC_REPRESENTATION_CONTEXT() REPRESENTATION_CONTEXT('2D SPACE',''
  ) );
#6882 = PCURVE('',#6633,#6883);
#6883 = DEFINITIONAL_REPRESENTATION('',(#6884),#6888);
#6884 = LINE('',#6885,#6886);
#6885 = CARTESIAN_POINT('',(7.49263698799,0.));
#6886 = VECTOR('',#6887,1.);
#6887 = DIRECTION('',(-1.,0.));
#6888 = ( GEOMETRIC_REPRESENTATION_CONTEXT(2) 
PARAMETRIC_REPRESENTATION_CONTEXT() REPRESENTATION_CONTEXT('2D SPACE',''
  ) );
#6889 = ORIENTED_EDGE('',*,*,#6890,.F.);
#6890 = EDGE_CURVE('',#2640,#6868,#6891,.T.);
#6891 = SURFACE_CURVE('',#6892,(#6896,#6903),.PCURVE_S1.);
#6892 = LINE('',#6893,#6894);
#6893 = CARTESIAN_POINT('',(-14.45472598116,-3.83835232983,1.45));
#6894 = VECTOR('',#6895,1.);
#6895 = DIRECTION('',(0.,0.,1.));
#6896 = PCURVE('',#2654,#6897);
#6897 = DEFINITIONAL_REPRESENTATION('',(#6898),#6902);
#6898 = LINE('',#6899,#6900);
#6899 = CARTESIAN_POINT('',(1.136888560316,0.));
#6900 = VECTOR('',#6901,1.);
#6901 = DIRECTION('',(0.,-1.));
#6902 = ( GEOMETRIC_REPRESENTATION_CONTEXT(2) 
PARAMETRIC_REPRESENTATION_CONTEXT() REPRESENTATION_CONTEXT('2D SPACE',''
  ) );
#6903 = PCURVE('',#2680,#6904);
#6904 = DEFINITIONAL_REPRESENTATION('',(#6905),#6909);
#6905 = LINE('',#6906,#6907);
#6906 = CARTESIAN_POINT('',(0.,0.));
#6907 = VECTOR('',#6908,1.);
#6908 = DIRECTION('',(0.,-1.));
#6909 = ( GEOMETRIC_REPRESENTATION_CONTEXT(2) 
PARAMETRIC_REPRESENTATION_CONTEXT() REPRESENTATION_CONTEXT('2D SPACE',''
  ) );
#6910 = ADVANCED_FACE('',(#6911),#2706,.T.);
#6911 = FACE_BOUND('',#6912,.T.);
#6912 = EDGE_LOOP('',(#6913,#6914,#6937,#6958));
#6913 = ORIENTED_EDGE('',*,*,#2691,.T.);
#6914 = ORIENTED_EDGE('',*,*,#6915,.T.);
#6915 = EDGE_CURVE('',#2666,#6916,#6918,.T.);
#6916 = VERTEX_POINT('',#6917);
#6917 = CARTESIAN_POINT('',(-15.19099666784,-1.764884146015,2.7));
#6918 = SURFACE_CURVE('',#6919,(#6923,#6930),.PCURVE_S1.);
#6919 = LINE('',#6920,#6921);
#6920 = CARTESIAN_POINT('',(-15.19099666784,-1.764884146015,1.45));
#6921 = VECTOR('',#6922,1.);
#6922 = DIRECTION('',(0.,0.,1.));
#6923 = PCURVE('',#2706,#6924);
#6924 = DEFINITIONAL_REPRESENTATION('',(#6925),#6929);
#6925 = LINE('',#6926,#6927);
#6926 = CARTESIAN_POINT('',(0.,-0.));
#6927 = VECTOR('',#6928,1.);
#6928 = DIRECTION('',(0.,-1.));
#6929 = ( GEOMETRIC_REPRESENTATION_CONTEXT(2) 
PARAMETRIC_REPRESENTATION_CONTEXT() REPRESENTATION_CONTEXT('2D SPACE',''
  ) );
#6930 = PCURVE('',#2680,#6931);
#6931 = DEFINITIONAL_REPRESENTATION('',(#6932),#6936);
#6932 = LINE('',#6933,#6934);
#6933 = CARTESIAN_POINT('',(2.200310167535,0.));
#6934 = VECTOR('',#6935,1.);
#6935 = DIRECTION('',(0.,-1.));
#6936 = ( GEOMETRIC_REPRESENTATION_CONTEXT(2) 
PARAMETRIC_REPRESENTATION_CONTEXT() REPRESENTATION_CONTEXT('2D SPACE',''
  ) );
#6937 = ORIENTED_EDGE('',*,*,#6938,.T.);
#6938 = EDGE_CURVE('',#6916,#6818,#6939,.T.);
#6939 = SURFACE_CURVE('',#6940,(#6944,#6951),.PCURVE_S1.);
#6940 = LINE('',#6941,#6942);
#6941 = CARTESIAN_POINT('',(-15.19099666784,-1.764884146015,2.7));
#6942 = VECTOR('',#6943,1.);
#6943 = DIRECTION('',(-1.,0.,0.));
#6944 = PCURVE('',#2706,#6945);
#6945 = DEFINITIONAL_REPRESENTATION('',(#6946),#6950);
#6946 = LINE('',#6947,#6948);
#6947 = CARTESIAN_POINT('',(0.,-1.25));
#6948 = VECTOR('',#6949,1.);
#6949 = DIRECTION('',(1.,0.));
#6950 = ( GEOMETRIC_REPRESENTATION_CONTEXT(2) 
PARAMETRIC_REPRESENTATION_CONTEXT() REPRESENTATION_CONTEXT('2D SPACE',''
  ) );
#6951 = PCURVE('',#6633,#6952);
#6952 = DEFINITIONAL_REPRESENTATION('',(#6953),#6957);
#6953 = LINE('',#6954,#6955);
#6954 = CARTESIAN_POINT('',(5.619477740992,2.073468183815));
#6955 = VECTOR('',#6956,1.);
#6956 = DIRECTION('',(-1.,0.));
#6957 = ( GEOMETRIC_REPRESENTATION_CONTEXT(2) 
PARAMETRIC_REPRESENTATION_CONTEXT() REPRESENTATION_CONTEXT('2D SPACE',''
  ) );
#6958 = ORIENTED_EDGE('',*,*,#6817,.F.);
#6959 = ADVANCED_FACE('',(#6960),#2680,.T.);
#6960 = FACE_BOUND('',#6961,.T.);
#6961 = EDGE_LOOP('',(#6962,#6963,#6964,#6985));
#6962 = ORIENTED_EDGE('',*,*,#2665,.T.);
#6963 = ORIENTED_EDGE('',*,*,#6890,.T.);
#6964 = ORIENTED_EDGE('',*,*,#6965,.T.);
#6965 = EDGE_CURVE('',#6868,#6916,#6966,.T.);
#6966 = SURFACE_CURVE('',#6967,(#6971,#6978),.PCURVE_S1.);
#6967 = LINE('',#6968,#6969);
#6968 = CARTESIAN_POINT('',(-14.45472598116,-3.83835232983,2.7));
#6969 = VECTOR('',#6970,1.);
#6970 = DIRECTION('',(-0.334621317278,0.942352680276,0.));
#6971 = PCURVE('',#2680,#6972);
#6972 = DEFINITIONAL_REPRESENTATION('',(#6973),#6977);
#6973 = LINE('',#6974,#6975);
#6974 = CARTESIAN_POINT('',(0.,-1.25));
#6975 = VECTOR('',#6976,1.);
#6976 = DIRECTION('',(1.,0.));
#6977 = ( GEOMETRIC_REPRESENTATION_CONTEXT(2) 
PARAMETRIC_REPRESENTATION_CONTEXT() REPRESENTATION_CONTEXT('2D SPACE',''
  ) );
#6978 = PCURVE('',#6633,#6979);
#6979 = DEFINITIONAL_REPRESENTATION('',(#6980),#6984);
#6980 = LINE('',#6981,#6982);
#6981 = CARTESIAN_POINT('',(6.355748427674,0.));
#6982 = VECTOR('',#6983,1.);
#6983 = DIRECTION('',(-0.334621317278,0.942352680276));
#6984 = ( GEOMETRIC_REPRESENTATION_CONTEXT(2) 
PARAMETRIC_REPRESENTATION_CONTEXT() REPRESENTATION_CONTEXT('2D SPACE',''
  ) );
#6985 = ORIENTED_EDGE('',*,*,#6915,.F.);
#6986 = ADVANCED_FACE('',(#6987),#2786,.T.);
#6987 = FACE_BOUND('',#6988,.T.);
#6988 = EDGE_LOOP('',(#6989,#6990,#7013,#7041));
#6989 = ORIENTED_EDGE('',*,*,#2769,.T.);
#6990 = ORIENTED_EDGE('',*,*,#6991,.T.);
#6991 = EDGE_CURVE('',#2772,#6992,#6994,.T.);
#6992 = VERTEX_POINT('',#6993);
#6993 = CARTESIAN_POINT('',(-12.13763882014,-3.83835232983,2.7));
#6994 = SURFACE_CURVE('',#6995,(#6999,#7006),.PCURVE_S1.);
#6995 = LINE('',#6996,#6997);
#6996 = CARTESIAN_POINT('',(-12.13763882014,-3.83835232983,1.45));
#6997 = VECTOR('',#6998,1.);
#6998 = DIRECTION('',(0.,0.,1.));
#6999 = PCURVE('',#2786,#7000);
#7000 = DEFINITIONAL_REPRESENTATION('',(#7001),#7005);
#7001 = LINE('',#7002,#7003);
#7002 = CARTESIAN_POINT('',(0.,0.));
#7003 = VECTOR('',#7004,1.);
#7004 = DIRECTION('',(0.,-1.));
#7005 = ( GEOMETRIC_REPRESENTATION_CONTEXT(2) 
PARAMETRIC_REPRESENTATION_CONTEXT() REPRESENTATION_CONTEXT('2D SPACE',''
  ) );
#7006 = PCURVE('',#3044,#7007);
#7007 = DEFINITIONAL_REPRESENTATION('',(#7008),#7012);
#7008 = LINE('',#7009,#7010);
#7009 = CARTESIAN_POINT('',(1.093578519923,0.));
#7010 = VECTOR('',#7011,1.);
#7011 = DIRECTION('',(0.,-1.));
#7012 = ( GEOMETRIC_REPRESENTATION_CONTEXT(2) 
PARAMETRIC_REPRESENTATION_CONTEXT() REPRESENTATION_CONTEXT('2D SPACE',''
  ) );
#7013 = ORIENTED_EDGE('',*,*,#7014,.T.);
#7014 = EDGE_CURVE('',#6992,#7015,#7017,.T.);
#7015 = VERTEX_POINT('',#7016);
#7016 = CARTESIAN_POINT('',(-12.13763882014,4.244383958515,2.7));
#7017 = SURFACE_CURVE('',#7018,(#7022,#7029),.PCURVE_S1.);
#7018 = LINE('',#7019,#7020);
#7019 = CARTESIAN_POINT('',(-12.13763882014,-3.83835232983,2.7));
#7020 = VECTOR('',#7021,1.);
#7021 = DIRECTION('',(0.,1.,0.));
#7022 = PCURVE('',#2786,#7023);
#7023 = DEFINITIONAL_REPRESENTATION('',(#7024),#7028);
#7024 = LINE('',#7025,#7026);
#7025 = CARTESIAN_POINT('',(0.,-1.25));
#7026 = VECTOR('',#7027,1.);
#7027 = DIRECTION('',(1.,0.));
#7028 = ( GEOMETRIC_REPRESENTATION_CONTEXT(2) 
PARAMETRIC_REPRESENTATION_CONTEXT() REPRESENTATION_CONTEXT('2D SPACE',''
  ) );
#7029 = PCURVE('',#7030,#7035);
#7030 = PLANE('',#7031);
#7031 = AXIS2_PLACEMENT_3D('',#7032,#7033,#7034);
#7032 = CARTESIAN_POINT('',(-13.22580358501,-3.83835232983,2.7));
#7033 = DIRECTION('',(0.,0.,1.));
#7034 = DIRECTION('',(1.,0.,0.));
#7035 = DEFINITIONAL_REPRESENTATION('',(#7036),#7040);
#7036 = LINE('',#7037,#7038);
#7037 = CARTESIAN_POINT('',(1.088164764874,0.));
#7038 = VECTOR('',#7039,1.);
#7039 = DIRECTION('',(0.,1.));
#7040 = ( GEOMETRIC_REPRESENTATION_CONTEXT(2) 
PARAMETRIC_REPRESENTATION_CONTEXT() REPRESENTATION_CONTEXT('2D SPACE',''
  ) );
#7041 = ORIENTED_EDGE('',*,*,#7042,.F.);
#7042 = EDGE_CURVE('',#2770,#7015,#7043,.T.);
#7043 = SURFACE_CURVE('',#7044,(#7048,#7055),.PCURVE_S1.);
#7044 = LINE('',#7045,#7046);
#7045 = CARTESIAN_POINT('',(-12.13763882014,4.244383958515,1.45));
#7046 = VECTOR('',#7047,1.);
#7047 = DIRECTION('',(0.,0.,1.));
#7048 = PCURVE('',#2786,#7049);
#7049 = DEFINITIONAL_REPRESENTATION('',(#7050),#7054);
#7050 = LINE('',#7051,#7052);
#7051 = CARTESIAN_POINT('',(8.082736288345,0.));
#7052 = VECTOR('',#7053,1.);
#7053 = DIRECTION('',(0.,-1.));
#7054 = ( GEOMETRIC_REPRESENTATION_CONTEXT(2) 
PARAMETRIC_REPRESENTATION_CONTEXT() REPRESENTATION_CONTEXT('2D SPACE',''
  ) );
#7055 = PCURVE('',#2812,#7056);
#7056 = DEFINITIONAL_REPRESENTATION('',(#7057),#7061);
#7057 = LINE('',#7058,#7059);
#7058 = CARTESIAN_POINT('',(0.,0.));
#7059 = VECTOR('',#7060,1.);
#7060 = DIRECTION('',(0.,-1.));
#7061 = ( GEOMETRIC_REPRESENTATION_CONTEXT(2) 
PARAMETRIC_REPRESENTATION_CONTEXT() REPRESENTATION_CONTEXT('2D SPACE',''
  ) );
#7062 = ADVANCED_FACE('',(#7063),#2812,.T.);
#7063 = FACE_BOUND('',#7064,.T.);
#7064 = EDGE_LOOP('',(#7065,#7066,#7067,#7090));
#7065 = ORIENTED_EDGE('',*,*,#2797,.T.);
#7066 = ORIENTED_EDGE('',*,*,#7042,.T.);
#7067 = ORIENTED_EDGE('',*,*,#7068,.T.);
#7068 = EDGE_CURVE('',#7015,#7069,#7071,.T.);
#7069 = VERTEX_POINT('',#7070);
#7070 = CARTESIAN_POINT('',(-11.04406030021,4.244383958515,2.7));
#7071 = SURFACE_CURVE('',#7072,(#7076,#7083),.PCURVE_S1.);
#7072 = LINE('',#7073,#7074);
#7073 = CARTESIAN_POINT('',(-12.13763882014,4.244383958515,2.7));
#7074 = VECTOR('',#7075,1.);
#7075 = DIRECTION('',(1.,0.,0.));
#7076 = PCURVE('',#2812,#7077);
#7077 = DEFINITIONAL_REPRESENTATION('',(#7078),#7082);
#7078 = LINE('',#7079,#7080);
#7079 = CARTESIAN_POINT('',(0.,-1.25));
#7080 = VECTOR('',#7081,1.);
#7081 = DIRECTION('',(1.,0.));
#7082 = ( GEOMETRIC_REPRESENTATION_CONTEXT(2) 
PARAMETRIC_REPRESENTATION_CONTEXT() REPRESENTATION_CONTEXT('2D SPACE',''
  ) );
#7083 = PCURVE('',#7030,#7084);
#7084 = DEFINITIONAL_REPRESENTATION('',(#7085),#7089);
#7085 = LINE('',#7086,#7087);
#7086 = CARTESIAN_POINT('',(1.088164764874,8.082736288345));
#7087 = VECTOR('',#7088,1.);
#7088 = DIRECTION('',(1.,0.));
#7089 = ( GEOMETRIC_REPRESENTATION_CONTEXT(2) 
PARAMETRIC_REPRESENTATION_CONTEXT() REPRESENTATION_CONTEXT('2D SPACE',''
  ) );
#7090 = ORIENTED_EDGE('',*,*,#7091,.F.);
#7091 = EDGE_CURVE('',#2798,#7069,#7092,.T.);
#7092 = SURFACE_CURVE('',#7093,(#7097,#7104),.PCURVE_S1.);
#7093 = LINE('',#7094,#7095);
#7094 = CARTESIAN_POINT('',(-11.04406030021,4.244383958515,1.45));
#7095 = VECTOR('',#7096,1.);
#7096 = DIRECTION('',(0.,0.,1.));
#7097 = PCURVE('',#2812,#7098);
#7098 = DEFINITIONAL_REPRESENTATION('',(#7099),#7103);
#7099 = LINE('',#7100,#7101);
#7100 = CARTESIAN_POINT('',(1.093578519923,0.));
#7101 = VECTOR('',#7102,1.);
#7102 = DIRECTION('',(0.,-1.));
#7103 = ( GEOMETRIC_REPRESENTATION_CONTEXT(2) 
PARAMETRIC_REPRESENTATION_CONTEXT() REPRESENTATION_CONTEXT('2D SPACE',''
  ) );
#7104 = PCURVE('',#2838,#7105);
#7105 = DEFINITIONAL_REPRESENTATION('',(#7106),#7110);
#7106 = LINE('',#7107,#7108);
#7107 = CARTESIAN_POINT('',(0.,0.));
#7108 = VECTOR('',#7109,1.);
#7109 = DIRECTION('',(0.,-1.));
#7110 = ( GEOMETRIC_REPRESENTATION_CONTEXT(2) 
PARAMETRIC_REPRESENTATION_CONTEXT() REPRESENTATION_CONTEXT('2D SPACE',''
  ) );
#7111 = ADVANCED_FACE('',(#7112),#3044,.T.);
#7112 = FACE_BOUND('',#7113,.T.);
#7113 = EDGE_LOOP('',(#7114,#7115,#7138,#7159));
#7114 = ORIENTED_EDGE('',*,*,#3031,.T.);
#7115 = ORIENTED_EDGE('',*,*,#7116,.T.);
#7116 = EDGE_CURVE('',#3006,#7117,#7119,.T.);
#7117 = VERTEX_POINT('',#7118);
#7118 = CARTESIAN_POINT('',(-11.04406030021,-3.83835232983,2.7));
#7119 = SURFACE_CURVE('',#7120,(#7124,#7131),.PCURVE_S1.);
#7120 = LINE('',#7121,#7122);
#7121 = CARTESIAN_POINT('',(-11.04406030021,-3.83835232983,1.45));
#7122 = VECTOR('',#7123,1.);
#7123 = DIRECTION('',(0.,0.,1.));
#7124 = PCURVE('',#3044,#7125);
#7125 = DEFINITIONAL_REPRESENTATION('',(#7126),#7130);
#7126 = LINE('',#7127,#7128);
#7127 = CARTESIAN_POINT('',(0.,-0.));
#7128 = VECTOR('',#7129,1.);
#7129 = DIRECTION('',(0.,-1.));
#7130 = ( GEOMETRIC_REPRESENTATION_CONTEXT(2) 
PARAMETRIC_REPRESENTATION_CONTEXT() REPRESENTATION_CONTEXT('2D SPACE',''
  ) );
#7131 = PCURVE('',#3020,#7132);
#7132 = DEFINITIONAL_REPRESENTATION('',(#7133),#7137);
#7133 = LINE('',#7134,#7135);
#7134 = CARTESIAN_POINT('',(3.892489880321,0.));
#7135 = VECTOR('',#7136,1.);
#7136 = DIRECTION('',(0.,-1.));
#7137 = ( GEOMETRIC_REPRESENTATION_CONTEXT(2) 
PARAMETRIC_REPRESENTATION_CONTEXT() REPRESENTATION_CONTEXT('2D SPACE',''
  ) );
#7138 = ORIENTED_EDGE('',*,*,#7139,.T.);
#7139 = EDGE_CURVE('',#7117,#6992,#7140,.T.);
#7140 = SURFACE_CURVE('',#7141,(#7145,#7152),.PCURVE_S1.);
#7141 = LINE('',#7142,#7143);
#7142 = CARTESIAN_POINT('',(-11.04406030021,-3.83835232983,2.7));
#7143 = VECTOR('',#7144,1.);
#7144 = DIRECTION('',(-1.,0.,0.));
#7145 = PCURVE('',#3044,#7146);
#7146 = DEFINITIONAL_REPRESENTATION('',(#7147),#7151);
#7147 = LINE('',#7148,#7149);
#7148 = CARTESIAN_POINT('',(0.,-1.25));
#7149 = VECTOR('',#7150,1.);
#7150 = DIRECTION('',(1.,0.));
#7151 = ( GEOMETRIC_REPRESENTATION_CONTEXT(2) 
PARAMETRIC_REPRESENTATION_CONTEXT() REPRESENTATION_CONTEXT('2D SPACE',''
  ) );
#7152 = PCURVE('',#7030,#7153);
#7153 = DEFINITIONAL_REPRESENTATION('',(#7154),#7158);
#7154 = LINE('',#7155,#7156);
#7155 = CARTESIAN_POINT('',(2.181743284798,0.));
#7156 = VECTOR('',#7157,1.);
#7157 = DIRECTION('',(-1.,0.));
#7158 = ( GEOMETRIC_REPRESENTATION_CONTEXT(2) 
PARAMETRIC_REPRESENTATION_CONTEXT() REPRESENTATION_CONTEXT('2D SPACE',''
  ) );
#7159 = ORIENTED_EDGE('',*,*,#6991,.F.);
#7160 = ADVANCED_FACE('',(#7161),#2838,.T.);
#7161 = FACE_BOUND('',#7162,.T.);
#7162 = EDGE_LOOP('',(#7163,#7164,#7165,#7188));
#7163 = ORIENTED_EDGE('',*,*,#2823,.T.);
#7164 = ORIENTED_EDGE('',*,*,#7091,.T.);
#7165 = ORIENTED_EDGE('',*,*,#7166,.T.);
#7166 = EDGE_CURVE('',#7069,#7167,#7169,.T.);
#7167 = VERTEX_POINT('',#7168);
#7168 = CARTESIAN_POINT('',(-11.04406030021,0.828304522516,2.7));
#7169 = SURFACE_CURVE('',#7170,(#7174,#7181),.PCURVE_S1.);
#7170 = LINE('',#7171,#7172);
#7171 = CARTESIAN_POINT('',(-11.04406030021,4.244383958515,2.7));
#7172 = VECTOR('',#7173,1.);
#7173 = DIRECTION('',(0.,-1.,0.));
#7174 = PCURVE('',#2838,#7175);
#7175 = DEFINITIONAL_REPRESENTATION('',(#7176),#7180);
#7176 = LINE('',#7177,#7178);
#7177 = CARTESIAN_POINT('',(0.,-1.25));
#7178 = VECTOR('',#7179,1.);
#7179 = DIRECTION('',(1.,0.));
#7180 = ( GEOMETRIC_REPRESENTATION_CONTEXT(2) 
PARAMETRIC_REPRESENTATION_CONTEXT() REPRESENTATION_CONTEXT('2D SPACE',''
  ) );
#7181 = PCURVE('',#7030,#7182);
#7182 = DEFINITIONAL_REPRESENTATION('',(#7183),#7187);
#7183 = LINE('',#7184,#7185);
#7184 = CARTESIAN_POINT('',(2.181743284798,8.082736288345));
#7185 = VECTOR('',#7186,1.);
#7186 = DIRECTION('',(0.,-1.));
#7187 = ( GEOMETRIC_REPRESENTATION_CONTEXT(2) 
PARAMETRIC_REPRESENTATION_CONTEXT() REPRESENTATION_CONTEXT('2D SPACE',''
  ) );
#7188 = ORIENTED_EDGE('',*,*,#7189,.F.);
#7189 = EDGE_CURVE('',#2824,#7167,#7190,.T.);
#7190 = SURFACE_CURVE('',#7191,(#7195,#7202),.PCURVE_S1.);
#7191 = LINE('',#7192,#7193);
#7192 = CARTESIAN_POINT('',(-11.04406030021,0.828304522516,1.45));
#7193 = VECTOR('',#7194,1.);
#7194 = DIRECTION('',(0.,0.,1.));
#7195 = PCURVE('',#2838,#7196);
#7196 = DEFINITIONAL_REPRESENTATION('',(#7197),#7201);
#7197 = LINE('',#7198,#7199);
#7198 = CARTESIAN_POINT('',(3.416079435998,0.));
#7199 = VECTOR('',#7200,1.);
#7200 = DIRECTION('',(0.,-1.));
#7201 = ( GEOMETRIC_REPRESENTATION_CONTEXT(2) 
PARAMETRIC_REPRESENTATION_CONTEXT() REPRESENTATION_CONTEXT('2D SPACE',''
  ) );
#7202 = PCURVE('',#2864,#7203);
#7203 = DEFINITIONAL_REPRESENTATION('',(#7204),#7208);
#7204 = LINE('',#7205,#7206);
#7205 = CARTESIAN_POINT('',(0.,0.));
#7206 = VECTOR('',#7207,1.);
#7207 = DIRECTION('',(0.,-1.));
#7208 = ( GEOMETRIC_REPRESENTATION_CONTEXT(2) 
PARAMETRIC_REPRESENTATION_CONTEXT() REPRESENTATION_CONTEXT('2D SPACE',''
  ) );
#7209 = ADVANCED_FACE('',(#7210),#3020,.T.);
#7210 = FACE_BOUND('',#7211,.T.);
#7211 = EDGE_LOOP('',(#7212,#7213,#7236,#7257));
#7212 = ORIENTED_EDGE('',*,*,#3005,.T.);
#7213 = ORIENTED_EDGE('',*,*,#7214,.T.);
#7214 = EDGE_CURVE('',#2980,#7215,#7217,.T.);
#7215 = VERTEX_POINT('',#7216);
#7216 = CARTESIAN_POINT('',(-11.04406030021,5.413755049126E-02,2.7));
#7217 = SURFACE_CURVE('',#7218,(#7222,#7229),.PCURVE_S1.);
#7218 = LINE('',#7219,#7220);
#7219 = CARTESIAN_POINT('',(-11.04406030021,5.413755049126E-02,1.45));
#7220 = VECTOR('',#7221,1.);
#7221 = DIRECTION('',(0.,0.,1.));
#7222 = PCURVE('',#3020,#7223);
#7223 = DEFINITIONAL_REPRESENTATION('',(#7224),#7228);
#7224 = LINE('',#7225,#7226);
#7225 = CARTESIAN_POINT('',(0.,0.));
#7226 = VECTOR('',#7227,1.);
#7227 = DIRECTION('',(0.,-1.));
#7228 = ( GEOMETRIC_REPRESENTATION_CONTEXT(2) 
PARAMETRIC_REPRESENTATION_CONTEXT() REPRESENTATION_CONTEXT('2D SPACE',''
  ) );
#7229 = PCURVE('',#2994,#7230);
#7230 = DEFINITIONAL_REPRESENTATION('',(#7231),#7235);
#7231 = LINE('',#7232,#7233);
#7232 = CARTESIAN_POINT('',(5.497161105954,0.));
#7233 = VECTOR('',#7234,1.);
#7234 = DIRECTION('',(0.,-1.));
#7235 = ( GEOMETRIC_REPRESENTATION_CONTEXT(2) 
PARAMETRIC_REPRESENTATION_CONTEXT() REPRESENTATION_CONTEXT('2D SPACE',''
  ) );
#7236 = ORIENTED_EDGE('',*,*,#7237,.T.);
#7237 = EDGE_CURVE('',#7215,#7117,#7238,.T.);
#7238 = SURFACE_CURVE('',#7239,(#7243,#7250),.PCURVE_S1.);
#7239 = LINE('',#7240,#7241);
#7240 = CARTESIAN_POINT('',(-11.04406030021,5.413755049126E-02,2.7));
#7241 = VECTOR('',#7242,1.);
#7242 = DIRECTION('',(0.,-1.,0.));
#7243 = PCURVE('',#3020,#7244);
#7244 = DEFINITIONAL_REPRESENTATION('',(#7245),#7249);
#7245 = LINE('',#7246,#7247);
#7246 = CARTESIAN_POINT('',(0.,-1.25));
#7247 = VECTOR('',#7248,1.);
#7248 = DIRECTION('',(1.,0.));
#7249 = ( GEOMETRIC_REPRESENTATION_CONTEXT(2) 
PARAMETRIC_REPRESENTATION_CONTEXT() REPRESENTATION_CONTEXT('2D SPACE',''
  ) );
#7250 = PCURVE('',#7030,#7251);
#7251 = DEFINITIONAL_REPRESENTATION('',(#7252),#7256);
#7252 = LINE('',#7253,#7254);
#7253 = CARTESIAN_POINT('',(2.181743284798,3.892489880321));
#7254 = VECTOR('',#7255,1.);
#7255 = DIRECTION('',(0.,-1.));
#7256 = ( GEOMETRIC_REPRESENTATION_CONTEXT(2) 
PARAMETRIC_REPRESENTATION_CONTEXT() REPRESENTATION_CONTEXT('2D SPACE',''
  ) );
#7257 = ORIENTED_EDGE('',*,*,#7116,.F.);
#7258 = ADVANCED_FACE('',(#7259),#2864,.T.);
#7259 = FACE_BOUND('',#7260,.T.);
#7260 = EDGE_LOOP('',(#7261,#7262,#7263,#7286));
#7261 = ORIENTED_EDGE('',*,*,#2849,.T.);
#7262 = ORIENTED_EDGE('',*,*,#7189,.T.);
#7263 = ORIENTED_EDGE('',*,*,#7264,.T.);
#7264 = EDGE_CURVE('',#7167,#7265,#7267,.T.);
#7265 = VERTEX_POINT('',#7266);
#7266 = CARTESIAN_POINT('',(-7.416844417302,4.244383958515,2.7));
#7267 = SURFACE_CURVE('',#7268,(#7272,#7279),.PCURVE_S1.);
#7268 = LINE('',#7269,#7270);
#7269 = CARTESIAN_POINT('',(-11.04406030021,0.828304522516,2.7));
#7270 = VECTOR('',#7271,1.);
#7271 = DIRECTION('',(0.727976666667,0.685601905473,0.));
#7272 = PCURVE('',#2864,#7273);
#7273 = DEFINITIONAL_REPRESENTATION('',(#7274),#7278);
#7274 = LINE('',#7275,#7276);
#7275 = CARTESIAN_POINT('',(0.,-1.25));
#7276 = VECTOR('',#7277,1.);
#7277 = DIRECTION('',(1.,0.));
#7278 = ( GEOMETRIC_REPRESENTATION_CONTEXT(2) 
PARAMETRIC_REPRESENTATION_CONTEXT() REPRESENTATION_CONTEXT('2D SPACE',''
  ) );
#7279 = PCURVE('',#7030,#7280);
#7280 = DEFINITIONAL_REPRESENTATION('',(#7281),#7285);
#7281 = LINE('',#7282,#7283);
#7282 = CARTESIAN_POINT('',(2.181743284798,4.666656852346));
#7283 = VECTOR('',#7284,1.);
#7284 = DIRECTION('',(0.727976666667,0.685601905473));
#7285 = ( GEOMETRIC_REPRESENTATION_CONTEXT(2) 
PARAMETRIC_REPRESENTATION_CONTEXT() REPRESENTATION_CONTEXT('2D SPACE',''
  ) );
#7286 = ORIENTED_EDGE('',*,*,#7287,.F.);
#7287 = EDGE_CURVE('',#2850,#7265,#7288,.T.);
#7288 = SURFACE_CURVE('',#7289,(#7293,#7300),.PCURVE_S1.);
#7289 = LINE('',#7290,#7291);
#7290 = CARTESIAN_POINT('',(-7.416844417302,4.244383958515,1.45));
#7291 = VECTOR('',#7292,1.);
#7292 = DIRECTION('',(0.,0.,1.));
#7293 = PCURVE('',#2864,#7294);
#7294 = DEFINITIONAL_REPRESENTATION('',(#7295),#7299);
#7295 = LINE('',#7296,#7297);
#7296 = CARTESIAN_POINT('',(4.982599098294,0.));
#7297 = VECTOR('',#7298,1.);
#7298 = DIRECTION('',(0.,-1.));
#7299 = ( GEOMETRIC_REPRESENTATION_CONTEXT(2) 
PARAMETRIC_REPRESENTATION_CONTEXT() REPRESENTATION_CONTEXT('2D SPACE',''
  ) );
#7300 = PCURVE('',#2890,#7301);
#7301 = DEFINITIONAL_REPRESENTATION('',(#7302),#7306);
#7302 = LINE('',#7303,#7304);
#7303 = CARTESIAN_POINT('',(8.881784197001E-16,0.));
#7304 = VECTOR('',#7305,1.);
#7305 = DIRECTION('',(0.,-1.));
#7306 = ( GEOMETRIC_REPRESENTATION_CONTEXT(2) 
PARAMETRIC_REPRESENTATION_CONTEXT() REPRESENTATION_CONTEXT('2D SPACE',''
  ) );
#7307 = ADVANCED_FACE('',(#7308),#2994,.T.);
#7308 = FACE_BOUND('',#7309,.T.);
#7309 = EDGE_LOOP('',(#7310,#7311,#7334,#7355));
#7310 = ORIENTED_EDGE('',*,*,#2979,.T.);
#7311 = ORIENTED_EDGE('',*,*,#7312,.T.);
#7312 = EDGE_CURVE('',#2954,#7313,#7315,.T.);
#7313 = VERTEX_POINT('',#7314);
#7314 = CARTESIAN_POINT('',(-7.162397929993,-3.83835232983,2.7));
#7315 = SURFACE_CURVE('',#7316,(#7320,#7327),.PCURVE_S1.);
#7316 = LINE('',#7317,#7318);
#7317 = CARTESIAN_POINT('',(-7.162397929993,-3.83835232983,1.45));
#7318 = VECTOR('',#7319,1.);
#7319 = DIRECTION('',(0.,0.,1.));
#7320 = PCURVE('',#2994,#7321);
#7321 = DEFINITIONAL_REPRESENTATION('',(#7322),#7326);
#7322 = LINE('',#7323,#7324);
#7323 = CARTESIAN_POINT('',(0.,0.));
#7324 = VECTOR('',#7325,1.);
#7325 = DIRECTION('',(0.,-1.));
#7326 = ( GEOMETRIC_REPRESENTATION_CONTEXT(2) 
PARAMETRIC_REPRESENTATION_CONTEXT() REPRESENTATION_CONTEXT('2D SPACE',''
  ) );
#7327 = PCURVE('',#2968,#7328);
#7328 = DEFINITIONAL_REPRESENTATION('',(#7329),#7333);
#7329 = LINE('',#7330,#7331);
#7330 = CARTESIAN_POINT('',(1.440058843067,0.));
#7331 = VECTOR('',#7332,1.);
#7332 = DIRECTION('',(0.,-1.));
#7333 = ( GEOMETRIC_REPRESENTATION_CONTEXT(2) 
PARAMETRIC_REPRESENTATION_CONTEXT() REPRESENTATION_CONTEXT('2D SPACE',''
  ) );
#7334 = ORIENTED_EDGE('',*,*,#7335,.T.);
#7335 = EDGE_CURVE('',#7313,#7215,#7336,.T.);
#7336 = SURFACE_CURVE('',#7337,(#7341,#7348),.PCURVE_S1.);
#7337 = LINE('',#7338,#7339);
#7338 = CARTESIAN_POINT('',(-7.162397929993,-3.83835232983,2.7));
#7339 = VECTOR('',#7340,1.);
#7340 = DIRECTION('',(-0.706121267943,0.708090922805,0.));
#7341 = PCURVE('',#2994,#7342);
#7342 = DEFINITIONAL_REPRESENTATION('',(#7343),#7347);
#7343 = LINE('',#7344,#7345);
#7344 = CARTESIAN_POINT('',(0.,-1.25));
#7345 = VECTOR('',#7346,1.);
#7346 = DIRECTION('',(1.,0.));
#7347 = ( GEOMETRIC_REPRESENTATION_CONTEXT(2) 
PARAMETRIC_REPRESENTATION_CONTEXT() REPRESENTATION_CONTEXT('2D SPACE',''
  ) );
#7348 = PCURVE('',#7030,#7349);
#7349 = DEFINITIONAL_REPRESENTATION('',(#7350),#7354);
#7350 = LINE('',#7351,#7352);
#7351 = CARTESIAN_POINT('',(6.063405655021,0.));
#7352 = VECTOR('',#7353,1.);
#7353 = DIRECTION('',(-0.706121267943,0.708090922805));
#7354 = ( GEOMETRIC_REPRESENTATION_CONTEXT(2) 
PARAMETRIC_REPRESENTATION_CONTEXT() REPRESENTATION_CONTEXT('2D SPACE',''
  ) );
#7355 = ORIENTED_EDGE('',*,*,#7214,.F.);
#7356 = ADVANCED_FACE('',(#7357),#2890,.T.);
#7357 = FACE_BOUND('',#7358,.T.);
#7358 = EDGE_LOOP('',(#7359,#7360,#7361,#7384));
#7359 = ORIENTED_EDGE('',*,*,#2875,.T.);
#7360 = ORIENTED_EDGE('',*,*,#7287,.T.);
#7361 = ORIENTED_EDGE('',*,*,#7362,.T.);
#7362 = EDGE_CURVE('',#7265,#7363,#7365,.T.);
#7363 = VERTEX_POINT('',#7364);
#7364 = CARTESIAN_POINT('',(-6.009268104529,4.244383958515,2.7));
#7365 = SURFACE_CURVE('',#7366,(#7370,#7377),.PCURVE_S1.);
#7366 = LINE('',#7367,#7368);
#7367 = CARTESIAN_POINT('',(-7.416844417302,4.244383958515,2.7));
#7368 = VECTOR('',#7369,1.);
#7369 = DIRECTION('',(1.,0.,0.));
#7370 = PCURVE('',#2890,#7371);
#7371 = DEFINITIONAL_REPRESENTATION('',(#7372),#7376);
#7372 = LINE('',#7373,#7374);
#7373 = CARTESIAN_POINT('',(0.,-1.25));
#7374 = VECTOR('',#7375,1.);
#7375 = DIRECTION('',(1.,0.));
#7376 = ( GEOMETRIC_REPRESENTATION_CONTEXT(2) 
PARAMETRIC_REPRESENTATION_CONTEXT() REPRESENTATION_CONTEXT('2D SPACE',''
  ) );
#7377 = PCURVE('',#7030,#7378);
#7378 = DEFINITIONAL_REPRESENTATION('',(#7379),#7383);
#7379 = LINE('',#7380,#7381);
#7380 = CARTESIAN_POINT('',(5.808959167712,8.082736288345));
#7381 = VECTOR('',#7382,1.);
#7382 = DIRECTION('',(1.,0.));
#7383 = ( GEOMETRIC_REPRESENTATION_CONTEXT(2) 
PARAMETRIC_REPRESENTATION_CONTEXT() REPRESENTATION_CONTEXT('2D SPACE',''
  ) );
#7384 = ORIENTED_EDGE('',*,*,#7385,.F.);
#7385 = EDGE_CURVE('',#2876,#7363,#7386,.T.);
#7386 = SURFACE_CURVE('',#7387,(#7391,#7398),.PCURVE_S1.);
#7387 = LINE('',#7388,#7389);
#7388 = CARTESIAN_POINT('',(-6.009268104529,4.244383958515,1.45));
#7389 = VECTOR('',#7390,1.);
#7390 = DIRECTION('',(0.,0.,1.));
#7391 = PCURVE('',#2890,#7392);
#7392 = DEFINITIONAL_REPRESENTATION('',(#7393),#7397);
#7393 = LINE('',#7394,#7395);
#7394 = CARTESIAN_POINT('',(1.407576312773,0.));
#7395 = VECTOR('',#7396,1.);
#7396 = DIRECTION('',(0.,-1.));
#7397 = ( GEOMETRIC_REPRESENTATION_CONTEXT(2) 
PARAMETRIC_REPRESENTATION_CONTEXT() REPRESENTATION_CONTEXT('2D SPACE',''
  ) );
#7398 = PCURVE('',#2916,#7399);
#7399 = DEFINITIONAL_REPRESENTATION('',(#7400),#7404);
#7400 = LINE('',#7401,#7402);
#7401 = CARTESIAN_POINT('',(0.,0.));
#7402 = VECTOR('',#7403,1.);
#7403 = DIRECTION('',(0.,-1.));
#7404 = ( GEOMETRIC_REPRESENTATION_CONTEXT(2) 
PARAMETRIC_REPRESENTATION_CONTEXT() REPRESENTATION_CONTEXT('2D SPACE',''
  ) );
#7405 = ADVANCED_FACE('',(#7406),#2968,.T.);
#7406 = FACE_BOUND('',#7407,.T.);
#7407 = EDGE_LOOP('',(#7408,#7409,#7432,#7453));
#7408 = ORIENTED_EDGE('',*,*,#2953,.T.);
#7409 = ORIENTED_EDGE('',*,*,#7410,.T.);
#7410 = EDGE_CURVE('',#2928,#7411,#7413,.T.);
#7411 = VERTEX_POINT('',#7412);
#7412 = CARTESIAN_POINT('',(-5.722339086926,-3.83835232983,2.7));
#7413 = SURFACE_CURVE('',#7414,(#7418,#7425),.PCURVE_S1.);
#7414 = LINE('',#7415,#7416);
#7415 = CARTESIAN_POINT('',(-5.722339086926,-3.83835232983,1.45));
#7416 = VECTOR('',#7417,1.);
#7417 = DIRECTION('',(0.,0.,1.));
#7418 = PCURVE('',#2968,#7419);
#7419 = DEFINITIONAL_REPRESENTATION('',(#7420),#7424);
#7420 = LINE('',#7421,#7422);
#7421 = CARTESIAN_POINT('',(0.,-0.));
#7422 = VECTOR('',#7423,1.);
#7423 = DIRECTION('',(0.,-1.));
#7424 = ( GEOMETRIC_REPRESENTATION_CONTEXT(2) 
PARAMETRIC_REPRESENTATION_CONTEXT() REPRESENTATION_CONTEXT('2D SPACE',''
  ) );
#7425 = PCURVE('',#2942,#7426);
#7426 = DEFINITIONAL_REPRESENTATION('',(#7427),#7431);
#7427 = LINE('',#7428,#7429);
#7428 = CARTESIAN_POINT('',(6.090522552343,0.));
#7429 = VECTOR('',#7430,1.);
#7430 = DIRECTION('',(0.,-1.));
#7431 = ( GEOMETRIC_REPRESENTATION_CONTEXT(2) 
PARAMETRIC_REPRESENTATION_CONTEXT() REPRESENTATION_CONTEXT('2D SPACE',''
  ) );
#7432 = ORIENTED_EDGE('',*,*,#7433,.T.);
#7433 = EDGE_CURVE('',#7411,#7313,#7434,.T.);
#7434 = SURFACE_CURVE('',#7435,(#7439,#7446),.PCURVE_S1.);
#7435 = LINE('',#7436,#7437);
#7436 = CARTESIAN_POINT('',(-5.722339086926,-3.83835232983,2.7));
#7437 = VECTOR('',#7438,1.);
#7438 = DIRECTION('',(-1.,0.,0.));
#7439 = PCURVE('',#2968,#7440);
#7440 = DEFINITIONAL_REPRESENTATION('',(#7441),#7445);
#7441 = LINE('',#7442,#7443);
#7442 = CARTESIAN_POINT('',(0.,-1.25));
#7443 = VECTOR('',#7444,1.);
#7444 = DIRECTION('',(1.,0.));
#7445 = ( GEOMETRIC_REPRESENTATION_CONTEXT(2) 
PARAMETRIC_REPRESENTATION_CONTEXT() REPRESENTATION_CONTEXT('2D SPACE',''
  ) );
#7446 = PCURVE('',#7030,#7447);
#7447 = DEFINITIONAL_REPRESENTATION('',(#7448),#7452);
#7448 = LINE('',#7449,#7450);
#7449 = CARTESIAN_POINT('',(7.503464498088,0.));
#7450 = VECTOR('',#7451,1.);
#7451 = DIRECTION('',(-1.,0.));
#7452 = ( GEOMETRIC_REPRESENTATION_CONTEXT(2) 
PARAMETRIC_REPRESENTATION_CONTEXT() REPRESENTATION_CONTEXT('2D SPACE',''
  ) );
#7453 = ORIENTED_EDGE('',*,*,#7312,.F.);
#7454 = ADVANCED_FACE('',(#7455),#2916,.T.);
#7455 = FACE_BOUND('',#7456,.T.);
#7456 = EDGE_LOOP('',(#7457,#7458,#7459,#7482));
#7457 = ORIENTED_EDGE('',*,*,#2901,.T.);
#7458 = ORIENTED_EDGE('',*,*,#7385,.T.);
#7459 = ORIENTED_EDGE('',*,*,#7460,.T.);
#7460 = EDGE_CURVE('',#7363,#7461,#7463,.T.);
#7461 = VERTEX_POINT('',#7462);
#7462 = CARTESIAN_POINT('',(-10.02086059593,0.476410444323,2.7));
#7463 = SURFACE_CURVE('',#7464,(#7468,#7475),.PCURVE_S1.);
#7464 = LINE('',#7465,#7466);
#7465 = CARTESIAN_POINT('',(-6.009268104529,4.244383958515,2.7));
#7466 = VECTOR('',#7467,1.);
#7467 = DIRECTION('',(-0.72889269516,-0.684627956588,0.));
#7468 = PCURVE('',#2916,#7469);
#7469 = DEFINITIONAL_REPRESENTATION('',(#7470),#7474);
#7470 = LINE('',#7471,#7472);
#7471 = CARTESIAN_POINT('',(0.,-1.25));
#7472 = VECTOR('',#7473,1.);
#7473 = DIRECTION('',(1.,0.));
#7474 = ( GEOMETRIC_REPRESENTATION_CONTEXT(2) 
PARAMETRIC_REPRESENTATION_CONTEXT() REPRESENTATION_CONTEXT('2D SPACE',''
  ) );
#7475 = PCURVE('',#7030,#7476);
#7476 = DEFINITIONAL_REPRESENTATION('',(#7477),#7481);
#7477 = LINE('',#7478,#7479);
#7478 = CARTESIAN_POINT('',(7.216535480484,8.082736288345));
#7479 = VECTOR('',#7480,1.);
#7480 = DIRECTION('',(-0.72889269516,-0.684627956588));
#7481 = ( GEOMETRIC_REPRESENTATION_CONTEXT(2) 
PARAMETRIC_REPRESENTATION_CONTEXT() REPRESENTATION_CONTEXT('2D SPACE',''
  ) );
#7482 = ORIENTED_EDGE('',*,*,#7483,.F.);
#7483 = EDGE_CURVE('',#2902,#7461,#7484,.T.);
#7484 = SURFACE_CURVE('',#7485,(#7489,#7496),.PCURVE_S1.);
#7485 = LINE('',#7486,#7487);
#7486 = CARTESIAN_POINT('',(-10.02086059593,0.476410444323,1.45));
#7487 = VECTOR('',#7488,1.);
#7488 = DIRECTION('',(0.,0.,1.));
#7489 = PCURVE('',#2916,#7490);
#7490 = DEFINITIONAL_REPRESENTATION('',(#7491),#7495);
#7491 = LINE('',#7492,#7493);
#7492 = CARTESIAN_POINT('',(5.503680470442,0.));
#7493 = VECTOR('',#7494,1.);
#7494 = DIRECTION('',(0.,-1.));
#7495 = ( GEOMETRIC_REPRESENTATION_CONTEXT(2) 
PARAMETRIC_REPRESENTATION_CONTEXT() REPRESENTATION_CONTEXT('2D SPACE',''
  ) );
#7496 = PCURVE('',#2942,#7497);
#7497 = DEFINITIONAL_REPRESENTATION('',(#7498),#7502);
#7498 = LINE('',#7499,#7500);
#7499 = CARTESIAN_POINT('',(0.,0.));
#7500 = VECTOR('',#7501,1.);
#7501 = DIRECTION('',(0.,-1.));
#7502 = ( GEOMETRIC_REPRESENTATION_CONTEXT(2) 
PARAMETRIC_REPRESENTATION_CONTEXT() REPRESENTATION_CONTEXT('2D SPACE',''
  ) );
#7503 = ADVANCED_FACE('',(#7504),#2942,.T.);
#7504 = FACE_BOUND('',#7505,.T.);
#7505 = EDGE_LOOP('',(#7506,#7507,#7508,#7529));
#7506 = ORIENTED_EDGE('',*,*,#2927,.T.);
#7507 = ORIENTED_EDGE('',*,*,#7483,.T.);
#7508 = ORIENTED_EDGE('',*,*,#7509,.T.);
#7509 = EDGE_CURVE('',#7461,#7411,#7510,.T.);
#7510 = SURFACE_CURVE('',#7511,(#7515,#7522),.PCURVE_S1.);
#7511 = LINE('',#7512,#7513);
#7512 = CARTESIAN_POINT('',(-10.02086059593,0.476410444323,2.7));
#7513 = VECTOR('',#7514,1.);
#7514 = DIRECTION('',(0.705772201328,-0.708438846925,0.));
#7515 = PCURVE('',#2942,#7516);
#7516 = DEFINITIONAL_REPRESENTATION('',(#7517),#7521);
#7517 = LINE('',#7518,#7519);
#7518 = CARTESIAN_POINT('',(0.,-1.25));
#7519 = VECTOR('',#7520,1.);
#7520 = DIRECTION('',(1.,0.));
#7521 = ( GEOMETRIC_REPRESENTATION_CONTEXT(2) 
PARAMETRIC_REPRESENTATION_CONTEXT() REPRESENTATION_CONTEXT('2D SPACE',''
  ) );
#7522 = PCURVE('',#7030,#7523);
#7523 = DEFINITIONAL_REPRESENTATION('',(#7524),#7528);
#7524 = LINE('',#7525,#7526);
#7525 = CARTESIAN_POINT('',(3.204942989082,4.314762774153));
#7526 = VECTOR('',#7527,1.);
#7527 = DIRECTION('',(0.705772201328,-0.708438846925));
#7528 = ( GEOMETRIC_REPRESENTATION_CONTEXT(2) 
PARAMETRIC_REPRESENTATION_CONTEXT() REPRESENTATION_CONTEXT('2D SPACE',''
  ) );
#7529 = ORIENTED_EDGE('',*,*,#7410,.F.);
#7530 = ADVANCED_FACE('',(#7531),#3074,.T.);
#7531 = FACE_BOUND('',#7532,.T.);
#7532 = EDGE_LOOP('',(#7533,#7534,#7557,#7585));
#7533 = ORIENTED_EDGE('',*,*,#3057,.T.);
#7534 = ORIENTED_EDGE('',*,*,#7535,.T.);
#7535 = EDGE_CURVE('',#3060,#7536,#7538,.T.);
#7536 = VERTEX_POINT('',#7537);
#7537 = CARTESIAN_POINT('',(15.272202993583,-3.83835232983,2.7));
#7538 = SURFACE_CURVE('',#7539,(#7543,#7550),.PCURVE_S1.);
#7539 = LINE('',#7540,#7541);
#7540 = CARTESIAN_POINT('',(15.272202993583,-3.83835232983,1.45));
#7541 = VECTOR('',#7542,1.);
#7542 = DIRECTION('',(0.,0.,1.));
#7543 = PCURVE('',#3074,#7544);
#7544 = DEFINITIONAL_REPRESENTATION('',(#7545),#7549);
#7545 = LINE('',#7546,#7547);
#7546 = CARTESIAN_POINT('',(0.,0.));
#7547 = VECTOR('',#7548,1.);
#7548 = DIRECTION('',(0.,-1.));
#7549 = ( GEOMETRIC_REPRESENTATION_CONTEXT(2) 
PARAMETRIC_REPRESENTATION_CONTEXT() REPRESENTATION_CONTEXT('2D SPACE',''
  ) );
#7550 = PCURVE('',#3254,#7551);
#7551 = DEFINITIONAL_REPRESENTATION('',(#7552),#7556);
#7552 = LINE('',#7553,#7554);
#7553 = CARTESIAN_POINT('',(1.153129825464,0.));
#7554 = VECTOR('',#7555,1.);
#7555 = DIRECTION('',(0.,-1.));
#7556 = ( GEOMETRIC_REPRESENTATION_CONTEXT(2) 
PARAMETRIC_REPRESENTATION_CONTEXT() REPRESENTATION_CONTEXT('2D SPACE',''
  ) );
#7557 = ORIENTED_EDGE('',*,*,#7558,.T.);
#7558 = EDGE_CURVE('',#7536,#7559,#7561,.T.);
#7559 = VERTEX_POINT('',#7560);
#7560 = CARTESIAN_POINT('',(18.358043371585,4.244383958515,2.7));
#7561 = SURFACE_CURVE('',#7562,(#7566,#7573),.PCURVE_S1.);
#7562 = LINE('',#7563,#7564);
#7563 = CARTESIAN_POINT('',(15.272202993583,-3.83835232983,2.7));
#7564 = VECTOR('',#7565,1.);
#7565 = DIRECTION('',(0.356671776907,0.934229759512,0.));
#7566 = PCURVE('',#3074,#7567);
#7567 = DEFINITIONAL_REPRESENTATION('',(#7568),#7572);
#7568 = LINE('',#7569,#7570);
#7569 = CARTESIAN_POINT('',(0.,-1.25));
#7570 = VECTOR('',#7571,1.);
#7571 = DIRECTION('',(1.,0.));
#7572 = ( GEOMETRIC_REPRESENTATION_CONTEXT(2) 
PARAMETRIC_REPRESENTATION_CONTEXT() REPRESENTATION_CONTEXT('2D SPACE',''
  ) );
#7573 = PCURVE('',#7574,#7579);
#7574 = PLANE('',#7575);
#7575 = AXIS2_PLACEMENT_3D('',#7576,#7577,#7578);
#7576 = CARTESIAN_POINT('',(15.185582912797,-3.83835232983,2.7));
#7577 = DIRECTION('',(0.,0.,1.));
#7578 = DIRECTION('',(1.,0.,0.));
#7579 = DEFINITIONAL_REPRESENTATION('',(#7580),#7584);
#7580 = LINE('',#7581,#7582);
#7581 = CARTESIAN_POINT('',(8.662008078601E-02,0.));
#7582 = VECTOR('',#7583,1.);
#7583 = DIRECTION('',(0.356671776907,0.934229759512));
#7584 = ( GEOMETRIC_REPRESENTATION_CONTEXT(2) 
PARAMETRIC_REPRESENTATION_CONTEXT() REPRESENTATION_CONTEXT('2D SPACE',''
  ) );
#7585 = ORIENTED_EDGE('',*,*,#7586,.F.);
#7586 = EDGE_CURVE('',#3058,#7559,#7587,.T.);
#7587 = SURFACE_CURVE('',#7588,(#7592,#7599),.PCURVE_S1.);
#7588 = LINE('',#7589,#7590);
#7589 = CARTESIAN_POINT('',(18.358043371585,4.244383958515,1.45));
#7590 = VECTOR('',#7591,1.);
#7591 = DIRECTION('',(0.,0.,1.));
#7592 = PCURVE('',#3074,#7593);
#7593 = DEFINITIONAL_REPRESENTATION('',(#7594),#7598);
#7594 = LINE('',#7595,#7596);
#7595 = CARTESIAN_POINT('',(8.651764949733,0.));
#7596 = VECTOR('',#7597,1.);
#7597 = DIRECTION('',(0.,-1.));
#7598 = ( GEOMETRIC_REPRESENTATION_CONTEXT(2) 
PARAMETRIC_REPRESENTATION_CONTEXT() REPRESENTATION_CONTEXT('2D SPACE',''
  ) );
#7599 = PCURVE('',#3100,#7600);
#7600 = DEFINITIONAL_REPRESENTATION('',(#7601),#7605);
#7601 = LINE('',#7602,#7603);
#7602 = CARTESIAN_POINT('',(3.552713678801E-15,0.));
#7603 = VECTOR('',#7604,1.);
#7604 = DIRECTION('',(0.,-1.));
#7605 = ( GEOMETRIC_REPRESENTATION_CONTEXT(2) 
PARAMETRIC_REPRESENTATION_CONTEXT() REPRESENTATION_CONTEXT('2D SPACE',''
  ) );
#7606 = ADVANCED_FACE('',(#7607),#3100,.T.);
#7607 = FACE_BOUND('',#7608,.T.);
#7608 = EDGE_LOOP('',(#7609,#7610,#7611,#7634));
#7609 = ORIENTED_EDGE('',*,*,#3085,.T.);
#7610 = ORIENTED_EDGE('',*,*,#7586,.T.);
#7611 = ORIENTED_EDGE('',*,*,#7612,.T.);
#7612 = EDGE_CURVE('',#7559,#7613,#7615,.T.);
#7613 = VERTEX_POINT('',#7614);
#7614 = CARTESIAN_POINT('',(19.597793277835,4.244383958515,2.7));
#7615 = SURFACE_CURVE('',#7616,(#7620,#7627),.PCURVE_S1.);
#7616 = LINE('',#7617,#7618);
#7617 = CARTESIAN_POINT('',(18.358043371585,4.244383958515,2.7));
#7618 = VECTOR('',#7619,1.);
#7619 = DIRECTION('',(1.,0.,0.));
#7620 = PCURVE('',#3100,#7621);
#7621 = DEFINITIONAL_REPRESENTATION('',(#7622),#7626);
#7622 = LINE('',#7623,#7624);
#7623 = CARTESIAN_POINT('',(0.,-1.25));
#7624 = VECTOR('',#7625,1.);
#7625 = DIRECTION('',(1.,0.));
#7626 = ( GEOMETRIC_REPRESENTATION_CONTEXT(2) 
PARAMETRIC_REPRESENTATION_CONTEXT() REPRESENTATION_CONTEXT('2D SPACE',''
  ) );
#7627 = PCURVE('',#7574,#7628);
#7628 = DEFINITIONAL_REPRESENTATION('',(#7629),#7633);
#7629 = LINE('',#7630,#7631);
#7630 = CARTESIAN_POINT('',(3.172460458788,8.082736288345));
#7631 = VECTOR('',#7632,1.);
#7632 = DIRECTION('',(1.,0.));
#7633 = ( GEOMETRIC_REPRESENTATION_CONTEXT(2) 
PARAMETRIC_REPRESENTATION_CONTEXT() REPRESENTATION_CONTEXT('2D SPACE',''
  ) );
#7634 = ORIENTED_EDGE('',*,*,#7635,.F.);
#7635 = EDGE_CURVE('',#3086,#7613,#7636,.T.);
#7636 = SURFACE_CURVE('',#7637,(#7641,#7648),.PCURVE_S1.);
#7637 = LINE('',#7638,#7639);
#7638 = CARTESIAN_POINT('',(19.597793277835,4.244383958515,1.45));
#7639 = VECTOR('',#7640,1.);
#7640 = DIRECTION('',(0.,0.,1.));
#7641 = PCURVE('',#3100,#7642);
#7642 = DEFINITIONAL_REPRESENTATION('',(#7643),#7647);
#7643 = LINE('',#7644,#7645);
#7644 = CARTESIAN_POINT('',(1.23974990625,0.));
#7645 = VECTOR('',#7646,1.);
#7646 = DIRECTION('',(0.,-1.));
#7647 = ( GEOMETRIC_REPRESENTATION_CONTEXT(2) 
PARAMETRIC_REPRESENTATION_CONTEXT() REPRESENTATION_CONTEXT('2D SPACE',''
  ) );
#7648 = PCURVE('',#3126,#7649);
#7649 = DEFINITIONAL_REPRESENTATION('',(#7650),#7654);
#7650 = LINE('',#7651,#7652);
#7651 = CARTESIAN_POINT('',(0.,0.));
#7652 = VECTOR('',#7653,1.);
#7653 = DIRECTION('',(0.,-1.));
#7654 = ( GEOMETRIC_REPRESENTATION_CONTEXT(2) 
PARAMETRIC_REPRESENTATION_CONTEXT() REPRESENTATION_CONTEXT('2D SPACE',''
  ) );
#7655 = ADVANCED_FACE('',(#7656),#3254,.T.);
#7656 = FACE_BOUND('',#7657,.T.);
#7657 = EDGE_LOOP('',(#7658,#7659,#7682,#7703));
#7658 = ORIENTED_EDGE('',*,*,#3241,.T.);
#7659 = ORIENTED_EDGE('',*,*,#7660,.T.);
#7660 = EDGE_CURVE('',#3216,#7661,#7663,.T.);
#7661 = VERTEX_POINT('',#7662);
#7662 = CARTESIAN_POINT('',(16.425332819047,-3.83835232983,2.7));
#7663 = SURFACE_CURVE('',#7664,(#7668,#7675),.PCURVE_S1.);
#7664 = LINE('',#7665,#7666);
#7665 = CARTESIAN_POINT('',(16.425332819047,-3.83835232983,1.45));
#7666 = VECTOR('',#7667,1.);
#7667 = DIRECTION('',(0.,0.,1.));
#7668 = PCURVE('',#3254,#7669);
#7669 = DEFINITIONAL_REPRESENTATION('',(#7670),#7674);
#7670 = LINE('',#7671,#7672);
#7671 = CARTESIAN_POINT('',(0.,-0.));
#7672 = VECTOR('',#7673,1.);
#7673 = DIRECTION('',(0.,-1.));
#7674 = ( GEOMETRIC_REPRESENTATION_CONTEXT(2) 
PARAMETRIC_REPRESENTATION_CONTEXT() REPRESENTATION_CONTEXT('2D SPACE',''
  ) );
#7675 = PCURVE('',#3230,#7676);
#7676 = DEFINITIONAL_REPRESENTATION('',(#7677),#7681);
#7677 = LINE('',#7678,#7679);
#7678 = CARTESIAN_POINT('',(2.200310167535,0.));
#7679 = VECTOR('',#7680,1.);
#7680 = DIRECTION('',(0.,-1.));
#7681 = ( GEOMETRIC_REPRESENTATION_CONTEXT(2) 
PARAMETRIC_REPRESENTATION_CONTEXT() REPRESENTATION_CONTEXT('2D SPACE',''
  ) );
#7682 = ORIENTED_EDGE('',*,*,#7683,.T.);
#7683 = EDGE_CURVE('',#7661,#7536,#7684,.T.);
#7684 = SURFACE_CURVE('',#7685,(#7689,#7696),.PCURVE_S1.);
#7685 = LINE('',#7686,#7687);
#7686 = CARTESIAN_POINT('',(16.425332819047,-3.83835232983,2.7));
#7687 = VECTOR('',#7688,1.);
#7688 = DIRECTION('',(-1.,0.,0.));
#7689 = PCURVE('',#3254,#7690);
#7690 = DEFINITIONAL_REPRESENTATION('',(#7691),#7695);
#7691 = LINE('',#7692,#7693);
#7692 = CARTESIAN_POINT('',(0.,-1.25));
#7693 = VECTOR('',#7694,1.);
#7694 = DIRECTION('',(1.,0.));
#7695 = ( GEOMETRIC_REPRESENTATION_CONTEXT(2) 
PARAMETRIC_REPRESENTATION_CONTEXT() REPRESENTATION_CONTEXT('2D SPACE',''
  ) );
#7696 = PCURVE('',#7574,#7697);
#7697 = DEFINITIONAL_REPRESENTATION('',(#7698),#7702);
#7698 = LINE('',#7699,#7700);
#7699 = CARTESIAN_POINT('',(1.23974990625,0.));
#7700 = VECTOR('',#7701,1.);
#7701 = DIRECTION('',(-1.,0.));
#7702 = ( GEOMETRIC_REPRESENTATION_CONTEXT(2) 
PARAMETRIC_REPRESENTATION_CONTEXT() REPRESENTATION_CONTEXT('2D SPACE',''
  ) );
#7703 = ORIENTED_EDGE('',*,*,#7535,.F.);
#7704 = ADVANCED_FACE('',(#7705),#3126,.T.);
#7705 = FACE_BOUND('',#7706,.T.);
#7706 = EDGE_LOOP('',(#7707,#7708,#7709,#7732));
#7707 = ORIENTED_EDGE('',*,*,#3111,.T.);
#7708 = ORIENTED_EDGE('',*,*,#7635,.T.);
#7709 = ORIENTED_EDGE('',*,*,#7710,.T.);
#7710 = EDGE_CURVE('',#7613,#7711,#7713,.T.);
#7711 = VERTEX_POINT('',#7712);
#7712 = CARTESIAN_POINT('',(22.678219900787,-3.83835232983,2.7));
#7713 = SURFACE_CURVE('',#7714,(#7718,#7725),.PCURVE_S1.);
#7714 = LINE('',#7715,#7716);
#7715 = CARTESIAN_POINT('',(19.597793277835,4.244383958515,2.7));
#7716 = VECTOR('',#7717,1.);
#7717 = DIRECTION('',(0.35612545751,-0.934438151251,0.));
#7718 = PCURVE('',#3126,#7719);
#7719 = DEFINITIONAL_REPRESENTATION('',(#7720),#7724);
#7720 = LINE('',#7721,#7722);
#7721 = CARTESIAN_POINT('',(0.,-1.25));
#7722 = VECTOR('',#7723,1.);
#7723 = DIRECTION('',(1.,0.));
#7724 = ( GEOMETRIC_REPRESENTATION_CONTEXT(2) 
PARAMETRIC_REPRESENTATION_CONTEXT() REPRESENTATION_CONTEXT('2D SPACE',''
  ) );
#7725 = PCURVE('',#7574,#7726);
#7726 = DEFINITIONAL_REPRESENTATION('',(#7727),#7731);
#7727 = LINE('',#7728,#7729);
#7728 = CARTESIAN_POINT('',(4.412210365037,8.082736288345));
#7729 = VECTOR('',#7730,1.);
#7730 = DIRECTION('',(0.35612545751,-0.934438151251));
#7731 = ( GEOMETRIC_REPRESENTATION_CONTEXT(2) 
PARAMETRIC_REPRESENTATION_CONTEXT() REPRESENTATION_CONTEXT('2D SPACE',''
  ) );
#7732 = ORIENTED_EDGE('',*,*,#7733,.F.);
#7733 = EDGE_CURVE('',#3112,#7711,#7734,.T.);
#7734 = SURFACE_CURVE('',#7735,(#7739,#7746),.PCURVE_S1.);
#7735 = LINE('',#7736,#7737);
#7736 = CARTESIAN_POINT('',(22.678219900787,-3.83835232983,1.45));
#7737 = VECTOR('',#7738,1.);
#7738 = DIRECTION('',(0.,0.,1.));
#7739 = PCURVE('',#3126,#7740);
#7740 = DEFINITIONAL_REPRESENTATION('',(#7741),#7745);
#7741 = LINE('',#7742,#7743);
#7742 = CARTESIAN_POINT('',(8.649835494755,0.));
#7743 = VECTOR('',#7744,1.);
#7744 = DIRECTION('',(0.,-1.));
#7745 = ( GEOMETRIC_REPRESENTATION_CONTEXT(2) 
PARAMETRIC_REPRESENTATION_CONTEXT() REPRESENTATION_CONTEXT('2D SPACE',''
  ) );
#7746 = PCURVE('',#3152,#7747);
#7747 = DEFINITIONAL_REPRESENTATION('',(#7748),#7752);
#7748 = LINE('',#7749,#7750);
#7749 = CARTESIAN_POINT('',(0.,-0.));
#7750 = VECTOR('',#7751,1.);
#7751 = DIRECTION('',(0.,-1.));
#7752 = ( GEOMETRIC_REPRESENTATION_CONTEXT(2) 
PARAMETRIC_REPRESENTATION_CONTEXT() REPRESENTATION_CONTEXT('2D SPACE',''
  ) );
#7753 = ADVANCED_FACE('',(#7754),#3230,.T.);
#7754 = FACE_BOUND('',#7755,.T.);
#7755 = EDGE_LOOP('',(#7756,#7757,#7780,#7801));
#7756 = ORIENTED_EDGE('',*,*,#3215,.T.);
#7757 = ORIENTED_EDGE('',*,*,#7758,.T.);
#7758 = EDGE_CURVE('',#3190,#7759,#7761,.T.);
#7759 = VERTEX_POINT('',#7760);
#7760 = CARTESIAN_POINT('',(17.161603505728,-1.764884146015,2.7));
#7761 = SURFACE_CURVE('',#7762,(#7766,#7773),.PCURVE_S1.);
#7762 = LINE('',#7763,#7764);
#7763 = CARTESIAN_POINT('',(17.161603505728,-1.764884146015,1.45));
#7764 = VECTOR('',#7765,1.);
#7765 = DIRECTION('',(0.,0.,1.));
#7766 = PCURVE('',#3230,#7767);
#7767 = DEFINITIONAL_REPRESENTATION('',(#7768),#7772);
#7768 = LINE('',#7769,#7770);
#7769 = CARTESIAN_POINT('',(0.,0.));
#7770 = VECTOR('',#7771,1.);
#7771 = DIRECTION('',(0.,-1.));
#7772 = ( GEOMETRIC_REPRESENTATION_CONTEXT(2) 
PARAMETRIC_REPRESENTATION_CONTEXT() REPRESENTATION_CONTEXT('2D SPACE',''
  ) );
#7773 = PCURVE('',#3204,#7774);
#7774 = DEFINITIONAL_REPRESENTATION('',(#7775),#7779);
#7775 = LINE('',#7776,#7777);
#7776 = CARTESIAN_POINT('',(3.643457148062,0.));
#7777 = VECTOR('',#7778,1.);
#7778 = DIRECTION('',(0.,-1.));
#7779 = ( GEOMETRIC_REPRESENTATION_CONTEXT(2) 
PARAMETRIC_REPRESENTATION_CONTEXT() REPRESENTATION_CONTEXT('2D SPACE',''
  ) );
#7780 = ORIENTED_EDGE('',*,*,#7781,.T.);
#7781 = EDGE_CURVE('',#7759,#7661,#7782,.T.);
#7782 = SURFACE_CURVE('',#7783,(#7787,#7794),.PCURVE_S1.);
#7783 = LINE('',#7784,#7785);
#7784 = CARTESIAN_POINT('',(17.161603505728,-1.764884146015,2.7));
#7785 = VECTOR('',#7786,1.);
#7786 = DIRECTION('',(-0.334621317278,-0.942352680276,0.));
#7787 = PCURVE('',#3230,#7788);
#7788 = DEFINITIONAL_REPRESENTATION('',(#7789),#7793);
#7789 = LINE('',#7790,#7791);
#7790 = CARTESIAN_POINT('',(0.,-1.25));
#7791 = VECTOR('',#7792,1.);
#7792 = DIRECTION('',(1.,0.));
#7793 = ( GEOMETRIC_REPRESENTATION_CONTEXT(2) 
PARAMETRIC_REPRESENTATION_CONTEXT() REPRESENTATION_CONTEXT('2D SPACE',''
  ) );
#7794 = PCURVE('',#7574,#7795);
#7795 = DEFINITIONAL_REPRESENTATION('',(#7796),#7800);
#7796 = LINE('',#7797,#7798);
#7797 = CARTESIAN_POINT('',(1.976020592931,2.073468183815));
#7798 = VECTOR('',#7799,1.);
#7799 = DIRECTION('',(-0.334621317278,-0.942352680276));
#7800 = ( GEOMETRIC_REPRESENTATION_CONTEXT(2) 
PARAMETRIC_REPRESENTATION_CONTEXT() REPRESENTATION_CONTEXT('2D SPACE',''
  ) );
#7801 = ORIENTED_EDGE('',*,*,#7660,.F.);
#7802 = ADVANCED_FACE('',(#7803),#3152,.T.);
#7803 = FACE_BOUND('',#7804,.T.);
#7804 = EDGE_LOOP('',(#7805,#7806,#7807,#7830));
#7805 = ORIENTED_EDGE('',*,*,#3137,.T.);
#7806 = ORIENTED_EDGE('',*,*,#7733,.T.);
#7807 = ORIENTED_EDGE('',*,*,#7808,.T.);
#7808 = EDGE_CURVE('',#7711,#7809,#7811,.T.);
#7809 = VERTEX_POINT('',#7810);
#7810 = CARTESIAN_POINT('',(21.541331340471,-3.83835232983,2.7));
#7811 = SURFACE_CURVE('',#7812,(#7816,#7823),.PCURVE_S1.);
#7812 = LINE('',#7813,#7814);
#7813 = CARTESIAN_POINT('',(22.678219900787,-3.83835232983,2.7));
#7814 = VECTOR('',#7815,1.);
#7815 = DIRECTION('',(-1.,0.,0.));
#7816 = PCURVE('',#3152,#7817);
#7817 = DEFINITIONAL_REPRESENTATION('',(#7818),#7822);
#7818 = LINE('',#7819,#7820);
#7819 = CARTESIAN_POINT('',(0.,-1.25));
#7820 = VECTOR('',#7821,1.);
#7821 = DIRECTION('',(1.,0.));
#7822 = ( GEOMETRIC_REPRESENTATION_CONTEXT(2) 
PARAMETRIC_REPRESENTATION_CONTEXT() REPRESENTATION_CONTEXT('2D SPACE',''
  ) );
#7823 = PCURVE('',#7574,#7824);
#7824 = DEFINITIONAL_REPRESENTATION('',(#7825),#7829);
#7825 = LINE('',#7826,#7827);
#7826 = CARTESIAN_POINT('',(7.49263698799,0.));
#7827 = VECTOR('',#7828,1.);
#7828 = DIRECTION('',(-1.,0.));
#7829 = ( GEOMETRIC_REPRESENTATION_CONTEXT(2) 
PARAMETRIC_REPRESENTATION_CONTEXT() REPRESENTATION_CONTEXT('2D SPACE',''
  ) );
#7830 = ORIENTED_EDGE('',*,*,#7831,.F.);
#7831 = EDGE_CURVE('',#3138,#7809,#7832,.T.);
#7832 = SURFACE_CURVE('',#7833,(#7837,#7844),.PCURVE_S1.);
#7833 = LINE('',#7834,#7835);
#7834 = CARTESIAN_POINT('',(21.541331340471,-3.83835232983,1.45));
#7835 = VECTOR('',#7836,1.);
#7836 = DIRECTION('',(0.,0.,1.));
#7837 = PCURVE('',#3152,#7838);
#7838 = DEFINITIONAL_REPRESENTATION('',(#7839),#7843);
#7839 = LINE('',#7840,#7841);
#7840 = CARTESIAN_POINT('',(1.136888560316,0.));
#7841 = VECTOR('',#7842,1.);
#7842 = DIRECTION('',(0.,-1.));
#7843 = ( GEOMETRIC_REPRESENTATION_CONTEXT(2) 
PARAMETRIC_REPRESENTATION_CONTEXT() REPRESENTATION_CONTEXT('2D SPACE',''
  ) );
#7844 = PCURVE('',#3178,#7845);
#7845 = DEFINITIONAL_REPRESENTATION('',(#7846),#7850);
#7846 = LINE('',#7847,#7848);
#7847 = CARTESIAN_POINT('',(0.,0.));
#7848 = VECTOR('',#7849,1.);
#7849 = DIRECTION('',(0.,-1.));
#7850 = ( GEOMETRIC_REPRESENTATION_CONTEXT(2) 
PARAMETRIC_REPRESENTATION_CONTEXT() REPRESENTATION_CONTEXT('2D SPACE',''
  ) );
#7851 = ADVANCED_FACE('',(#7852),#3204,.T.);
#7852 = FACE_BOUND('',#7853,.T.);
#7853 = EDGE_LOOP('',(#7854,#7855,#7878,#7899));
#7854 = ORIENTED_EDGE('',*,*,#3189,.T.);
#7855 = ORIENTED_EDGE('',*,*,#7856,.T.);
#7856 = EDGE_CURVE('',#3164,#7857,#7859,.T.);
#7857 = VERTEX_POINT('',#7858);
#7858 = CARTESIAN_POINT('',(20.80506065379,-1.764884146015,2.7));
#7859 = SURFACE_CURVE('',#7860,(#7864,#7871),.PCURVE_S1.);
#7860 = LINE('',#7861,#7862);
#7861 = CARTESIAN_POINT('',(20.80506065379,-1.764884146015,1.45));
#7862 = VECTOR('',#7863,1.);
#7863 = DIRECTION('',(0.,0.,1.));
#7864 = PCURVE('',#3204,#7865);
#7865 = DEFINITIONAL_REPRESENTATION('',(#7866),#7870);
#7866 = LINE('',#7867,#7868);
#7867 = CARTESIAN_POINT('',(0.,-0.));
#7868 = VECTOR('',#7869,1.);
#7869 = DIRECTION('',(0.,-1.));
#7870 = ( GEOMETRIC_REPRESENTATION_CONTEXT(2) 
PARAMETRIC_REPRESENTATION_CONTEXT() REPRESENTATION_CONTEXT('2D SPACE',''
  ) );
#7871 = PCURVE('',#3178,#7872);
#7872 = DEFINITIONAL_REPRESENTATION('',(#7873),#7877);
#7873 = LINE('',#7874,#7875);
#7874 = CARTESIAN_POINT('',(2.200310167535,0.));
#7875 = VECTOR('',#7876,1.);
#7876 = DIRECTION('',(0.,-1.));
#7877 = ( GEOMETRIC_REPRESENTATION_CONTEXT(2) 
PARAMETRIC_REPRESENTATION_CONTEXT() REPRESENTATION_CONTEXT('2D SPACE',''
  ) );
#7878 = ORIENTED_EDGE('',*,*,#7879,.T.);
#7879 = EDGE_CURVE('',#7857,#7759,#7880,.T.);
#7880 = SURFACE_CURVE('',#7881,(#7885,#7892),.PCURVE_S1.);
#7881 = LINE('',#7882,#7883);
#7882 = CARTESIAN_POINT('',(20.80506065379,-1.764884146015,2.7));
#7883 = VECTOR('',#7884,1.);
#7884 = DIRECTION('',(-1.,0.,0.));
#7885 = PCURVE('',#3204,#7886);
#7886 = DEFINITIONAL_REPRESENTATION('',(#7887),#7891);
#7887 = LINE('',#7888,#7889);
#7888 = CARTESIAN_POINT('',(0.,-1.25));
#7889 = VECTOR('',#7890,1.);
#7890 = DIRECTION('',(1.,0.));
#7891 = ( GEOMETRIC_REPRESENTATION_CONTEXT(2) 
PARAMETRIC_REPRESENTATION_CONTEXT() REPRESENTATION_CONTEXT('2D SPACE',''
  ) );
#7892 = PCURVE('',#7574,#7893);
#7893 = DEFINITIONAL_REPRESENTATION('',(#7894),#7898);
#7894 = LINE('',#7895,#7896);
#7895 = CARTESIAN_POINT('',(5.619477740992,2.073468183815));
#7896 = VECTOR('',#7897,1.);
#7897 = DIRECTION('',(-1.,0.));
#7898 = ( GEOMETRIC_REPRESENTATION_CONTEXT(2) 
PARAMETRIC_REPRESENTATION_CONTEXT() REPRESENTATION_CONTEXT('2D SPACE',''
  ) );
#7899 = ORIENTED_EDGE('',*,*,#7758,.F.);
#7900 = ADVANCED_FACE('',(#7901),#3178,.T.);
#7901 = FACE_BOUND('',#7902,.T.);
#7902 = EDGE_LOOP('',(#7903,#7904,#7905,#7926));
#7903 = ORIENTED_EDGE('',*,*,#3163,.T.);
#7904 = ORIENTED_EDGE('',*,*,#7831,.T.);
#7905 = ORIENTED_EDGE('',*,*,#7906,.T.);
#7906 = EDGE_CURVE('',#7809,#7857,#7907,.T.);
#7907 = SURFACE_CURVE('',#7908,(#7912,#7919),.PCURVE_S1.);
#7908 = LINE('',#7909,#7910);
#7909 = CARTESIAN_POINT('',(21.541331340471,-3.83835232983,2.7));
#7910 = VECTOR('',#7911,1.);
#7911 = DIRECTION('',(-0.334621317278,0.942352680276,0.));
#7912 = PCURVE('',#3178,#7913);
#7913 = DEFINITIONAL_REPRESENTATION('',(#7914),#7918);
#7914 = LINE('',#7915,#7916);
#7915 = CARTESIAN_POINT('',(0.,-1.25));
#7916 = VECTOR('',#7917,1.);
#7917 = DIRECTION('',(1.,0.));
#7918 = ( GEOMETRIC_REPRESENTATION_CONTEXT(2) 
PARAMETRIC_REPRESENTATION_CONTEXT() REPRESENTATION_CONTEXT('2D SPACE',''
  ) );
#7919 = PCURVE('',#7574,#7920);
#7920 = DEFINITIONAL_REPRESENTATION('',(#7921),#7925);
#7921 = LINE('',#7922,#7923);
#7922 = CARTESIAN_POINT('',(6.355748427674,0.));
#7923 = VECTOR('',#7924,1.);
#7924 = DIRECTION('',(-0.334621317278,0.942352680276));
#7925 = ( GEOMETRIC_REPRESENTATION_CONTEXT(2) 
PARAMETRIC_REPRESENTATION_CONTEXT() REPRESENTATION_CONTEXT('2D SPACE',''
  ) );
#7926 = ORIENTED_EDGE('',*,*,#7856,.F.);
#7927 = ADVANCED_FACE('',(#7928),#3739,.T.);
#7928 = FACE_BOUND('',#7929,.F.);
#7929 = EDGE_LOOP('',(#7930,#7931,#7932,#7933,#7934,#7935,#7936,#7937,
    #7938,#7939,#7940,#7941,#7942));
#7930 = ORIENTED_EDGE('',*,*,#3723,.T.);
#7931 = ORIENTED_EDGE('',*,*,#3777,.T.);
#7932 = ORIENTED_EDGE('',*,*,#3875,.T.);
#7933 = ORIENTED_EDGE('',*,*,#3973,.T.);
#7934 = ORIENTED_EDGE('',*,*,#4071,.T.);
#7935 = ORIENTED_EDGE('',*,*,#4169,.T.);
#7936 = ORIENTED_EDGE('',*,*,#4267,.T.);
#7937 = ORIENTED_EDGE('',*,*,#4316,.T.);
#7938 = ORIENTED_EDGE('',*,*,#4240,.T.);
#7939 = ORIENTED_EDGE('',*,*,#4142,.T.);
#7940 = ORIENTED_EDGE('',*,*,#4044,.T.);
#7941 = ORIENTED_EDGE('',*,*,#3946,.T.);
#7942 = ORIENTED_EDGE('',*,*,#3848,.T.);
#7943 = ADVANCED_FACE('',(#7944),#4381,.T.);
#7944 = FACE_BOUND('',#7945,.F.);
#7945 = EDGE_LOOP('',(#7946,#7947,#7948,#7949,#7950,#7951,#7952,#7953,
    #7954,#7955,#7956,#7957));
#7946 = ORIENTED_EDGE('',*,*,#4365,.T.);
#7947 = ORIENTED_EDGE('',*,*,#4419,.T.);
#7948 = ORIENTED_EDGE('',*,*,#4517,.T.);
#7949 = ORIENTED_EDGE('',*,*,#4615,.T.);
#7950 = ORIENTED_EDGE('',*,*,#4713,.T.);
#7951 = ORIENTED_EDGE('',*,*,#4811,.T.);
#7952 = ORIENTED_EDGE('',*,*,#4909,.T.);
#7953 = ORIENTED_EDGE('',*,*,#4882,.T.);
#7954 = ORIENTED_EDGE('',*,*,#4784,.T.);
#7955 = ORIENTED_EDGE('',*,*,#4686,.T.);
#7956 = ORIENTED_EDGE('',*,*,#4588,.T.);
#7957 = ORIENTED_EDGE('',*,*,#4490,.T.);
#7958 = ADVANCED_FACE('',(#7959,#7977),#4974,.T.);
#7959 = FACE_BOUND('',#7960,.F.);
#7960 = EDGE_LOOP('',(#7961,#7962,#7963,#7964,#7965,#7966,#7967,#7968,
    #7969,#7970,#7971,#7972,#7973,#7974,#7975,#7976));
#7961 = ORIENTED_EDGE('',*,*,#4958,.T.);
#7962 = ORIENTED_EDGE('',*,*,#5012,.T.);
#7963 = ORIENTED_EDGE('',*,*,#5110,.T.);
#7964 = ORIENTED_EDGE('',*,*,#5208,.T.);
#7965 = ORIENTED_EDGE('',*,*,#5306,.T.);
#7966 = ORIENTED_EDGE('',*,*,#5404,.T.);
#7967 = ORIENTED_EDGE('',*,*,#5502,.T.);
#7968 = ORIENTED_EDGE('',*,*,#5600,.T.);
#7969 = ORIENTED_EDGE('',*,*,#5698,.T.);
#7970 = ORIENTED_EDGE('',*,*,#5671,.T.);
#7971 = ORIENTED_EDGE('',*,*,#5573,.T.);
#7972 = ORIENTED_EDGE('',*,*,#5475,.T.);
#7973 = ORIENTED_EDGE('',*,*,#5377,.T.);
#7974 = ORIENTED_EDGE('',*,*,#5279,.T.);
#7975 = ORIENTED_EDGE('',*,*,#5181,.T.);
#7976 = ORIENTED_EDGE('',*,*,#5083,.T.);
#7977 = FACE_BOUND('',#7978,.F.);
#7978 = EDGE_LOOP('',(#7979,#8009,#8037,#8065,#8095,#8125,#8155));
#7979 = ORIENTED_EDGE('',*,*,#7980,.T.);
#7980 = EDGE_CURVE('',#7981,#7983,#7985,.T.);
#7981 = VERTEX_POINT('',#7982);
#7982 = CARTESIAN_POINT('',(4.607105546806,3.34570062036,2.7));
#7983 = VERTEX_POINT('',#7984);
#7984 = CARTESIAN_POINT('',(3.232011764328,3.34570062036,2.7));
#7985 = SURFACE_CURVE('',#7986,(#7990,#7997),.PCURVE_S1.);
#7986 = LINE('',#7987,#7988);
#7987 = CARTESIAN_POINT('',(4.607105546806,3.34570062036,2.7));
#7988 = VECTOR('',#7989,1.);
#7989 = DIRECTION('',(-1.,0.,0.));
#7990 = PCURVE('',#4974,#7991);
#7991 = DEFINITIONAL_REPRESENTATION('',(#7992),#7996);
#7992 = LINE('',#7993,#7994);
#7993 = CARTESIAN_POINT('',(3.556837067276,7.18405295019));
#7994 = VECTOR('',#7995,1.);
#7995 = DIRECTION('',(-1.,0.));
#7996 = ( GEOMETRIC_REPRESENTATION_CONTEXT(2) 
PARAMETRIC_REPRESENTATION_CONTEXT() REPRESENTATION_CONTEXT('2D SPACE',''
  ) );
#7997 = PCURVE('',#7998,#8003);
#7998 = PLANE('',#7999);
#7999 = AXIS2_PLACEMENT_3D('',#8000,#8001,#8002);
#8000 = CARTESIAN_POINT('',(4.607105546806,3.34570062036,1.45));
#8001 = DIRECTION('',(0.,-1.,0.));
#8002 = DIRECTION('',(-1.,0.,0.));
#8003 = DEFINITIONAL_REPRESENTATION('',(#8004),#8008);
#8004 = LINE('',#8005,#8006);
#8005 = CARTESIAN_POINT('',(0.,-1.25));
#8006 = VECTOR('',#8007,1.);
#8007 = DIRECTION('',(1.,0.));
#8008 = ( GEOMETRIC_REPRESENTATION_CONTEXT(2) 
PARAMETRIC_REPRESENTATION_CONTEXT() REPRESENTATION_CONTEXT('2D SPACE',''
  ) );
#8009 = ORIENTED_EDGE('',*,*,#8010,.T.);
#8010 = EDGE_CURVE('',#7983,#8011,#8013,.T.);
#8011 = VERTEX_POINT('',#8012);
#8012 = CARTESIAN_POINT('',(3.232011764328,0.476410444323,2.7));
#8013 = SURFACE_CURVE('',#8014,(#8018,#8025),.PCURVE_S1.);
#8014 = LINE('',#8015,#8016);
#8015 = CARTESIAN_POINT('',(3.232011764328,3.34570062036,2.7));
#8016 = VECTOR('',#8017,1.);
#8017 = DIRECTION('',(0.,-1.,0.));
#8018 = PCURVE('',#4974,#8019);
#8019 = DEFINITIONAL_REPRESENTATION('',(#8020),#8024);
#8020 = LINE('',#8021,#8022);
#8021 = CARTESIAN_POINT('',(2.181743284798,7.18405295019));
#8022 = VECTOR('',#8023,1.);
#8023 = DIRECTION('',(0.,-1.));
#8024 = ( GEOMETRIC_REPRESENTATION_CONTEXT(2) 
PARAMETRIC_REPRESENTATION_CONTEXT() REPRESENTATION_CONTEXT('2D SPACE',''
  ) );
#8025 = PCURVE('',#8026,#8031);
#8026 = PLANE('',#8027);
#8027 = AXIS2_PLACEMENT_3D('',#8028,#8029,#8030);
#8028 = CARTESIAN_POINT('',(3.232011764328,3.34570062036,1.45));
#8029 = DIRECTION('',(1.,0.,0.));
#8030 = DIRECTION('',(0.,-1.,0.));
#8031 = DEFINITIONAL_REPRESENTATION('',(#8032),#8036);
#8032 = LINE('',#8033,#8034);
#8033 = CARTESIAN_POINT('',(0.,-1.25));
#8034 = VECTOR('',#8035,1.);
#8035 = DIRECTION('',(1.,0.));
#8036 = ( GEOMETRIC_REPRESENTATION_CONTEXT(2) 
PARAMETRIC_REPRESENTATION_CONTEXT() REPRESENTATION_CONTEXT('2D SPACE',''
  ) );
#8037 = ORIENTED_EDGE('',*,*,#8038,.T.);
#8038 = EDGE_CURVE('',#8011,#8039,#8041,.T.);
#8039 = VERTEX_POINT('',#8040);
#8040 = CARTESIAN_POINT('',(4.607105546806,0.476410444323,2.7));
#8041 = SURFACE_CURVE('',#8042,(#8046,#8053),.PCURVE_S1.);
#8042 = LINE('',#8043,#8044);
#8043 = CARTESIAN_POINT('',(3.232011764328,0.476410444323,2.7));
#8044 = VECTOR('',#8045,1.);
#8045 = DIRECTION('',(1.,0.,0.));
#8046 = PCURVE('',#4974,#8047);
#8047 = DEFINITIONAL_REPRESENTATION('',(#8048),#8052);
#8048 = LINE('',#8049,#8050);
#8049 = CARTESIAN_POINT('',(2.181743284798,4.314762774153));
#8050 = VECTOR('',#8051,1.);
#8051 = DIRECTION('',(1.,0.));
#8052 = ( GEOMETRIC_REPRESENTATION_CONTEXT(2) 
PARAMETRIC_REPRESENTATION_CONTEXT() REPRESENTATION_CONTEXT('2D SPACE',''
  ) );
#8053 = PCURVE('',#8054,#8059);
#8054 = PLANE('',#8055);
#8055 = AXIS2_PLACEMENT_3D('',#8056,#8057,#8058);
#8056 = CARTESIAN_POINT('',(3.232011764328,0.476410444323,1.45));
#8057 = DIRECTION('',(0.,1.,0.));
#8058 = DIRECTION('',(1.,0.,0.));
#8059 = DEFINITIONAL_REPRESENTATION('',(#8060),#8064);
#8060 = LINE('',#8061,#8062);
#8061 = CARTESIAN_POINT('',(0.,-1.25));
#8062 = VECTOR('',#8063,1.);
#8063 = DIRECTION('',(1.,0.));
#8064 = ( GEOMETRIC_REPRESENTATION_CONTEXT(2) 
PARAMETRIC_REPRESENTATION_CONTEXT() REPRESENTATION_CONTEXT('2D SPACE',''
  ) );
#8065 = ORIENTED_EDGE('',*,*,#8066,.T.);
#8066 = EDGE_CURVE('',#8039,#8067,#8069,.T.);
#8067 = VERTEX_POINT('',#8068);
#8068 = CARTESIAN_POINT('',(5.800838535138,0.841838910139,2.7));
#8069 = SURFACE_CURVE('',#8070,(#8074,#8081),.PCURVE_S1.);
#8070 = B_SPLINE_CURVE_WITH_KNOTS('',2,(#8071,#8072,#8073),
  .UNSPECIFIED.,.F.,.F.,(3,3),(0.,1.),.PIECEWISE_BEZIER_KNOTS.);
#8071 = CARTESIAN_POINT('',(4.607105546806,0.476410444323,2.7));
#8072 = CARTESIAN_POINT('',(5.397513783978,0.476410444323,2.7));
#8073 = CARTESIAN_POINT('',(5.800838535138,0.841838910139,2.7));
#8074 = PCURVE('',#4974,#8075);
#8075 = DEFINITIONAL_REPRESENTATION('',(#8076),#8080);
#8076 = B_SPLINE_CURVE_WITH_KNOTS('',2,(#8077,#8078,#8079),
  .UNSPECIFIED.,.F.,.F.,(3,3),(0.,1.),.PIECEWISE_BEZIER_KNOTS.);
#8077 = CARTESIAN_POINT('',(3.556837067276,4.314762774153));
#8078 = CARTESIAN_POINT('',(4.347245304448,4.314762774153));
#8079 = CARTESIAN_POINT('',(4.750570055608,4.680191239969));
#8080 = ( GEOMETRIC_REPRESENTATION_CONTEXT(2) 
PARAMETRIC_REPRESENTATION_CONTEXT() REPRESENTATION_CONTEXT('2D SPACE',''
  ) );
#8081 = PCURVE('',#8082,#8089);
#8082 = SURFACE_OF_LINEAR_EXTRUSION('',#8083,#8087);
#8083 = B_SPLINE_CURVE_WITH_KNOTS('',2,(#8084,#8085,#8086),
  .UNSPECIFIED.,.F.,.F.,(3,3),(0.,1.),.PIECEWISE_BEZIER_KNOTS.);
#8084 = CARTESIAN_POINT('',(4.607105546806,0.476410444323,1.45));
#8085 = CARTESIAN_POINT('',(5.397513783978,0.476410444323,1.45));
#8086 = CARTESIAN_POINT('',(5.800838535138,0.841838910139,1.45));
#8087 = VECTOR('',#8088,1.);
#8088 = DIRECTION('',(-0.,-0.,-1.));
#8089 = DEFINITIONAL_REPRESENTATION('',(#8090),#8094);
#8090 = LINE('',#8091,#8092);
#8091 = CARTESIAN_POINT('',(0.,-1.25));
#8092 = VECTOR('',#8093,1.);
#8093 = DIRECTION('',(1.,0.));
#8094 = ( GEOMETRIC_REPRESENTATION_CONTEXT(2) 
PARAMETRIC_REPRESENTATION_CONTEXT() REPRESENTATION_CONTEXT('2D SPACE',''
  ) );
#8095 = ORIENTED_EDGE('',*,*,#8096,.T.);
#8096 = EDGE_CURVE('',#8067,#8097,#8099,.T.);
#8097 = VERTEX_POINT('',#8098);
#8098 = CARTESIAN_POINT('',(6.204163286298,1.91646928739,2.7));
#8099 = SURFACE_CURVE('',#8100,(#8104,#8111),.PCURVE_S1.);
#8100 = B_SPLINE_CURVE_WITH_KNOTS('',2,(#8101,#8102,#8103),
  .UNSPECIFIED.,.F.,.F.,(3,3),(0.,1.),.PIECEWISE_BEZIER_KNOTS.);
#8101 = CARTESIAN_POINT('',(5.800838535138,0.841838910139,2.7));
#8102 = CARTESIAN_POINT('',(6.204163286298,1.207267375955,2.7));
#8103 = CARTESIAN_POINT('',(6.204163286298,1.91646928739,2.7));
#8104 = PCURVE('',#4974,#8105);
#8105 = DEFINITIONAL_REPRESENTATION('',(#8106),#8110);
#8106 = B_SPLINE_CURVE_WITH_KNOTS('',2,(#8107,#8108,#8109),
  .UNSPECIFIED.,.F.,.F.,(3,3),(0.,1.),.PIECEWISE_BEZIER_KNOTS.);
#8107 = CARTESIAN_POINT('',(4.750570055608,4.680191239969));
#8108 = CARTESIAN_POINT('',(5.153894806768,5.045619705785));
#8109 = CARTESIAN_POINT('',(5.153894806768,5.754821617221));
#8110 = ( GEOMETRIC_REPRESENTATION_CONTEXT(2) 
PARAMETRIC_REPRESENTATION_CONTEXT() REPRESENTATION_CONTEXT('2D SPACE',''
  ) );
#8111 = PCURVE('',#8112,#8119);
#8112 = SURFACE_OF_LINEAR_EXTRUSION('',#8113,#8117);
#8113 = B_SPLINE_CURVE_WITH_KNOTS('',2,(#8114,#8115,#8116),
  .UNSPECIFIED.,.F.,.F.,(3,3),(0.,1.),.PIECEWISE_BEZIER_KNOTS.);
#8114 = CARTESIAN_POINT('',(5.800838535138,0.841838910139,1.45));
#8115 = CARTESIAN_POINT('',(6.204163286298,1.207267375955,1.45));
#8116 = CARTESIAN_POINT('',(6.204163286298,1.91646928739,1.45));
#8117 = VECTOR('',#8118,1.);
#8118 = DIRECTION('',(-0.,-0.,-1.));
#8119 = DEFINITIONAL_REPRESENTATION('',(#8120),#8124);
#8120 = LINE('',#8121,#8122);
#8121 = CARTESIAN_POINT('',(0.,-1.25));
#8122 = VECTOR('',#8123,1.);
#8123 = DIRECTION('',(1.,0.));
#8124 = ( GEOMETRIC_REPRESENTATION_CONTEXT(2) 
PARAMETRIC_REPRESENTATION_CONTEXT() REPRESENTATION_CONTEXT('2D SPACE',''
  ) );
#8125 = ORIENTED_EDGE('',*,*,#8126,.T.);
#8126 = EDGE_CURVE('',#8097,#8127,#8129,.T.);
#8127 = VERTEX_POINT('',#8128);
#8128 = CARTESIAN_POINT('',(5.800838535138,2.985685909593,2.7));
#8129 = SURFACE_CURVE('',#8130,(#8134,#8141),.PCURVE_S1.);
#8130 = B_SPLINE_CURVE_WITH_KNOTS('',2,(#8131,#8132,#8133),
  .UNSPECIFIED.,.F.,.F.,(3,3),(0.,1.),.PIECEWISE_BEZIER_KNOTS.);
#8131 = CARTESIAN_POINT('',(6.204163286298,1.91646928739,2.7));
#8132 = CARTESIAN_POINT('',(6.204163286298,2.625671198826,2.7));
#8133 = CARTESIAN_POINT('',(5.800838535138,2.985685909593,2.7));
#8134 = PCURVE('',#4974,#8135);
#8135 = DEFINITIONAL_REPRESENTATION('',(#8136),#8140);
#8136 = B_SPLINE_CURVE_WITH_KNOTS('',2,(#8137,#8138,#8139),
  .UNSPECIFIED.,.F.,.F.,(3,3),(0.,1.),.PIECEWISE_BEZIER_KNOTS.);
#8137 = CARTESIAN_POINT('',(5.153894806768,5.754821617221));
#8138 = CARTESIAN_POINT('',(5.153894806768,6.464023528656));
#8139 = CARTESIAN_POINT('',(4.750570055608,6.824038239423));
#8140 = ( GEOMETRIC_REPRESENTATION_CONTEXT(2) 
PARAMETRIC_REPRESENTATION_CONTEXT() REPRESENTATION_CONTEXT('2D SPACE',''
  ) );
#8141 = PCURVE('',#8142,#8149);
#8142 = SURFACE_OF_LINEAR_EXTRUSION('',#8143,#8147);
#8143 = B_SPLINE_CURVE_WITH_KNOTS('',2,(#8144,#8145,#8146),
  .UNSPECIFIED.,.F.,.F.,(3,3),(0.,1.),.PIECEWISE_BEZIER_KNOTS.);
#8144 = CARTESIAN_POINT('',(6.204163286298,1.91646928739,1.45));
#8145 = CARTESIAN_POINT('',(6.204163286298,2.625671198826,1.45));
#8146 = CARTESIAN_POINT('',(5.800838535138,2.985685909593,1.45));
#8147 = VECTOR('',#8148,1.);
#8148 = DIRECTION('',(-0.,-0.,-1.));
#8149 = DEFINITIONAL_REPRESENTATION('',(#8150),#8154);
#8150 = LINE('',#8151,#8152);
#8151 = CARTESIAN_POINT('',(0.,-1.25));
#8152 = VECTOR('',#8153,1.);
#8153 = DIRECTION('',(1.,0.));
#8154 = ( GEOMETRIC_REPRESENTATION_CONTEXT(2) 
PARAMETRIC_REPRESENTATION_CONTEXT() REPRESENTATION_CONTEXT('2D SPACE',''
  ) );
#8155 = ORIENTED_EDGE('',*,*,#8156,.T.);
#8156 = EDGE_CURVE('',#8127,#7981,#8157,.T.);
#8157 = SURFACE_CURVE('',#8158,(#8162,#8169),.PCURVE_S1.);
#8158 = B_SPLINE_CURVE_WITH_KNOTS('',2,(#8159,#8160,#8161),
  .UNSPECIFIED.,.F.,.F.,(3,3),(0.,1.),.PIECEWISE_BEZIER_KNOTS.);
#8159 = CARTESIAN_POINT('',(5.800838535138,2.985685909593,2.7));
#8160 = CARTESIAN_POINT('',(5.397513783978,3.34570062036,2.7));
#8161 = CARTESIAN_POINT('',(4.607105546806,3.34570062036,2.7));
#8162 = PCURVE('',#4974,#8163);
#8163 = DEFINITIONAL_REPRESENTATION('',(#8164),#8168);
#8164 = B_SPLINE_CURVE_WITH_KNOTS('',2,(#8165,#8166,#8167),
  .UNSPECIFIED.,.F.,.F.,(3,3),(0.,1.),.PIECEWISE_BEZIER_KNOTS.);
#8165 = CARTESIAN_POINT('',(4.750570055608,6.824038239423));
#8166 = CARTESIAN_POINT('',(4.347245304448,7.18405295019));
#8167 = CARTESIAN_POINT('',(3.556837067276,7.18405295019));
#8168 = ( GEOMETRIC_REPRESENTATION_CONTEXT(2) 
PARAMETRIC_REPRESENTATION_CONTEXT() REPRESENTATION_CONTEXT('2D SPACE',''
  ) );
#8169 = PCURVE('',#8170,#8177);
#8170 = SURFACE_OF_LINEAR_EXTRUSION('',#8171,#8175);
#8171 = B_SPLINE_CURVE_WITH_KNOTS('',2,(#8172,#8173,#8174),
  .UNSPECIFIED.,.F.,.F.,(3,3),(0.,1.),.PIECEWISE_BEZIER_KNOTS.);
#8172 = CARTESIAN_POINT('',(5.800838535138,2.985685909593,1.45));
#8173 = CARTESIAN_POINT('',(5.397513783978,3.34570062036,1.45));
#8174 = CARTESIAN_POINT('',(4.607105546806,3.34570062036,1.45));
#8175 = VECTOR('',#8176,1.);
#8176 = DIRECTION('',(-0.,-0.,-1.));
#8177 = DEFINITIONAL_REPRESENTATION('',(#8178),#8182);
#8178 = LINE('',#8179,#8180);
#8179 = CARTESIAN_POINT('',(0.,-1.25));
#8180 = VECTOR('',#8181,1.);
#8181 = DIRECTION('',(1.,0.));
#8182 = ( GEOMETRIC_REPRESENTATION_CONTEXT(2) 
PARAMETRIC_REPRESENTATION_CONTEXT() REPRESENTATION_CONTEXT('2D SPACE',''
  ) );
#8183 = ADVANCED_FACE('',(#8184),#5763,.T.);
#8184 = FACE_BOUND('',#8185,.F.);
#8185 = EDGE_LOOP('',(#8186,#8187,#8188,#8189,#8190,#8191));
#8186 = ORIENTED_EDGE('',*,*,#5747,.T.);
#8187 = ORIENTED_EDGE('',*,*,#5801,.T.);
#8188 = ORIENTED_EDGE('',*,*,#5899,.T.);
#8189 = ORIENTED_EDGE('',*,*,#5997,.T.);
#8190 = ORIENTED_EDGE('',*,*,#5970,.T.);
#8191 = ORIENTED_EDGE('',*,*,#5872,.T.);
#8192 = ADVANCED_FACE('',(#8193,#8206,#8412),#6062,.T.);
#8193 = FACE_BOUND('',#8194,.F.);
#8194 = EDGE_LOOP('',(#8195,#8196,#8197,#8198,#8199,#8200,#8201,#8202,
    #8203,#8204,#8205));
#8195 = ORIENTED_EDGE('',*,*,#6046,.T.);
#8196 = ORIENTED_EDGE('',*,*,#6100,.T.);
#8197 = ORIENTED_EDGE('',*,*,#6198,.T.);
#8198 = ORIENTED_EDGE('',*,*,#6296,.T.);
#8199 = ORIENTED_EDGE('',*,*,#6394,.T.);
#8200 = ORIENTED_EDGE('',*,*,#6492,.T.);
#8201 = ORIENTED_EDGE('',*,*,#6541,.T.);
#8202 = ORIENTED_EDGE('',*,*,#6465,.T.);
#8203 = ORIENTED_EDGE('',*,*,#6367,.T.);
#8204 = ORIENTED_EDGE('',*,*,#6269,.T.);
#8205 = ORIENTED_EDGE('',*,*,#6171,.T.);
#8206 = FACE_BOUND('',#8207,.F.);
#8207 = EDGE_LOOP('',(#8208,#8238,#8266,#8294,#8324,#8354,#8384));
#8208 = ORIENTED_EDGE('',*,*,#8209,.T.);
#8209 = EDGE_CURVE('',#8210,#8212,#8214,.T.);
#8210 = VERTEX_POINT('',#8211);
#8211 = CARTESIAN_POINT('',(26.706053657337,2.16550201965E-02,2.7));
#8212 = VERTEX_POINT('',#8213);
#8213 = CARTESIAN_POINT('',(24.95199702142,2.16550201965E-02,2.7));
#8214 = SURFACE_CURVE('',#8215,(#8219,#8226),.PCURVE_S1.);
#8215 = LINE('',#8216,#8217);
#8216 = CARTESIAN_POINT('',(26.706053657337,2.16550201965E-02,2.7));
#8217 = VECTOR('',#8218,1.);
#8218 = DIRECTION('',(-1.,0.,0.));
#8219 = PCURVE('',#6062,#8220);
#8220 = DEFINITIONAL_REPRESENTATION('',(#8221),#8225);
#8221 = LINE('',#8222,#8223);
#8222 = CARTESIAN_POINT('',(3.935799920714,3.860007350027));
#8223 = VECTOR('',#8224,1.);
#8224 = DIRECTION('',(-1.,0.));
#8225 = ( GEOMETRIC_REPRESENTATION_CONTEXT(2) 
PARAMETRIC_REPRESENTATION_CONTEXT() REPRESENTATION_CONTEXT('2D SPACE',''
  ) );
#8226 = PCURVE('',#8227,#8232);
#8227 = PLANE('',#8228);
#8228 = AXIS2_PLACEMENT_3D('',#8229,#8230,#8231);
#8229 = CARTESIAN_POINT('',(26.706053657337,2.16550201965E-02,1.45));
#8230 = DIRECTION('',(0.,-1.,0.));
#8231 = DIRECTION('',(-1.,0.,0.));
#8232 = DEFINITIONAL_REPRESENTATION('',(#8233),#8237);
#8233 = LINE('',#8234,#8235);
#8234 = CARTESIAN_POINT('',(0.,-1.25));
#8235 = VECTOR('',#8236,1.);
#8236 = DIRECTION('',(1.,0.));
#8237 = ( GEOMETRIC_REPRESENTATION_CONTEXT(2) 
PARAMETRIC_REPRESENTATION_CONTEXT() REPRESENTATION_CONTEXT('2D SPACE',''
  ) );
#8238 = ORIENTED_EDGE('',*,*,#8239,.T.);
#8239 = EDGE_CURVE('',#8212,#8240,#8242,.T.);
#8240 = VERTEX_POINT('',#8241);
#8241 = CARTESIAN_POINT('',(24.95199702142,-2.939668991675,2.7));
#8242 = SURFACE_CURVE('',#8243,(#8247,#8254),.PCURVE_S1.);
#8243 = LINE('',#8244,#8245);
#8244 = CARTESIAN_POINT('',(24.95199702142,2.16550201965E-02,2.7));
#8245 = VECTOR('',#8246,1.);
#8246 = DIRECTION('',(0.,-1.,0.));
#8247 = PCURVE('',#6062,#8248);
#8248 = DEFINITIONAL_REPRESENTATION('',(#8249),#8253);
#8249 = LINE('',#8250,#8251);
#8250 = CARTESIAN_POINT('',(2.181743284798,3.860007350027));
#8251 = VECTOR('',#8252,1.);
#8252 = DIRECTION('',(0.,-1.));
#8253 = ( GEOMETRIC_REPRESENTATION_CONTEXT(2) 
PARAMETRIC_REPRESENTATION_CONTEXT() REPRESENTATION_CONTEXT('2D SPACE',''
  ) );
#8254 = PCURVE('',#8255,#8260);
#8255 = PLANE('',#8256);
#8256 = AXIS2_PLACEMENT_3D('',#8257,#8258,#8259);
#8257 = CARTESIAN_POINT('',(24.95199702142,2.16550201965E-02,1.45));
#8258 = DIRECTION('',(1.,0.,0.));
#8259 = DIRECTION('',(0.,-1.,0.));
#8260 = DEFINITIONAL_REPRESENTATION('',(#8261),#8265);
#8261 = LINE('',#8262,#8263);
#8262 = CARTESIAN_POINT('',(0.,-1.25));
#8263 = VECTOR('',#8264,1.);
#8264 = DIRECTION('',(1.,0.));
#8265 = ( GEOMETRIC_REPRESENTATION_CONTEXT(2) 
PARAMETRIC_REPRESENTATION_CONTEXT() REPRESENTATION_CONTEXT('2D SPACE',''
  ) );
#8266 = ORIENTED_EDGE('',*,*,#8267,.T.);
#8267 = EDGE_CURVE('',#8240,#8268,#8270,.T.);
#8268 = VERTEX_POINT('',#8269);
#8269 = CARTESIAN_POINT('',(26.706053657337,-2.939668991675,2.7));
#8270 = SURFACE_CURVE('',#8271,(#8275,#8282),.PCURVE_S1.);
#8271 = LINE('',#8272,#8273);
#8272 = CARTESIAN_POINT('',(24.95199702142,-2.939668991675,2.7));
#8273 = VECTOR('',#8274,1.);
#8274 = DIRECTION('',(1.,0.,0.));
#8275 = PCURVE('',#6062,#8276);
#8276 = DEFINITIONAL_REPRESENTATION('',(#8277),#8281);
#8277 = LINE('',#8278,#8279);
#8278 = CARTESIAN_POINT('',(2.181743284798,0.898683338155));
#8279 = VECTOR('',#8280,1.);
#8280 = DIRECTION('',(1.,0.));
#8281 = ( GEOMETRIC_REPRESENTATION_CONTEXT(2) 
PARAMETRIC_REPRESENTATION_CONTEXT() REPRESENTATION_CONTEXT('2D SPACE',''
  ) );
#8282 = PCURVE('',#8283,#8288);
#8283 = PLANE('',#8284);
#8284 = AXIS2_PLACEMENT_3D('',#8285,#8286,#8287);
#8285 = CARTESIAN_POINT('',(24.95199702142,-2.939668991675,1.45));
#8286 = DIRECTION('',(0.,1.,0.));
#8287 = DIRECTION('',(1.,0.,0.));
#8288 = DEFINITIONAL_REPRESENTATION('',(#8289),#8293);
#8289 = LINE('',#8290,#8291);
#8290 = CARTESIAN_POINT('',(0.,-1.25));
#8291 = VECTOR('',#8292,1.);
#8292 = DIRECTION('',(1.,0.));
#8293 = ( GEOMETRIC_REPRESENTATION_CONTEXT(2) 
PARAMETRIC_REPRESENTATION_CONTEXT() REPRESENTATION_CONTEXT('2D SPACE',''
  ) );
#8294 = ORIENTED_EDGE('',*,*,#8295,.T.);
#8295 = EDGE_CURVE('',#8268,#8296,#8298,.T.);
#8296 = VERTEX_POINT('',#8297);
#8297 = CARTESIAN_POINT('',(28.013475501701,-2.574240525859,2.7));
#8298 = SURFACE_CURVE('',#8299,(#8303,#8310),.PCURVE_S1.);
#8299 = B_SPLINE_CURVE_WITH_KNOTS('',2,(#8300,#8301,#8302),
  .UNSPECIFIED.,.F.,.F.,(3,3),(0.,1.),.PIECEWISE_BEZIER_KNOTS.);
#8300 = CARTESIAN_POINT('',(26.706053657337,-2.939668991675,2.7));
#8301 = CARTESIAN_POINT('',(27.588495730344,-2.939668991675,2.7));
#8302 = CARTESIAN_POINT('',(28.013475501701,-2.574240525859,2.7));
#8303 = PCURVE('',#6062,#8304);
#8304 = DEFINITIONAL_REPRESENTATION('',(#8305),#8309);
#8305 = B_SPLINE_CURVE_WITH_KNOTS('',2,(#8306,#8307,#8308),
  .UNSPECIFIED.,.F.,.F.,(3,3),(0.,1.),.PIECEWISE_BEZIER_KNOTS.);
#8306 = CARTESIAN_POINT('',(3.935799920714,0.898683338155));
#8307 = CARTESIAN_POINT('',(4.818241993722,0.898683338155));
#8308 = CARTESIAN_POINT('',(5.243221765078,1.264111803971));
#8309 = ( GEOMETRIC_REPRESENTATION_CONTEXT(2) 
PARAMETRIC_REPRESENTATION_CONTEXT() REPRESENTATION_CONTEXT('2D SPACE',''
  ) );
#8310 = PCURVE('',#8311,#8318);
#8311 = SURFACE_OF_LINEAR_EXTRUSION('',#8312,#8316);
#8312 = B_SPLINE_CURVE_WITH_KNOTS('',2,(#8313,#8314,#8315),
  .UNSPECIFIED.,.F.,.F.,(3,3),(0.,1.),.PIECEWISE_BEZIER_KNOTS.);
#8313 = CARTESIAN_POINT('',(26.706053657337,-2.939668991675,1.45));
#8314 = CARTESIAN_POINT('',(27.588495730344,-2.939668991675,1.45));
#8315 = CARTESIAN_POINT('',(28.013475501701,-2.574240525859,1.45));
#8316 = VECTOR('',#8317,1.);
#8317 = DIRECTION('',(-0.,-0.,-1.));
#8318 = DEFINITIONAL_REPRESENTATION('',(#8319),#8323);
#8319 = LINE('',#8320,#8321);
#8320 = CARTESIAN_POINT('',(0.,-1.25));
#8321 = VECTOR('',#8322,1.);
#8322 = DIRECTION('',(1.,0.));
#8323 = ( GEOMETRIC_REPRESENTATION_CONTEXT(2) 
PARAMETRIC_REPRESENTATION_CONTEXT() REPRESENTATION_CONTEXT('2D SPACE',''
  ) );
#8324 = ORIENTED_EDGE('',*,*,#8325,.T.);
#8325 = EDGE_CURVE('',#8296,#8326,#8328,.T.);
#8326 = VERTEX_POINT('',#8327);
#8327 = CARTESIAN_POINT('',(28.438455273057,-1.456300108215,2.7));
#8328 = SURFACE_CURVE('',#8329,(#8333,#8340),.PCURVE_S1.);
#8329 = B_SPLINE_CURVE_WITH_KNOTS('',2,(#8330,#8331,#8332),
  .UNSPECIFIED.,.F.,.F.,(3,3),(0.,1.),.PIECEWISE_BEZIER_KNOTS.);
#8330 = CARTESIAN_POINT('',(28.013475501701,-2.574240525859,2.7));
#8331 = CARTESIAN_POINT('',(28.438455273057,-2.208812060043,2.7));
#8332 = CARTESIAN_POINT('',(28.438455273057,-1.456300108215,2.7));
#8333 = PCURVE('',#6062,#8334);
#8334 = DEFINITIONAL_REPRESENTATION('',(#8335),#8339);
#8335 = B_SPLINE_CURVE_WITH_KNOTS('',2,(#8336,#8337,#8338),
  .UNSPECIFIED.,.F.,.F.,(3,3),(0.,1.),.PIECEWISE_BEZIER_KNOTS.);
#8336 = CARTESIAN_POINT('',(5.243221765078,1.264111803971));
#8337 = CARTESIAN_POINT('',(5.668201536435,1.629540269787));
#8338 = CARTESIAN_POINT('',(5.668201536435,2.382052221615));
#8339 = ( GEOMETRIC_REPRESENTATION_CONTEXT(2) 
PARAMETRIC_REPRESENTATION_CONTEXT() REPRESENTATION_CONTEXT('2D SPACE',''
  ) );
#8340 = PCURVE('',#8341,#8348);
#8341 = SURFACE_OF_LINEAR_EXTRUSION('',#8342,#8346);
#8342 = B_SPLINE_CURVE_WITH_KNOTS('',2,(#8343,#8344,#8345),
  .UNSPECIFIED.,.F.,.F.,(3,3),(0.,1.),.PIECEWISE_BEZIER_KNOTS.);
#8343 = CARTESIAN_POINT('',(28.013475501701,-2.574240525859,1.45));
#8344 = CARTESIAN_POINT('',(28.438455273057,-2.208812060043,1.45));
#8345 = CARTESIAN_POINT('',(28.438455273057,-1.456300108215,1.45));
#8346 = VECTOR('',#8347,1.);
#8347 = DIRECTION('',(-0.,-0.,-1.));
#8348 = DEFINITIONAL_REPRESENTATION('',(#8349),#8353);
#8349 = LINE('',#8350,#8351);
#8350 = CARTESIAN_POINT('',(0.,-1.25));
#8351 = VECTOR('',#8352,1.);
#8352 = DIRECTION('',(1.,0.));
#8353 = ( GEOMETRIC_REPRESENTATION_CONTEXT(2) 
PARAMETRIC_REPRESENTATION_CONTEXT() REPRESENTATION_CONTEXT('2D SPACE',''
  ) );
#8354 = ORIENTED_EDGE('',*,*,#8355,.T.);
#8355 = EDGE_CURVE('',#8326,#8356,#8358,.T.);
#8356 = VERTEX_POINT('',#8357);
#8357 = CARTESIAN_POINT('',(28.013475501701,-0.33835969057,2.7));
#8358 = SURFACE_CURVE('',#8359,(#8363,#8370),.PCURVE_S1.);
#8359 = B_SPLINE_CURVE_WITH_KNOTS('',2,(#8360,#8361,#8362),
  .UNSPECIFIED.,.F.,.F.,(3,3),(0.,1.),.PIECEWISE_BEZIER_KNOTS.);
#8360 = CARTESIAN_POINT('',(28.438455273057,-1.456300108215,2.7));
#8361 = CARTESIAN_POINT('',(28.438455273057,-0.698374401337,2.7));
#8362 = CARTESIAN_POINT('',(28.013475501701,-0.33835969057,2.7));
#8363 = PCURVE('',#6062,#8364);
#8364 = DEFINITIONAL_REPRESENTATION('',(#8365),#8369);
#8365 = B_SPLINE_CURVE_WITH_KNOTS('',2,(#8366,#8367,#8368),
  .UNSPECIFIED.,.F.,.F.,(3,3),(0.,1.),.PIECEWISE_BEZIER_KNOTS.);
#8366 = CARTESIAN_POINT('',(5.668201536435,2.382052221615));
#8367 = CARTESIAN_POINT('',(5.668201536435,3.139977928493));
#8368 = CARTESIAN_POINT('',(5.243221765078,3.49999263926));
#8369 = ( GEOMETRIC_REPRESENTATION_CONTEXT(2) 
PARAMETRIC_REPRESENTATION_CONTEXT() REPRESENTATION_CONTEXT('2D SPACE',''
  ) );
#8370 = PCURVE('',#8371,#8378);
#8371 = SURFACE_OF_LINEAR_EXTRUSION('',#8372,#8376);
#8372 = B_SPLINE_CURVE_WITH_KNOTS('',2,(#8373,#8374,#8375),
  .UNSPECIFIED.,.F.,.F.,(3,3),(0.,1.),.PIECEWISE_BEZIER_KNOTS.);
#8373 = CARTESIAN_POINT('',(28.438455273057,-1.456300108215,1.45));
#8374 = CARTESIAN_POINT('',(28.438455273057,-0.698374401337,1.45));
#8375 = CARTESIAN_POINT('',(28.013475501701,-0.33835969057,1.45));
#8376 = VECTOR('',#8377,1.);
#8377 = DIRECTION('',(-0.,-0.,-1.));
#8378 = DEFINITIONAL_REPRESENTATION('',(#8379),#8383);
#8379 = LINE('',#8380,#8381);
#8380 = CARTESIAN_POINT('',(0.,-1.25));
#8381 = VECTOR('',#8382,1.);
#8382 = DIRECTION('',(1.,0.));
#8383 = ( GEOMETRIC_REPRESENTATION_CONTEXT(2) 
PARAMETRIC_REPRESENTATION_CONTEXT() REPRESENTATION_CONTEXT('2D SPACE',''
  ) );
#8384 = ORIENTED_EDGE('',*,*,#8385,.T.);
#8385 = EDGE_CURVE('',#8356,#8210,#8386,.T.);
#8386 = SURFACE_CURVE('',#8387,(#8391,#8398),.PCURVE_S1.);
#8387 = B_SPLINE_CURVE_WITH_KNOTS('',2,(#8388,#8389,#8390),
  .UNSPECIFIED.,.F.,.F.,(3,3),(0.,1.),.PIECEWISE_BEZIER_KNOTS.);
#8388 = CARTESIAN_POINT('',(28.013475501701,-0.33835969057,2.7));
#8389 = CARTESIAN_POINT('',(27.588495730344,2.16550201965E-02,2.7));
#8390 = CARTESIAN_POINT('',(26.706053657337,2.16550201965E-02,2.7));
#8391 = PCURVE('',#6062,#8392);
#8392 = DEFINITIONAL_REPRESENTATION('',(#8393),#8397);
#8393 = B_SPLINE_CURVE_WITH_KNOTS('',2,(#8394,#8395,#8396),
  .UNSPECIFIED.,.F.,.F.,(3,3),(0.,1.),.PIECEWISE_BEZIER_KNOTS.);
#8394 = CARTESIAN_POINT('',(5.243221765078,3.49999263926));
#8395 = CARTESIAN_POINT('',(4.818241993722,3.860007350027));
#8396 = CARTESIAN_POINT('',(3.935799920714,3.860007350027));
#8397 = ( GEOMETRIC_REPRESENTATION_CONTEXT(2) 
PARAMETRIC_REPRESENTATION_CONTEXT() REPRESENTATION_CONTEXT('2D SPACE',''
  ) );
#8398 = PCURVE('',#8399,#8406);
#8399 = SURFACE_OF_LINEAR_EXTRUSION('',#8400,#8404);
#8400 = B_SPLINE_CURVE_WITH_KNOTS('',2,(#8401,#8402,#8403),
  .UNSPECIFIED.,.F.,.F.,(3,3),(0.,1.),.PIECEWISE_BEZIER_KNOTS.);
#8401 = CARTESIAN_POINT('',(28.013475501701,-0.33835969057,1.45));
#8402 = CARTESIAN_POINT('',(27.588495730344,2.16550201965E-02,1.45));
#8403 = CARTESIAN_POINT('',(26.706053657337,2.16550201965E-02,1.45));
#8404 = VECTOR('',#8405,1.);
#8405 = DIRECTION('',(-0.,-0.,-1.));
#8406 = DEFINITIONAL_REPRESENTATION('',(#8407),#8411);
#8407 = LINE('',#8408,#8409);
#8408 = CARTESIAN_POINT('',(0.,-1.25));
#8409 = VECTOR('',#8410,1.);
#8410 = DIRECTION('',(1.,0.));
#8411 = ( GEOMETRIC_REPRESENTATION_CONTEXT(2) 
PARAMETRIC_REPRESENTATION_CONTEXT() REPRESENTATION_CONTEXT('2D SPACE',''
  ) );
#8412 = FACE_BOUND('',#8413,.F.);
#8413 = EDGE_LOOP('',(#8414,#8444,#8472,#8500,#8530,#8560,#8590));
#8414 = ORIENTED_EDGE('',*,*,#8415,.T.);
#8415 = EDGE_CURVE('',#8416,#8418,#8420,.T.);
#8416 = VERTEX_POINT('',#8417);
#8417 = CARTESIAN_POINT('',(26.570709781109,3.34570062036,2.7));
#8418 = VERTEX_POINT('',#8419);
#8419 = CARTESIAN_POINT('',(24.95199702142,3.34570062036,2.7));
#8420 = SURFACE_CURVE('',#8421,(#8425,#8432),.PCURVE_S1.);
#8421 = LINE('',#8422,#8423);
#8422 = CARTESIAN_POINT('',(26.570709781109,3.34570062036,2.7));
#8423 = VECTOR('',#8424,1.);
#8424 = DIRECTION('',(-1.,0.,0.));
#8425 = PCURVE('',#6062,#8426);
#8426 = DEFINITIONAL_REPRESENTATION('',(#8427),#8431);
#8427 = LINE('',#8428,#8429);
#8428 = CARTESIAN_POINT('',(3.800456044486,7.18405295019));
#8429 = VECTOR('',#8430,1.);
#8430 = DIRECTION('',(-1.,0.));
#8431 = ( GEOMETRIC_REPRESENTATION_CONTEXT(2) 
PARAMETRIC_REPRESENTATION_CONTEXT() REPRESENTATION_CONTEXT('2D SPACE',''
  ) );
#8432 = PCURVE('',#8433,#8438);
#8433 = PLANE('',#8434);
#8434 = AXIS2_PLACEMENT_3D('',#8435,#8436,#8437);
#8435 = CARTESIAN_POINT('',(26.570709781109,3.34570062036,1.45));
#8436 = DIRECTION('',(0.,-1.,0.));
#8437 = DIRECTION('',(-1.,0.,0.));
#8438 = DEFINITIONAL_REPRESENTATION('',(#8439),#8443);
#8439 = LINE('',#8440,#8441);
#8440 = CARTESIAN_POINT('',(0.,-1.25));
#8441 = VECTOR('',#8442,1.);
#8442 = DIRECTION('',(1.,0.));
#8443 = ( GEOMETRIC_REPRESENTATION_CONTEXT(2) 
PARAMETRIC_REPRESENTATION_CONTEXT() REPRESENTATION_CONTEXT('2D SPACE',''
  ) );
#8444 = ORIENTED_EDGE('',*,*,#8445,.T.);
#8445 = EDGE_CURVE('',#8418,#8446,#8448,.T.);
#8446 = VERTEX_POINT('',#8447);
#8447 = CARTESIAN_POINT('',(24.95199702142,0.909510848253,2.7));
#8448 = SURFACE_CURVE('',#8449,(#8453,#8460),.PCURVE_S1.);
#8449 = LINE('',#8450,#8451);
#8450 = CARTESIAN_POINT('',(24.95199702142,3.34570062036,2.7));
#8451 = VECTOR('',#8452,1.);
#8452 = DIRECTION('',(0.,-1.,0.));
#8453 = PCURVE('',#6062,#8454);
#8454 = DEFINITIONAL_REPRESENTATION('',(#8455),#8459);
#8455 = LINE('',#8456,#8457);
#8456 = CARTESIAN_POINT('',(2.181743284798,7.18405295019));
#8457 = VECTOR('',#8458,1.);
#8458 = DIRECTION('',(0.,-1.));
#8459 = ( GEOMETRIC_REPRESENTATION_CONTEXT(2) 
PARAMETRIC_REPRESENTATION_CONTEXT() REPRESENTATION_CONTEXT('2D SPACE',''
  ) );
#8460 = PCURVE('',#8461,#8466);
#8461 = PLANE('',#8462);
#8462 = AXIS2_PLACEMENT_3D('',#8463,#8464,#8465);
#8463 = CARTESIAN_POINT('',(24.95199702142,3.34570062036,1.45));
#8464 = DIRECTION('',(1.,0.,0.));
#8465 = DIRECTION('',(0.,-1.,0.));
#8466 = DEFINITIONAL_REPRESENTATION('',(#8467),#8471);
#8467 = LINE('',#8468,#8469);
#8468 = CARTESIAN_POINT('',(0.,-1.25));
#8469 = VECTOR('',#8470,1.);
#8470 = DIRECTION('',(1.,0.));
#8471 = ( GEOMETRIC_REPRESENTATION_CONTEXT(2) 
PARAMETRIC_REPRESENTATION_CONTEXT() REPRESENTATION_CONTEXT('2D SPACE',''
  ) );
#8472 = ORIENTED_EDGE('',*,*,#8473,.T.);
#8473 = EDGE_CURVE('',#8446,#8474,#8476,.T.);
#8474 = VERTEX_POINT('',#8475);
#8475 = CARTESIAN_POINT('',(26.570709781109,0.909510848253,2.7));
#8476 = SURFACE_CURVE('',#8477,(#8481,#8488),.PCURVE_S1.);
#8477 = LINE('',#8478,#8479);
#8478 = CARTESIAN_POINT('',(24.95199702142,0.909510848253,2.7));
#8479 = VECTOR('',#8480,1.);
#8480 = DIRECTION('',(1.,0.,0.));
#8481 = PCURVE('',#6062,#8482);
#8482 = DEFINITIONAL_REPRESENTATION('',(#8483),#8487);
#8483 = LINE('',#8484,#8485);
#8484 = CARTESIAN_POINT('',(2.181743284798,4.747863178083));
#8485 = VECTOR('',#8486,1.);
#8486 = DIRECTION('',(1.,0.));
#8487 = ( GEOMETRIC_REPRESENTATION_CONTEXT(2) 
PARAMETRIC_REPRESENTATION_CONTEXT() REPRESENTATION_CONTEXT('2D SPACE',''
  ) );
#8488 = PCURVE('',#8489,#8494);
#8489 = PLANE('',#8490);
#8490 = AXIS2_PLACEMENT_3D('',#8491,#8492,#8493);
#8491 = CARTESIAN_POINT('',(24.95199702142,0.909510848253,1.45));
#8492 = DIRECTION('',(0.,1.,0.));
#8493 = DIRECTION('',(1.,0.,0.));
#8494 = DEFINITIONAL_REPRESENTATION('',(#8495),#8499);
#8495 = LINE('',#8496,#8497);
#8496 = CARTESIAN_POINT('',(0.,-1.25));
#8497 = VECTOR('',#8498,1.);
#8498 = DIRECTION('',(1.,0.));
#8499 = ( GEOMETRIC_REPRESENTATION_CONTEXT(2) 
PARAMETRIC_REPRESENTATION_CONTEXT() REPRESENTATION_CONTEXT('2D SPACE',''
  ) );
#8500 = ORIENTED_EDGE('',*,*,#8501,.T.);
#8501 = EDGE_CURVE('',#8474,#8502,#8504,.T.);
#8502 = VERTEX_POINT('',#8503);
#8503 = CARTESIAN_POINT('',(27.764442769441,1.20997425348,2.7));
#8504 = SURFACE_CURVE('',#8505,(#8509,#8516),.PCURVE_S1.);
#8505 = B_SPLINE_CURVE_WITH_KNOTS('',2,(#8506,#8507,#8508),
  .UNSPECIFIED.,.F.,.F.,(3,3),(0.,1.),.PIECEWISE_BEZIER_KNOTS.);
#8506 = CARTESIAN_POINT('',(26.570709781109,0.909510848253,2.7));
#8507 = CARTESIAN_POINT('',(27.371945528379,0.909510848253,2.7));
#8508 = CARTESIAN_POINT('',(27.764442769441,1.20997425348,2.7));
#8509 = PCURVE('',#6062,#8510);
#8510 = DEFINITIONAL_REPRESENTATION('',(#8511),#8515);
#8511 = B_SPLINE_CURVE_WITH_KNOTS('',2,(#8512,#8513,#8514),
  .UNSPECIFIED.,.F.,.F.,(3,3),(0.,1.),.PIECEWISE_BEZIER_KNOTS.);
#8512 = CARTESIAN_POINT('',(3.800456044486,4.747863178083));
#8513 = CARTESIAN_POINT('',(4.601691791757,4.747863178083));
#8514 = CARTESIAN_POINT('',(4.994189032818,5.04832658331));
#8515 = ( GEOMETRIC_REPRESENTATION_CONTEXT(2) 
PARAMETRIC_REPRESENTATION_CONTEXT() REPRESENTATION_CONTEXT('2D SPACE',''
  ) );
#8516 = PCURVE('',#8517,#8524);
#8517 = SURFACE_OF_LINEAR_EXTRUSION('',#8518,#8522);
#8518 = B_SPLINE_CURVE_WITH_KNOTS('',2,(#8519,#8520,#8521),
  .UNSPECIFIED.,.F.,.F.,(3,3),(0.,1.),.PIECEWISE_BEZIER_KNOTS.);
#8519 = CARTESIAN_POINT('',(26.570709781109,0.909510848253,1.45));
#8520 = CARTESIAN_POINT('',(27.371945528379,0.909510848253,1.45));
#8521 = CARTESIAN_POINT('',(27.764442769441,1.20997425348,1.45));
#8522 = VECTOR('',#8523,1.);
#8523 = DIRECTION('',(-0.,-0.,-1.));
#8524 = DEFINITIONAL_REPRESENTATION('',(#8525),#8529);
#8525 = LINE('',#8526,#8527);
#8526 = CARTESIAN_POINT('',(0.,-1.25));
#8527 = VECTOR('',#8528,1.);
#8528 = DIRECTION('',(1.,0.));
#8529 = ( GEOMETRIC_REPRESENTATION_CONTEXT(2) 
PARAMETRIC_REPRESENTATION_CONTEXT() REPRESENTATION_CONTEXT('2D SPACE',''
  ) );
#8530 = ORIENTED_EDGE('',*,*,#8531,.T.);
#8531 = EDGE_CURVE('',#8502,#8532,#8534,.T.);
#8532 = VERTEX_POINT('',#8533);
#8533 = CARTESIAN_POINT('',(28.156940010503,2.127605734306,2.7));
#8534 = SURFACE_CURVE('',#8535,(#8539,#8546),.PCURVE_S1.);
#8535 = B_SPLINE_CURVE_WITH_KNOTS('',2,(#8536,#8537,#8538),
  .UNSPECIFIED.,.F.,.F.,(3,3),(0.,1.),.PIECEWISE_BEZIER_KNOTS.);
#8536 = CARTESIAN_POINT('',(27.764442769441,1.20997425348,2.7));
#8537 = CARTESIAN_POINT('',(28.156940010503,1.510437658706,2.7));
#8538 = CARTESIAN_POINT('',(28.156940010503,2.127605734306,2.7));
#8539 = PCURVE('',#6062,#8540);
#8540 = DEFINITIONAL_REPRESENTATION('',(#8541),#8545);
#8541 = B_SPLINE_CURVE_WITH_KNOTS('',2,(#8542,#8543,#8544),
  .UNSPECIFIED.,.F.,.F.,(3,3),(0.,1.),.PIECEWISE_BEZIER_KNOTS.);
#8542 = CARTESIAN_POINT('',(4.994189032818,5.04832658331));
#8543 = CARTESIAN_POINT('',(5.38668627388,5.348789988536));
#8544 = CARTESIAN_POINT('',(5.38668627388,5.965958064136));
#8545 = ( GEOMETRIC_REPRESENTATION_CONTEXT(2) 
PARAMETRIC_REPRESENTATION_CONTEXT() REPRESENTATION_CONTEXT('2D SPACE',''
  ) );
#8546 = PCURVE('',#8547,#8554);
#8547 = SURFACE_OF_LINEAR_EXTRUSION('',#8548,#8552);
#8548 = B_SPLINE_CURVE_WITH_KNOTS('',2,(#8549,#8550,#8551),
  .UNSPECIFIED.,.F.,.F.,(3,3),(0.,1.),.PIECEWISE_BEZIER_KNOTS.);
#8549 = CARTESIAN_POINT('',(27.764442769441,1.20997425348,1.45));
#8550 = CARTESIAN_POINT('',(28.156940010503,1.510437658706,1.45));
#8551 = CARTESIAN_POINT('',(28.156940010503,2.127605734306,1.45));
#8552 = VECTOR('',#8553,1.);
#8553 = DIRECTION('',(-0.,-0.,-1.));
#8554 = DEFINITIONAL_REPRESENTATION('',(#8555),#8559);
#8555 = LINE('',#8556,#8557);
#8556 = CARTESIAN_POINT('',(0.,-1.25));
#8557 = VECTOR('',#8558,1.);
#8558 = DIRECTION('',(1.,0.));
#8559 = ( GEOMETRIC_REPRESENTATION_CONTEXT(2) 
PARAMETRIC_REPRESENTATION_CONTEXT() REPRESENTATION_CONTEXT('2D SPACE',''
  ) );
#8560 = ORIENTED_EDGE('',*,*,#8561,.T.);
#8561 = EDGE_CURVE('',#8532,#8562,#8564,.T.);
#8562 = VERTEX_POINT('',#8563);
#8563 = CARTESIAN_POINT('',(27.764442769441,3.042530337609,2.7));
#8564 = SURFACE_CURVE('',#8565,(#8569,#8576),.PCURVE_S1.);
#8565 = B_SPLINE_CURVE_WITH_KNOTS('',2,(#8566,#8567,#8568),
  .UNSPECIFIED.,.F.,.F.,(3,3),(0.,1.),.PIECEWISE_BEZIER_KNOTS.);
#8566 = CARTESIAN_POINT('',(28.156940010503,2.127605734306,2.7));
#8567 = CARTESIAN_POINT('',(28.156940010503,2.739360054858,2.7));
#8568 = CARTESIAN_POINT('',(27.764442769441,3.042530337609,2.7));
#8569 = PCURVE('',#6062,#8570);
#8570 = DEFINITIONAL_REPRESENTATION('',(#8571),#8575);
#8571 = B_SPLINE_CURVE_WITH_KNOTS('',2,(#8572,#8573,#8574),
  .UNSPECIFIED.,.F.,.F.,(3,3),(0.,1.),.PIECEWISE_BEZIER_KNOTS.);
#8572 = CARTESIAN_POINT('',(5.38668627388,5.965958064136));
#8573 = CARTESIAN_POINT('',(5.38668627388,6.577712384688));
#8574 = CARTESIAN_POINT('',(4.994189032818,6.880882667439));
#8575 = ( GEOMETRIC_REPRESENTATION_CONTEXT(2) 
PARAMETRIC_REPRESENTATION_CONTEXT() REPRESENTATION_CONTEXT('2D SPACE',''
  ) );
#8576 = PCURVE('',#8577,#8584);
#8577 = SURFACE_OF_LINEAR_EXTRUSION('',#8578,#8582);
#8578 = B_SPLINE_CURVE_WITH_KNOTS('',2,(#8579,#8580,#8581),
  .UNSPECIFIED.,.F.,.F.,(3,3),(0.,1.),.PIECEWISE_BEZIER_KNOTS.);
#8579 = CARTESIAN_POINT('',(28.156940010503,2.127605734306,1.45));
#8580 = CARTESIAN_POINT('',(28.156940010503,2.739360054858,1.45));
#8581 = CARTESIAN_POINT('',(27.764442769441,3.042530337609,1.45));
#8582 = VECTOR('',#8583,1.);
#8583 = DIRECTION('',(-0.,-0.,-1.));
#8584 = DEFINITIONAL_REPRESENTATION('',(#8585),#8589);
#8585 = LINE('',#8586,#8587);
#8586 = CARTESIAN_POINT('',(0.,-1.25));
#8587 = VECTOR('',#8588,1.);
#8588 = DIRECTION('',(1.,0.));
#8589 = ( GEOMETRIC_REPRESENTATION_CONTEXT(2) 
PARAMETRIC_REPRESENTATION_CONTEXT() REPRESENTATION_CONTEXT('2D SPACE',''
  ) );
#8590 = ORIENTED_EDGE('',*,*,#8591,.T.);
#8591 = EDGE_CURVE('',#8562,#8416,#8592,.T.);
#8592 = SURFACE_CURVE('',#8593,(#8597,#8604),.PCURVE_S1.);
#8593 = B_SPLINE_CURVE_WITH_KNOTS('',2,(#8594,#8595,#8596),
  .UNSPECIFIED.,.F.,.F.,(3,3),(0.,1.),.PIECEWISE_BEZIER_KNOTS.);
#8594 = CARTESIAN_POINT('',(27.764442769441,3.042530337609,2.7));
#8595 = CARTESIAN_POINT('',(27.371945528379,3.34570062036,2.7));
#8596 = CARTESIAN_POINT('',(26.570709781109,3.34570062036,2.7));
#8597 = PCURVE('',#6062,#8598);
#8598 = DEFINITIONAL_REPRESENTATION('',(#8599),#8603);
#8599 = B_SPLINE_CURVE_WITH_KNOTS('',2,(#8600,#8601,#8602),
  .UNSPECIFIED.,.F.,.F.,(3,3),(0.,1.),.PIECEWISE_BEZIER_KNOTS.);
#8600 = CARTESIAN_POINT('',(4.994189032818,6.880882667439));
#8601 = CARTESIAN_POINT('',(4.601691791757,7.18405295019));
#8602 = CARTESIAN_POINT('',(3.800456044486,7.18405295019));
#8603 = ( GEOMETRIC_REPRESENTATION_CONTEXT(2) 
PARAMETRIC_REPRESENTATION_CONTEXT() REPRESENTATION_CONTEXT('2D SPACE',''
  ) );
#8604 = PCURVE('',#8605,#8612);
#8605 = SURFACE_OF_LINEAR_EXTRUSION('',#8606,#8610);
#8606 = B_SPLINE_CURVE_WITH_KNOTS('',2,(#8607,#8608,#8609),
  .UNSPECIFIED.,.F.,.F.,(3,3),(0.,1.),.PIECEWISE_BEZIER_KNOTS.);
#8607 = CARTESIAN_POINT('',(27.764442769441,3.042530337609,1.45));
#8608 = CARTESIAN_POINT('',(27.371945528379,3.34570062036,1.45));
#8609 = CARTESIAN_POINT('',(26.570709781109,3.34570062036,1.45));
#8610 = VECTOR('',#8611,1.);
#8611 = DIRECTION('',(-0.,-0.,-1.));
#8612 = DEFINITIONAL_REPRESENTATION('',(#8613),#8617);
#8613 = LINE('',#8614,#8615);
#8614 = CARTESIAN_POINT('',(0.,-1.25));
#8615 = VECTOR('',#8616,1.);
#8616 = DIRECTION('',(1.,0.));
#8617 = ( GEOMETRIC_REPRESENTATION_CONTEXT(2) 
PARAMETRIC_REPRESENTATION_CONTEXT() REPRESENTATION_CONTEXT('2D SPACE',''
  ) );
#8618 = ADVANCED_FACE('',(#8619,#8629),#6633,.T.);
#8619 = FACE_BOUND('',#8620,.F.);
#8620 = EDGE_LOOP('',(#8621,#8622,#8623,#8624,#8625,#8626,#8627,#8628));
#8621 = ORIENTED_EDGE('',*,*,#6617,.T.);
#8622 = ORIENTED_EDGE('',*,*,#6671,.T.);
#8623 = ORIENTED_EDGE('',*,*,#6769,.T.);
#8624 = ORIENTED_EDGE('',*,*,#6867,.T.);
#8625 = ORIENTED_EDGE('',*,*,#6965,.T.);
#8626 = ORIENTED_EDGE('',*,*,#6938,.T.);
#8627 = ORIENTED_EDGE('',*,*,#6840,.T.);
#8628 = ORIENTED_EDGE('',*,*,#6742,.T.);
#8629 = FACE_BOUND('',#8630,.F.);
#8630 = EDGE_LOOP('',(#8631,#8661,#8689));
#8631 = ORIENTED_EDGE('',*,*,#8632,.T.);
#8632 = EDGE_CURVE('',#8633,#8635,#8637,.T.);
#8633 = VERTEX_POINT('',#8634);
#8634 = CARTESIAN_POINT('',(-15.53206323594,-0.855373297762,2.7));
#8635 = VERTEX_POINT('',#8636);
#8636 = CARTESIAN_POINT('',(-17.02084587445,3.167046703739,2.7));
#8637 = SURFACE_CURVE('',#8638,(#8642,#8649),.PCURVE_S1.);
#8638 = LINE('',#8639,#8640);
#8639 = CARTESIAN_POINT('',(-15.53206323594,-0.855373297762,2.7));
#8640 = VECTOR('',#8641,1.);
#8641 = DIRECTION('',(-0.347108799995,0.937824866895,0.));
#8642 = PCURVE('',#6633,#8643);
#8643 = DEFINITIONAL_REPRESENTATION('',(#8644),#8648);
#8644 = LINE('',#8645,#8646);
#8645 = CARTESIAN_POINT('',(5.278411172898,2.982979032068));
#8646 = VECTOR('',#8647,1.);
#8647 = DIRECTION('',(-0.347108799995,0.937824866895));
#8648 = ( GEOMETRIC_REPRESENTATION_CONTEXT(2) 
PARAMETRIC_REPRESENTATION_CONTEXT() REPRESENTATION_CONTEXT('2D SPACE',''
  ) );
#8649 = PCURVE('',#8650,#8655);
#8650 = PLANE('',#8651);
#8651 = AXIS2_PLACEMENT_3D('',#8652,#8653,#8654);
#8652 = CARTESIAN_POINT('',(-15.53206323594,-0.855373297762,1.45));
#8653 = DIRECTION('',(-0.937824866895,-0.347108799995,0.));
#8654 = DIRECTION('',(-0.347108799995,0.937824866895,0.));
#8655 = DEFINITIONAL_REPRESENTATION('',(#8656),#8660);
#8656 = LINE('',#8657,#8658);
#8657 = CARTESIAN_POINT('',(0.,-1.25));
#8658 = VECTOR('',#8659,1.);
#8659 = DIRECTION('',(1.,0.));
#8660 = ( GEOMETRIC_REPRESENTATION_CONTEXT(2) 
PARAMETRIC_REPRESENTATION_CONTEXT() REPRESENTATION_CONTEXT('2D SPACE',''
  ) );
#8661 = ORIENTED_EDGE('',*,*,#8662,.T.);
#8662 = EDGE_CURVE('',#8635,#8663,#8665,.T.);
#8663 = VERTEX_POINT('',#8664);
#8664 = CARTESIAN_POINT('',(-18.50421475791,-0.855373297762,2.7));
#8665 = SURFACE_CURVE('',#8666,(#8670,#8677),.PCURVE_S1.);
#8666 = LINE('',#8667,#8668);
#8667 = CARTESIAN_POINT('',(-17.02084587445,3.167046703739,2.7));
#8668 = VECTOR('',#8669,1.);
#8669 = DIRECTION('',(-0.345997934185,-0.938235274086,0.));
#8670 = PCURVE('',#6633,#8671);
#8671 = DEFINITIONAL_REPRESENTATION('',(#8672),#8676);
#8672 = LINE('',#8673,#8674);
#8673 = CARTESIAN_POINT('',(3.789628534388,7.005399033569));
#8674 = VECTOR('',#8675,1.);
#8675 = DIRECTION('',(-0.345997934185,-0.938235274086));
#8676 = ( GEOMETRIC_REPRESENTATION_CONTEXT(2) 
PARAMETRIC_REPRESENTATION_CONTEXT() REPRESENTATION_CONTEXT('2D SPACE',''
  ) );
#8677 = PCURVE('',#8678,#8683);
#8678 = PLANE('',#8679);
#8679 = AXIS2_PLACEMENT_3D('',#8680,#8681,#8682);
#8680 = CARTESIAN_POINT('',(-17.02084587445,3.167046703739,1.45));
#8681 = DIRECTION('',(0.938235274086,-0.345997934185,0.));
#8682 = DIRECTION('',(-0.345997934185,-0.938235274086,0.));
#8683 = DEFINITIONAL_REPRESENTATION('',(#8684),#8688);
#8684 = LINE('',#8685,#8686);
#8685 = CARTESIAN_POINT('',(0.,-1.25));
#8686 = VECTOR('',#8687,1.);
#8687 = DIRECTION('',(1.,0.));
#8688 = ( GEOMETRIC_REPRESENTATION_CONTEXT(2) 
PARAMETRIC_REPRESENTATION_CONTEXT() REPRESENTATION_CONTEXT('2D SPACE',''
  ) );
#8689 = ORIENTED_EDGE('',*,*,#8690,.T.);
#8690 = EDGE_CURVE('',#8663,#8633,#8691,.T.);
#8691 = SURFACE_CURVE('',#8692,(#8696,#8703),.PCURVE_S1.);
#8692 = LINE('',#8693,#8694);
#8693 = CARTESIAN_POINT('',(-18.50421475791,-0.855373297762,2.7));
#8694 = VECTOR('',#8695,1.);
#8695 = DIRECTION('',(1.,0.,0.));
#8696 = PCURVE('',#6633,#8697);
#8697 = DEFINITIONAL_REPRESENTATION('',(#8698),#8702);
#8698 = LINE('',#8699,#8700);
#8699 = CARTESIAN_POINT('',(2.306259650928,2.982979032068));
#8700 = VECTOR('',#8701,1.);
#8701 = DIRECTION('',(1.,0.));
#8702 = ( GEOMETRIC_REPRESENTATION_CONTEXT(2) 
PARAMETRIC_REPRESENTATION_CONTEXT() REPRESENTATION_CONTEXT('2D SPACE',''
  ) );
#8703 = PCURVE('',#8704,#8709);
#8704 = PLANE('',#8705);
#8705 = AXIS2_PLACEMENT_3D('',#8706,#8707,#8708);
#8706 = CARTESIAN_POINT('',(-18.50421475791,-0.855373297762,1.45));
#8707 = DIRECTION('',(0.,1.,0.));
#8708 = DIRECTION('',(1.,0.,0.));
#8709 = DEFINITIONAL_REPRESENTATION('',(#8710),#8714);
#8710 = LINE('',#8711,#8712);
#8711 = CARTESIAN_POINT('',(0.,-1.25));
#8712 = VECTOR('',#8713,1.);
#8713 = DIRECTION('',(1.,0.));
#8714 = ( GEOMETRIC_REPRESENTATION_CONTEXT(2) 
PARAMETRIC_REPRESENTATION_CONTEXT() REPRESENTATION_CONTEXT('2D SPACE',''
  ) );
#8715 = ADVANCED_FACE('',(#8716),#7030,.T.);
#8716 = FACE_BOUND('',#8717,.F.);
#8717 = EDGE_LOOP('',(#8718,#8719,#8720,#8721,#8722,#8723,#8724,#8725,
    #8726,#8727,#8728));
#8718 = ORIENTED_EDGE('',*,*,#7014,.T.);
#8719 = ORIENTED_EDGE('',*,*,#7068,.T.);
#8720 = ORIENTED_EDGE('',*,*,#7166,.T.);
#8721 = ORIENTED_EDGE('',*,*,#7264,.T.);
#8722 = ORIENTED_EDGE('',*,*,#7362,.T.);
#8723 = ORIENTED_EDGE('',*,*,#7460,.T.);
#8724 = ORIENTED_EDGE('',*,*,#7509,.T.);
#8725 = ORIENTED_EDGE('',*,*,#7433,.T.);
#8726 = ORIENTED_EDGE('',*,*,#7335,.T.);
#8727 = ORIENTED_EDGE('',*,*,#7237,.T.);
#8728 = ORIENTED_EDGE('',*,*,#7139,.T.);
#8729 = ADVANCED_FACE('',(#8730,#8740),#7574,.T.);
#8730 = FACE_BOUND('',#8731,.F.);
#8731 = EDGE_LOOP('',(#8732,#8733,#8734,#8735,#8736,#8737,#8738,#8739));
#8732 = ORIENTED_EDGE('',*,*,#7558,.T.);
#8733 = ORIENTED_EDGE('',*,*,#7612,.T.);
#8734 = ORIENTED_EDGE('',*,*,#7710,.T.);
#8735 = ORIENTED_EDGE('',*,*,#7808,.T.);
#8736 = ORIENTED_EDGE('',*,*,#7906,.T.);
#8737 = ORIENTED_EDGE('',*,*,#7879,.T.);
#8738 = ORIENTED_EDGE('',*,*,#7781,.T.);
#8739 = ORIENTED_EDGE('',*,*,#7683,.T.);
#8740 = FACE_BOUND('',#8741,.F.);
#8741 = EDGE_LOOP('',(#8742,#8772,#8800));
#8742 = ORIENTED_EDGE('',*,*,#8743,.T.);
#8743 = EDGE_CURVE('',#8744,#8746,#8748,.T.);
#8744 = VERTEX_POINT('',#8745);
#8745 = CARTESIAN_POINT('',(20.463994085695,-0.855373297762,2.7));
#8746 = VERTEX_POINT('',#8747);
#8747 = CARTESIAN_POINT('',(18.975211447185,3.167046703739,2.7));
#8748 = SURFACE_CURVE('',#8749,(#8753,#8760),.PCURVE_S1.);
#8749 = LINE('',#8750,#8751);
#8750 = CARTESIAN_POINT('',(20.463994085695,-0.855373297762,2.7));
#8751 = VECTOR('',#8752,1.);
#8752 = DIRECTION('',(-0.347108799995,0.937824866895,0.));
#8753 = PCURVE('',#7574,#8754);
#8754 = DEFINITIONAL_REPRESENTATION('',(#8755),#8759);
#8755 = LINE('',#8756,#8757);
#8756 = CARTESIAN_POINT('',(5.278411172898,2.982979032068));
#8757 = VECTOR('',#8758,1.);
#8758 = DIRECTION('',(-0.347108799995,0.937824866895));
#8759 = ( GEOMETRIC_REPRESENTATION_CONTEXT(2) 
PARAMETRIC_REPRESENTATION_CONTEXT() REPRESENTATION_CONTEXT('2D SPACE',''
  ) );
#8760 = PCURVE('',#8761,#8766);
#8761 = PLANE('',#8762);
#8762 = AXIS2_PLACEMENT_3D('',#8763,#8764,#8765);
#8763 = CARTESIAN_POINT('',(20.463994085695,-0.855373297762,1.45));
#8764 = DIRECTION('',(-0.937824866895,-0.347108799995,0.));
#8765 = DIRECTION('',(-0.347108799995,0.937824866895,0.));
#8766 = DEFINITIONAL_REPRESENTATION('',(#8767),#8771);
#8767 = LINE('',#8768,#8769);
#8768 = CARTESIAN_POINT('',(0.,-1.25));
#8769 = VECTOR('',#8770,1.);
#8770 = DIRECTION('',(1.,0.));
#8771 = ( GEOMETRIC_REPRESENTATION_CONTEXT(2) 
PARAMETRIC_REPRESENTATION_CONTEXT() REPRESENTATION_CONTEXT('2D SPACE',''
  ) );
#8772 = ORIENTED_EDGE('',*,*,#8773,.T.);
#8773 = EDGE_CURVE('',#8746,#8774,#8776,.T.);
#8774 = VERTEX_POINT('',#8775);
#8775 = CARTESIAN_POINT('',(17.491842563725,-0.855373297762,2.7));
#8776 = SURFACE_CURVE('',#8777,(#8781,#8788),.PCURVE_S1.);
#8777 = LINE('',#8778,#8779);
#8778 = CARTESIAN_POINT('',(18.975211447185,3.167046703739,2.7));
#8779 = VECTOR('',#8780,1.);
#8780 = DIRECTION('',(-0.345997934185,-0.938235274086,0.));
#8781 = PCURVE('',#7574,#8782);
#8782 = DEFINITIONAL_REPRESENTATION('',(#8783),#8787);
#8783 = LINE('',#8784,#8785);
#8784 = CARTESIAN_POINT('',(3.789628534388,7.005399033569));
#8785 = VECTOR('',#8786,1.);
#8786 = DIRECTION('',(-0.345997934185,-0.938235274086));
#8787 = ( GEOMETRIC_REPRESENTATION_CONTEXT(2) 
PARAMETRIC_REPRESENTATION_CONTEXT() REPRESENTATION_CONTEXT('2D SPACE',''
  ) );
#8788 = PCURVE('',#8789,#8794);
#8789 = PLANE('',#8790);
#8790 = AXIS2_PLACEMENT_3D('',#8791,#8792,#8793);
#8791 = CARTESIAN_POINT('',(18.975211447185,3.167046703739,1.45));
#8792 = DIRECTION('',(0.938235274086,-0.345997934185,0.));
#8793 = DIRECTION('',(-0.345997934185,-0.938235274086,0.));
#8794 = DEFINITIONAL_REPRESENTATION('',(#8795),#8799);
#8795 = LINE('',#8796,#8797);
#8796 = CARTESIAN_POINT('',(0.,-1.25));
#8797 = VECTOR('',#8798,1.);
#8798 = DIRECTION('',(1.,0.));
#8799 = ( GEOMETRIC_REPRESENTATION_CONTEXT(2) 
PARAMETRIC_REPRESENTATION_CONTEXT() REPRESENTATION_CONTEXT('2D SPACE',''
  ) );
#8800 = ORIENTED_EDGE('',*,*,#8801,.T.);
#8801 = EDGE_CURVE('',#8774,#8744,#8802,.T.);
#8802 = SURFACE_CURVE('',#8803,(#8807,#8814),.PCURVE_S1.);
#8803 = LINE('',#8804,#8805);
#8804 = CARTESIAN_POINT('',(17.491842563725,-0.855373297762,2.7));
#8805 = VECTOR('',#8806,1.);
#8806 = DIRECTION('',(1.,0.,0.));
#8807 = PCURVE('',#7574,#8808);
#8808 = DEFINITIONAL_REPRESENTATION('',(#8809),#8813);
#8809 = LINE('',#8810,#8811);
#8810 = CARTESIAN_POINT('',(2.306259650928,2.982979032068));
#8811 = VECTOR('',#8812,1.);
#8812 = DIRECTION('',(1.,0.));
#8813 = ( GEOMETRIC_REPRESENTATION_CONTEXT(2) 
PARAMETRIC_REPRESENTATION_CONTEXT() REPRESENTATION_CONTEXT('2D SPACE',''
  ) );
#8814 = PCURVE('',#8815,#8820);
#8815 = PLANE('',#8816);
#8816 = AXIS2_PLACEMENT_3D('',#8817,#8818,#8819);
#8817 = CARTESIAN_POINT('',(17.491842563725,-0.855373297762,1.45));
#8818 = DIRECTION('',(0.,1.,0.));
#8819 = DIRECTION('',(1.,0.,0.));
#8820 = DEFINITIONAL_REPRESENTATION('',(#8821),#8825);
#8821 = LINE('',#8822,#8823);
#8822 = CARTESIAN_POINT('',(0.,-1.25));
#8823 = VECTOR('',#8824,1.);
#8824 = DIRECTION('',(1.,0.));
#8825 = ( GEOMETRIC_REPRESENTATION_CONTEXT(2) 
PARAMETRIC_REPRESENTATION_CONTEXT() REPRESENTATION_CONTEXT('2D SPACE',''
  ) );
#8826 = ADVANCED_FACE('',(#8827),#7998,.T.);
#8827 = FACE_BOUND('',#8828,.T.);
#8828 = EDGE_LOOP('',(#8829,#8857,#8878,#8879));
#8829 = ORIENTED_EDGE('',*,*,#8830,.T.);
#8830 = EDGE_CURVE('',#8831,#8833,#8835,.T.);
#8831 = VERTEX_POINT('',#8832);
#8832 = CARTESIAN_POINT('',(3.232011764328,3.34570062036,1.5));
#8833 = VERTEX_POINT('',#8834);
#8834 = CARTESIAN_POINT('',(4.607105546806,3.34570062036,1.5));
#8835 = SURFACE_CURVE('',#8836,(#8840,#8846),.PCURVE_S1.);
#8836 = LINE('',#8837,#8838);
#8837 = CARTESIAN_POINT('',(-17.69644722659,3.34570062036,1.5));
#8838 = VECTOR('',#8839,1.);
#8839 = DIRECTION('',(1.,0.,-0.));
#8840 = PCURVE('',#7998,#8841);
#8841 = DEFINITIONAL_REPRESENTATION('',(#8842),#8845);
#8842 = B_SPLINE_CURVE_WITH_KNOTS('',1,(#8843,#8844),.UNSPECIFIED.,.F.,
  .F.,(2,2),(20.928458990925,22.303552773403),.PIECEWISE_BEZIER_KNOTS.);
#8843 = CARTESIAN_POINT('',(1.375093782478,-5.E-02));
#8844 = CARTESIAN_POINT('',(0.,-5.E-02));
#8845 = ( GEOMETRIC_REPRESENTATION_CONTEXT(2) 
PARAMETRIC_REPRESENTATION_CONTEXT() REPRESENTATION_CONTEXT('2D SPACE',''
  ) );
#8846 = PCURVE('',#8847,#8852);
#8847 = PLANE('',#8848);
#8848 = AXIS2_PLACEMENT_3D('',#8849,#8850,#8851);
#8849 = CARTESIAN_POINT('',(-40.,-15.,1.5));
#8850 = DIRECTION('',(0.,0.,1.));
#8851 = DIRECTION('',(1.,0.,0.));
#8852 = DEFINITIONAL_REPRESENTATION('',(#8853),#8856);
#8853 = B_SPLINE_CURVE_WITH_KNOTS('',1,(#8854,#8855),.UNSPECIFIED.,.F.,
  .F.,(2,2),(20.928458990925,22.303552773403),.PIECEWISE_BEZIER_KNOTS.);
#8854 = CARTESIAN_POINT('',(43.232011764328,18.34570062036));
#8855 = CARTESIAN_POINT('',(44.607105546806,18.34570062036));
#8856 = ( GEOMETRIC_REPRESENTATION_CONTEXT(2) 
PARAMETRIC_REPRESENTATION_CONTEXT() REPRESENTATION_CONTEXT('2D SPACE',''
  ) );
#8857 = ORIENTED_EDGE('',*,*,#8858,.T.);
#8858 = EDGE_CURVE('',#8833,#7981,#8859,.T.);
#8859 = SURFACE_CURVE('',#8860,(#8864,#8871),.PCURVE_S1.);
#8860 = LINE('',#8861,#8862);
#8861 = CARTESIAN_POINT('',(4.607105546806,3.34570062036,1.45));
#8862 = VECTOR('',#8863,1.);
#8863 = DIRECTION('',(0.,0.,1.));
#8864 = PCURVE('',#7998,#8865);
#8865 = DEFINITIONAL_REPRESENTATION('',(#8866),#8870);
#8866 = LINE('',#8867,#8868);
#8867 = CARTESIAN_POINT('',(0.,-0.));
#8868 = VECTOR('',#8869,1.);
#8869 = DIRECTION('',(0.,-1.));
#8870 = ( GEOMETRIC_REPRESENTATION_CONTEXT(2) 
PARAMETRIC_REPRESENTATION_CONTEXT() REPRESENTATION_CONTEXT('2D SPACE',''
  ) );
#8871 = PCURVE('',#8170,#8872);
#8872 = DEFINITIONAL_REPRESENTATION('',(#8873),#8877);
#8873 = LINE('',#8874,#8875);
#8874 = CARTESIAN_POINT('',(1.,0.));
#8875 = VECTOR('',#8876,1.);
#8876 = DIRECTION('',(0.,-1.));
#8877 = ( GEOMETRIC_REPRESENTATION_CONTEXT(2) 
PARAMETRIC_REPRESENTATION_CONTEXT() REPRESENTATION_CONTEXT('2D SPACE',''
  ) );
#8878 = ORIENTED_EDGE('',*,*,#7980,.T.);
#8879 = ORIENTED_EDGE('',*,*,#8880,.F.);
#8880 = EDGE_CURVE('',#8831,#7983,#8881,.T.);
#8881 = SURFACE_CURVE('',#8882,(#8886,#8893),.PCURVE_S1.);
#8882 = LINE('',#8883,#8884);
#8883 = CARTESIAN_POINT('',(3.232011764328,3.34570062036,1.45));
#8884 = VECTOR('',#8885,1.);
#8885 = DIRECTION('',(0.,0.,1.));
#8886 = PCURVE('',#7998,#8887);
#8887 = DEFINITIONAL_REPRESENTATION('',(#8888),#8892);
#8888 = LINE('',#8889,#8890);
#8889 = CARTESIAN_POINT('',(1.375093782478,0.));
#8890 = VECTOR('',#8891,1.);
#8891 = DIRECTION('',(0.,-1.));
#8892 = ( GEOMETRIC_REPRESENTATION_CONTEXT(2) 
PARAMETRIC_REPRESENTATION_CONTEXT() REPRESENTATION_CONTEXT('2D SPACE',''
  ) );
#8893 = PCURVE('',#8026,#8894);
#8894 = DEFINITIONAL_REPRESENTATION('',(#8895),#8899);
#8895 = LINE('',#8896,#8897);
#8896 = CARTESIAN_POINT('',(0.,0.));
#8897 = VECTOR('',#8898,1.);
#8898 = DIRECTION('',(0.,-1.));
#8899 = ( GEOMETRIC_REPRESENTATION_CONTEXT(2) 
PARAMETRIC_REPRESENTATION_CONTEXT() REPRESENTATION_CONTEXT('2D SPACE',''
  ) );
#8900 = ADVANCED_FACE('',(#8901),#8026,.T.);
#8901 = FACE_BOUND('',#8902,.T.);
#8902 = EDGE_LOOP('',(#8903,#8924,#8925,#8926));
#8903 = ORIENTED_EDGE('',*,*,#8904,.T.);
#8904 = EDGE_CURVE('',#8905,#8831,#8907,.T.);
#8905 = VERTEX_POINT('',#8906);
#8906 = CARTESIAN_POINT('',(3.232011764328,0.476410444323,1.5));
#8907 = SURFACE_CURVE('',#8908,(#8912,#8918),.PCURVE_S1.);
#8908 = LINE('',#8909,#8910);
#8909 = CARTESIAN_POINT('',(3.232011764328,-5.82714968982,1.5));
#8910 = VECTOR('',#8911,1.);
#8911 = DIRECTION('',(0.,1.,0.));
#8912 = PCURVE('',#8026,#8913);
#8913 = DEFINITIONAL_REPRESENTATION('',(#8914),#8917);
#8914 = B_SPLINE_CURVE_WITH_KNOTS('',1,(#8915,#8916),.UNSPECIFIED.,.F.,
  .F.,(2,2),(6.303560134143,9.17285031018),.PIECEWISE_BEZIER_KNOTS.);
#8915 = CARTESIAN_POINT('',(2.869290176037,-5.E-02));
#8916 = CARTESIAN_POINT('',(0.,-5.E-02));
#8917 = ( GEOMETRIC_REPRESENTATION_CONTEXT(2) 
PARAMETRIC_REPRESENTATION_CONTEXT() REPRESENTATION_CONTEXT('2D SPACE',''
  ) );
#8918 = PCURVE('',#8847,#8919);
#8919 = DEFINITIONAL_REPRESENTATION('',(#8920),#8923);
#8920 = B_SPLINE_CURVE_WITH_KNOTS('',1,(#8921,#8922),.UNSPECIFIED.,.F.,
  .F.,(2,2),(6.303560134143,9.17285031018),.PIECEWISE_BEZIER_KNOTS.);
#8921 = CARTESIAN_POINT('',(43.232011764328,15.476410444323));
#8922 = CARTESIAN_POINT('',(43.232011764328,18.34570062036));
#8923 = ( GEOMETRIC_REPRESENTATION_CONTEXT(2) 
PARAMETRIC_REPRESENTATION_CONTEXT() REPRESENTATION_CONTEXT('2D SPACE',''
  ) );
#8924 = ORIENTED_EDGE('',*,*,#8880,.T.);
#8925 = ORIENTED_EDGE('',*,*,#8010,.T.);
#8926 = ORIENTED_EDGE('',*,*,#8927,.F.);
#8927 = EDGE_CURVE('',#8905,#8011,#8928,.T.);
#8928 = SURFACE_CURVE('',#8929,(#8933,#8940),.PCURVE_S1.);
#8929 = LINE('',#8930,#8931);
#8930 = CARTESIAN_POINT('',(3.232011764328,0.476410444323,1.45));
#8931 = VECTOR('',#8932,1.);
#8932 = DIRECTION('',(0.,0.,1.));
#8933 = PCURVE('',#8026,#8934);
#8934 = DEFINITIONAL_REPRESENTATION('',(#8935),#8939);
#8935 = LINE('',#8936,#8937);
#8936 = CARTESIAN_POINT('',(2.869290176037,0.));
#8937 = VECTOR('',#8938,1.);
#8938 = DIRECTION('',(0.,-1.));
#8939 = ( GEOMETRIC_REPRESENTATION_CONTEXT(2) 
PARAMETRIC_REPRESENTATION_CONTEXT() REPRESENTATION_CONTEXT('2D SPACE',''
  ) );
#8940 = PCURVE('',#8054,#8941);
#8941 = DEFINITIONAL_REPRESENTATION('',(#8942),#8946);
#8942 = LINE('',#8943,#8944);
#8943 = CARTESIAN_POINT('',(0.,0.));
#8944 = VECTOR('',#8945,1.);
#8945 = DIRECTION('',(0.,-1.));
#8946 = ( GEOMETRIC_REPRESENTATION_CONTEXT(2) 
PARAMETRIC_REPRESENTATION_CONTEXT() REPRESENTATION_CONTEXT('2D SPACE',''
  ) );
#8947 = ADVANCED_FACE('',(#8948),#8054,.T.);
#8948 = FACE_BOUND('',#8949,.T.);
#8949 = EDGE_LOOP('',(#8950,#8971,#8972,#8973));
#8950 = ORIENTED_EDGE('',*,*,#8951,.T.);
#8951 = EDGE_CURVE('',#8952,#8905,#8954,.T.);
#8952 = VERTEX_POINT('',#8953);
#8953 = CARTESIAN_POINT('',(4.607105546806,0.476410444323,1.5));
#8954 = SURFACE_CURVE('',#8955,(#8959,#8965),.PCURVE_S1.);
#8955 = LINE('',#8956,#8957);
#8956 = CARTESIAN_POINT('',(-18.38399411783,0.476410444323,1.5));
#8957 = VECTOR('',#8958,1.);
#8958 = DIRECTION('',(-1.,0.,0.));
#8959 = PCURVE('',#8054,#8960);
#8960 = DEFINITIONAL_REPRESENTATION('',(#8961),#8964);
#8961 = B_SPLINE_CURVE_WITH_KNOTS('',1,(#8962,#8963),.UNSPECIFIED.,.F.,
  .F.,(2,2),(-22.99109966464,-21.61600588216),.PIECEWISE_BEZIER_KNOTS.);
#8962 = CARTESIAN_POINT('',(1.375093782478,-5.E-02));
#8963 = CARTESIAN_POINT('',(0.,-5.E-02));
#8964 = ( GEOMETRIC_REPRESENTATION_CONTEXT(2) 
PARAMETRIC_REPRESENTATION_CONTEXT() REPRESENTATION_CONTEXT('2D SPACE',''
  ) );
#8965 = PCURVE('',#8847,#8966);
#8966 = DEFINITIONAL_REPRESENTATION('',(#8967),#8970);
#8967 = B_SPLINE_CURVE_WITH_KNOTS('',1,(#8968,#8969),.UNSPECIFIED.,.F.,
  .F.,(2,2),(-22.99109966464,-21.61600588216),.PIECEWISE_BEZIER_KNOTS.);
#8968 = CARTESIAN_POINT('',(44.607105546806,15.476410444323));
#8969 = CARTESIAN_POINT('',(43.232011764328,15.476410444323));
#8970 = ( GEOMETRIC_REPRESENTATION_CONTEXT(2) 
PARAMETRIC_REPRESENTATION_CONTEXT() REPRESENTATION_CONTEXT('2D SPACE',''
  ) );
#8971 = ORIENTED_EDGE('',*,*,#8927,.T.);
#8972 = ORIENTED_EDGE('',*,*,#8038,.T.);
#8973 = ORIENTED_EDGE('',*,*,#8974,.F.);
#8974 = EDGE_CURVE('',#8952,#8039,#8975,.T.);
#8975 = SURFACE_CURVE('',#8976,(#8980,#8987),.PCURVE_S1.);
#8976 = LINE('',#8977,#8978);
#8977 = CARTESIAN_POINT('',(4.607105546806,0.476410444323,1.45));
#8978 = VECTOR('',#8979,1.);
#8979 = DIRECTION('',(0.,0.,1.));
#8980 = PCURVE('',#8054,#8981);
#8981 = DEFINITIONAL_REPRESENTATION('',(#8982),#8986);
#8982 = LINE('',#8983,#8984);
#8983 = CARTESIAN_POINT('',(1.375093782478,0.));
#8984 = VECTOR('',#8985,1.);
#8985 = DIRECTION('',(0.,-1.));
#8986 = ( GEOMETRIC_REPRESENTATION_CONTEXT(2) 
PARAMETRIC_REPRESENTATION_CONTEXT() REPRESENTATION_CONTEXT('2D SPACE',''
  ) );
#8987 = PCURVE('',#8082,#8988);
#8988 = DEFINITIONAL_REPRESENTATION('',(#8989),#8993);
#8989 = LINE('',#8990,#8991);
#8990 = CARTESIAN_POINT('',(0.,0.));
#8991 = VECTOR('',#8992,1.);
#8992 = DIRECTION('',(0.,-1.));
#8993 = ( GEOMETRIC_REPRESENTATION_CONTEXT(2) 
PARAMETRIC_REPRESENTATION_CONTEXT() REPRESENTATION_CONTEXT('2D SPACE',''
  ) );
#8994 = ADVANCED_FACE('',(#8995),#8082,.T.);
#8995 = FACE_BOUND('',#8996,.T.);
#8996 = EDGE_LOOP('',(#8997,#9047,#9048,#9049));
#8997 = ORIENTED_EDGE('',*,*,#8998,.T.);
#8998 = EDGE_CURVE('',#8999,#8952,#9001,.T.);
#8999 = VERTEX_POINT('',#9000);
#9000 = CARTESIAN_POINT('',(5.800838535138,0.841838910139,1.5));
#9001 = SURFACE_CURVE('',#9002,(#9015,#9031),.PCURVE_S1.);
#9002 = B_SPLINE_CURVE_WITH_KNOTS('',6,(#9003,#9004,#9005,#9006,#9007,
    #9008,#9009,#9010,#9011,#9012,#9013,#9014),.UNSPECIFIED.,.F.,.F.,(7,
    5,7),(0.,0.537598181684,1.),.UNSPECIFIED.);
#9003 = CARTESIAN_POINT('',(5.800838535138,0.841838910139,1.5));
#9004 = CARTESIAN_POINT('',(5.721391291565,0.769856508244,1.5));
#9005 = CARTESIAN_POINT('',(5.633305141853,0.706719257018,1.5));
#9006 = CARTESIAN_POINT('',(5.53752086991,0.652986712694,1.5));
#9007 = CARTESIAN_POINT('',(5.435307940217,0.608420899128,1.5));
#9008 = CARTESIAN_POINT('',(5.327939554645,0.5724314822,1.5));
#9009 = CARTESIAN_POINT('',(5.120708342492,0.520090009336,1.5));
#9010 = CARTESIAN_POINT('',(5.021861789154,0.501686680181,1.5));
#9011 = CARTESIAN_POINT('',(4.920613516125,0.48860671433,1.5));
#9012 = CARTESIAN_POINT('',(4.817491400277,0.480338302071,1.5));
#9013 = CARTESIAN_POINT('',(4.712898376522,0.476410444323,1.5));
#9014 = CARTESIAN_POINT('',(4.607105546806,0.476410444323,1.5));
#9015 = PCURVE('',#8082,#9016);
#9016 = DEFINITIONAL_REPRESENTATION('',(#9017),#9030);
#9017 = B_SPLINE_CURVE_WITH_KNOTS('',6,(#9018,#9019,#9020,#9021,#9022,
    #9023,#9024,#9025,#9026,#9027,#9028,#9029),.UNSPECIFIED.,.F.,.F.,(7,
    5,7),(0.,0.537598181684,1.),.UNSPECIFIED.);
#9018 = CARTESIAN_POINT('',(1.,-5.E-02));
#9019 = CARTESIAN_POINT('',(0.901509585831,-5.E-02));
#9020 = CARTESIAN_POINT('',(0.803481212397,-5.E-02));
#9021 = CARTESIAN_POINT('',(0.706884947416,-5.E-02));
#9022 = CARTESIAN_POINT('',(0.612364373533,-5.E-02));
#9023 = CARTESIAN_POINT('',(0.520329332748,-5.E-02));
#9024 = CARTESIAN_POINT('',(0.354165577379,-5.E-02));
#9025 = CARTESIAN_POINT('',(0.27930524282,-5.E-02));
#9026 = CARTESIAN_POINT('',(0.206492648925,-5.E-02));
#9027 = CARTESIAN_POINT('',(0.135718773584,-5.E-02));
#9028 = CARTESIAN_POINT('',(6.692290435558E-02,-5.E-02));
#9029 = CARTESIAN_POINT('',(0.,-5.E-02));
#9030 = ( GEOMETRIC_REPRESENTATION_CONTEXT(2) 
PARAMETRIC_REPRESENTATION_CONTEXT() REPRESENTATION_CONTEXT('2D SPACE',''
  ) );
#9031 = PCURVE('',#8847,#9032);
#9032 = DEFINITIONAL_REPRESENTATION('',(#9033),#9046);
#9033 = B_SPLINE_CURVE_WITH_KNOTS('',6,(#9034,#9035,#9036,#9037,#9038,
    #9039,#9040,#9041,#9042,#9043,#9044,#9045),.UNSPECIFIED.,.F.,.F.,(7,
    5,7),(0.,0.537598181684,1.),.UNSPECIFIED.);
#9034 = CARTESIAN_POINT('',(45.800838535138,15.841838910139));
#9035 = CARTESIAN_POINT('',(45.721391291565,15.769856508244));
#9036 = CARTESIAN_POINT('',(45.633305141853,15.706719257018));
#9037 = CARTESIAN_POINT('',(45.53752086991,15.652986712694));
#9038 = CARTESIAN_POINT('',(45.435307940217,15.608420899128));
#9039 = CARTESIAN_POINT('',(45.327939554645,15.5724314822));
#9040 = CARTESIAN_POINT('',(45.120708342492,15.520090009336));
#9041 = CARTESIAN_POINT('',(45.021861789154,15.501686680181));
#9042 = CARTESIAN_POINT('',(44.920613516125,15.48860671433));
#9043 = CARTESIAN_POINT('',(44.817491400277,15.480338302071));
#9044 = CARTESIAN_POINT('',(44.712898376522,15.476410444323));
#9045 = CARTESIAN_POINT('',(44.607105546806,15.476410444323));
#9046 = ( GEOMETRIC_REPRESENTATION_CONTEXT(2) 
PARAMETRIC_REPRESENTATION_CONTEXT() REPRESENTATION_CONTEXT('2D SPACE',''
  ) );
#9047 = ORIENTED_EDGE('',*,*,#8974,.T.);
#9048 = ORIENTED_EDGE('',*,*,#8066,.T.);
#9049 = ORIENTED_EDGE('',*,*,#9050,.F.);
#9050 = EDGE_CURVE('',#8999,#8067,#9051,.T.);
#9051 = SURFACE_CURVE('',#9052,(#9056,#9063),.PCURVE_S1.);
#9052 = LINE('',#9053,#9054);
#9053 = CARTESIAN_POINT('',(5.800838535138,0.841838910139,1.45));
#9054 = VECTOR('',#9055,1.);
#9055 = DIRECTION('',(0.,0.,1.));
#9056 = PCURVE('',#8082,#9057);
#9057 = DEFINITIONAL_REPRESENTATION('',(#9058),#9062);
#9058 = LINE('',#9059,#9060);
#9059 = CARTESIAN_POINT('',(1.,0.));
#9060 = VECTOR('',#9061,1.);
#9061 = DIRECTION('',(0.,-1.));
#9062 = ( GEOMETRIC_REPRESENTATION_CONTEXT(2) 
PARAMETRIC_REPRESENTATION_CONTEXT() REPRESENTATION_CONTEXT('2D SPACE',''
  ) );
#9063 = PCURVE('',#8112,#9064);
#9064 = DEFINITIONAL_REPRESENTATION('',(#9065),#9069);
#9065 = LINE('',#9066,#9067);
#9066 = CARTESIAN_POINT('',(0.,0.));
#9067 = VECTOR('',#9068,1.);
#9068 = DIRECTION('',(0.,-1.));
#9069 = ( GEOMETRIC_REPRESENTATION_CONTEXT(2) 
PARAMETRIC_REPRESENTATION_CONTEXT() REPRESENTATION_CONTEXT('2D SPACE',''
  ) );
#9070 = ADVANCED_FACE('',(#9071),#8112,.T.);
#9071 = FACE_BOUND('',#9072,.T.);
#9072 = EDGE_LOOP('',(#9073,#9141,#9142,#9143));
#9073 = ORIENTED_EDGE('',*,*,#9074,.T.);
#9074 = EDGE_CURVE('',#9075,#8999,#9077,.T.);
#9075 = VERTEX_POINT('',#9076);
#9076 = CARTESIAN_POINT('',(6.204163286298,1.91646928739,1.5));
#9077 = SURFACE_CURVE('',#9078,(#9097,#9119),.PCURVE_S1.);
#9078 = B_SPLINE_CURVE_WITH_KNOTS('',5,(#9079,#9080,#9081,#9082,#9083,
    #9084,#9085,#9086,#9087,#9088,#9089,#9090,#9091,#9092,#9093,#9094,
    #9095,#9096),.UNSPECIFIED.,.F.,.F.,(6,4,4,4,6),(0.,0.343389068718,
    0.659161626293,0.87455693934,1.),.UNSPECIFIED.);
#9079 = CARTESIAN_POINT('',(6.204163286298,1.91646928739,1.5));
#9080 = CARTESIAN_POINT('',(6.204163286298,1.829428595179,1.5));
#9081 = CARTESIAN_POINT('',(6.200365975997,1.743464577139,1.5));
#9082 = CARTESIAN_POINT('',(6.192396469519,1.658858335226,1.5));
#9083 = CARTESIAN_POINT('',(6.179838950805,1.576007882572,1.5));
#9084 = CARTESIAN_POINT('',(6.146257900518,1.421250041382,1.5));
#9085 = CARTESIAN_POINT('',(6.12599621825,1.348997074903,1.5));
#9086 = CARTESIAN_POINT('',(6.101295181547,1.279010860608,1.5));
#9087 = CARTESIAN_POINT('',(6.071946095421,1.211724001415,1.5));
#9088 = CARTESIAN_POINT('',(6.01472241479,1.103767230952,1.5));
#9089 = CARTESIAN_POINT('',(5.989343839297,1.061433554011,1.5));
#9090 = CARTESIAN_POINT('',(5.961785257301,1.020674689016,1.5));
#9091 = CARTESIAN_POINT('',(5.932075730739,0.981602222942,1.5));
#9092 = CARTESIAN_POINT('',(5.881776462743,0.92257879403,1.5));
#9093 = CARTESIAN_POINT('',(5.862559219323,0.901456358223,1.5));
#9094 = CARTESIAN_POINT('',(5.842651219318,0.880951190847,1.5));
#9095 = CARTESIAN_POINT('',(5.822070421964,0.861075854579,1.5));
#9096 = CARTESIAN_POINT('',(5.800838535138,0.841838910139,1.5));
#9097 = PCURVE('',#8112,#9098);
#9098 = DEFINITIONAL_REPRESENTATION('',(#9099),#9118);
#9099 = B_SPLINE_CURVE_WITH_KNOTS('',5,(#9100,#9101,#9102,#9103,#9104,
    #9105,#9106,#9107,#9108,#9109,#9110,#9111,#9112,#9113,#9114,#9115,
    #9116,#9117),.UNSPECIFIED.,.F.,.F.,(6,4,4,4,6),(0.,0.343389068718,
    0.659161626293,0.87455693934,1.),.UNSPECIFIED.);
#9100 = CARTESIAN_POINT('',(1.,-5.E-02));
#9101 = CARTESIAN_POINT('',(0.938634759151,-5.E-02));
#9102 = CARTESIAN_POINT('',(0.875746708362,-5.E-02));
#9103 = CARTESIAN_POINT('',(0.811308752639,-5.E-02));
#9104 = CARTESIAN_POINT('',(0.745351625634,-5.E-02));
#9105 = CARTESIAN_POINT('',(0.616065020058,-5.E-02));
#9106 = CARTESIAN_POINT('',(0.552949714304,-5.E-02));
#9107 = CARTESIAN_POINT('',(0.48876480688,-5.E-02));
#9108 = CARTESIAN_POINT('',(0.423689881306,-5.E-02));
#9109 = CARTESIAN_POINT('',(0.313191506644,-5.E-02));
#9110 = CARTESIAN_POINT('',(0.268094983932,-5.E-02));
#9111 = CARTESIAN_POINT('',(0.222798719511,-5.E-02));
#9112 = CARTESIAN_POINT('',(0.177398848127,-5.E-02));
#9113 = CARTESIAN_POINT('',(0.10556037892,-5.E-02));
#9114 = CARTESIAN_POINT('',(7.912063497345E-02,-5.E-02));
#9115 = CARTESIAN_POINT('',(5.270098597449E-02,-5.E-02));
#9116 = CARTESIAN_POINT('',(2.632108092181E-02,-5.E-02));
#9117 = CARTESIAN_POINT('',(0.,-5.E-02));
#9118 = ( GEOMETRIC_REPRESENTATION_CONTEXT(2) 
PARAMETRIC_REPRESENTATION_CONTEXT() REPRESENTATION_CONTEXT('2D SPACE',''
  ) );
#9119 = PCURVE('',#8847,#9120);
#9120 = DEFINITIONAL_REPRESENTATION('',(#9121),#9140);
#9121 = B_SPLINE_CURVE_WITH_KNOTS('',5,(#9122,#9123,#9124,#9125,#9126,
    #9127,#9128,#9129,#9130,#9131,#9132,#9133,#9134,#9135,#9136,#9137,
    #9138,#9139),.UNSPECIFIED.,.F.,.F.,(6,4,4,4,6),(0.,0.343389068718,
    0.659161626293,0.87455693934,1.),.UNSPECIFIED.);
#9122 = CARTESIAN_POINT('',(46.204163286298,16.91646928739));
#9123 = CARTESIAN_POINT('',(46.204163286298,16.829428595179));
#9124 = CARTESIAN_POINT('',(46.200365975997,16.743464577139));
#9125 = CARTESIAN_POINT('',(46.192396469519,16.658858335226));
#9126 = CARTESIAN_POINT('',(46.179838950805,16.576007882572));
#9127 = CARTESIAN_POINT('',(46.146257900518,16.421250041382));
#9128 = CARTESIAN_POINT('',(46.12599621825,16.348997074903));
#9129 = CARTESIAN_POINT('',(46.101295181547,16.279010860608));
#9130 = CARTESIAN_POINT('',(46.071946095421,16.211724001415));
#9131 = CARTESIAN_POINT('',(46.01472241479,16.103767230952));
#9132 = CARTESIAN_POINT('',(45.989343839297,16.061433554011));
#9133 = CARTESIAN_POINT('',(45.961785257301,16.020674689016));
#9134 = CARTESIAN_POINT('',(45.932075730739,15.981602222942));
#9135 = CARTESIAN_POINT('',(45.881776462743,15.92257879403));
#9136 = CARTESIAN_POINT('',(45.862559219323,15.901456358223));
#9137 = CARTESIAN_POINT('',(45.842651219318,15.880951190847));
#9138 = CARTESIAN_POINT('',(45.822070421964,15.861075854579));
#9139 = CARTESIAN_POINT('',(45.800838535138,15.841838910139));
#9140 = ( GEOMETRIC_REPRESENTATION_CONTEXT(2) 
PARAMETRIC_REPRESENTATION_CONTEXT() REPRESENTATION_CONTEXT('2D SPACE',''
  ) );
#9141 = ORIENTED_EDGE('',*,*,#9050,.T.);
#9142 = ORIENTED_EDGE('',*,*,#8096,.T.);
#9143 = ORIENTED_EDGE('',*,*,#9144,.F.);
#9144 = EDGE_CURVE('',#9075,#8097,#9145,.T.);
#9145 = SURFACE_CURVE('',#9146,(#9150,#9157),.PCURVE_S1.);
#9146 = LINE('',#9147,#9148);
#9147 = CARTESIAN_POINT('',(6.204163286298,1.91646928739,1.45));
#9148 = VECTOR('',#9149,1.);
#9149 = DIRECTION('',(0.,0.,1.));
#9150 = PCURVE('',#8112,#9151);
#9151 = DEFINITIONAL_REPRESENTATION('',(#9152),#9156);
#9152 = LINE('',#9153,#9154);
#9153 = CARTESIAN_POINT('',(1.,0.));
#9154 = VECTOR('',#9155,1.);
#9155 = DIRECTION('',(0.,-1.));
#9156 = ( GEOMETRIC_REPRESENTATION_CONTEXT(2) 
PARAMETRIC_REPRESENTATION_CONTEXT() REPRESENTATION_CONTEXT('2D SPACE',''
  ) );
#9157 = PCURVE('',#8142,#9158);
#9158 = DEFINITIONAL_REPRESENTATION('',(#9159),#9163);
#9159 = LINE('',#9160,#9161);
#9160 = CARTESIAN_POINT('',(0.,0.));
#9161 = VECTOR('',#9162,1.);
#9162 = DIRECTION('',(0.,-1.));
#9163 = ( GEOMETRIC_REPRESENTATION_CONTEXT(2) 
PARAMETRIC_REPRESENTATION_CONTEXT() REPRESENTATION_CONTEXT('2D SPACE',''
  ) );
#9164 = ADVANCED_FACE('',(#9165),#8142,.T.);
#9165 = FACE_BOUND('',#9166,.T.);
#9166 = EDGE_LOOP('',(#9167,#9235,#9236,#9237));
#9167 = ORIENTED_EDGE('',*,*,#9168,.T.);
#9168 = EDGE_CURVE('',#9169,#9075,#9171,.T.);
#9169 = VERTEX_POINT('',#9170);
#9170 = CARTESIAN_POINT('',(5.800838535138,2.985685909593,1.5));
#9171 = SURFACE_CURVE('',#9172,(#9191,#9213),.PCURVE_S1.);
#9172 = B_SPLINE_CURVE_WITH_KNOTS('',5,(#9173,#9174,#9175,#9176,#9177,
    #9178,#9179,#9180,#9181,#9182,#9183,#9184,#9185,#9186,#9187,#9188,
    #9189,#9190),.UNSPECIFIED.,.F.,.F.,(6,4,4,4,6),(0.,0.123374010707,
    0.342341529775,0.654093136716,1.),.UNSPECIFIED.);
#9173 = CARTESIAN_POINT('',(5.800838535138,2.985685909593,1.5));
#9174 = CARTESIAN_POINT('',(5.82174939016,2.967020515513,1.5));
#9175 = CARTESIAN_POINT('',(5.842028918409,2.947727212775,1.5));
#9176 = CARTESIAN_POINT('',(5.861656045107,2.927814151807,1.5));
#9177 = CARTESIAN_POINT('',(5.880613292957,2.907293375879,1.5));
#9178 = CARTESIAN_POINT('',(5.931319063217,2.848709689912,1.5));
#9179 = CARTESIAN_POINT('',(5.961598635827,2.809373248339,1.5));
#9180 = CARTESIAN_POINT('',(5.989646071222,2.768262778621,1.5));
#9181 = CARTESIAN_POINT('',(6.015430951491,2.725498298437,1.5));
#9182 = CARTESIAN_POINT('',(6.072462676231,2.618181051298,1.5));
#9183 = CARTESIAN_POINT('',(6.101396216272,2.552070024958,1.5));
#9184 = CARTESIAN_POINT('',(6.125787685375,2.483290259358,1.5));
#9185 = CARTESIAN_POINT('',(6.145843680872,2.412267161937,1.5));
#9186 = CARTESIAN_POINT('',(6.179554829985,2.258498625206,1.5));
#9187 = CARTESIAN_POINT('',(6.192268129617,2.175320302903,1.5));
#9188 = CARTESIAN_POINT('',(6.20032707984,2.090334478052,1.5));
#9189 = CARTESIAN_POINT('',(6.204163286298,2.003954404625,1.5));
#9190 = CARTESIAN_POINT('',(6.204163286298,1.91646928739,1.5));
#9191 = PCURVE('',#8142,#9192);
#9192 = DEFINITIONAL_REPRESENTATION('',(#9193),#9212);
#9193 = B_SPLINE_CURVE_WITH_KNOTS('',5,(#9194,#9195,#9196,#9197,#9198,
    #9199,#9200,#9201,#9202,#9203,#9204,#9205,#9206,#9207,#9208,#9209,
    #9210,#9211),.UNSPECIFIED.,.F.,.F.,(6,4,4,4,6),(0.,0.123374010707,
    0.342341529775,0.654093136716,1.),.UNSPECIFIED.);
#9194 = CARTESIAN_POINT('',(1.,-5.E-02));
#9195 = CARTESIAN_POINT('',(0.974076900858,-5.E-02));
#9196 = CARTESIAN_POINT('',(0.948096467032,-5.E-02));
#9197 = CARTESIAN_POINT('',(0.92207730844,-5.E-02));
#9198 = CARTESIAN_POINT('',(0.896038583673,-5.E-02));
#9199 = CARTESIAN_POINT('',(0.82378601997,-5.E-02));
#9200 = CARTESIAN_POINT('',(0.77757094288,-5.E-02));
#9201 = CARTESIAN_POINT('',(0.731467606418,-5.E-02));
#9202 = CARTESIAN_POINT('',(0.685579191814,-5.E-02));
#9203 = CARTESIAN_POINT('',(0.575107333035,-5.E-02));
#9204 = CARTESIAN_POINT('',(0.510837293529,-5.E-02));
#9205 = CARTESIAN_POINT('',(0.447458155264,-5.E-02));
#9206 = CARTESIAN_POINT('',(0.385143734251,-5.E-02));
#9207 = CARTESIAN_POINT('',(0.256157407201,-5.E-02));
#9208 = CARTESIAN_POINT('',(0.189755204074,-5.E-02));
#9209 = CARTESIAN_POINT('',(0.124919622481,-5.E-02));
#9210 = CARTESIAN_POINT('',(6.16785684189E-02,-5.E-02));
#9211 = CARTESIAN_POINT('',(0.,-5.E-02));
#9212 = ( GEOMETRIC_REPRESENTATION_CONTEXT(2) 
PARAMETRIC_REPRESENTATION_CONTEXT() REPRESENTATION_CONTEXT('2D SPACE',''
  ) );
#9213 = PCURVE('',#8847,#9214);
#9214 = DEFINITIONAL_REPRESENTATION('',(#9215),#9234);
#9215 = B_SPLINE_CURVE_WITH_KNOTS('',5,(#9216,#9217,#9218,#9219,#9220,
    #9221,#9222,#9223,#9224,#9225,#9226,#9227,#9228,#9229,#9230,#9231,
    #9232,#9233),.UNSPECIFIED.,.F.,.F.,(6,4,4,4,6),(0.,0.123374010707,
    0.342341529775,0.654093136716,1.),.UNSPECIFIED.);
#9216 = CARTESIAN_POINT('',(45.800838535138,17.985685909593));
#9217 = CARTESIAN_POINT('',(45.82174939016,17.967020515513));
#9218 = CARTESIAN_POINT('',(45.842028918409,17.947727212775));
#9219 = CARTESIAN_POINT('',(45.861656045107,17.927814151807));
#9220 = CARTESIAN_POINT('',(45.880613292957,17.907293375879));
#9221 = CARTESIAN_POINT('',(45.931319063217,17.848709689912));
#9222 = CARTESIAN_POINT('',(45.961598635827,17.809373248339));
#9223 = CARTESIAN_POINT('',(45.989646071222,17.768262778621));
#9224 = CARTESIAN_POINT('',(46.015430951491,17.725498298437));
#9225 = CARTESIAN_POINT('',(46.072462676231,17.618181051298));
#9226 = CARTESIAN_POINT('',(46.101396216272,17.552070024958));
#9227 = CARTESIAN_POINT('',(46.125787685375,17.483290259358));
#9228 = CARTESIAN_POINT('',(46.145843680872,17.412267161937));
#9229 = CARTESIAN_POINT('',(46.179554829985,17.258498625206));
#9230 = CARTESIAN_POINT('',(46.192268129617,17.175320302903));
#9231 = CARTESIAN_POINT('',(46.20032707984,17.090334478052));
#9232 = CARTESIAN_POINT('',(46.204163286298,17.003954404625));
#9233 = CARTESIAN_POINT('',(46.204163286298,16.91646928739));
#9234 = ( GEOMETRIC_REPRESENTATION_CONTEXT(2) 
PARAMETRIC_REPRESENTATION_CONTEXT() REPRESENTATION_CONTEXT('2D SPACE',''
  ) );
#9235 = ORIENTED_EDGE('',*,*,#9144,.T.);
#9236 = ORIENTED_EDGE('',*,*,#8126,.T.);
#9237 = ORIENTED_EDGE('',*,*,#9238,.F.);
#9238 = EDGE_CURVE('',#9169,#8127,#9239,.T.);
#9239 = SURFACE_CURVE('',#9240,(#9244,#9251),.PCURVE_S1.);
#9240 = LINE('',#9241,#9242);
#9241 = CARTESIAN_POINT('',(5.800838535138,2.985685909593,1.45));
#9242 = VECTOR('',#9243,1.);
#9243 = DIRECTION('',(0.,0.,1.));
#9244 = PCURVE('',#8142,#9245);
#9245 = DEFINITIONAL_REPRESENTATION('',(#9246),#9250);
#9246 = LINE('',#9247,#9248);
#9247 = CARTESIAN_POINT('',(1.,0.));
#9248 = VECTOR('',#9249,1.);
#9249 = DIRECTION('',(0.,-1.));
#9250 = ( GEOMETRIC_REPRESENTATION_CONTEXT(2) 
PARAMETRIC_REPRESENTATION_CONTEXT() REPRESENTATION_CONTEXT('2D SPACE',''
  ) );
#9251 = PCURVE('',#8170,#9252);
#9252 = DEFINITIONAL_REPRESENTATION('',(#9253),#9257);
#9253 = LINE('',#9254,#9255);
#9254 = CARTESIAN_POINT('',(0.,0.));
#9255 = VECTOR('',#9256,1.);
#9256 = DIRECTION('',(0.,-1.));
#9257 = ( GEOMETRIC_REPRESENTATION_CONTEXT(2) 
PARAMETRIC_REPRESENTATION_CONTEXT() REPRESENTATION_CONTEXT('2D SPACE',''
  ) );
#9258 = ADVANCED_FACE('',(#9259),#8170,.T.);
#9259 = FACE_BOUND('',#9260,.T.);
#9260 = EDGE_LOOP('',(#9261,#9309,#9310,#9311));
#9261 = ORIENTED_EDGE('',*,*,#9262,.T.);
#9262 = EDGE_CURVE('',#8833,#9169,#9263,.T.);
#9263 = SURFACE_CURVE('',#9264,(#9277,#9293),.PCURVE_S1.);
#9264 = B_SPLINE_CURVE_WITH_KNOTS('',6,(#9265,#9266,#9267,#9268,#9269,
    #9270,#9271,#9272,#9273,#9274,#9275,#9276),.UNSPECIFIED.,.F.,.F.,(7,
    5,7),(0.,0.469827999996,1.),.UNSPECIFIED.);
#9265 = CARTESIAN_POINT('',(4.607105546806,3.34570062036,1.5));
#9266 = CARTESIAN_POINT('',(4.714485036307,3.34570062036,1.5));
#9267 = CARTESIAN_POINT('',(4.820627830673,3.341714013256,1.5));
#9268 = CARTESIAN_POINT('',(4.925255377249,3.333315718131,1.5));
#9269 = CARTESIAN_POINT('',(5.027950083278,3.320018542097,1.5));
#9270 = CARTESIAN_POINT('',(5.128162211368,3.301290509083,1.5));
#9271 = CARTESIAN_POINT('',(5.334793801888,3.248810557067,1.5));
#9272 = CARTESIAN_POINT('',(5.440398368935,3.213427671726,1.5));
#9273 = CARTESIAN_POINT('',(5.540994370659,3.169792225792,1.5));
#9274 = CARTESIAN_POINT('',(5.635365449024,3.117333420951,1.5));
#9275 = CARTESIAN_POINT('',(5.722288092606,3.055801405276,1.5));
#9276 = CARTESIAN_POINT('',(5.800838535138,2.985685909593,1.5));
#9277 = PCURVE('',#8170,#9278);
#9278 = DEFINITIONAL_REPRESENTATION('',(#9279),#9292);
#9279 = B_SPLINE_CURVE_WITH_KNOTS('',6,(#9280,#9281,#9282,#9283,#9284,
    #9285,#9286,#9287,#9288,#9289,#9290,#9291),.UNSPECIFIED.,.F.,.F.,(7,
    5,7),(0.,0.469827999996,1.),.UNSPECIFIED.);
#9280 = CARTESIAN_POINT('',(1.,-5.E-02));
#9281 = CARTESIAN_POINT('',(0.932073399257,-5.E-02));
#9282 = CARTESIAN_POINT('',(0.86221763285,-5.E-02));
#9283 = CARTESIAN_POINT('',(0.790319791255,-5.E-02));
#9284 = CARTESIAN_POINT('',(0.716312674279,-5.E-02));
#9285 = CARTESIAN_POINT('',(0.640182215215,-5.E-02));
#9286 = CARTESIAN_POINT('',(0.47377617893,-5.E-02));
#9287 = CARTESIAN_POINT('',(0.382906794636,-5.E-02));
#9288 = CARTESIAN_POINT('',(0.289592794783,-5.E-02));
#9289 = CARTESIAN_POINT('',(0.194215401711,-5.E-02));
#9290 = CARTESIAN_POINT('',(9.737865368548E-02,-5.E-02));
#9291 = CARTESIAN_POINT('',(0.,-5.E-02));
#9292 = ( GEOMETRIC_REPRESENTATION_CONTEXT(2) 
PARAMETRIC_REPRESENTATION_CONTEXT() REPRESENTATION_CONTEXT('2D SPACE',''
  ) );
#9293 = PCURVE('',#8847,#9294);
#9294 = DEFINITIONAL_REPRESENTATION('',(#9295),#9308);
#9295 = B_SPLINE_CURVE_WITH_KNOTS('',6,(#9296,#9297,#9298,#9299,#9300,
    #9301,#9302,#9303,#9304,#9305,#9306,#9307),.UNSPECIFIED.,.F.,.F.,(7,
    5,7),(0.,0.469827999996,1.),.UNSPECIFIED.);
#9296 = CARTESIAN_POINT('',(44.607105546806,18.34570062036));
#9297 = CARTESIAN_POINT('',(44.714485036307,18.34570062036));
#9298 = CARTESIAN_POINT('',(44.820627830673,18.341714013256));
#9299 = CARTESIAN_POINT('',(44.925255377249,18.333315718131));
#9300 = CARTESIAN_POINT('',(45.027950083278,18.320018542097));
#9301 = CARTESIAN_POINT('',(45.128162211368,18.301290509083));
#9302 = CARTESIAN_POINT('',(45.334793801888,18.248810557067));
#9303 = CARTESIAN_POINT('',(45.440398368935,18.213427671726));
#9304 = CARTESIAN_POINT('',(45.540994370659,18.169792225792));
#9305 = CARTESIAN_POINT('',(45.635365449024,18.117333420951));
#9306 = CARTESIAN_POINT('',(45.722288092606,18.055801405276));
#9307 = CARTESIAN_POINT('',(45.800838535138,17.985685909593));
#9308 = ( GEOMETRIC_REPRESENTATION_CONTEXT(2) 
PARAMETRIC_REPRESENTATION_CONTEXT() REPRESENTATION_CONTEXT('2D SPACE',''
  ) );
#9309 = ORIENTED_EDGE('',*,*,#9238,.T.);
#9310 = ORIENTED_EDGE('',*,*,#8156,.T.);
#9311 = ORIENTED_EDGE('',*,*,#8858,.F.);
#9312 = ADVANCED_FACE('',(#9313),#8227,.T.);
#9313 = FACE_BOUND('',#9314,.T.);
#9314 = EDGE_LOOP('',(#9315,#9343,#9364,#9365));
#9315 = ORIENTED_EDGE('',*,*,#9316,.T.);
#9316 = EDGE_CURVE('',#9317,#9319,#9321,.T.);
#9317 = VERTEX_POINT('',#9318);
#9318 = CARTESIAN_POINT('',(24.95199702142,2.16550201965E-02,1.5));
#9319 = VERTEX_POINT('',#9320);
#9320 = CARTESIAN_POINT('',(26.706053657337,2.16550201965E-02,1.5));
#9321 = SURFACE_CURVE('',#9322,(#9326,#9332),.PCURVE_S1.);
#9322 = LINE('',#9323,#9324);
#9323 = CARTESIAN_POINT('',(-6.646973171332,2.16550201965E-02,1.5));
#9324 = VECTOR('',#9325,1.);
#9325 = DIRECTION('',(1.,0.,-0.));
#9326 = PCURVE('',#8227,#9327);
#9327 = DEFINITIONAL_REPRESENTATION('',(#9328),#9331);
#9328 = B_SPLINE_CURVE_WITH_KNOTS('',1,(#9329,#9330),.UNSPECIFIED.,.F.,
  .F.,(2,2),(31.598970192752,33.353026828668),.PIECEWISE_BEZIER_KNOTS.);
#9329 = CARTESIAN_POINT('',(1.754056635917,-5.E-02));
#9330 = CARTESIAN_POINT('',(0.,-5.E-02));
#9331 = ( GEOMETRIC_REPRESENTATION_CONTEXT(2) 
PARAMETRIC_REPRESENTATION_CONTEXT() REPRESENTATION_CONTEXT('2D SPACE',''
  ) );
#9332 = PCURVE('',#9333,#9338);
#9333 = PLANE('',#9334);
#9334 = AXIS2_PLACEMENT_3D('',#9335,#9336,#9337);
#9335 = CARTESIAN_POINT('',(-40.,-15.,1.5));
#9336 = DIRECTION('',(0.,0.,1.));
#9337 = DIRECTION('',(1.,0.,0.));
#9338 = DEFINITIONAL_REPRESENTATION('',(#9339),#9342);
#9339 = B_SPLINE_CURVE_WITH_KNOTS('',1,(#9340,#9341),.UNSPECIFIED.,.F.,
  .F.,(2,2),(31.598970192752,33.353026828668),.PIECEWISE_BEZIER_KNOTS.);
#9340 = CARTESIAN_POINT('',(64.95199702142,15.021655020197));
#9341 = CARTESIAN_POINT('',(66.706053657337,15.021655020197));
#9342 = ( GEOMETRIC_REPRESENTATION_CONTEXT(2) 
PARAMETRIC_REPRESENTATION_CONTEXT() REPRESENTATION_CONTEXT('2D SPACE',''
  ) );
#9343 = ORIENTED_EDGE('',*,*,#9344,.T.);
#9344 = EDGE_CURVE('',#9319,#8210,#9345,.T.);
#9345 = SURFACE_CURVE('',#9346,(#9350,#9357),.PCURVE_S1.);
#9346 = LINE('',#9347,#9348);
#9347 = CARTESIAN_POINT('',(26.706053657337,2.16550201965E-02,1.45));
#9348 = VECTOR('',#9349,1.);
#9349 = DIRECTION('',(0.,0.,1.));
#9350 = PCURVE('',#8227,#9351);
#9351 = DEFINITIONAL_REPRESENTATION('',(#9352),#9356);
#9352 = LINE('',#9353,#9354);
#9353 = CARTESIAN_POINT('',(0.,-0.));
#9354 = VECTOR('',#9355,1.);
#9355 = DIRECTION('',(0.,-1.));
#9356 = ( GEOMETRIC_REPRESENTATION_CONTEXT(2) 
PARAMETRIC_REPRESENTATION_CONTEXT() REPRESENTATION_CONTEXT('2D SPACE',''
  ) );
#9357 = PCURVE('',#8399,#9358);
#9358 = DEFINITIONAL_REPRESENTATION('',(#9359),#9363);
#9359 = LINE('',#9360,#9361);
#9360 = CARTESIAN_POINT('',(1.,0.));
#9361 = VECTOR('',#9362,1.);
#9362 = DIRECTION('',(0.,-1.));
#9363 = ( GEOMETRIC_REPRESENTATION_CONTEXT(2) 
PARAMETRIC_REPRESENTATION_CONTEXT() REPRESENTATION_CONTEXT('2D SPACE',''
  ) );
#9364 = ORIENTED_EDGE('',*,*,#8209,.T.);
#9365 = ORIENTED_EDGE('',*,*,#9366,.F.);
#9366 = EDGE_CURVE('',#9317,#8212,#9367,.T.);
#9367 = SURFACE_CURVE('',#9368,(#9372,#9379),.PCURVE_S1.);
#9368 = LINE('',#9369,#9370);
#9369 = CARTESIAN_POINT('',(24.95199702142,2.16550201965E-02,1.45));
#9370 = VECTOR('',#9371,1.);
#9371 = DIRECTION('',(0.,0.,1.));
#9372 = PCURVE('',#8227,#9373);
#9373 = DEFINITIONAL_REPRESENTATION('',(#9374),#9378);
#9374 = LINE('',#9375,#9376);
#9375 = CARTESIAN_POINT('',(1.754056635917,0.));
#9376 = VECTOR('',#9377,1.);
#9377 = DIRECTION('',(0.,-1.));
#9378 = ( GEOMETRIC_REPRESENTATION_CONTEXT(2) 
PARAMETRIC_REPRESENTATION_CONTEXT() REPRESENTATION_CONTEXT('2D SPACE',''
  ) );
#9379 = PCURVE('',#8255,#9380);
#9380 = DEFINITIONAL_REPRESENTATION('',(#9381),#9385);
#9381 = LINE('',#9382,#9383);
#9382 = CARTESIAN_POINT('',(0.,0.));
#9383 = VECTOR('',#9384,1.);
#9384 = DIRECTION('',(0.,-1.));
#9385 = ( GEOMETRIC_REPRESENTATION_CONTEXT(2) 
PARAMETRIC_REPRESENTATION_CONTEXT() REPRESENTATION_CONTEXT('2D SPACE',''
  ) );
#9386 = ADVANCED_FACE('',(#9387),#8255,.T.);
#9387 = FACE_BOUND('',#9388,.T.);
#9388 = EDGE_LOOP('',(#9389,#9410,#9411,#9412));
#9389 = ORIENTED_EDGE('',*,*,#9390,.T.);
#9390 = EDGE_CURVE('',#9391,#9317,#9393,.T.);
#9391 = VERTEX_POINT('',#9392);
#9392 = CARTESIAN_POINT('',(24.95199702142,-2.939668991675,1.5));
#9393 = SURFACE_CURVE('',#9394,(#9398,#9404),.PCURVE_S1.);
#9394 = LINE('',#9395,#9396);
#9395 = CARTESIAN_POINT('',(24.95199702142,-7.489172489902,1.5));
#9396 = VECTOR('',#9397,1.);
#9397 = DIRECTION('',(0.,1.,0.));
#9398 = PCURVE('',#8255,#9399);
#9399 = DEFINITIONAL_REPRESENTATION('',(#9400),#9403);
#9400 = B_SPLINE_CURVE_WITH_KNOTS('',1,(#9401,#9402),.UNSPECIFIED.,.F.,
  .F.,(2,2),(4.549503498227,7.510827510098),.PIECEWISE_BEZIER_KNOTS.);
#9401 = CARTESIAN_POINT('',(2.961324011872,-5.E-02));
#9402 = CARTESIAN_POINT('',(0.,-5.E-02));
#9403 = ( GEOMETRIC_REPRESENTATION_CONTEXT(2) 
PARAMETRIC_REPRESENTATION_CONTEXT() REPRESENTATION_CONTEXT('2D SPACE',''
  ) );
#9404 = PCURVE('',#9333,#9405);
#9405 = DEFINITIONAL_REPRESENTATION('',(#9406),#9409);
#9406 = B_SPLINE_CURVE_WITH_KNOTS('',1,(#9407,#9408),.UNSPECIFIED.,.F.,
  .F.,(2,2),(4.549503498227,7.510827510098),.PIECEWISE_BEZIER_KNOTS.);
#9407 = CARTESIAN_POINT('',(64.95199702142,12.060331008325));
#9408 = CARTESIAN_POINT('',(64.95199702142,15.021655020197));
#9409 = ( GEOMETRIC_REPRESENTATION_CONTEXT(2) 
PARAMETRIC_REPRESENTATION_CONTEXT() REPRESENTATION_CONTEXT('2D SPACE',''
  ) );
#9410 = ORIENTED_EDGE('',*,*,#9366,.T.);
#9411 = ORIENTED_EDGE('',*,*,#8239,.T.);
#9412 = ORIENTED_EDGE('',*,*,#9413,.F.);
#9413 = EDGE_CURVE('',#9391,#8240,#9414,.T.);
#9414 = SURFACE_CURVE('',#9415,(#9419,#9426),.PCURVE_S1.);
#9415 = LINE('',#9416,#9417);
#9416 = CARTESIAN_POINT('',(24.95199702142,-2.939668991675,1.45));
#9417 = VECTOR('',#9418,1.);
#9418 = DIRECTION('',(0.,0.,1.));
#9419 = PCURVE('',#8255,#9420);
#9420 = DEFINITIONAL_REPRESENTATION('',(#9421),#9425);
#9421 = LINE('',#9422,#9423);
#9422 = CARTESIAN_POINT('',(2.961324011872,0.));
#9423 = VECTOR('',#9424,1.);
#9424 = DIRECTION('',(0.,-1.));
#9425 = ( GEOMETRIC_REPRESENTATION_CONTEXT(2) 
PARAMETRIC_REPRESENTATION_CONTEXT() REPRESENTATION_CONTEXT('2D SPACE',''
  ) );
#9426 = PCURVE('',#8283,#9427);
#9427 = DEFINITIONAL_REPRESENTATION('',(#9428),#9432);
#9428 = LINE('',#9429,#9430);
#9429 = CARTESIAN_POINT('',(0.,0.));
#9430 = VECTOR('',#9431,1.);
#9431 = DIRECTION('',(0.,-1.));
#9432 = ( GEOMETRIC_REPRESENTATION_CONTEXT(2) 
PARAMETRIC_REPRESENTATION_CONTEXT() REPRESENTATION_CONTEXT('2D SPACE',''
  ) );
#9433 = ADVANCED_FACE('',(#9434),#8283,.T.);
#9434 = FACE_BOUND('',#9435,.T.);
#9435 = EDGE_LOOP('',(#9436,#9457,#9458,#9459));
#9436 = ORIENTED_EDGE('',*,*,#9437,.T.);
#9437 = EDGE_CURVE('',#9438,#9391,#9440,.T.);
#9438 = VERTEX_POINT('',#9439);
#9439 = CARTESIAN_POINT('',(26.706053657337,-2.939668991675,1.5));
#9440 = SURFACE_CURVE('',#9441,(#9445,#9451),.PCURVE_S1.);
#9441 = LINE('',#9442,#9443);
#9442 = CARTESIAN_POINT('',(-7.52400148929,-2.939668991675,1.5));
#9443 = VECTOR('',#9444,1.);
#9444 = DIRECTION('',(-1.,0.,0.));
#9445 = PCURVE('',#8283,#9446);
#9446 = DEFINITIONAL_REPRESENTATION('',(#9447),#9450);
#9447 = B_SPLINE_CURVE_WITH_KNOTS('',1,(#9448,#9449),.UNSPECIFIED.,.F.,
  .F.,(2,2),(-34.23005514662,-32.47599851071),.PIECEWISE_BEZIER_KNOTS.);
#9448 = CARTESIAN_POINT('',(1.754056635917,-5.E-02));
#9449 = CARTESIAN_POINT('',(0.,-5.E-02));
#9450 = ( GEOMETRIC_REPRESENTATION_CONTEXT(2) 
PARAMETRIC_REPRESENTATION_CONTEXT() REPRESENTATION_CONTEXT('2D SPACE',''
  ) );
#9451 = PCURVE('',#9333,#9452);
#9452 = DEFINITIONAL_REPRESENTATION('',(#9453),#9456);
#9453 = B_SPLINE_CURVE_WITH_KNOTS('',1,(#9454,#9455),.UNSPECIFIED.,.F.,
  .F.,(2,2),(-34.23005514662,-32.47599851071),.PIECEWISE_BEZIER_KNOTS.);
#9454 = CARTESIAN_POINT('',(66.706053657337,12.060331008325));
#9455 = CARTESIAN_POINT('',(64.95199702142,12.060331008325));
#9456 = ( GEOMETRIC_REPRESENTATION_CONTEXT(2) 
PARAMETRIC_REPRESENTATION_CONTEXT() REPRESENTATION_CONTEXT('2D SPACE',''
  ) );
#9457 = ORIENTED_EDGE('',*,*,#9413,.T.);
#9458 = ORIENTED_EDGE('',*,*,#8267,.T.);
#9459 = ORIENTED_EDGE('',*,*,#9460,.F.);
#9460 = EDGE_CURVE('',#9438,#8268,#9461,.T.);
#9461 = SURFACE_CURVE('',#9462,(#9466,#9473),.PCURVE_S1.);
#9462 = LINE('',#9463,#9464);
#9463 = CARTESIAN_POINT('',(26.706053657337,-2.939668991675,1.45));
#9464 = VECTOR('',#9465,1.);
#9465 = DIRECTION('',(0.,0.,1.));
#9466 = PCURVE('',#8283,#9467);
#9467 = DEFINITIONAL_REPRESENTATION('',(#9468),#9472);
#9468 = LINE('',#9469,#9470);
#9469 = CARTESIAN_POINT('',(1.754056635917,0.));
#9470 = VECTOR('',#9471,1.);
#9471 = DIRECTION('',(0.,-1.));
#9472 = ( GEOMETRIC_REPRESENTATION_CONTEXT(2) 
PARAMETRIC_REPRESENTATION_CONTEXT() REPRESENTATION_CONTEXT('2D SPACE',''
  ) );
#9473 = PCURVE('',#8311,#9474);
#9474 = DEFINITIONAL_REPRESENTATION('',(#9475),#9479);
#9475 = LINE('',#9476,#9477);
#9476 = CARTESIAN_POINT('',(0.,0.));
#9477 = VECTOR('',#9478,1.);
#9478 = DIRECTION('',(0.,-1.));
#9479 = ( GEOMETRIC_REPRESENTATION_CONTEXT(2) 
PARAMETRIC_REPRESENTATION_CONTEXT() REPRESENTATION_CONTEXT('2D SPACE',''
  ) );
#9480 = ADVANCED_FACE('',(#9481),#8311,.T.);
#9481 = FACE_BOUND('',#9482,.T.);
#9482 = EDGE_LOOP('',(#9483,#9548,#9549,#9550));
#9483 = ORIENTED_EDGE('',*,*,#9484,.T.);
#9484 = EDGE_CURVE('',#9485,#9438,#9487,.T.);
#9485 = VERTEX_POINT('',#9486);
#9486 = CARTESIAN_POINT('',(28.013475501701,-2.574240525859,1.5));
#9487 = SURFACE_CURVE('',#9488,(#9506,#9527),.PCURVE_S1.);
#9488 = B_SPLINE_CURVE_WITH_KNOTS('',6,(#9489,#9490,#9491,#9492,#9493,
    #9494,#9495,#9496,#9497,#9498,#9499,#9500,#9501,#9502,#9503,#9504,
    #9505),.UNSPECIFIED.,.F.,.F.,(7,5,5,7),(0.,0.201631985457,
    0.466577517633,1.),.UNSPECIFIED.);
#9489 = CARTESIAN_POINT('',(28.013475501701,-2.574240525859,1.5));
#9490 = CARTESIAN_POINT('',(27.980911248917,-2.602241634941,1.5));
#9491 = CARTESIAN_POINT('',(27.946896494863,-2.62881684783,1.5));
#9492 = CARTESIAN_POINT('',(27.911510737606,-2.653947537491,1.5));
#9493 = CARTESIAN_POINT('',(27.874841542002,-2.677634422776,1.5));
#9494 = CARTESIAN_POINT('',(27.836980518262,-2.699893098929,1.5));
#9495 = CARTESIAN_POINT('',(27.746824047239,-2.748155082685,1.5));
#9496 = CARTESIAN_POINT('',(27.69372859162,-2.773139713203,1.5));
#9497 = CARTESIAN_POINT('',(27.638937242243,-2.7957654325,1.5));
#9498 = CARTESIAN_POINT('',(27.582647439716,-2.816125363846,1.5));
#9499 = CARTESIAN_POINT('',(27.525039966248,-2.834329644718,1.5));
#9500 = CARTESIAN_POINT('',(27.347944186123,-2.883029998416,1.5));
#9501 = CARTESIAN_POINT('',(27.224950077127,-2.907276653026,1.5));
#9502 = CARTESIAN_POINT('',(27.098469139368,-2.924197005093,1.5));
#9503 = CARTESIAN_POINT('',(26.969442197347,-2.93472851946,1.5));
#9504 = CARTESIAN_POINT('',(26.838518538268,-2.939668991675,1.5));
#9505 = CARTESIAN_POINT('',(26.706053657337,-2.939668991675,1.5));
#9506 = PCURVE('',#8311,#9507);
#9507 = DEFINITIONAL_REPRESENTATION('',(#9508),#9526);
#9508 = B_SPLINE_CURVE_WITH_KNOTS('',6,(#9509,#9510,#9511,#9512,#9513,
    #9514,#9515,#9516,#9517,#9518,#9519,#9520,#9521,#9522,#9523,#9524,
    #9525),.UNSPECIFIED.,.F.,.F.,(7,5,5,7),(0.,0.201631985457,
    0.466577517633,1.),.UNSPECIFIED.);
#9509 = CARTESIAN_POINT('',(1.,-5.E-02));
#9510 = CARTESIAN_POINT('',(0.961687290809,-5.E-02));
#9511 = CARTESIAN_POINT('',(0.923564117866,-5.E-02));
#9512 = CARTESIAN_POINT('',(0.885688737888,-5.E-02));
#9513 = CARTESIAN_POINT('',(0.848110256058,-5.E-02));
#9514 = CARTESIAN_POINT('',(0.810869517708,-5.E-02));
#9515 = CARTESIAN_POINT('',(0.72555325199,-5.E-02));
#9516 = CARTESIAN_POINT('',(0.677746991284,-5.E-02));
#9517 = CARTESIAN_POINT('',(0.630653023011,-5.E-02));
#9518 = CARTESIAN_POINT('',(0.584317165515,-5.E-02));
#9519 = CARTESIAN_POINT('',(0.53876372997,-5.E-02));
#9520 = CARTESIAN_POINT('',(0.403875891227,-5.E-02));
#9521 = CARTESIAN_POINT('',(0.31698784885,-5.E-02));
#9522 = CARTESIAN_POINT('',(0.233320763867,-5.E-02));
#9523 = CARTESIAN_POINT('',(0.15274276213,-5.E-02));
#9524 = CARTESIAN_POINT('',(7.505585067996E-02,-5.E-02));
#9525 = CARTESIAN_POINT('',(0.,-5.E-02));
#9526 = ( GEOMETRIC_REPRESENTATION_CONTEXT(2) 
PARAMETRIC_REPRESENTATION_CONTEXT() REPRESENTATION_CONTEXT('2D SPACE',''
  ) );
#9527 = PCURVE('',#9333,#9528);
#9528 = DEFINITIONAL_REPRESENTATION('',(#9529),#9547);
#9529 = B_SPLINE_CURVE_WITH_KNOTS('',6,(#9530,#9531,#9532,#9533,#9534,
    #9535,#9536,#9537,#9538,#9539,#9540,#9541,#9542,#9543,#9544,#9545,
    #9546),.UNSPECIFIED.,.F.,.F.,(7,5,5,7),(0.,0.201631985457,
    0.466577517633,1.),.UNSPECIFIED.);
#9530 = CARTESIAN_POINT('',(68.013475501701,12.425759474141));
#9531 = CARTESIAN_POINT('',(67.980911248917,12.397758365059));
#9532 = CARTESIAN_POINT('',(67.946896494863,12.37118315217));
#9533 = CARTESIAN_POINT('',(67.911510737606,12.346052462509));
#9534 = CARTESIAN_POINT('',(67.874841542002,12.322365577224));
#9535 = CARTESIAN_POINT('',(67.836980518262,12.300106901071));
#9536 = CARTESIAN_POINT('',(67.746824047239,12.251844917315));
#9537 = CARTESIAN_POINT('',(67.69372859162,12.226860286797));
#9538 = CARTESIAN_POINT('',(67.638937242243,12.2042345675));
#9539 = CARTESIAN_POINT('',(67.582647439716,12.183874636154));
#9540 = CARTESIAN_POINT('',(67.525039966248,12.165670355282));
#9541 = CARTESIAN_POINT('',(67.347944186123,12.116970001584));
#9542 = CARTESIAN_POINT('',(67.224950077127,12.092723346974));
#9543 = CARTESIAN_POINT('',(67.098469139368,12.075802994907));
#9544 = CARTESIAN_POINT('',(66.969442197347,12.06527148054));
#9545 = CARTESIAN_POINT('',(66.838518538268,12.060331008325));
#9546 = CARTESIAN_POINT('',(66.706053657337,12.060331008325));
#9547 = ( GEOMETRIC_REPRESENTATION_CONTEXT(2) 
PARAMETRIC_REPRESENTATION_CONTEXT() REPRESENTATION_CONTEXT('2D SPACE',''
  ) );
#9548 = ORIENTED_EDGE('',*,*,#9460,.T.);
#9549 = ORIENTED_EDGE('',*,*,#8295,.T.);
#9550 = ORIENTED_EDGE('',*,*,#9551,.F.);
#9551 = EDGE_CURVE('',#9485,#8296,#9552,.T.);
#9552 = SURFACE_CURVE('',#9553,(#9557,#9564),.PCURVE_S1.);
#9553 = LINE('',#9554,#9555);
#9554 = CARTESIAN_POINT('',(28.013475501701,-2.574240525859,1.45));
#9555 = VECTOR('',#9556,1.);
#9556 = DIRECTION('',(0.,0.,1.));
#9557 = PCURVE('',#8311,#9558);
#9558 = DEFINITIONAL_REPRESENTATION('',(#9559),#9563);
#9559 = LINE('',#9560,#9561);
#9560 = CARTESIAN_POINT('',(1.,0.));
#9561 = VECTOR('',#9562,1.);
#9562 = DIRECTION('',(0.,-1.));
#9563 = ( GEOMETRIC_REPRESENTATION_CONTEXT(2) 
PARAMETRIC_REPRESENTATION_CONTEXT() REPRESENTATION_CONTEXT('2D SPACE',''
  ) );
#9564 = PCURVE('',#8341,#9565);
#9565 = DEFINITIONAL_REPRESENTATION('',(#9566),#9570);
#9566 = LINE('',#9567,#9568);
#9567 = CARTESIAN_POINT('',(0.,0.));
#9568 = VECTOR('',#9569,1.);
#9569 = DIRECTION('',(0.,-1.));
#9570 = ( GEOMETRIC_REPRESENTATION_CONTEXT(2) 
PARAMETRIC_REPRESENTATION_CONTEXT() REPRESENTATION_CONTEXT('2D SPACE',''
  ) );
#9571 = ADVANCED_FACE('',(#9572),#8341,.T.);
#9572 = FACE_BOUND('',#9573,.T.);
#9573 = EDGE_LOOP('',(#9574,#9642,#9643,#9644));
#9574 = ORIENTED_EDGE('',*,*,#9575,.T.);
#9575 = EDGE_CURVE('',#9576,#9485,#9578,.T.);
#9576 = VERTEX_POINT('',#9577);
#9577 = CARTESIAN_POINT('',(28.438455273057,-1.456300108215,1.5));
#9578 = SURFACE_CURVE('',#9579,(#9598,#9620),.PCURVE_S1.);
#9579 = B_SPLINE_CURVE_WITH_KNOTS('',5,(#9580,#9581,#9582,#9583,#9584,
    #9585,#9586,#9587,#9588,#9589,#9590,#9591,#9592,#9593,#9594,#9595,
    #9596,#9597),.UNSPECIFIED.,.F.,.F.,(6,4,4,4,6),(0.,0.360893261066,
    0.630363661636,0.887960322639,1.),.UNSPECIFIED.);
#9580 = CARTESIAN_POINT('',(28.438455273057,-1.456300108215,1.5));
#9581 = CARTESIAN_POINT('',(28.438455273057,-1.551952412657,1.5));
#9582 = CARTESIAN_POINT('',(28.434163220492,-1.646402869654,1.5));
#9583 = CARTESIAN_POINT('',(28.425096511101,-1.739309818287,1.5));
#9584 = CARTESIAN_POINT('',(28.410695533041,-1.830152004984,1.5));
#9585 = CARTESIAN_POINT('',(28.37537987823,-1.984096982523,1.5));
#9586 = CARTESIAN_POINT('',(28.357040115776,-2.048395062517,1.5));
#9587 = CARTESIAN_POINT('',(28.335261476488,-2.110905952312,1.5));
#9588 = CARTESIAN_POINT('',(28.309878943728,-2.171311636339,1.5));
#9589 = CARTESIAN_POINT('',(28.253077379924,-2.284728817586,1.5));
#9590 = CARTESIAN_POINT('',(28.221971499026,-2.337953425671,1.5));
#9591 = CARTESIAN_POINT('',(28.187477014006,-2.388688756086,1.5));
#9592 = CARTESIAN_POINT('',(28.149633897899,-2.43669164611,1.5));
#9593 = CARTESIAN_POINT('',(28.090756280457,-2.501400964348,1.5));
#9594 = CARTESIAN_POINT('',(28.072306326162,-2.520465424378,1.5));
#9595 = CARTESIAN_POINT('',(28.05326531912,-2.538966600886,1.5));
#9596 = CARTESIAN_POINT('',(28.033648856966,-2.556894010186,1.5));
#9597 = CARTESIAN_POINT('',(28.013475501701,-2.574240525859,1.5));
#9598 = PCURVE('',#8341,#9599);
#9599 = DEFINITIONAL_REPRESENTATION('',(#9600),#9619);
#9600 = B_SPLINE_CURVE_WITH_KNOTS('',5,(#9601,#9602,#9603,#9604,#9605,
    #9606,#9607,#9608,#9609,#9610,#9611,#9612,#9613,#9614,#9615,#9616,
    #9617,#9618),.UNSPECIFIED.,.F.,.F.,(6,4,4,4,6),(0.,0.360893261066,
    0.630363661636,0.887960322639,1.),.UNSPECIFIED.);
#9601 = CARTESIAN_POINT('',(1.,-5.E-02));
#9602 = CARTESIAN_POINT('',(0.936444660972,-5.E-02));
#9603 = CARTESIAN_POINT('',(0.871090364259,-5.E-02));
#9604 = CARTESIAN_POINT('',(0.803872055367,-5.E-02));
#9605 = CARTESIAN_POINT('',(0.734797404224,-5.E-02));
#9606 = CARTESIAN_POINT('',(0.611137264855,-5.E-02));
#9607 = CARTESIAN_POINT('',(0.557315894031,-5.E-02));
#9608 = CARTESIAN_POINT('',(0.502600826307,-5.E-02));
#9609 = CARTESIAN_POINT('',(0.447103497647,-5.E-02));
#9610 = CARTESIAN_POINT('',(0.337368604367,-5.E-02));
#9611 = CARTESIAN_POINT('',(0.283178955973,-5.E-02));
#9612 = CARTESIAN_POINT('',(0.228592531202,-5.E-02));
#9613 = CARTESIAN_POINT('',(0.173795088752,-5.E-02));
#9614 = CARTESIAN_POINT('',(9.516729952609E-02,-5.E-02));
#9615 = CARTESIAN_POINT('',(7.133432558902E-02,-5.E-02));
#9616 = CARTESIAN_POINT('',(4.751792023649E-02,-5.E-02));
#9617 = CARTESIAN_POINT('',(2.373448882103E-02,-5.E-02));
#9618 = CARTESIAN_POINT('',(0.,-5.E-02));
#9619 = ( GEOMETRIC_REPRESENTATION_CONTEXT(2) 
PARAMETRIC_REPRESENTATION_CONTEXT() REPRESENTATION_CONTEXT('2D SPACE',''
  ) );
#9620 = PCURVE('',#9333,#9621);
#9621 = DEFINITIONAL_REPRESENTATION('',(#9622),#9641);
#9622 = B_SPLINE_CURVE_WITH_KNOTS('',5,(#9623,#9624,#9625,#9626,#9627,
    #9628,#9629,#9630,#9631,#9632,#9633,#9634,#9635,#9636,#9637,#9638,
    #9639,#9640),.UNSPECIFIED.,.F.,.F.,(6,4,4,4,6),(0.,0.360893261066,
    0.630363661636,0.887960322639,1.),.UNSPECIFIED.);
#9623 = CARTESIAN_POINT('',(68.438455273057,13.543699891785));
#9624 = CARTESIAN_POINT('',(68.438455273057,13.448047587343));
#9625 = CARTESIAN_POINT('',(68.434163220492,13.353597130346));
#9626 = CARTESIAN_POINT('',(68.425096511101,13.260690181713));
#9627 = CARTESIAN_POINT('',(68.410695533041,13.169847995016));
#9628 = CARTESIAN_POINT('',(68.37537987823,13.015903017477));
#9629 = CARTESIAN_POINT('',(68.357040115776,12.951604937483));
#9630 = CARTESIAN_POINT('',(68.335261476488,12.889094047688));
#9631 = CARTESIAN_POINT('',(68.309878943728,12.828688363661));
#9632 = CARTESIAN_POINT('',(68.253077379924,12.715271182414));
#9633 = CARTESIAN_POINT('',(68.221971499026,12.662046574329));
#9634 = CARTESIAN_POINT('',(68.187477014006,12.611311243914));
#9635 = CARTESIAN_POINT('',(68.149633897899,12.56330835389));
#9636 = CARTESIAN_POINT('',(68.090756280457,12.498599035652));
#9637 = CARTESIAN_POINT('',(68.072306326162,12.479534575622));
#9638 = CARTESIAN_POINT('',(68.05326531912,12.461033399114));
#9639 = CARTESIAN_POINT('',(68.033648856966,12.443105989814));
#9640 = CARTESIAN_POINT('',(68.013475501701,12.425759474141));
#9641 = ( GEOMETRIC_REPRESENTATION_CONTEXT(2) 
PARAMETRIC_REPRESENTATION_CONTEXT() REPRESENTATION_CONTEXT('2D SPACE',''
  ) );
#9642 = ORIENTED_EDGE('',*,*,#9551,.T.);
#9643 = ORIENTED_EDGE('',*,*,#8325,.T.);
#9644 = ORIENTED_EDGE('',*,*,#9645,.F.);
#9645 = EDGE_CURVE('',#9576,#8326,#9646,.T.);
#9646 = SURFACE_CURVE('',#9647,(#9651,#9658),.PCURVE_S1.);
#9647 = LINE('',#9648,#9649);
#9648 = CARTESIAN_POINT('',(28.438455273057,-1.456300108215,1.45));
#9649 = VECTOR('',#9650,1.);
#9650 = DIRECTION('',(0.,0.,1.));
#9651 = PCURVE('',#8341,#9652);
#9652 = DEFINITIONAL_REPRESENTATION('',(#9653),#9657);
#9653 = LINE('',#9654,#9655);
#9654 = CARTESIAN_POINT('',(1.,0.));
#9655 = VECTOR('',#9656,1.);
#9656 = DIRECTION('',(0.,-1.));
#9657 = ( GEOMETRIC_REPRESENTATION_CONTEXT(2) 
PARAMETRIC_REPRESENTATION_CONTEXT() REPRESENTATION_CONTEXT('2D SPACE',''
  ) );
#9658 = PCURVE('',#8371,#9659);
#9659 = DEFINITIONAL_REPRESENTATION('',(#9660),#9664);
#9660 = LINE('',#9661,#9662);
#9661 = CARTESIAN_POINT('',(0.,0.));
#9662 = VECTOR('',#9663,1.);
#9663 = DIRECTION('',(0.,-1.));
#9664 = ( GEOMETRIC_REPRESENTATION_CONTEXT(2) 
PARAMETRIC_REPRESENTATION_CONTEXT() REPRESENTATION_CONTEXT('2D SPACE',''
  ) );
#9665 = ADVANCED_FACE('',(#9666),#8371,.T.);
#9666 = FACE_BOUND('',#9667,.T.);
#9667 = EDGE_LOOP('',(#9668,#9736,#9737,#9738));
#9668 = ORIENTED_EDGE('',*,*,#9669,.T.);
#9669 = EDGE_CURVE('',#9670,#9576,#9672,.T.);
#9670 = VERTEX_POINT('',#9671);
#9671 = CARTESIAN_POINT('',(28.013475501701,-0.33835969057,1.5));
#9672 = SURFACE_CURVE('',#9673,(#9692,#9714),.PCURVE_S1.);
#9673 = B_SPLINE_CURVE_WITH_KNOTS('',5,(#9674,#9675,#9676,#9677,#9678,
    #9679,#9680,#9681,#9682,#9683,#9684,#9685,#9686,#9687,#9688,#9689,
    #9690,#9691),.UNSPECIFIED.,.F.,.F.,(6,4,4,4,6),(0.,0.103194875411,
    0.361863825238,0.631899867921,1.),.UNSPECIFIED.);
#9674 = CARTESIAN_POINT('',(28.013475501701,-0.33835969057,1.5));
#9675 = CARTESIAN_POINT('',(28.032128775083,-0.354161508149,1.5));
#9676 = CARTESIAN_POINT('',(28.05030451062,-0.370471371204,1.5));
#9677 = CARTESIAN_POINT('',(28.067987817028,-0.387283413292,1.5));
#9678 = CARTESIAN_POINT('',(28.085166046793,-0.404589184208,1.5));
#9679 = CARTESIAN_POINT('',(28.143595752754,-0.466966334701,1.5));
#9680 = CARTESIAN_POINT('',(28.182127061838,-0.514591068273,1.5));
#9681 = CARTESIAN_POINT('',(28.217250856154,-0.565070540597,1.5));
#9682 = CARTESIAN_POINT('',(28.248924544135,-0.618148355729,1.5));
#9683 = CARTESIAN_POINT('',(28.306706049048,-0.731335866512,1.5));
#9684 = CARTESIAN_POINT('',(28.332510621538,-0.791657414687,1.5));
#9685 = CARTESIAN_POINT('',(28.354665027181,-0.854160130177,1.5));
#9686 = CARTESIAN_POINT('',(28.373342774349,-0.918510273376,1.5));
#9687 = CARTESIAN_POINT('',(28.409747517936,-1.07426540664,1.5));
#9688 = CARTESIAN_POINT('',(28.424664477632,-1.167003987744,1.5));
#9689 = CARTESIAN_POINT('',(28.434030795189,-1.261932698897,1.5));
#9690 = CARTESIAN_POINT('',(28.438455273057,-1.358485398385,1.5));
#9691 = CARTESIAN_POINT('',(28.438455273057,-1.456300108215,1.5));
#9692 = PCURVE('',#8371,#9693);
#9693 = DEFINITIONAL_REPRESENTATION('',(#9694),#9713);
#9694 = B_SPLINE_CURVE_WITH_KNOTS('',5,(#9695,#9696,#9697,#9698,#9699,
    #9700,#9701,#9702,#9703,#9704,#9705,#9706,#9707,#9708,#9709,#9710,
    #9711,#9712),.UNSPECIFIED.,.F.,.F.,(6,4,4,4,6),(0.,0.103194875411,
    0.361863825238,0.631899867921,1.),.UNSPECIFIED.);
#9695 = CARTESIAN_POINT('',(1.,-5.E-02));
#9696 = CARTESIAN_POINT('',(0.978053927928,-5.E-02));
#9697 = CARTESIAN_POINT('',(0.956067664547,-5.E-02));
#9698 = CARTESIAN_POINT('',(0.934054277915,-5.E-02));
#9699 = CARTESIAN_POINT('',(0.912027154665,-5.E-02));
#9700 = CARTESIAN_POINT('',(0.83478659001,-5.E-02));
#9701 = CARTESIAN_POINT('',(0.779568896252,-5.E-02));
#9702 = CARTESIAN_POINT('',(0.72457268651,-5.E-02));
#9703 = CARTESIAN_POINT('',(0.669993411783,-5.E-02));
#9704 = CARTESIAN_POINT('',(0.559633871562,-5.E-02));
#9705 = CARTESIAN_POINT('',(0.503901154915,-5.E-02));
#9706 = CARTESIAN_POINT('',(0.448984154649,-5.E-02));
#9707 = CARTESIAN_POINT('',(0.394995865164,-5.E-02));
#9708 = CARTESIAN_POINT('',(0.269758588177,-5.E-02));
#9709 = CARTESIAN_POINT('',(0.199365530513,-5.E-02));
#9710 = CARTESIAN_POINT('',(0.130956155404,-5.E-02));
#9711 = CARTESIAN_POINT('',(6.452790091572E-02,-5.E-02));
#9712 = CARTESIAN_POINT('',(0.,-5.E-02));
#9713 = ( GEOMETRIC_REPRESENTATION_CONTEXT(2) 
PARAMETRIC_REPRESENTATION_CONTEXT() REPRESENTATION_CONTEXT('2D SPACE',''
  ) );
#9714 = PCURVE('',#9333,#9715);
#9715 = DEFINITIONAL_REPRESENTATION('',(#9716),#9735);
#9716 = B_SPLINE_CURVE_WITH_KNOTS('',5,(#9717,#9718,#9719,#9720,#9721,
    #9722,#9723,#9724,#9725,#9726,#9727,#9728,#9729,#9730,#9731,#9732,
    #9733,#9734),.UNSPECIFIED.,.F.,.F.,(6,4,4,4,6),(0.,0.103194875411,
    0.361863825238,0.631899867921,1.),.UNSPECIFIED.);
#9717 = CARTESIAN_POINT('',(68.013475501701,14.66164030943));
#9718 = CARTESIAN_POINT('',(68.032128775083,14.645838491851));
#9719 = CARTESIAN_POINT('',(68.05030451062,14.629528628796));
#9720 = CARTESIAN_POINT('',(68.067987817028,14.612716586708));
#9721 = CARTESIAN_POINT('',(68.085166046793,14.595410815792));
#9722 = CARTESIAN_POINT('',(68.143595752754,14.533033665299));
#9723 = CARTESIAN_POINT('',(68.182127061838,14.485408931727));
#9724 = CARTESIAN_POINT('',(68.217250856154,14.434929459403));
#9725 = CARTESIAN_POINT('',(68.248924544135,14.381851644271));
#9726 = CARTESIAN_POINT('',(68.306706049048,14.268664133488));
#9727 = CARTESIAN_POINT('',(68.332510621538,14.208342585313));
#9728 = CARTESIAN_POINT('',(68.354665027181,14.145839869823));
#9729 = CARTESIAN_POINT('',(68.373342774349,14.081489726624));
#9730 = CARTESIAN_POINT('',(68.409747517936,13.92573459336));
#9731 = CARTESIAN_POINT('',(68.424664477632,13.832996012256));
#9732 = CARTESIAN_POINT('',(68.434030795189,13.738067301103));
#9733 = CARTESIAN_POINT('',(68.438455273057,13.641514601615));
#9734 = CARTESIAN_POINT('',(68.438455273057,13.543699891785));
#9735 = ( GEOMETRIC_REPRESENTATION_CONTEXT(2) 
PARAMETRIC_REPRESENTATION_CONTEXT() REPRESENTATION_CONTEXT('2D SPACE',''
  ) );
#9736 = ORIENTED_EDGE('',*,*,#9645,.T.);
#9737 = ORIENTED_EDGE('',*,*,#8355,.T.);
#9738 = ORIENTED_EDGE('',*,*,#9739,.F.);
#9739 = EDGE_CURVE('',#9670,#8356,#9740,.T.);
#9740 = SURFACE_CURVE('',#9741,(#9745,#9752),.PCURVE_S1.);
#9741 = LINE('',#9742,#9743);
#9742 = CARTESIAN_POINT('',(28.013475501701,-0.33835969057,1.45));
#9743 = VECTOR('',#9744,1.);
#9744 = DIRECTION('',(0.,0.,1.));
#9745 = PCURVE('',#8371,#9746);
#9746 = DEFINITIONAL_REPRESENTATION('',(#9747),#9751);
#9747 = LINE('',#9748,#9749);
#9748 = CARTESIAN_POINT('',(1.,0.));
#9749 = VECTOR('',#9750,1.);
#9750 = DIRECTION('',(0.,-1.));
#9751 = ( GEOMETRIC_REPRESENTATION_CONTEXT(2) 
PARAMETRIC_REPRESENTATION_CONTEXT() REPRESENTATION_CONTEXT('2D SPACE',''
  ) );
#9752 = PCURVE('',#8399,#9753);
#9753 = DEFINITIONAL_REPRESENTATION('',(#9754),#9758);
#9754 = LINE('',#9755,#9756);
#9755 = CARTESIAN_POINT('',(0.,0.));
#9756 = VECTOR('',#9757,1.);
#9757 = DIRECTION('',(0.,-1.));
#9758 = ( GEOMETRIC_REPRESENTATION_CONTEXT(2) 
PARAMETRIC_REPRESENTATION_CONTEXT() REPRESENTATION_CONTEXT('2D SPACE',''
  ) );
#9759 = ADVANCED_FACE('',(#9760),#8399,.T.);
#9760 = FACE_BOUND('',#9761,.T.);
#9761 = EDGE_LOOP('',(#9762,#9810,#9811,#9812));
#9762 = ORIENTED_EDGE('',*,*,#9763,.T.);
#9763 = EDGE_CURVE('',#9319,#9670,#9764,.T.);
#9764 = SURFACE_CURVE('',#9765,(#9778,#9794),.PCURVE_S1.);
#9765 = B_SPLINE_CURVE_WITH_KNOTS('',6,(#9766,#9767,#9768,#9769,#9770,
    #9771,#9772,#9773,#9774,#9775,#9776,#9777),.UNSPECIFIED.,.F.,.F.,(7,
    5,7),(0.,0.53978759694,1.),.UNSPECIFIED.);
#9766 = CARTESIAN_POINT('',(26.706053657337,2.16550201965E-02,1.5));
#9767 = CARTESIAN_POINT('',(26.839960694505,2.16550201965E-02,1.5));
#9768 = CARTESIAN_POINT('',(26.97229122106,1.668118245144E-02,1.5));
#9769 = CARTESIAN_POINT('',(27.102685309174,6.071639532008E-03,1.5));
#9770 = CARTESIAN_POINT('',(27.230477846153,-1.098875788965E-02,1.5));
#9771 = CARTESIAN_POINT('',(27.354700248149,-3.546216142467E-02,1.5));
#9772 = CARTESIAN_POINT('',(27.57595376983,-9.638704420634E-02,1.5));
#9773 = CARTESIAN_POINT('',(27.674290667227,-0.13053966756,1.5));
#9774 = CARTESIAN_POINT('',(27.768290923335,-0.171400271794,1.5));
#9775 = CARTESIAN_POINT('',(27.856897494979,-0.219510283861,1.5));
#9776 = CARTESIAN_POINT('',(27.938950527201,-0.27522706886,1.5));
#9777 = CARTESIAN_POINT('',(28.013475501701,-0.33835969057,1.5));
#9778 = PCURVE('',#8399,#9779);
#9779 = DEFINITIONAL_REPRESENTATION('',(#9780),#9793);
#9780 = B_SPLINE_CURVE_WITH_KNOTS('',6,(#9781,#9782,#9783,#9784,#9785,
    #9786,#9787,#9788,#9789,#9790,#9791,#9792),.UNSPECIFIED.,.F.,.F.,(7,
    5,7),(0.,0.53978759694,1.),.UNSPECIFIED.);
#9781 = CARTESIAN_POINT('',(1.,-5.E-02));
#9782 = CARTESIAN_POINT('',(0.924127009996,-5.E-02));
#9783 = CARTESIAN_POINT('',(0.845566235025,-5.E-02));
#9784 = CARTESIAN_POINT('',(0.764045083998,-5.E-02));
#9785 = CARTESIAN_POINT('',(0.679353526951,-5.E-02));
#9786 = CARTESIAN_POINT('',(0.591347645213,-5.E-02));
#9787 = CARTESIAN_POINT('',(0.422118774948,-5.E-02));
#9788 = CARTESIAN_POINT('',(0.341811044736,-5.E-02));
#9789 = CARTESIAN_POINT('',(0.259130901767,-5.E-02));
#9790 = CARTESIAN_POINT('',(0.174287461501,-5.E-02));
#9791 = CARTESIAN_POINT('',(8.768061390551E-02,-5.E-02));
#9792 = CARTESIAN_POINT('',(0.,-5.E-02));
#9793 = ( GEOMETRIC_REPRESENTATION_CONTEXT(2) 
PARAMETRIC_REPRESENTATION_CONTEXT() REPRESENTATION_CONTEXT('2D SPACE',''
  ) );
#9794 = PCURVE('',#9333,#9795);
#9795 = DEFINITIONAL_REPRESENTATION('',(#9796),#9809);
#9796 = B_SPLINE_CURVE_WITH_KNOTS('',6,(#9797,#9798,#9799,#9800,#9801,
    #9802,#9803,#9804,#9805,#9806,#9807,#9808),.UNSPECIFIED.,.F.,.F.,(7,
    5,7),(0.,0.53978759694,1.),.UNSPECIFIED.);
#9797 = CARTESIAN_POINT('',(66.706053657337,15.021655020197));
#9798 = CARTESIAN_POINT('',(66.839960694505,15.021655020197));
#9799 = CARTESIAN_POINT('',(66.97229122106,15.016681182451));
#9800 = CARTESIAN_POINT('',(67.102685309174,15.006071639532));
#9801 = CARTESIAN_POINT('',(67.230477846153,14.98901124211));
#9802 = CARTESIAN_POINT('',(67.354700248149,14.964537838575));
#9803 = CARTESIAN_POINT('',(67.57595376983,14.903612955794));
#9804 = CARTESIAN_POINT('',(67.674290667227,14.86946033244));
#9805 = CARTESIAN_POINT('',(67.768290923335,14.828599728206));
#9806 = CARTESIAN_POINT('',(67.856897494979,14.780489716139));
#9807 = CARTESIAN_POINT('',(67.938950527201,14.72477293114));
#9808 = CARTESIAN_POINT('',(68.013475501701,14.66164030943));
#9809 = ( GEOMETRIC_REPRESENTATION_CONTEXT(2) 
PARAMETRIC_REPRESENTATION_CONTEXT() REPRESENTATION_CONTEXT('2D SPACE',''
  ) );
#9810 = ORIENTED_EDGE('',*,*,#9739,.T.);
#9811 = ORIENTED_EDGE('',*,*,#8385,.T.);
#9812 = ORIENTED_EDGE('',*,*,#9344,.F.);
#9813 = ADVANCED_FACE('',(#9814),#8433,.T.);
#9814 = FACE_BOUND('',#9815,.T.);
#9815 = EDGE_LOOP('',(#9816,#9844,#9865,#9866));
#9816 = ORIENTED_EDGE('',*,*,#9817,.T.);
#9817 = EDGE_CURVE('',#9818,#9820,#9822,.T.);
#9818 = VERTEX_POINT('',#9819);
#9819 = CARTESIAN_POINT('',(24.95199702142,3.34570062036,1.5));
#9820 = VERTEX_POINT('',#9821);
#9821 = CARTESIAN_POINT('',(26.570709781109,3.34570062036,1.5));
#9822 = SURFACE_CURVE('',#9823,(#9827,#9833),.PCURVE_S1.);
#9823 = LINE('',#9824,#9825);
#9824 = CARTESIAN_POINT('',(-6.714645109446,3.34570062036,1.5));
#9825 = VECTOR('',#9826,1.);
#9826 = DIRECTION('',(1.,0.,-0.));
#9827 = PCURVE('',#8433,#9828);
#9828 = DEFINITIONAL_REPRESENTATION('',(#9829),#9832);
#9829 = B_SPLINE_CURVE_WITH_KNOTS('',1,(#9830,#9831),.UNSPECIFIED.,.F.,
  .F.,(2,2),(31.666642130866,33.285354890554),.PIECEWISE_BEZIER_KNOTS.);
#9830 = CARTESIAN_POINT('',(1.618712759689,-5.E-02));
#9831 = CARTESIAN_POINT('',(0.,-5.E-02));
#9832 = ( GEOMETRIC_REPRESENTATION_CONTEXT(2) 
PARAMETRIC_REPRESENTATION_CONTEXT() REPRESENTATION_CONTEXT('2D SPACE',''
  ) );
#9833 = PCURVE('',#9834,#9839);
#9834 = PLANE('',#9835);
#9835 = AXIS2_PLACEMENT_3D('',#9836,#9837,#9838);
#9836 = CARTESIAN_POINT('',(-40.,-15.,1.5));
#9837 = DIRECTION('',(0.,0.,1.));
#9838 = DIRECTION('',(1.,0.,0.));
#9839 = DEFINITIONAL_REPRESENTATION('',(#9840),#9843);
#9840 = B_SPLINE_CURVE_WITH_KNOTS('',1,(#9841,#9842),.UNSPECIFIED.,.F.,
  .F.,(2,2),(31.666642130866,33.285354890554),.PIECEWISE_BEZIER_KNOTS.);
#9841 = CARTESIAN_POINT('',(64.95199702142,18.34570062036));
#9842 = CARTESIAN_POINT('',(66.570709781109,18.34570062036));
#9843 = ( GEOMETRIC_REPRESENTATION_CONTEXT(2) 
PARAMETRIC_REPRESENTATION_CONTEXT() REPRESENTATION_CONTEXT('2D SPACE',''
  ) );
#9844 = ORIENTED_EDGE('',*,*,#9845,.T.);
#9845 = EDGE_CURVE('',#9820,#8416,#9846,.T.);
#9846 = SURFACE_CURVE('',#9847,(#9851,#9858),.PCURVE_S1.);
#9847 = LINE('',#9848,#9849);
#9848 = CARTESIAN_POINT('',(26.570709781109,3.34570062036,1.45));
#9849 = VECTOR('',#9850,1.);
#9850 = DIRECTION('',(0.,0.,1.));
#9851 = PCURVE('',#8433,#9852);
#9852 = DEFINITIONAL_REPRESENTATION('',(#9853),#9857);
#9853 = LINE('',#9854,#9855);
#9854 = CARTESIAN_POINT('',(0.,-0.));
#9855 = VECTOR('',#9856,1.);
#9856 = DIRECTION('',(0.,-1.));
#9857 = ( GEOMETRIC_REPRESENTATION_CONTEXT(2) 
PARAMETRIC_REPRESENTATION_CONTEXT() REPRESENTATION_CONTEXT('2D SPACE',''
  ) );
#9858 = PCURVE('',#8605,#9859);
#9859 = DEFINITIONAL_REPRESENTATION('',(#9860),#9864);
#9860 = LINE('',#9861,#9862);
#9861 = CARTESIAN_POINT('',(1.,0.));
#9862 = VECTOR('',#9863,1.);
#9863 = DIRECTION('',(0.,-1.));
#9864 = ( GEOMETRIC_REPRESENTATION_CONTEXT(2) 
PARAMETRIC_REPRESENTATION_CONTEXT() REPRESENTATION_CONTEXT('2D SPACE',''
  ) );
#9865 = ORIENTED_EDGE('',*,*,#8415,.T.);
#9866 = ORIENTED_EDGE('',*,*,#9867,.F.);
#9867 = EDGE_CURVE('',#9818,#8418,#9868,.T.);
#9868 = SURFACE_CURVE('',#9869,(#9873,#9880),.PCURVE_S1.);
#9869 = LINE('',#9870,#9871);
#9870 = CARTESIAN_POINT('',(24.95199702142,3.34570062036,1.45));
#9871 = VECTOR('',#9872,1.);
#9872 = DIRECTION('',(0.,0.,1.));
#9873 = PCURVE('',#8433,#9874);
#9874 = DEFINITIONAL_REPRESENTATION('',(#9875),#9879);
#9875 = LINE('',#9876,#9877);
#9876 = CARTESIAN_POINT('',(1.618712759689,0.));
#9877 = VECTOR('',#9878,1.);
#9878 = DIRECTION('',(0.,-1.));
#9879 = ( GEOMETRIC_REPRESENTATION_CONTEXT(2) 
PARAMETRIC_REPRESENTATION_CONTEXT() REPRESENTATION_CONTEXT('2D SPACE',''
  ) );
#9880 = PCURVE('',#8461,#9881);
#9881 = DEFINITIONAL_REPRESENTATION('',(#9882),#9886);
#9882 = LINE('',#9883,#9884);
#9883 = CARTESIAN_POINT('',(0.,0.));
#9884 = VECTOR('',#9885,1.);
#9885 = DIRECTION('',(0.,-1.));
#9886 = ( GEOMETRIC_REPRESENTATION_CONTEXT(2) 
PARAMETRIC_REPRESENTATION_CONTEXT() REPRESENTATION_CONTEXT('2D SPACE',''
  ) );
#9887 = ADVANCED_FACE('',(#9888),#8461,.T.);
#9888 = FACE_BOUND('',#9889,.T.);
#9889 = EDGE_LOOP('',(#9890,#9911,#9912,#9913));
#9890 = ORIENTED_EDGE('',*,*,#9891,.T.);
#9891 = EDGE_CURVE('',#9892,#9818,#9894,.T.);
#9892 = VERTEX_POINT('',#9893);
#9893 = CARTESIAN_POINT('',(24.95199702142,0.909510848253,1.5));
#9894 = SURFACE_CURVE('',#9895,(#9899,#9905),.PCURVE_S1.);
#9895 = LINE('',#9896,#9897);
#9896 = CARTESIAN_POINT('',(24.95199702142,-5.82714968982,1.5));
#9897 = VECTOR('',#9898,1.);
#9898 = DIRECTION('',(0.,1.,0.));
#9899 = PCURVE('',#8461,#9900);
#9900 = DEFINITIONAL_REPRESENTATION('',(#9901),#9904);
#9901 = B_SPLINE_CURVE_WITH_KNOTS('',1,(#9902,#9903),.UNSPECIFIED.,.F.,
  .F.,(2,2),(6.736660538073,9.17285031018),.PIECEWISE_BEZIER_KNOTS.);
#9902 = CARTESIAN_POINT('',(2.436189772107,-5.E-02));
#9903 = CARTESIAN_POINT('',(0.,-5.E-02));
#9904 = ( GEOMETRIC_REPRESENTATION_CONTEXT(2) 
PARAMETRIC_REPRESENTATION_CONTEXT() REPRESENTATION_CONTEXT('2D SPACE',''
  ) );
#9905 = PCURVE('',#9834,#9906);
#9906 = DEFINITIONAL_REPRESENTATION('',(#9907),#9910);
#9907 = B_SPLINE_CURVE_WITH_KNOTS('',1,(#9908,#9909),.UNSPECIFIED.,.F.,
  .F.,(2,2),(6.736660538073,9.17285031018),.PIECEWISE_BEZIER_KNOTS.);
#9908 = CARTESIAN_POINT('',(64.95199702142,15.909510848253));
#9909 = CARTESIAN_POINT('',(64.95199702142,18.34570062036));
#9910 = ( GEOMETRIC_REPRESENTATION_CONTEXT(2) 
PARAMETRIC_REPRESENTATION_CONTEXT() REPRESENTATION_CONTEXT('2D SPACE',''
  ) );
#9911 = ORIENTED_EDGE('',*,*,#9867,.T.);
#9912 = ORIENTED_EDGE('',*,*,#8445,.T.);
#9913 = ORIENTED_EDGE('',*,*,#9914,.F.);
#9914 = EDGE_CURVE('',#9892,#8446,#9915,.T.);
#9915 = SURFACE_CURVE('',#9916,(#9920,#9927),.PCURVE_S1.);
#9916 = LINE('',#9917,#9918);
#9917 = CARTESIAN_POINT('',(24.95199702142,0.909510848253,1.45));
#9918 = VECTOR('',#9919,1.);
#9919 = DIRECTION('',(0.,0.,1.));
#9920 = PCURVE('',#8461,#9921);
#9921 = DEFINITIONAL_REPRESENTATION('',(#9922),#9926);
#9922 = LINE('',#9923,#9924);
#9923 = CARTESIAN_POINT('',(2.436189772107,0.));
#9924 = VECTOR('',#9925,1.);
#9925 = DIRECTION('',(0.,-1.));
#9926 = ( GEOMETRIC_REPRESENTATION_CONTEXT(2) 
PARAMETRIC_REPRESENTATION_CONTEXT() REPRESENTATION_CONTEXT('2D SPACE',''
  ) );
#9927 = PCURVE('',#8489,#9928);
#9928 = DEFINITIONAL_REPRESENTATION('',(#9929),#9933);
#9929 = LINE('',#9930,#9931);
#9930 = CARTESIAN_POINT('',(0.,0.));
#9931 = VECTOR('',#9932,1.);
#9932 = DIRECTION('',(0.,-1.));
#9933 = ( GEOMETRIC_REPRESENTATION_CONTEXT(2) 
PARAMETRIC_REPRESENTATION_CONTEXT() REPRESENTATION_CONTEXT('2D SPACE',''
  ) );
#9934 = ADVANCED_FACE('',(#9935),#8489,.T.);
#9935 = FACE_BOUND('',#9936,.T.);
#9936 = EDGE_LOOP('',(#9937,#9958,#9959,#9960));
#9937 = ORIENTED_EDGE('',*,*,#9938,.T.);
#9938 = EDGE_CURVE('',#9939,#9892,#9941,.T.);
#9939 = VERTEX_POINT('',#9940);
#9940 = CARTESIAN_POINT('',(26.570709781109,0.909510848253,1.5));
#9941 = SURFACE_CURVE('',#9942,(#9946,#9952),.PCURVE_S1.);
#9942 = LINE('',#9943,#9944);
#9943 = CARTESIAN_POINT('',(-7.52400148929,0.909510848253,1.5));
#9944 = VECTOR('',#9945,1.);
#9945 = DIRECTION('',(-1.,0.,0.));
#9946 = PCURVE('',#8489,#9947);
#9947 = DEFINITIONAL_REPRESENTATION('',(#9948),#9951);
#9948 = B_SPLINE_CURVE_WITH_KNOTS('',1,(#9949,#9950),.UNSPECIFIED.,.F.,
  .F.,(2,2),(-34.09471127039,-32.47599851071),.PIECEWISE_BEZIER_KNOTS.);
#9949 = CARTESIAN_POINT('',(1.618712759689,-5.E-02));
#9950 = CARTESIAN_POINT('',(0.,-5.E-02));
#9951 = ( GEOMETRIC_REPRESENTATION_CONTEXT(2) 
PARAMETRIC_REPRESENTATION_CONTEXT() REPRESENTATION_CONTEXT('2D SPACE',''
  ) );
#9952 = PCURVE('',#9834,#9953);
#9953 = DEFINITIONAL_REPRESENTATION('',(#9954),#9957);
#9954 = B_SPLINE_CURVE_WITH_KNOTS('',1,(#9955,#9956),.UNSPECIFIED.,.F.,
  .F.,(2,2),(-34.09471127039,-32.47599851071),.PIECEWISE_BEZIER_KNOTS.);
#9955 = CARTESIAN_POINT('',(66.570709781109,15.909510848253));
#9956 = CARTESIAN_POINT('',(64.95199702142,15.909510848253));
#9957 = ( GEOMETRIC_REPRESENTATION_CONTEXT(2) 
PARAMETRIC_REPRESENTATION_CONTEXT() REPRESENTATION_CONTEXT('2D SPACE',''
  ) );
#9958 = ORIENTED_EDGE('',*,*,#9914,.T.);
#9959 = ORIENTED_EDGE('',*,*,#8473,.T.);
#9960 = ORIENTED_EDGE('',*,*,#9961,.F.);
#9961 = EDGE_CURVE('',#9939,#8474,#9962,.T.);
#9962 = SURFACE_CURVE('',#9963,(#9967,#9974),.PCURVE_S1.);
#9963 = LINE('',#9964,#9965);
#9964 = CARTESIAN_POINT('',(26.570709781109,0.909510848253,1.45));
#9965 = VECTOR('',#9966,1.);
#9966 = DIRECTION('',(0.,0.,1.));
#9967 = PCURVE('',#8489,#9968);
#9968 = DEFINITIONAL_REPRESENTATION('',(#9969),#9973);
#9969 = LINE('',#9970,#9971);
#9970 = CARTESIAN_POINT('',(1.618712759689,0.));
#9971 = VECTOR('',#9972,1.);
#9972 = DIRECTION('',(0.,-1.));
#9973 = ( GEOMETRIC_REPRESENTATION_CONTEXT(2) 
PARAMETRIC_REPRESENTATION_CONTEXT() REPRESENTATION_CONTEXT('2D SPACE',''
  ) );
#9974 = PCURVE('',#8517,#9975);
#9975 = DEFINITIONAL_REPRESENTATION('',(#9976),#9980);
#9976 = LINE('',#9977,#9978);
#9977 = CARTESIAN_POINT('',(0.,0.));
#9978 = VECTOR('',#9979,1.);
#9979 = DIRECTION('',(0.,-1.));
#9980 = ( GEOMETRIC_REPRESENTATION_CONTEXT(2) 
PARAMETRIC_REPRESENTATION_CONTEXT() REPRESENTATION_CONTEXT('2D SPACE',''
  ) );
#9981 = ADVANCED_FACE('',(#9982),#8517,.T.);
#9982 = FACE_BOUND('',#9983,.T.);
#9983 = EDGE_LOOP('',(#9984,#10034,#10035,#10036));
#9984 = ORIENTED_EDGE('',*,*,#9985,.T.);
#9985 = EDGE_CURVE('',#9986,#9939,#9988,.T.);
#9986 = VERTEX_POINT('',#9987);
#9987 = CARTESIAN_POINT('',(27.764442769441,1.20997425348,1.5));
#9988 = SURFACE_CURVE('',#9989,(#10002,#10018),.PCURVE_S1.);
#9989 = B_SPLINE_CURVE_WITH_KNOTS('',6,(#9990,#9991,#9992,#9993,#9994,
    #9995,#9996,#9997,#9998,#9999,#10000,#10001),.UNSPECIFIED.,.F.,.F.,(
    7,5,7),(0.,0.447888231832,1.),.UNSPECIFIED.);
#9990 = CARTESIAN_POINT('',(27.764442769441,1.20997425348,1.5));
#9991 = CARTESIAN_POINT('',(27.6974888041,1.158719838632,1.5));
#9992 = CARTESIAN_POINT('',(27.624376097004,1.113459879802,1.5));
#9993 = CARTESIAN_POINT('',(27.545886144708,1.074205168851,1.5));
#9994 = CARTESIAN_POINT('',(27.462894321218,1.040641231222,1.5));
#9995 = CARTESIAN_POINT('',(27.376186096297,1.012350781508,1.5));
#9996 = CARTESIAN_POINT('',(27.175705174945,0.959974537212,1.5));
#9997 = CARTESIAN_POINT('',(27.060351747205,0.938405143184,1.5));
#9998 = CARTESIAN_POINT('',(26.941427726718,0.923327449083,1.5));
#9999 = CARTESIAN_POINT('',(26.819810431546,0.913927230343,1.5));
#10000 = CARTESIAN_POINT('',(26.696118509066,0.909510848253,1.5));
#10001 = CARTESIAN_POINT('',(26.570709781109,0.909510848253,1.5));
#10002 = PCURVE('',#8517,#10003);
#10003 = DEFINITIONAL_REPRESENTATION('',(#10004),#10017);
#10004 = B_SPLINE_CURVE_WITH_KNOTS('',6,(#10005,#10006,#10007,#10008,
    #10009,#10010,#10011,#10012,#10013,#10014,#10015,#10016),
  .UNSPECIFIED.,.F.,.F.,(7,5,7),(0.,0.447888231832,1.),.UNSPECIFIED.);
#10005 = CARTESIAN_POINT('',(1.,-5.E-02));
#10006 = CARTESIAN_POINT('',(0.914707724875,-5.E-02));
#10007 = CARTESIAN_POINT('',(0.830660949966,-5.E-02));
#10008 = CARTESIAN_POINT('',(0.748356518667,-5.E-02));
#10009 = CARTESIAN_POINT('',(0.668073734095,-5.E-02));
#10010 = CARTESIAN_POINT('',(0.589948518317,-5.E-02));
#10011 = CARTESIAN_POINT('',(0.420378270832,-5.E-02));
#10012 = CARTESIAN_POINT('',(0.330083013247,-5.E-02));
#10013 = CARTESIAN_POINT('',(0.243070471469,-5.E-02));
#10014 = CARTESIAN_POINT('',(0.159196917036,-5.E-02));
#10015 = CARTESIAN_POINT('',(7.825956866292E-02,-5.E-02));
#10016 = CARTESIAN_POINT('',(0.,-5.E-02));
#10017 = ( GEOMETRIC_REPRESENTATION_CONTEXT(2) 
PARAMETRIC_REPRESENTATION_CONTEXT() REPRESENTATION_CONTEXT('2D SPACE',''
  ) );
#10018 = PCURVE('',#9834,#10019);
#10019 = DEFINITIONAL_REPRESENTATION('',(#10020),#10033);
#10020 = B_SPLINE_CURVE_WITH_KNOTS('',6,(#10021,#10022,#10023,#10024,
    #10025,#10026,#10027,#10028,#10029,#10030,#10031,#10032),
  .UNSPECIFIED.,.F.,.F.,(7,5,7),(0.,0.447888231832,1.),.UNSPECIFIED.);
#10021 = CARTESIAN_POINT('',(67.764442769441,16.20997425348));
#10022 = CARTESIAN_POINT('',(67.6974888041,16.158719838632));
#10023 = CARTESIAN_POINT('',(67.624376097004,16.113459879802));
#10024 = CARTESIAN_POINT('',(67.545886144708,16.074205168851));
#10025 = CARTESIAN_POINT('',(67.462894321218,16.040641231222));
#10026 = CARTESIAN_POINT('',(67.376186096297,16.012350781508));
#10027 = CARTESIAN_POINT('',(67.175705174945,15.959974537212));
#10028 = CARTESIAN_POINT('',(67.060351747205,15.938405143184));
#10029 = CARTESIAN_POINT('',(66.941427726718,15.923327449083));
#10030 = CARTESIAN_POINT('',(66.819810431546,15.913927230343));
#10031 = CARTESIAN_POINT('',(66.696118509066,15.909510848253));
#10032 = CARTESIAN_POINT('',(66.570709781109,15.909510848253));
#10033 = ( GEOMETRIC_REPRESENTATION_CONTEXT(2) 
PARAMETRIC_REPRESENTATION_CONTEXT() REPRESENTATION_CONTEXT('2D SPACE',''
  ) );
#10034 = ORIENTED_EDGE('',*,*,#9961,.T.);
#10035 = ORIENTED_EDGE('',*,*,#8501,.T.);
#10036 = ORIENTED_EDGE('',*,*,#10037,.F.);
#10037 = EDGE_CURVE('',#9986,#8502,#10038,.T.);
#10038 = SURFACE_CURVE('',#10039,(#10043,#10050),.PCURVE_S1.);
#10039 = LINE('',#10040,#10041);
#10040 = CARTESIAN_POINT('',(27.764442769441,1.20997425348,1.45));
#10041 = VECTOR('',#10042,1.);
#10042 = DIRECTION('',(0.,0.,1.));
#10043 = PCURVE('',#8517,#10044);
#10044 = DEFINITIONAL_REPRESENTATION('',(#10045),#10049);
#10045 = LINE('',#10046,#10047);
#10046 = CARTESIAN_POINT('',(1.,0.));
#10047 = VECTOR('',#10048,1.);
#10048 = DIRECTION('',(0.,-1.));
#10049 = ( GEOMETRIC_REPRESENTATION_CONTEXT(2) 
PARAMETRIC_REPRESENTATION_CONTEXT() REPRESENTATION_CONTEXT('2D SPACE',''
  ) );
#10050 = PCURVE('',#8547,#10051);
#10051 = DEFINITIONAL_REPRESENTATION('',(#10052),#10056);
#10052 = LINE('',#10053,#10054);
#10053 = CARTESIAN_POINT('',(0.,0.));
#10054 = VECTOR('',#10055,1.);
#10055 = DIRECTION('',(0.,-1.));
#10056 = ( GEOMETRIC_REPRESENTATION_CONTEXT(2) 
PARAMETRIC_REPRESENTATION_CONTEXT() REPRESENTATION_CONTEXT('2D SPACE',''
  ) );
#10057 = ADVANCED_FACE('',(#10058),#8547,.T.);
#10058 = FACE_BOUND('',#10059,.T.);
#10059 = EDGE_LOOP('',(#10060,#10125,#10126,#10127));
#10060 = ORIENTED_EDGE('',*,*,#10061,.T.);
#10061 = EDGE_CURVE('',#10062,#9986,#10064,.T.);
#10062 = VERTEX_POINT('',#10063);
#10063 = CARTESIAN_POINT('',(28.156940010503,2.127605734306,1.5));
#10064 = SURFACE_CURVE('',#10065,(#10083,#10104),.PCURVE_S1.);
#10065 = B_SPLINE_CURVE_WITH_KNOTS('',6,(#10066,#10067,#10068,#10069,
    #10070,#10071,#10072,#10073,#10074,#10075,#10076,#10077,#10078,
    #10079,#10080,#10081,#10082),.UNSPECIFIED.,.F.,.F.,(7,5,5,7),(0.,
    0.290447798153,0.775752643346,1.),.UNSPECIFIED.);
#10066 = CARTESIAN_POINT('',(28.156940010503,2.127605734306,1.5));
#10067 = CARTESIAN_POINT('',(28.156940010503,2.073399685283,1.5));
#10068 = CARTESIAN_POINT('',(28.155123253722,2.019774808514,1.5));
#10069 = CARTESIAN_POINT('',(28.151378950092,1.966823232064,1.5));
#10070 = CARTESIAN_POINT('',(28.145592706015,1.914654856699,1.5));
#10071 = CARTESIAN_POINT('',(28.137655538221,1.863393751369,1.5));
#10072 = CARTESIAN_POINT('',(28.110458850346,1.72926404043,1.5));
#10073 = CARTESIAN_POINT('',(28.087168509909,1.648225632687,1.5));
#10074 = CARTESIAN_POINT('',(28.057166981686,1.570760587783,1.5));
#10075 = CARTESIAN_POINT('',(28.020161539019,1.497576792608,1.5));
#10076 = CARTESIAN_POINT('',(27.976121432468,1.429312088632,1.5));
#10077 = CARTESIAN_POINT('',(27.902015103615,1.337381909995,1.5));
#10078 = CARTESIAN_POINT('',(27.877172094391,1.309474400874,1.5));
#10079 = CARTESIAN_POINT('',(27.850941351135,1.282756448034,1.5));
#10080 = CARTESIAN_POINT('',(27.823369723531,1.257257567305,1.5));
#10081 = CARTESIAN_POINT('',(27.794514685276,1.232994823533,1.5));
#10082 = CARTESIAN_POINT('',(27.764442769441,1.20997425348,1.5));
#10083 = PCURVE('',#8547,#10084);
#10084 = DEFINITIONAL_REPRESENTATION('',(#10085),#10103);
#10085 = B_SPLINE_CURVE_WITH_KNOTS('',6,(#10086,#10087,#10088,#10089,
    #10090,#10091,#10092,#10093,#10094,#10095,#10096,#10097,#10098,
    #10099,#10100,#10101,#10102),.UNSPECIFIED.,.F.,.F.,(7,5,5,7),(0.,
    0.290447798153,0.775752643346,1.),.UNSPECIFIED.);
#10086 = CARTESIAN_POINT('',(1.,-5.E-02));
#10087 = CARTESIAN_POINT('',(0.956084856649,-5.E-02));
#10088 = CARTESIAN_POINT('',(0.911452921096,-5.E-02));
#10089 = CARTESIAN_POINT('',(0.86610640663,-5.E-02));
#10090 = CARTESIAN_POINT('',(0.820059569466,-5.E-02));
#10091 = CARTESIAN_POINT('',(0.773341680991,-5.E-02));
#10092 = CARTESIAN_POINT('',(0.646897499273,-5.E-02));
#10093 = CARTESIAN_POINT('',(0.566018961419,-5.E-02));
#10094 = CARTESIAN_POINT('',(0.483648227584,-5.E-02));
#10095 = CARTESIAN_POINT('',(0.400167435776,-5.E-02));
#10096 = CARTESIAN_POINT('',(0.316073233408,-5.E-02));
#10097 = CARTESIAN_POINT('',(0.19315183983,-5.E-02));
#10098 = CARTESIAN_POINT('',(0.154302416557,-5.E-02));
#10099 = CARTESIAN_POINT('',(0.115509540666,-5.E-02));
#10100 = CARTESIAN_POINT('',(7.682775052171E-02,-5.E-02));
#10101 = CARTESIAN_POINT('',(3.830844231377E-02,-5.E-02));
#10102 = CARTESIAN_POINT('',(0.,-5.E-02));
#10103 = ( GEOMETRIC_REPRESENTATION_CONTEXT(2) 
PARAMETRIC_REPRESENTATION_CONTEXT() REPRESENTATION_CONTEXT('2D SPACE',''
  ) );
#10104 = PCURVE('',#9834,#10105);
#10105 = DEFINITIONAL_REPRESENTATION('',(#10106),#10124);
#10106 = B_SPLINE_CURVE_WITH_KNOTS('',6,(#10107,#10108,#10109,#10110,
    #10111,#10112,#10113,#10114,#10115,#10116,#10117,#10118,#10119,
    #10120,#10121,#10122,#10123),.UNSPECIFIED.,.F.,.F.,(7,5,5,7),(0.,
    0.290447798153,0.775752643346,1.),.UNSPECIFIED.);
#10107 = CARTESIAN_POINT('',(68.156940010503,17.127605734306));
#10108 = CARTESIAN_POINT('',(68.156940010503,17.073399685283));
#10109 = CARTESIAN_POINT('',(68.155123253722,17.019774808514));
#10110 = CARTESIAN_POINT('',(68.151378950092,16.966823232064));
#10111 = CARTESIAN_POINT('',(68.145592706015,16.914654856699));
#10112 = CARTESIAN_POINT('',(68.137655538221,16.863393751369));
#10113 = CARTESIAN_POINT('',(68.110458850346,16.72926404043));
#10114 = CARTESIAN_POINT('',(68.087168509909,16.648225632687));
#10115 = CARTESIAN_POINT('',(68.057166981686,16.570760587783));
#10116 = CARTESIAN_POINT('',(68.020161539019,16.497576792608));
#10117 = CARTESIAN_POINT('',(67.976121432468,16.429312088632));
#10118 = CARTESIAN_POINT('',(67.902015103615,16.337381909995));
#10119 = CARTESIAN_POINT('',(67.877172094391,16.309474400874));
#10120 = CARTESIAN_POINT('',(67.850941351135,16.282756448034));
#10121 = CARTESIAN_POINT('',(67.823369723531,16.257257567305));
#10122 = CARTESIAN_POINT('',(67.794514685276,16.232994823533));
#10123 = CARTESIAN_POINT('',(67.764442769441,16.20997425348));
#10124 = ( GEOMETRIC_REPRESENTATION_CONTEXT(2) 
PARAMETRIC_REPRESENTATION_CONTEXT() REPRESENTATION_CONTEXT('2D SPACE',''
  ) );
#10125 = ORIENTED_EDGE('',*,*,#10037,.T.);
#10126 = ORIENTED_EDGE('',*,*,#8531,.T.);
#10127 = ORIENTED_EDGE('',*,*,#10128,.F.);
#10128 = EDGE_CURVE('',#10062,#8532,#10129,.T.);
#10129 = SURFACE_CURVE('',#10130,(#10134,#10141),.PCURVE_S1.);
#10130 = LINE('',#10131,#10132);
#10131 = CARTESIAN_POINT('',(28.156940010503,2.127605734306,1.45));
#10132 = VECTOR('',#10133,1.);
#10133 = DIRECTION('',(0.,0.,1.));
#10134 = PCURVE('',#8547,#10135);
#10135 = DEFINITIONAL_REPRESENTATION('',(#10136),#10140);
#10136 = LINE('',#10137,#10138);
#10137 = CARTESIAN_POINT('',(1.,0.));
#10138 = VECTOR('',#10139,1.);
#10139 = DIRECTION('',(0.,-1.));
#10140 = ( GEOMETRIC_REPRESENTATION_CONTEXT(2) 
PARAMETRIC_REPRESENTATION_CONTEXT() REPRESENTATION_CONTEXT('2D SPACE',''
  ) );
#10141 = PCURVE('',#8577,#10142);
#10142 = DEFINITIONAL_REPRESENTATION('',(#10143),#10147);
#10143 = LINE('',#10144,#10145);
#10144 = CARTESIAN_POINT('',(0.,0.));
#10145 = VECTOR('',#10146,1.);
#10146 = DIRECTION('',(0.,-1.));
#10147 = ( GEOMETRIC_REPRESENTATION_CONTEXT(2) 
PARAMETRIC_REPRESENTATION_CONTEXT() REPRESENTATION_CONTEXT('2D SPACE',''
  ) );
#10148 = ADVANCED_FACE('',(#10149),#8577,.T.);
#10149 = FACE_BOUND('',#10150,.T.);
#10150 = EDGE_LOOP('',(#10151,#10216,#10217,#10218));
#10151 = ORIENTED_EDGE('',*,*,#10152,.T.);
#10152 = EDGE_CURVE('',#10153,#10062,#10155,.T.);
#10153 = VERTEX_POINT('',#10154);
#10154 = CARTESIAN_POINT('',(27.764442769441,3.042530337609,1.5));
#10155 = SURFACE_CURVE('',#10156,(#10174,#10195),.PCURVE_S1.);
#10156 = B_SPLINE_CURVE_WITH_KNOTS('',6,(#10157,#10158,#10159,#10160,
    #10161,#10162,#10163,#10164,#10165,#10166,#10167,#10168,#10169,
    #10170,#10171,#10172,#10173),.UNSPECIFIED.,.F.,.F.,(7,5,5,7),(0.,
    0.234501534656,0.716475936895,1.),.UNSPECIFIED.);
#10157 = CARTESIAN_POINT('',(27.764442769441,3.042530337609,1.5));
#10158 = CARTESIAN_POINT('',(27.795790073292,3.018317247738,1.5));
#10159 = CARTESIAN_POINT('',(27.825819366489,2.992780921793,1.5));
#10160 = CARTESIAN_POINT('',(27.854455860681,2.965927526117,1.5));
#10161 = CARTESIAN_POINT('',(27.881634949785,2.937775683957,1.5));
#10162 = CARTESIAN_POINT('',(27.907304180979,2.908358236712,1.5));
#10163 = CARTESIAN_POINT('',(27.981001558411,2.814761025166,1.5));
#10164 = CARTESIAN_POINT('',(28.024054137287,2.746637355152,1.5));
#10165 = CARTESIAN_POINT('',(28.060214993419,2.673803917451,1.5));
#10166 = CARTESIAN_POINT('',(28.089510929946,2.596864671963,1.5));
#10167 = CARTESIAN_POINT('',(28.112217679396,2.516488732415,1.5));
#10168 = CARTESIAN_POINT('',(28.13847409771,2.384430975165,1.5));
#10169 = CARTESIAN_POINT('',(28.146064257702,2.334549420182,1.5));
#10170 = CARTESIAN_POINT('',(28.151605169444,2.28381966815,1.5));
#10171 = CARTESIAN_POINT('',(28.15519565823,2.23235460905,1.5));
#10172 = CARTESIAN_POINT('',(28.156940010503,2.180254878163,1.5));
#10173 = CARTESIAN_POINT('',(28.156940010503,2.127605734306,1.5));
#10174 = PCURVE('',#8577,#10175);
#10175 = DEFINITIONAL_REPRESENTATION('',(#10176),#10194);
#10176 = B_SPLINE_CURVE_WITH_KNOTS('',6,(#10177,#10178,#10179,#10180,
    #10181,#10182,#10183,#10184,#10185,#10186,#10187,#10188,#10189,
    #10190,#10191,#10192,#10193),.UNSPECIFIED.,.F.,.F.,(7,5,5,7),(0.,
    0.234501534656,0.716475936895,1.),.UNSPECIFIED.);
#10177 = CARTESIAN_POINT('',(1.,-5.E-02));
#10178 = CARTESIAN_POINT('',(0.960066848156,-5.E-02));
#10179 = CARTESIAN_POINT('',(0.919899119296,-5.E-02));
#10180 = CARTESIAN_POINT('',(0.879549911088,-5.E-02));
#10181 = CARTESIAN_POINT('',(0.839075959543,-5.E-02));
#10182 = CARTESIAN_POINT('',(0.798537811979,-5.E-02));
#10183 = CARTESIAN_POINT('',(0.674682047623,-5.E-02));
#10184 = CARTESIAN_POINT('',(0.591338210877,-5.E-02));
#10185 = CARTESIAN_POINT('',(0.508573489178,-5.E-02));
#10186 = CARTESIAN_POINT('',(0.426864288713,-5.E-02));
#10187 = CARTESIAN_POINT('',(0.346580309292,-5.E-02));
#10188 = CARTESIAN_POINT('',(0.221774705737,-5.E-02));
#10189 = CARTESIAN_POINT('',(0.176128120794,-5.E-02));
#10190 = CARTESIAN_POINT('',(0.131105099946,-5.E-02));
#10191 = CARTESIAN_POINT('',(8.67344070691E-02,-5.E-02));
#10192 = CARTESIAN_POINT('',(4.303128076763E-02,-5.E-02));
#10193 = CARTESIAN_POINT('',(0.,-5.E-02));
#10194 = ( GEOMETRIC_REPRESENTATION_CONTEXT(2) 
PARAMETRIC_REPRESENTATION_CONTEXT() REPRESENTATION_CONTEXT('2D SPACE',''
  ) );
#10195 = PCURVE('',#9834,#10196);
#10196 = DEFINITIONAL_REPRESENTATION('',(#10197),#10215);
#10197 = B_SPLINE_CURVE_WITH_KNOTS('',6,(#10198,#10199,#10200,#10201,
    #10202,#10203,#10204,#10205,#10206,#10207,#10208,#10209,#10210,
    #10211,#10212,#10213,#10214),.UNSPECIFIED.,.F.,.F.,(7,5,5,7),(0.,
    0.234501534656,0.716475936895,1.),.UNSPECIFIED.);
#10198 = CARTESIAN_POINT('',(67.764442769441,18.042530337609));
#10199 = CARTESIAN_POINT('',(67.795790073292,18.018317247738));
#10200 = CARTESIAN_POINT('',(67.825819366489,17.992780921793));
#10201 = CARTESIAN_POINT('',(67.854455860681,17.965927526117));
#10202 = CARTESIAN_POINT('',(67.881634949785,17.937775683957));
#10203 = CARTESIAN_POINT('',(67.907304180979,17.908358236712));
#10204 = CARTESIAN_POINT('',(67.981001558411,17.814761025166));
#10205 = CARTESIAN_POINT('',(68.024054137287,17.746637355152));
#10206 = CARTESIAN_POINT('',(68.060214993419,17.673803917451));
#10207 = CARTESIAN_POINT('',(68.089510929946,17.596864671963));
#10208 = CARTESIAN_POINT('',(68.112217679396,17.516488732415));
#10209 = CARTESIAN_POINT('',(68.13847409771,17.384430975165));
#10210 = CARTESIAN_POINT('',(68.146064257702,17.334549420182));
#10211 = CARTESIAN_POINT('',(68.151605169444,17.28381966815));
#10212 = CARTESIAN_POINT('',(68.15519565823,17.23235460905));
#10213 = CARTESIAN_POINT('',(68.156940010503,17.180254878163));
#10214 = CARTESIAN_POINT('',(68.156940010503,17.127605734306));
#10215 = ( GEOMETRIC_REPRESENTATION_CONTEXT(2) 
PARAMETRIC_REPRESENTATION_CONTEXT() REPRESENTATION_CONTEXT('2D SPACE',''
  ) );
#10216 = ORIENTED_EDGE('',*,*,#10128,.T.);
#10217 = ORIENTED_EDGE('',*,*,#8561,.T.);
#10218 = ORIENTED_EDGE('',*,*,#10219,.F.);
#10219 = EDGE_CURVE('',#10153,#8562,#10220,.T.);
#10220 = SURFACE_CURVE('',#10221,(#10225,#10232),.PCURVE_S1.);
#10221 = LINE('',#10222,#10223);
#10222 = CARTESIAN_POINT('',(27.764442769441,3.042530337609,1.45));
#10223 = VECTOR('',#10224,1.);
#10224 = DIRECTION('',(0.,0.,1.));
#10225 = PCURVE('',#8577,#10226);
#10226 = DEFINITIONAL_REPRESENTATION('',(#10227),#10231);
#10227 = LINE('',#10228,#10229);
#10228 = CARTESIAN_POINT('',(1.,0.));
#10229 = VECTOR('',#10230,1.);
#10230 = DIRECTION('',(0.,-1.));
#10231 = ( GEOMETRIC_REPRESENTATION_CONTEXT(2) 
PARAMETRIC_REPRESENTATION_CONTEXT() REPRESENTATION_CONTEXT('2D SPACE',''
  ) );
#10232 = PCURVE('',#8605,#10233);
#10233 = DEFINITIONAL_REPRESENTATION('',(#10234),#10238);
#10234 = LINE('',#10235,#10236);
#10235 = CARTESIAN_POINT('',(0.,0.));
#10236 = VECTOR('',#10237,1.);
#10237 = DIRECTION('',(0.,-1.));
#10238 = ( GEOMETRIC_REPRESENTATION_CONTEXT(2) 
PARAMETRIC_REPRESENTATION_CONTEXT() REPRESENTATION_CONTEXT('2D SPACE',''
  ) );
#10239 = ADVANCED_FACE('',(#10240),#8605,.T.);
#10240 = FACE_BOUND('',#10241,.T.);
#10241 = EDGE_LOOP('',(#10242,#10290,#10291,#10292));
#10242 = ORIENTED_EDGE('',*,*,#10243,.T.);
#10243 = EDGE_CURVE('',#9820,#10153,#10244,.T.);
#10244 = SURFACE_CURVE('',#10245,(#10258,#10274),.PCURVE_S1.);
#10245 = B_SPLINE_CURVE_WITH_KNOTS('',6,(#10246,#10247,#10248,#10249,
    #10250,#10251,#10252,#10253,#10254,#10255,#10256,#10257),
  .UNSPECIFIED.,.F.,.F.,(7,5,7),(0.,0.54995029677,1.),.UNSPECIFIED.);
#10246 = CARTESIAN_POINT('',(26.570709781109,3.34570062036,1.5));
#10247 = CARTESIAN_POINT('',(26.69568418028,3.34570062036,1.5));
#10248 = CARTESIAN_POINT('',(26.818954077417,3.341275266102,1.5));
#10249 = CARTESIAN_POINT('',(26.940162365591,3.331857843485,1.5));
#10250 = CARTESIAN_POINT('',(27.05869366939,3.316756841759,1.5));
#10251 = CARTESIAN_POINT('',(27.17367677259,3.295162158892,1.5));
#10252 = CARTESIAN_POINT('',(27.374331390653,3.24254684201,1.5));
#10253 = CARTESIAN_POINT('',(27.461519750981,3.213954809493,1.5));
#10254 = CARTESIAN_POINT('',(27.544948324168,3.18000171464,1.5));
#10255 = CARTESIAN_POINT('',(27.623819072928,3.140265911911,1.5));
#10256 = CARTESIAN_POINT('',(27.697245870531,3.09443414918,1.5));
#10257 = CARTESIAN_POINT('',(27.764442769441,3.042530337609,1.5));
#10258 = PCURVE('',#8605,#10259);
#10259 = DEFINITIONAL_REPRESENTATION('',(#10260),#10273);
#10260 = B_SPLINE_CURVE_WITH_KNOTS('',6,(#10261,#10262,#10263,#10264,
    #10265,#10266,#10267,#10268,#10269,#10270,#10271,#10272),
  .UNSPECIFIED.,.F.,.F.,(7,5,7),(0.,0.54995029677,1.),.UNSPECIFIED.);
#10261 = CARTESIAN_POINT('',(1.,-5.E-02));
#10262 = CARTESIAN_POINT('',(0.922011468162,-5.E-02));
#10263 = CARTESIAN_POINT('',(0.841363404588,-5.E-02));
#10264 = CARTESIAN_POINT('',(0.75780186085,-5.E-02));
#10265 = CARTESIAN_POINT('',(0.67112906166,-5.E-02));
#10266 = CARTESIAN_POINT('',(0.581207110706,-5.E-02));
#10267 = CARTESIAN_POINT('',(0.411724320618,-5.E-02));
#10268 = CARTESIAN_POINT('',(0.333260181036,-5.E-02));
#10269 = CARTESIAN_POINT('',(0.252631838408,-5.E-02));
#10270 = CARTESIAN_POINT('',(0.169982551913,-5.E-02));
#10271 = CARTESIAN_POINT('',(8.560174681489E-02,-5.E-02));
#10272 = CARTESIAN_POINT('',(0.,-5.E-02));
#10273 = ( GEOMETRIC_REPRESENTATION_CONTEXT(2) 
PARAMETRIC_REPRESENTATION_CONTEXT() REPRESENTATION_CONTEXT('2D SPACE',''
  ) );
#10274 = PCURVE('',#9834,#10275);
#10275 = DEFINITIONAL_REPRESENTATION('',(#10276),#10289);
#10276 = B_SPLINE_CURVE_WITH_KNOTS('',6,(#10277,#10278,#10279,#10280,
    #10281,#10282,#10283,#10284,#10285,#10286,#10287,#10288),
  .UNSPECIFIED.,.F.,.F.,(7,5,7),(0.,0.54995029677,1.),.UNSPECIFIED.);
#10277 = CARTESIAN_POINT('',(66.570709781109,18.34570062036));
#10278 = CARTESIAN_POINT('',(66.69568418028,18.34570062036));
#10279 = CARTESIAN_POINT('',(66.818954077417,18.341275266102));
#10280 = CARTESIAN_POINT('',(66.940162365591,18.331857843485));
#10281 = CARTESIAN_POINT('',(67.05869366939,18.316756841759));
#10282 = CARTESIAN_POINT('',(67.17367677259,18.295162158892));
#10283 = CARTESIAN_POINT('',(67.374331390653,18.24254684201));
#10284 = CARTESIAN_POINT('',(67.461519750981,18.213954809493));
#10285 = CARTESIAN_POINT('',(67.544948324168,18.18000171464));
#10286 = CARTESIAN_POINT('',(67.623819072928,18.140265911911));
#10287 = CARTESIAN_POINT('',(67.697245870531,18.09443414918));
#10288 = CARTESIAN_POINT('',(67.764442769441,18.042530337609));
#10289 = ( GEOMETRIC_REPRESENTATION_CONTEXT(2) 
PARAMETRIC_REPRESENTATION_CONTEXT() REPRESENTATION_CONTEXT('2D SPACE',''
  ) );
#10290 = ORIENTED_EDGE('',*,*,#10219,.T.);
#10291 = ORIENTED_EDGE('',*,*,#8591,.T.);
#10292 = ORIENTED_EDGE('',*,*,#9845,.F.);
#10293 = ADVANCED_FACE('',(#10294),#8650,.T.);
#10294 = FACE_BOUND('',#10295,.T.);
#10295 = EDGE_LOOP('',(#10296,#10324,#10345,#10346));
#10296 = ORIENTED_EDGE('',*,*,#10297,.T.);
#10297 = EDGE_CURVE('',#10298,#10300,#10302,.T.);
#10298 = VERTEX_POINT('',#10299);
#10299 = CARTESIAN_POINT('',(-17.02084587445,3.167046703739,1.5));
#10300 = VERTEX_POINT('',#10301);
#10301 = CARTESIAN_POINT('',(-15.53206323594,-0.855373297762,1.5));
#10302 = SURFACE_CURVE('',#10303,(#10307,#10313),.PCURVE_S1.);
#10303 = LINE('',#10304,#10305);
#10304 = CARTESIAN_POINT('',(-14.7038362159,-3.093092119178,1.5));
#10305 = VECTOR('',#10306,1.);
#10306 = DIRECTION('',(0.347108799995,-0.937824866895,0.));
#10307 = PCURVE('',#8650,#10308);
#10308 = DEFINITIONAL_REPRESENTATION('',(#10309),#10312);
#10309 = B_SPLINE_CURVE_WITH_KNOTS('',1,(#10310,#10311),.UNSPECIFIED.,
  .F.,.F.,(2,2),(-6.6751683005,-2.386073242892),
  .PIECEWISE_BEZIER_KNOTS.);
#10310 = CARTESIAN_POINT('',(4.289095057608,-5.E-02));
#10311 = CARTESIAN_POINT('',(0.,-5.E-02));
#10312 = ( GEOMETRIC_REPRESENTATION_CONTEXT(2) 
PARAMETRIC_REPRESENTATION_CONTEXT() REPRESENTATION_CONTEXT('2D SPACE',''
  ) );
#10313 = PCURVE('',#10314,#10319);
#10314 = PLANE('',#10315);
#10315 = AXIS2_PLACEMENT_3D('',#10316,#10317,#10318);
#10316 = CARTESIAN_POINT('',(-40.,-15.,1.5));
#10317 = DIRECTION('',(0.,0.,1.));
#10318 = DIRECTION('',(1.,0.,0.));
#10319 = DEFINITIONAL_REPRESENTATION('',(#10320),#10323);
#10320 = B_SPLINE_CURVE_WITH_KNOTS('',1,(#10321,#10322),.UNSPECIFIED.,
  .F.,.F.,(2,2),(-6.6751683005,-2.386073242892),
  .PIECEWISE_BEZIER_KNOTS.);
#10321 = CARTESIAN_POINT('',(22.979154125549,18.167046703739));
#10322 = CARTESIAN_POINT('',(24.467936764059,14.144626702238));
#10323 = ( GEOMETRIC_REPRESENTATION_CONTEXT(2) 
PARAMETRIC_REPRESENTATION_CONTEXT() REPRESENTATION_CONTEXT('2D SPACE',''
  ) );
#10324 = ORIENTED_EDGE('',*,*,#10325,.T.);
#10325 = EDGE_CURVE('',#10300,#8633,#10326,.T.);
#10326 = SURFACE_CURVE('',#10327,(#10331,#10338),.PCURVE_S1.);
#10327 = LINE('',#10328,#10329);
#10328 = CARTESIAN_POINT('',(-15.53206323594,-0.855373297762,1.45));
#10329 = VECTOR('',#10330,1.);
#10330 = DIRECTION('',(0.,0.,1.));
#10331 = PCURVE('',#8650,#10332);
#10332 = DEFINITIONAL_REPRESENTATION('',(#10333),#10337);
#10333 = LINE('',#10334,#10335);
#10334 = CARTESIAN_POINT('',(0.,0.));
#10335 = VECTOR('',#10336,1.);
#10336 = DIRECTION('',(0.,-1.));
#10337 = ( GEOMETRIC_REPRESENTATION_CONTEXT(2) 
PARAMETRIC_REPRESENTATION_CONTEXT() REPRESENTATION_CONTEXT('2D SPACE',''
  ) );
#10338 = PCURVE('',#8704,#10339);
#10339 = DEFINITIONAL_REPRESENTATION('',(#10340),#10344);
#10340 = LINE('',#10341,#10342);
#10341 = CARTESIAN_POINT('',(2.97215152197,0.));
#10342 = VECTOR('',#10343,1.);
#10343 = DIRECTION('',(0.,-1.));
#10344 = ( GEOMETRIC_REPRESENTATION_CONTEXT(2) 
PARAMETRIC_REPRESENTATION_CONTEXT() REPRESENTATION_CONTEXT('2D SPACE',''
  ) );
#10345 = ORIENTED_EDGE('',*,*,#8632,.T.);
#10346 = ORIENTED_EDGE('',*,*,#10347,.F.);
#10347 = EDGE_CURVE('',#10298,#8635,#10348,.T.);
#10348 = SURFACE_CURVE('',#10349,(#10353,#10360),.PCURVE_S1.);
#10349 = LINE('',#10350,#10351);
#10350 = CARTESIAN_POINT('',(-17.02084587445,3.167046703739,1.45));
#10351 = VECTOR('',#10352,1.);
#10352 = DIRECTION('',(0.,0.,1.));
#10353 = PCURVE('',#8650,#10354);
#10354 = DEFINITIONAL_REPRESENTATION('',(#10355),#10359);
#10355 = LINE('',#10356,#10357);
#10356 = CARTESIAN_POINT('',(4.289095057608,0.));
#10357 = VECTOR('',#10358,1.);
#10358 = DIRECTION('',(0.,-1.));
#10359 = ( GEOMETRIC_REPRESENTATION_CONTEXT(2) 
PARAMETRIC_REPRESENTATION_CONTEXT() REPRESENTATION_CONTEXT('2D SPACE',''
  ) );
#10360 = PCURVE('',#8678,#10361);
#10361 = DEFINITIONAL_REPRESENTATION('',(#10362),#10366);
#10362 = LINE('',#10363,#10364);
#10363 = CARTESIAN_POINT('',(1.249980484567E-15,0.));
#10364 = VECTOR('',#10365,1.);
#10365 = DIRECTION('',(0.,-1.));
#10366 = ( GEOMETRIC_REPRESENTATION_CONTEXT(2) 
PARAMETRIC_REPRESENTATION_CONTEXT() REPRESENTATION_CONTEXT('2D SPACE',''
  ) );
#10367 = ADVANCED_FACE('',(#10368),#8678,.T.);
#10368 = FACE_BOUND('',#10369,.T.);
#10369 = EDGE_LOOP('',(#10370,#10391,#10392,#10393));
#10370 = ORIENTED_EDGE('',*,*,#10371,.T.);
#10371 = EDGE_CURVE('',#10372,#10298,#10374,.T.);
#10372 = VERTEX_POINT('',#10373);
#10373 = CARTESIAN_POINT('',(-18.50421475791,-0.855373297762,1.5));
#10374 = SURFACE_CURVE('',#10375,(#10379,#10385),.PCURVE_S1.);
#10375 = LINE('',#10376,#10377);
#10376 = CARTESIAN_POINT('',(-21.34507683093,-8.558878846144,1.5));
#10377 = VECTOR('',#10378,1.);
#10378 = DIRECTION('',(0.345997934185,0.938235274086,-0.));
#10379 = PCURVE('',#8678,#10380);
#10380 = DEFINITIONAL_REPRESENTATION('',(#10381),#10384);
#10381 = B_SPLINE_CURVE_WITH_KNOTS('',1,(#10382,#10383),.UNSPECIFIED.,
  .F.,.F.,(2,2),(8.210633048182,12.497851950091),
  .PIECEWISE_BEZIER_KNOTS.);
#10382 = CARTESIAN_POINT('',(4.287218901909,-5.E-02));
#10383 = CARTESIAN_POINT('',(0.,-5.E-02));
#10384 = ( GEOMETRIC_REPRESENTATION_CONTEXT(2) 
PARAMETRIC_REPRESENTATION_CONTEXT() REPRESENTATION_CONTEXT('2D SPACE',''
  ) );
#10385 = PCURVE('',#10314,#10386);
#10386 = DEFINITIONAL_REPRESENTATION('',(#10387),#10390);
#10387 = B_SPLINE_CURVE_WITH_KNOTS('',1,(#10388,#10389),.UNSPECIFIED.,
  .F.,.F.,(2,2),(8.210633048182,12.497851950091),
  .PIECEWISE_BEZIER_KNOTS.);
#10388 = CARTESIAN_POINT('',(21.495785242089,14.144626702238));
#10389 = CARTESIAN_POINT('',(22.979154125549,18.167046703739));
#10390 = ( GEOMETRIC_REPRESENTATION_CONTEXT(2) 
PARAMETRIC_REPRESENTATION_CONTEXT() REPRESENTATION_CONTEXT('2D SPACE',''
  ) );
#10391 = ORIENTED_EDGE('',*,*,#10347,.T.);
#10392 = ORIENTED_EDGE('',*,*,#8662,.T.);
#10393 = ORIENTED_EDGE('',*,*,#10394,.F.);
#10394 = EDGE_CURVE('',#10372,#8663,#10395,.T.);
#10395 = SURFACE_CURVE('',#10396,(#10400,#10407),.PCURVE_S1.);
#10396 = LINE('',#10397,#10398);
#10397 = CARTESIAN_POINT('',(-18.50421475791,-0.855373297762,1.45));
#10398 = VECTOR('',#10399,1.);
#10399 = DIRECTION('',(0.,0.,1.));
#10400 = PCURVE('',#8678,#10401);
#10401 = DEFINITIONAL_REPRESENTATION('',(#10402),#10406);
#10402 = LINE('',#10403,#10404);
#10403 = CARTESIAN_POINT('',(4.287218901909,0.));
#10404 = VECTOR('',#10405,1.);
#10405 = DIRECTION('',(0.,-1.));
#10406 = ( GEOMETRIC_REPRESENTATION_CONTEXT(2) 
PARAMETRIC_REPRESENTATION_CONTEXT() REPRESENTATION_CONTEXT('2D SPACE',''
  ) );
#10407 = PCURVE('',#8704,#10408);
#10408 = DEFINITIONAL_REPRESENTATION('',(#10409),#10413);
#10409 = LINE('',#10410,#10411);
#10410 = CARTESIAN_POINT('',(-3.552713678801E-15,0.));
#10411 = VECTOR('',#10412,1.);
#10412 = DIRECTION('',(0.,-1.));
#10413 = ( GEOMETRIC_REPRESENTATION_CONTEXT(2) 
PARAMETRIC_REPRESENTATION_CONTEXT() REPRESENTATION_CONTEXT('2D SPACE',''
  ) );
#10414 = ADVANCED_FACE('',(#10415),#8704,.T.);
#10415 = FACE_BOUND('',#10416,.T.);
#10416 = EDGE_LOOP('',(#10417,#10436,#10437,#10438));
#10417 = ORIENTED_EDGE('',*,*,#10418,.T.);
#10418 = EDGE_CURVE('',#10300,#10372,#10419,.T.);
#10419 = SURFACE_CURVE('',#10420,(#10424,#10430),.PCURVE_S1.);
#10420 = LINE('',#10421,#10422);
#10421 = CARTESIAN_POINT('',(-29.25210737895,-0.855373297762,1.5));
#10422 = VECTOR('',#10423,1.);
#10423 = DIRECTION('',(-1.,0.,0.));
#10424 = PCURVE('',#8704,#10425);
#10425 = DEFINITIONAL_REPRESENTATION('',(#10426),#10429);
#10426 = B_SPLINE_CURVE_WITH_KNOTS('',1,(#10427,#10428),.UNSPECIFIED.,
  .F.,.F.,(2,2),(-13.72004414301,-10.74789262104),
  .PIECEWISE_BEZIER_KNOTS.);
#10427 = CARTESIAN_POINT('',(2.97215152197,-5.E-02));
#10428 = CARTESIAN_POINT('',(-3.552713678801E-15,-5.E-02));
#10429 = ( GEOMETRIC_REPRESENTATION_CONTEXT(2) 
PARAMETRIC_REPRESENTATION_CONTEXT() REPRESENTATION_CONTEXT('2D SPACE',''
  ) );
#10430 = PCURVE('',#10314,#10431);
#10431 = DEFINITIONAL_REPRESENTATION('',(#10432),#10435);
#10432 = B_SPLINE_CURVE_WITH_KNOTS('',1,(#10433,#10434),.UNSPECIFIED.,
  .F.,.F.,(2,2),(-13.72004414301,-10.74789262104),
  .PIECEWISE_BEZIER_KNOTS.);
#10433 = CARTESIAN_POINT('',(24.467936764059,14.144626702238));
#10434 = CARTESIAN_POINT('',(21.495785242089,14.144626702238));
#10435 = ( GEOMETRIC_REPRESENTATION_CONTEXT(2) 
PARAMETRIC_REPRESENTATION_CONTEXT() REPRESENTATION_CONTEXT('2D SPACE',''
  ) );
#10436 = ORIENTED_EDGE('',*,*,#10394,.T.);
#10437 = ORIENTED_EDGE('',*,*,#8690,.T.);
#10438 = ORIENTED_EDGE('',*,*,#10325,.F.);
#10439 = ADVANCED_FACE('',(#10440),#8761,.T.);
#10440 = FACE_BOUND('',#10441,.T.);
#10441 = EDGE_LOOP('',(#10442,#10470,#10491,#10492));
#10442 = ORIENTED_EDGE('',*,*,#10443,.T.);
#10443 = EDGE_CURVE('',#10444,#10446,#10448,.T.);
#10444 = VERTEX_POINT('',#10445);
#10445 = CARTESIAN_POINT('',(18.975211447185,3.167046703739,1.5));
#10446 = VERTEX_POINT('',#10447);
#10447 = CARTESIAN_POINT('',(20.463994085695,-0.855373297762,1.5));
#10448 = SURFACE_CURVE('',#10449,(#10453,#10459),.PCURVE_S1.);
#10449 = LINE('',#10450,#10451);
#10450 = CARTESIAN_POINT('',(19.12373727898,2.765756910926,1.5));
#10451 = VECTOR('',#10452,1.);
#10452 = DIRECTION('',(0.347108799995,-0.937824866895,0.));
#10453 = PCURVE('',#8761,#10454);
#10454 = DEFINITIONAL_REPRESENTATION('',(#10455),#10458);
#10455 = B_SPLINE_CURVE_WITH_KNOTS('',1,(#10456,#10457),.UNSPECIFIED.,
  .F.,.F.,(2,2),(-0.427894169773,3.861200887835),
  .PIECEWISE_BEZIER_KNOTS.);
#10456 = CARTESIAN_POINT('',(4.289095057608,-5.E-02));
#10457 = CARTESIAN_POINT('',(0.,-5.E-02));
#10458 = ( GEOMETRIC_REPRESENTATION_CONTEXT(2) 
PARAMETRIC_REPRESENTATION_CONTEXT() REPRESENTATION_CONTEXT('2D SPACE',''
  ) );
#10459 = PCURVE('',#10460,#10465);
#10460 = PLANE('',#10461);
#10461 = AXIS2_PLACEMENT_3D('',#10462,#10463,#10464);
#10462 = CARTESIAN_POINT('',(-40.,-15.,1.5));
#10463 = DIRECTION('',(0.,0.,1.));
#10464 = DIRECTION('',(1.,0.,0.));
#10465 = DEFINITIONAL_REPRESENTATION('',(#10466),#10469);
#10466 = B_SPLINE_CURVE_WITH_KNOTS('',1,(#10467,#10468),.UNSPECIFIED.,
  .F.,.F.,(2,2),(-0.427894169773,3.861200887835),
  .PIECEWISE_BEZIER_KNOTS.);
#10467 = CARTESIAN_POINT('',(58.975211447185,18.167046703739));
#10468 = CARTESIAN_POINT('',(60.463994085695,14.144626702238));
#10469 = ( GEOMETRIC_REPRESENTATION_CONTEXT(2) 
PARAMETRIC_REPRESENTATION_CONTEXT() REPRESENTATION_CONTEXT('2D SPACE',''
  ) );
#10470 = ORIENTED_EDGE('',*,*,#10471,.T.);
#10471 = EDGE_CURVE('',#10446,#8744,#10472,.T.);
#10472 = SURFACE_CURVE('',#10473,(#10477,#10484),.PCURVE_S1.);
#10473 = LINE('',#10474,#10475);
#10474 = CARTESIAN_POINT('',(20.463994085695,-0.855373297762,1.45));
#10475 = VECTOR('',#10476,1.);
#10476 = DIRECTION('',(0.,0.,1.));
#10477 = PCURVE('',#8761,#10478);
#10478 = DEFINITIONAL_REPRESENTATION('',(#10479),#10483);
#10479 = LINE('',#10480,#10481);
#10480 = CARTESIAN_POINT('',(0.,0.));
#10481 = VECTOR('',#10482,1.);
#10482 = DIRECTION('',(0.,-1.));
#10483 = ( GEOMETRIC_REPRESENTATION_CONTEXT(2) 
PARAMETRIC_REPRESENTATION_CONTEXT() REPRESENTATION_CONTEXT('2D SPACE',''
  ) );
#10484 = PCURVE('',#8815,#10485);
#10485 = DEFINITIONAL_REPRESENTATION('',(#10486),#10490);
#10486 = LINE('',#10487,#10488);
#10487 = CARTESIAN_POINT('',(2.97215152197,0.));
#10488 = VECTOR('',#10489,1.);
#10489 = DIRECTION('',(0.,-1.));
#10490 = ( GEOMETRIC_REPRESENTATION_CONTEXT(2) 
PARAMETRIC_REPRESENTATION_CONTEXT() REPRESENTATION_CONTEXT('2D SPACE',''
  ) );
#10491 = ORIENTED_EDGE('',*,*,#8743,.T.);
#10492 = ORIENTED_EDGE('',*,*,#10493,.F.);
#10493 = EDGE_CURVE('',#10444,#8746,#10494,.T.);
#10494 = SURFACE_CURVE('',#10495,(#10499,#10506),.PCURVE_S1.);
#10495 = LINE('',#10496,#10497);
#10496 = CARTESIAN_POINT('',(18.975211447185,3.167046703739,1.45));
#10497 = VECTOR('',#10498,1.);
#10498 = DIRECTION('',(0.,0.,1.));
#10499 = PCURVE('',#8761,#10500);
#10500 = DEFINITIONAL_REPRESENTATION('',(#10501),#10505);
#10501 = LINE('',#10502,#10503);
#10502 = CARTESIAN_POINT('',(4.289095057608,0.));
#10503 = VECTOR('',#10504,1.);
#10504 = DIRECTION('',(0.,-1.));
#10505 = ( GEOMETRIC_REPRESENTATION_CONTEXT(2) 
PARAMETRIC_REPRESENTATION_CONTEXT() REPRESENTATION_CONTEXT('2D SPACE',''
  ) );
#10506 = PCURVE('',#8789,#10507);
#10507 = DEFINITIONAL_REPRESENTATION('',(#10508),#10512);
#10508 = LINE('',#10509,#10510);
#10509 = CARTESIAN_POINT('',(0.,0.));
#10510 = VECTOR('',#10511,1.);
#10511 = DIRECTION('',(0.,-1.));
#10512 = ( GEOMETRIC_REPRESENTATION_CONTEXT(2) 
PARAMETRIC_REPRESENTATION_CONTEXT() REPRESENTATION_CONTEXT('2D SPACE',''
  ) );
#10513 = ADVANCED_FACE('',(#10514),#8789,.T.);
#10514 = FACE_BOUND('',#10515,.T.);
#10515 = EDGE_LOOP('',(#10516,#10537,#10538,#10539));
#10516 = ORIENTED_EDGE('',*,*,#10517,.T.);
#10517 = EDGE_CURVE('',#10518,#10444,#10520,.T.);
#10518 = VERTEX_POINT('',#10519);
#10519 = CARTESIAN_POINT('',(17.491842563725,-0.855373297762,1.5));
#10520 = SURFACE_CURVE('',#10521,(#10525,#10531),.PCURVE_S1.);
#10521 = LINE('',#10522,#10523);
#10522 = CARTESIAN_POINT('',(12.496354220437,-14.40153329434,1.5));
#10523 = VECTOR('',#10524,1.);
#10524 = DIRECTION('',(0.345997934185,0.938235274086,-0.));
#10525 = PCURVE('',#8789,#10526);
#10526 = DEFINITIONAL_REPRESENTATION('',(#10527),#10530);
#10527 = B_SPLINE_CURVE_WITH_KNOTS('',1,(#10528,#10529),.UNSPECIFIED.,
  .F.,.F.,(2,2),(14.437913784231,18.72513268614),
  .PIECEWISE_BEZIER_KNOTS.);
#10528 = CARTESIAN_POINT('',(4.287218901909,-5.E-02));
#10529 = CARTESIAN_POINT('',(0.,-5.E-02));
#10530 = ( GEOMETRIC_REPRESENTATION_CONTEXT(2) 
PARAMETRIC_REPRESENTATION_CONTEXT() REPRESENTATION_CONTEXT('2D SPACE',''
  ) );
#10531 = PCURVE('',#10460,#10532);
#10532 = DEFINITIONAL_REPRESENTATION('',(#10533),#10536);
#10533 = B_SPLINE_CURVE_WITH_KNOTS('',1,(#10534,#10535),.UNSPECIFIED.,
  .F.,.F.,(2,2),(14.437913784231,18.72513268614),
  .PIECEWISE_BEZIER_KNOTS.);
#10534 = CARTESIAN_POINT('',(57.491842563725,14.144626702238));
#10535 = CARTESIAN_POINT('',(58.975211447185,18.167046703739));
#10536 = ( GEOMETRIC_REPRESENTATION_CONTEXT(2) 
PARAMETRIC_REPRESENTATION_CONTEXT() REPRESENTATION_CONTEXT('2D SPACE',''
  ) );
#10537 = ORIENTED_EDGE('',*,*,#10493,.T.);
#10538 = ORIENTED_EDGE('',*,*,#8773,.T.);
#10539 = ORIENTED_EDGE('',*,*,#10540,.F.);
#10540 = EDGE_CURVE('',#10518,#8774,#10541,.T.);
#10541 = SURFACE_CURVE('',#10542,(#10546,#10553),.PCURVE_S1.);
#10542 = LINE('',#10543,#10544);
#10543 = CARTESIAN_POINT('',(17.491842563725,-0.855373297762,1.45));
#10544 = VECTOR('',#10545,1.);
#10545 = DIRECTION('',(0.,0.,1.));
#10546 = PCURVE('',#8789,#10547);
#10547 = DEFINITIONAL_REPRESENTATION('',(#10548),#10552);
#10548 = LINE('',#10549,#10550);
#10549 = CARTESIAN_POINT('',(4.287218901909,0.));
#10550 = VECTOR('',#10551,1.);
#10551 = DIRECTION('',(0.,-1.));
#10552 = ( GEOMETRIC_REPRESENTATION_CONTEXT(2) 
PARAMETRIC_REPRESENTATION_CONTEXT() REPRESENTATION_CONTEXT('2D SPACE',''
  ) );
#10553 = PCURVE('',#8815,#10554);
#10554 = DEFINITIONAL_REPRESENTATION('',(#10555),#10559);
#10555 = LINE('',#10556,#10557);
#10556 = CARTESIAN_POINT('',(0.,0.));
#10557 = VECTOR('',#10558,1.);
#10558 = DIRECTION('',(0.,-1.));
#10559 = ( GEOMETRIC_REPRESENTATION_CONTEXT(2) 
PARAMETRIC_REPRESENTATION_CONTEXT() REPRESENTATION_CONTEXT('2D SPACE',''
  ) );
#10560 = ADVANCED_FACE('',(#10561),#8815,.T.);
#10561 = FACE_BOUND('',#10562,.T.);
#10562 = EDGE_LOOP('',(#10563,#10582,#10583,#10584));
#10563 = ORIENTED_EDGE('',*,*,#10564,.T.);
#10564 = EDGE_CURVE('',#10446,#10518,#10565,.T.);
#10565 = SURFACE_CURVE('',#10566,(#10570,#10576),.PCURVE_S1.);
#10566 = LINE('',#10567,#10568);
#10567 = CARTESIAN_POINT('',(-11.25407871813,-0.855373297762,1.5));
#10568 = VECTOR('',#10569,1.);
#10569 = DIRECTION('',(-1.,0.,0.));
#10570 = PCURVE('',#8815,#10571);
#10571 = DEFINITIONAL_REPRESENTATION('',(#10572),#10575);
#10572 = B_SPLINE_CURVE_WITH_KNOTS('',1,(#10573,#10574),.UNSPECIFIED.,
  .F.,.F.,(2,2),(-31.71807280383,-28.74592128186),
  .PIECEWISE_BEZIER_KNOTS.);
#10573 = CARTESIAN_POINT('',(2.97215152197,-5.E-02));
#10574 = CARTESIAN_POINT('',(0.,-5.E-02));
#10575 = ( GEOMETRIC_REPRESENTATION_CONTEXT(2) 
PARAMETRIC_REPRESENTATION_CONTEXT() REPRESENTATION_CONTEXT('2D SPACE',''
  ) );
#10576 = PCURVE('',#10460,#10577);
#10577 = DEFINITIONAL_REPRESENTATION('',(#10578),#10581);
#10578 = B_SPLINE_CURVE_WITH_KNOTS('',1,(#10579,#10580),.UNSPECIFIED.,
  .F.,.F.,(2,2),(-31.71807280383,-28.74592128186),
  .PIECEWISE_BEZIER_KNOTS.);
#10579 = CARTESIAN_POINT('',(60.463994085695,14.144626702238));
#10580 = CARTESIAN_POINT('',(57.491842563725,14.144626702238));
#10581 = ( GEOMETRIC_REPRESENTATION_CONTEXT(2) 
PARAMETRIC_REPRESENTATION_CONTEXT() REPRESENTATION_CONTEXT('2D SPACE',''
  ) );
#10582 = ORIENTED_EDGE('',*,*,#10540,.T.);
#10583 = ORIENTED_EDGE('',*,*,#8801,.T.);
#10584 = ORIENTED_EDGE('',*,*,#10471,.F.);
#10585 = ADVANCED_FACE('',(#10586),#8847,.T.);
#10586 = FACE_BOUND('',#10587,.T.);
#10587 = EDGE_LOOP('',(#10588,#10589,#10590,#10591,#10592,#10593,#10594)
  );
#10588 = ORIENTED_EDGE('',*,*,#8830,.F.);
#10589 = ORIENTED_EDGE('',*,*,#8904,.F.);
#10590 = ORIENTED_EDGE('',*,*,#8951,.F.);
#10591 = ORIENTED_EDGE('',*,*,#8998,.F.);
#10592 = ORIENTED_EDGE('',*,*,#9074,.F.);
#10593 = ORIENTED_EDGE('',*,*,#9168,.F.);
#10594 = ORIENTED_EDGE('',*,*,#9262,.F.);
#10595 = ADVANCED_FACE('',(#10596),#9333,.T.);
#10596 = FACE_BOUND('',#10597,.T.);
#10597 = EDGE_LOOP('',(#10598,#10599,#10600,#10601,#10602,#10603,#10604)
  );
#10598 = ORIENTED_EDGE('',*,*,#9316,.F.);
#10599 = ORIENTED_EDGE('',*,*,#9390,.F.);
#10600 = ORIENTED_EDGE('',*,*,#9437,.F.);
#10601 = ORIENTED_EDGE('',*,*,#9484,.F.);
#10602 = ORIENTED_EDGE('',*,*,#9575,.F.);
#10603 = ORIENTED_EDGE('',*,*,#9669,.F.);
#10604 = ORIENTED_EDGE('',*,*,#9763,.F.);
#10605 = ADVANCED_FACE('',(#10606),#9834,.T.);
#10606 = FACE_BOUND('',#10607,.T.);
#10607 = EDGE_LOOP('',(#10608,#10609,#10610,#10611,#10612,#10613,#10614)
  );
#10608 = ORIENTED_EDGE('',*,*,#9817,.F.);
#10609 = ORIENTED_EDGE('',*,*,#9891,.F.);
#10610 = ORIENTED_EDGE('',*,*,#9938,.F.);
#10611 = ORIENTED_EDGE('',*,*,#9985,.F.);
#10612 = ORIENTED_EDGE('',*,*,#10061,.F.);
#10613 = ORIENTED_EDGE('',*,*,#10152,.F.);
#10614 = ORIENTED_EDGE('',*,*,#10243,.F.);
#10615 = ADVANCED_FACE('',(#10616),#10314,.T.);
#10616 = FACE_BOUND('',#10617,.T.);
#10617 = EDGE_LOOP('',(#10618,#10619,#10620));
#10618 = ORIENTED_EDGE('',*,*,#10297,.F.);
#10619 = ORIENTED_EDGE('',*,*,#10371,.F.);
#10620 = ORIENTED_EDGE('',*,*,#10418,.F.);
#10621 = ADVANCED_FACE('',(#10622),#10460,.T.);
#10622 = FACE_BOUND('',#10623,.T.);
#10623 = EDGE_LOOP('',(#10624,#10625,#10626));
#10624 = ORIENTED_EDGE('',*,*,#10443,.F.);
#10625 = ORIENTED_EDGE('',*,*,#10517,.F.);
#10626 = ORIENTED_EDGE('',*,*,#10564,.F.);
#10627 = ( GEOMETRIC_REPRESENTATION_CONTEXT(3) 
GLOBAL_UNCERTAINTY_ASSIGNED_CONTEXT((#10631)) 
GLOBAL_UNIT_ASSIGNED_CONTEXT((#10628,#10629,#10630)) 
REPRESENTATION_CONTEXT('Context #1',
  '3D Context with UNIT and UNCERTAINTY') );
#10628 = ( LENGTH_UNIT() NAMED_UNIT(*) SI_UNIT(.MILLI.,.METRE.) );
#10629 = ( NAMED_UNIT(*) PLANE_ANGLE_UNIT() SI_UNIT($,.RADIAN.) );
#10630 = ( NAMED_UNIT(*) SI_UNIT($,.STERADIAN.) SOLID_ANGLE_UNIT() );
#10631 = UNCERTAINTY_MEASURE_WITH_UNIT(LENGTH_MEASURE(5.E-07),#10628,
  'distance_accuracy_value','confusion accuracy');
#10632 = PRODUCT_RELATED_PRODUCT_CATEGORY('part',$,(#7));
ENDSEC;
END-ISO-10303-21;
