ISO-10303-21;
HEADER;
FILE_DESCRIPTION(('Open CASCADE Model'),'2;1');
FILE_NAME('Open CASCADE Shape Model','2026-07-29T01:55:08',('Author'),(
    'Open CASCADE'),'Open CASCADE STEP processor 7.9','Open CASCADE 7.9'
  ,'Unknown');
FILE_SCHEMA(('AUTOMOTIVE_DESIGN { 1 0 10303 214 1 1 1 1 }'));
ENDSEC;
DATA;
#1 = APPLICATION_PROTOCOL_DEFINITION('international standard',
  'automotive_design',2000,#2);
#2 = APPLICATION_CONTEXT(
  'core data for automotive mechanical design processes');
#3 = SHAPE_DEFINITION_REPRESENTATION(#4,#10);
#4 = PRODUCT_DEFINITION_SHAPE('','',#5);
#5 = PRODUCT_DEFINITION('design','',#6,#9);
#6 = PRODUCT_DEFINITION_FORMATION('','',#7);
#7 = PRODUCT('Open CASCADE STEP translator 7.9 1',
  'Open CASCADE STEP translator 7.9 1','',(#8));
#8 = PRODUCT_CONTEXT('',#2,'mechanical');
#9 = PRODUCT_DEFINITION_CONTEXT('part definition',#2,'design');
#10 = ADVANCED_BREP_SHAPE_REPRESENTATION('',(#11,#15),#12520);
#11 = AXIS2_PLACEMENT_3D('',#12,#13,#14);
#12 = CARTESIAN_POINT('',(0.,0.,0.));
#13 = DIRECTION('',(0.,0.,1.));
#14 = DIRECTION('',(1.,0.,-0.));
#15 = MANIFOLD_SOLID_BREP('',#16);
#16 = CLOSED_SHELL('',(#17,#137,#5376,#5426,#5480,#5605,#5632,#5659,
    #5686,#5713,#5720,#5796,#5845,#5894,#5943,#5992,#6041,#6090,#6139,
    #6166,#6242,#6291,#6340,#6389,#6438,#6487,#6536,#6585,#6634,#6683,
    #6732,#6759,#6835,#6884,#6933,#6982,#7031,#7080,#7129,#7178,#7227,
    #7276,#7325,#7374,#7423,#7472,#7521,#7548,#7624,#7673,#7722,#7771,
    #7820,#7869,#7918,#7967,#8016,#8065,#8114,#8163,#8212,#8261,#8310,
    #8359,#8408,#8457,#8506,#8555,#8604,#8653,#8702,#8751,#8800,#8849,
    #8898,#8925,#9001,#9050,#9099,#9126,#9202,#9251,#9300,#9349,#9398,
    #9447,#9496,#9545,#9594,#9643,#9692,#9741,#9790,#9839,#9888,#9937,
    #9986,#10035,#10084,#10133,#10182,#10231,#10280,#10329,#10378,#10427
    ,#10476,#10503,#10579,#10628,#10677,#10726,#10775,#10824,#10873,
    #10900,#11118,#11133,#11358,#11389,#11396,#11427,#11438,#11512,
    #11559,#11606,#11712,#11806,#11900,#11984,#12058,#12105,#12152,
    #12243,#12337,#12431,#12500,#12510));
#17 = ADVANCED_FACE('',(#18),#32,.F.);
#18 = FACE_BOUND('',#19,.F.);
#19 = EDGE_LOOP('',(#20,#55,#83,#111));
#20 = ORIENTED_EDGE('',*,*,#21,.F.);
#21 = EDGE_CURVE('',#22,#24,#26,.T.);
#22 = VERTEX_POINT('',#23);
#23 = CARTESIAN_POINT('',(-40.,-13.,1.5));
#24 = VERTEX_POINT('',#25);
#25 = CARTESIAN_POINT('',(-40.,13.,1.5));
#26 = SURFACE_CURVE('',#27,(#31,#43),.PCURVE_S1.);
#27 = LINE('',#28,#29);
#28 = CARTESIAN_POINT('',(-40.,-15.,1.5));
#29 = VECTOR('',#30,1.);
#30 = DIRECTION('',(0.,1.,0.));
#31 = PCURVE('',#32,#37);
#32 = PLANE('',#33);
#33 = AXIS2_PLACEMENT_3D('',#34,#35,#36);
#34 = CARTESIAN_POINT('',(-40.,-15.,-1.5));
#35 = DIRECTION('',(1.,0.,0.));
#36 = DIRECTION('',(0.,0.,1.));
#37 = DEFINITIONAL_REPRESENTATION('',(#38),#42);
#38 = LINE('',#39,#40);
#39 = CARTESIAN_POINT('',(3.,0.));
#40 = VECTOR('',#41,1.);
#41 = DIRECTION('',(0.,-1.));
#42 = ( GEOMETRIC_REPRESENTATION_CONTEXT(2) 
PARAMETRIC_REPRESENTATION_CONTEXT() REPRESENTATION_CONTEXT('2D SPACE',''
  ) );
#43 = PCURVE('',#44,#49);
#44 = PLANE('',#45);
#45 = AXIS2_PLACEMENT_3D('',#46,#47,#48);
#46 = CARTESIAN_POINT('',(-40.,-15.,1.5));
#47 = DIRECTION('',(0.,0.,1.));
#48 = DIRECTION('',(1.,0.,0.));
#49 = DEFINITIONAL_REPRESENTATION('',(#50),#54);
#50 = LINE('',#51,#52);
#51 = CARTESIAN_POINT('',(0.,0.));
#52 = VECTOR('',#53,1.);
#53 = DIRECTION('',(0.,1.));
#54 = ( GEOMETRIC_REPRESENTATION_CONTEXT(2) 
PARAMETRIC_REPRESENTATION_CONTEXT() REPRESENTATION_CONTEXT('2D SPACE',''
  ) );
#55 = ORIENTED_EDGE('',*,*,#56,.F.);
#56 = EDGE_CURVE('',#57,#22,#59,.T.);
#57 = VERTEX_POINT('',#58);
#58 = CARTESIAN_POINT('',(-40.,-13.,-1.5));
#59 = SURFACE_CURVE('',#60,(#64,#71),.PCURVE_S1.);
#60 = LINE('',#61,#62);
#61 = CARTESIAN_POINT('',(-40.,-13.,-1.5));
#62 = VECTOR('',#63,1.);
#63 = DIRECTION('',(0.,0.,1.));
#64 = PCURVE('',#32,#65);
#65 = DEFINITIONAL_REPRESENTATION('',(#66),#70);
#66 = LINE('',#67,#68);
#67 = CARTESIAN_POINT('',(0.,-2.));
#68 = VECTOR('',#69,1.);
#69 = DIRECTION('',(1.,0.));
#70 = ( GEOMETRIC_REPRESENTATION_CONTEXT(2) 
PARAMETRIC_REPRESENTATION_CONTEXT() REPRESENTATION_CONTEXT('2D SPACE',''
  ) );
#71 = PCURVE('',#72,#77);
#72 = CYLINDRICAL_SURFACE('',#73,2.);
#73 = AXIS2_PLACEMENT_3D('',#74,#75,#76);
#74 = CARTESIAN_POINT('',(-38.,-13.,-1.5));
#75 = DIRECTION('',(0.,0.,1.));
#76 = DIRECTION('',(-1.,-0.,0.));
#77 = DEFINITIONAL_REPRESENTATION('',(#78),#82);
#78 = LINE('',#79,#80);
#79 = CARTESIAN_POINT('',(0.,0.));
#80 = VECTOR('',#81,1.);
#81 = DIRECTION('',(0.,1.));
#82 = ( GEOMETRIC_REPRESENTATION_CONTEXT(2) 
PARAMETRIC_REPRESENTATION_CONTEXT() REPRESENTATION_CONTEXT('2D SPACE',''
  ) );
#83 = ORIENTED_EDGE('',*,*,#84,.T.);
#84 = EDGE_CURVE('',#57,#85,#87,.T.);
#85 = VERTEX_POINT('',#86);
#86 = CARTESIAN_POINT('',(-40.,13.,-1.5));
#87 = SURFACE_CURVE('',#88,(#92,#99),.PCURVE_S1.);
#88 = LINE('',#89,#90);
#89 = CARTESIAN_POINT('',(-40.,-15.,-1.5));
#90 = VECTOR('',#91,1.);
#91 = DIRECTION('',(0.,1.,0.));
#92 = PCURVE('',#32,#93);
#93 = DEFINITIONAL_REPRESENTATION('',(#94),#98);
#94 = LINE('',#95,#96);
#95 = CARTESIAN_POINT('',(0.,0.));
#96 = VECTOR('',#97,1.);
#97 = DIRECTION('',(0.,-1.));
#98 = ( GEOMETRIC_REPRESENTATION_CONTEXT(2) 
PARAMETRIC_REPRESENTATION_CONTEXT() REPRESENTATION_CONTEXT('2D SPACE',''
  ) );
#99 = PCURVE('',#100,#105);
#100 = PLANE('',#101);
#101 = AXIS2_PLACEMENT_3D('',#102,#103,#104);
#102 = CARTESIAN_POINT('',(-40.,-15.,-1.5));
#103 = DIRECTION('',(0.,0.,1.));
#104 = DIRECTION('',(1.,0.,0.));
#105 = DEFINITIONAL_REPRESENTATION('',(#106),#110);
#106 = LINE('',#107,#108);
#107 = CARTESIAN_POINT('',(0.,0.));
#108 = VECTOR('',#109,1.);
#109 = DIRECTION('',(0.,1.));
#110 = ( GEOMETRIC_REPRESENTATION_CONTEXT(2) 
PARAMETRIC_REPRESENTATION_CONTEXT() REPRESENTATION_CONTEXT('2D SPACE',''
  ) );
#111 = ORIENTED_EDGE('',*,*,#112,.T.);
#112 = EDGE_CURVE('',#85,#24,#113,.T.);
#113 = SURFACE_CURVE('',#114,(#118,#125),.PCURVE_S1.);
#114 = LINE('',#115,#116);
#115 = CARTESIAN_POINT('',(-40.,13.,-1.5));
#116 = VECTOR('',#117,1.);
#117 = DIRECTION('',(0.,0.,1.));
#118 = PCURVE('',#32,#119);
#119 = DEFINITIONAL_REPRESENTATION('',(#120),#124);
#120 = LINE('',#121,#122);
#121 = CARTESIAN_POINT('',(0.,-28.));
#122 = VECTOR('',#123,1.);
#123 = DIRECTION('',(1.,0.));
#124 = ( GEOMETRIC_REPRESENTATION_CONTEXT(2) 
PARAMETRIC_REPRESENTATION_CONTEXT() REPRESENTATION_CONTEXT('2D SPACE',''
  ) );
#125 = PCURVE('',#126,#131);
#126 = CYLINDRICAL_SURFACE('',#127,2.);
#127 = AXIS2_PLACEMENT_3D('',#128,#129,#130);
#128 = CARTESIAN_POINT('',(-38.,13.,-1.5));
#129 = DIRECTION('',(0.,0.,1.));
#130 = DIRECTION('',(-1.,-0.,0.));
#131 = DEFINITIONAL_REPRESENTATION('',(#132),#136);
#132 = LINE('',#133,#134);
#133 = CARTESIAN_POINT('',(-0.,0.));
#134 = VECTOR('',#135,1.);
#135 = DIRECTION('',(-0.,1.));
#136 = ( GEOMETRIC_REPRESENTATION_CONTEXT(2) 
PARAMETRIC_REPRESENTATION_CONTEXT() REPRESENTATION_CONTEXT('2D SPACE',''
  ) );
#137 = ADVANCED_FACE('',(#138,#337,#793,#1107,#1818,#3439,#3545,#5166),
  #44,.T.);
#138 = FACE_BOUND('',#139,.T.);
#139 = EDGE_LOOP('',(#140,#141,#165,#193,#226,#254,#283,#311));
#140 = ORIENTED_EDGE('',*,*,#21,.F.);
#141 = ORIENTED_EDGE('',*,*,#142,.T.);
#142 = EDGE_CURVE('',#22,#143,#145,.T.);
#143 = VERTEX_POINT('',#144);
#144 = CARTESIAN_POINT('',(-38.,-15.,1.5));
#145 = SURFACE_CURVE('',#146,(#151,#158),.PCURVE_S1.);
#146 = CIRCLE('',#147,2.);
#147 = AXIS2_PLACEMENT_3D('',#148,#149,#150);
#148 = CARTESIAN_POINT('',(-38.,-13.,1.5));
#149 = DIRECTION('',(0.,0.,1.));
#150 = DIRECTION('',(0.,-1.,0.));
#151 = PCURVE('',#44,#152);
#152 = DEFINITIONAL_REPRESENTATION('',(#153),#157);
#153 = CIRCLE('',#154,2.);
#154 = AXIS2_PLACEMENT_2D('',#155,#156);
#155 = CARTESIAN_POINT('',(2.,2.));
#156 = DIRECTION('',(0.,-1.));
#157 = ( GEOMETRIC_REPRESENTATION_CONTEXT(2) 
PARAMETRIC_REPRESENTATION_CONTEXT() REPRESENTATION_CONTEXT('2D SPACE',''
  ) );
#158 = PCURVE('',#72,#159);
#159 = DEFINITIONAL_REPRESENTATION('',(#160),#164);
#160 = LINE('',#161,#162);
#161 = CARTESIAN_POINT('',(-4.712388980385,3.));
#162 = VECTOR('',#163,1.);
#163 = DIRECTION('',(1.,0.));
#164 = ( GEOMETRIC_REPRESENTATION_CONTEXT(2) 
PARAMETRIC_REPRESENTATION_CONTEXT() REPRESENTATION_CONTEXT('2D SPACE',''
  ) );
#165 = ORIENTED_EDGE('',*,*,#166,.T.);
#166 = EDGE_CURVE('',#143,#167,#169,.T.);
#167 = VERTEX_POINT('',#168);
#168 = CARTESIAN_POINT('',(38.,-15.,1.5));
#169 = SURFACE_CURVE('',#170,(#174,#181),.PCURVE_S1.);
#170 = LINE('',#171,#172);
#171 = CARTESIAN_POINT('',(-40.,-15.,1.5));
#172 = VECTOR('',#173,1.);
#173 = DIRECTION('',(1.,0.,0.));
#174 = PCURVE('',#44,#175);
#175 = DEFINITIONAL_REPRESENTATION('',(#176),#180);
#176 = LINE('',#177,#178);
#177 = CARTESIAN_POINT('',(0.,0.));
#178 = VECTOR('',#179,1.);
#179 = DIRECTION('',(1.,0.));
#180 = ( GEOMETRIC_REPRESENTATION_CONTEXT(2) 
PARAMETRIC_REPRESENTATION_CONTEXT() REPRESENTATION_CONTEXT('2D SPACE',''
  ) );
#181 = PCURVE('',#182,#187);
#182 = PLANE('',#183);
#183 = AXIS2_PLACEMENT_3D('',#184,#185,#186);
#184 = CARTESIAN_POINT('',(-40.,-15.,-1.5));
#185 = DIRECTION('',(0.,1.,0.));
#186 = DIRECTION('',(0.,0.,1.));
#187 = DEFINITIONAL_REPRESENTATION('',(#188),#192);
#188 = LINE('',#189,#190);
#189 = CARTESIAN_POINT('',(3.,0.));
#190 = VECTOR('',#191,1.);
#191 = DIRECTION('',(0.,1.));
#192 = ( GEOMETRIC_REPRESENTATION_CONTEXT(2) 
PARAMETRIC_REPRESENTATION_CONTEXT() REPRESENTATION_CONTEXT('2D SPACE',''
  ) );
#193 = ORIENTED_EDGE('',*,*,#194,.F.);
#194 = EDGE_CURVE('',#195,#167,#197,.T.);
#195 = VERTEX_POINT('',#196);
#196 = CARTESIAN_POINT('',(40.,-13.,1.5));
#197 = SURFACE_CURVE('',#198,(#203,#214),.PCURVE_S1.);
#198 = CIRCLE('',#199,2.);
#199 = AXIS2_PLACEMENT_3D('',#200,#201,#202);
#200 = CARTESIAN_POINT('',(38.,-13.,1.5));
#201 = DIRECTION('',(-0.,-0.,-1.));
#202 = DIRECTION('',(0.,-1.,0.));
#203 = PCURVE('',#44,#204);
#204 = DEFINITIONAL_REPRESENTATION('',(#205),#213);
#205 = ( BOUNDED_CURVE() B_SPLINE_CURVE(2,(#206,#207,#208,#209,#210,#211
,#212),.UNSPECIFIED.,.T.,.F.) B_SPLINE_CURVE_WITH_KNOTS((1,2,2,2,2,1),(
    -2.094395102393,0.,2.094395102393,4.188790204786,6.28318530718,
8.377580409573),.UNSPECIFIED.) CURVE() GEOMETRIC_REPRESENTATION_ITEM() 
RATIONAL_B_SPLINE_CURVE((1.,0.5,1.,0.5,1.,0.5,1.)) REPRESENTATION_ITEM(
  '') );
#206 = CARTESIAN_POINT('',(78.,0.));
#207 = CARTESIAN_POINT('',(74.535898384862,0.));
#208 = CARTESIAN_POINT('',(76.267949192431,3.));
#209 = CARTESIAN_POINT('',(78.,6.));
#210 = CARTESIAN_POINT('',(79.732050807569,3.));
#211 = CARTESIAN_POINT('',(81.464101615138,3.10862446895E-15));
#212 = CARTESIAN_POINT('',(78.,0.));
#213 = ( GEOMETRIC_REPRESENTATION_CONTEXT(2) 
PARAMETRIC_REPRESENTATION_CONTEXT() REPRESENTATION_CONTEXT('2D SPACE',''
  ) );
#214 = PCURVE('',#215,#220);
#215 = CYLINDRICAL_SURFACE('',#216,2.);
#216 = AXIS2_PLACEMENT_3D('',#217,#218,#219);
#217 = CARTESIAN_POINT('',(38.,-13.,-1.5));
#218 = DIRECTION('',(0.,0.,1.));
#219 = DIRECTION('',(1.,0.,-0.));
#220 = DEFINITIONAL_REPRESENTATION('',(#221),#225);
#221 = LINE('',#222,#223);
#222 = CARTESIAN_POINT('',(4.712388980385,3.));
#223 = VECTOR('',#224,1.);
#224 = DIRECTION('',(-1.,0.));
#225 = ( GEOMETRIC_REPRESENTATION_CONTEXT(2) 
PARAMETRIC_REPRESENTATION_CONTEXT() REPRESENTATION_CONTEXT('2D SPACE',''
  ) );
#226 = ORIENTED_EDGE('',*,*,#227,.T.);
#227 = EDGE_CURVE('',#195,#228,#230,.T.);
#228 = VERTEX_POINT('',#229);
#229 = CARTESIAN_POINT('',(40.,13.,1.5));
#230 = SURFACE_CURVE('',#231,(#235,#242),.PCURVE_S1.);
#231 = LINE('',#232,#233);
#232 = CARTESIAN_POINT('',(40.,-15.,1.5));
#233 = VECTOR('',#234,1.);
#234 = DIRECTION('',(0.,1.,0.));
#235 = PCURVE('',#44,#236);
#236 = DEFINITIONAL_REPRESENTATION('',(#237),#241);
#237 = LINE('',#238,#239);
#238 = CARTESIAN_POINT('',(80.,0.));
#239 = VECTOR('',#240,1.);
#240 = DIRECTION('',(0.,1.));
#241 = ( GEOMETRIC_REPRESENTATION_CONTEXT(2) 
PARAMETRIC_REPRESENTATION_CONTEXT() REPRESENTATION_CONTEXT('2D SPACE',''
  ) );
#242 = PCURVE('',#243,#248);
#243 = PLANE('',#244);
#244 = AXIS2_PLACEMENT_3D('',#245,#246,#247);
#245 = CARTESIAN_POINT('',(40.,-15.,-1.5));
#246 = DIRECTION('',(1.,0.,0.));
#247 = DIRECTION('',(0.,0.,1.));
#248 = DEFINITIONAL_REPRESENTATION('',(#249),#253);
#249 = LINE('',#250,#251);
#250 = CARTESIAN_POINT('',(3.,0.));
#251 = VECTOR('',#252,1.);
#252 = DIRECTION('',(0.,-1.));
#253 = ( GEOMETRIC_REPRESENTATION_CONTEXT(2) 
PARAMETRIC_REPRESENTATION_CONTEXT() REPRESENTATION_CONTEXT('2D SPACE',''
  ) );
#254 = ORIENTED_EDGE('',*,*,#255,.T.);
#255 = EDGE_CURVE('',#228,#256,#258,.T.);
#256 = VERTEX_POINT('',#257);
#257 = CARTESIAN_POINT('',(38.,15.,1.5));
#258 = SURFACE_CURVE('',#259,(#264,#271),.PCURVE_S1.);
#259 = CIRCLE('',#260,2.);
#260 = AXIS2_PLACEMENT_3D('',#261,#262,#263);
#261 = CARTESIAN_POINT('',(38.,13.,1.5));
#262 = DIRECTION('',(0.,0.,1.));
#263 = DIRECTION('',(0.,-1.,0.));
#264 = PCURVE('',#44,#265);
#265 = DEFINITIONAL_REPRESENTATION('',(#266),#270);
#266 = CIRCLE('',#267,2.);
#267 = AXIS2_PLACEMENT_2D('',#268,#269);
#268 = CARTESIAN_POINT('',(78.,28.));
#269 = DIRECTION('',(0.,-1.));
#270 = ( GEOMETRIC_REPRESENTATION_CONTEXT(2) 
PARAMETRIC_REPRESENTATION_CONTEXT() REPRESENTATION_CONTEXT('2D SPACE',''
  ) );
#271 = PCURVE('',#272,#277);
#272 = CYLINDRICAL_SURFACE('',#273,2.);
#273 = AXIS2_PLACEMENT_3D('',#274,#275,#276);
#274 = CARTESIAN_POINT('',(38.,13.,-1.5));
#275 = DIRECTION('',(0.,0.,1.));
#276 = DIRECTION('',(1.,0.,-0.));
#277 = DEFINITIONAL_REPRESENTATION('',(#278),#282);
#278 = LINE('',#279,#280);
#279 = CARTESIAN_POINT('',(-1.570796326795,3.));
#280 = VECTOR('',#281,1.);
#281 = DIRECTION('',(1.,0.));
#282 = ( GEOMETRIC_REPRESENTATION_CONTEXT(2) 
PARAMETRIC_REPRESENTATION_CONTEXT() REPRESENTATION_CONTEXT('2D SPACE',''
  ) );
#283 = ORIENTED_EDGE('',*,*,#284,.F.);
#284 = EDGE_CURVE('',#285,#256,#287,.T.);
#285 = VERTEX_POINT('',#286);
#286 = CARTESIAN_POINT('',(-38.,15.,1.5));
#287 = SURFACE_CURVE('',#288,(#292,#299),.PCURVE_S1.);
#288 = LINE('',#289,#290);
#289 = CARTESIAN_POINT('',(-40.,15.,1.5));
#290 = VECTOR('',#291,1.);
#291 = DIRECTION('',(1.,0.,0.));
#292 = PCURVE('',#44,#293);
#293 = DEFINITIONAL_REPRESENTATION('',(#294),#298);
#294 = LINE('',#295,#296);
#295 = CARTESIAN_POINT('',(0.,30.));
#296 = VECTOR('',#297,1.);
#297 = DIRECTION('',(1.,0.));
#298 = ( GEOMETRIC_REPRESENTATION_CONTEXT(2) 
PARAMETRIC_REPRESENTATION_CONTEXT() REPRESENTATION_CONTEXT('2D SPACE',''
  ) );
#299 = PCURVE('',#300,#305);
#300 = PLANE('',#301);
#301 = AXIS2_PLACEMENT_3D('',#302,#303,#304);
#302 = CARTESIAN_POINT('',(-40.,15.,-1.5));
#303 = DIRECTION('',(0.,1.,0.));
#304 = DIRECTION('',(0.,0.,1.));
#305 = DEFINITIONAL_REPRESENTATION('',(#306),#310);
#306 = LINE('',#307,#308);
#307 = CARTESIAN_POINT('',(3.,0.));
#308 = VECTOR('',#309,1.);
#309 = DIRECTION('',(0.,1.));
#310 = ( GEOMETRIC_REPRESENTATION_CONTEXT(2) 
PARAMETRIC_REPRESENTATION_CONTEXT() REPRESENTATION_CONTEXT('2D SPACE',''
  ) );
#311 = ORIENTED_EDGE('',*,*,#312,.F.);
#312 = EDGE_CURVE('',#24,#285,#313,.T.);
#313 = SURFACE_CURVE('',#314,(#319,#330),.PCURVE_S1.);
#314 = CIRCLE('',#315,2.);
#315 = AXIS2_PLACEMENT_3D('',#316,#317,#318);
#316 = CARTESIAN_POINT('',(-38.,13.,1.5));
#317 = DIRECTION('',(-0.,-0.,-1.));
#318 = DIRECTION('',(0.,-1.,0.));
#319 = PCURVE('',#44,#320);
#320 = DEFINITIONAL_REPRESENTATION('',(#321),#329);
#321 = ( BOUNDED_CURVE() B_SPLINE_CURVE(2,(#322,#323,#324,#325,#326,#327
,#328),.UNSPECIFIED.,.T.,.F.) B_SPLINE_CURVE_WITH_KNOTS((1,2,2,2,2,1),(
    -2.094395102393,0.,2.094395102393,4.188790204786,6.28318530718,
8.377580409573),.UNSPECIFIED.) CURVE() GEOMETRIC_REPRESENTATION_ITEM() 
RATIONAL_B_SPLINE_CURVE((1.,0.5,1.,0.5,1.,0.5,1.)) REPRESENTATION_ITEM(
  '') );
#322 = CARTESIAN_POINT('',(2.,26.));
#323 = CARTESIAN_POINT('',(-1.464101615138,26.));
#324 = CARTESIAN_POINT('',(0.267949192431,29.));
#325 = CARTESIAN_POINT('',(2.,32.));
#326 = CARTESIAN_POINT('',(3.732050807569,29.));
#327 = CARTESIAN_POINT('',(5.464101615138,26.));
#328 = CARTESIAN_POINT('',(2.,26.));
#329 = ( GEOMETRIC_REPRESENTATION_CONTEXT(2) 
PARAMETRIC_REPRESENTATION_CONTEXT() REPRESENTATION_CONTEXT('2D SPACE',''
  ) );
#330 = PCURVE('',#126,#331);
#331 = DEFINITIONAL_REPRESENTATION('',(#332),#336);
#332 = LINE('',#333,#334);
#333 = CARTESIAN_POINT('',(1.570796326795,3.));
#334 = VECTOR('',#335,1.);
#335 = DIRECTION('',(-1.,0.));
#336 = ( GEOMETRIC_REPRESENTATION_CONTEXT(2) 
PARAMETRIC_REPRESENTATION_CONTEXT() REPRESENTATION_CONTEXT('2D SPACE',''
  ) );
#337 = FACE_BOUND('',#338,.T.);
#338 = EDGE_LOOP('',(#339,#367,#393,#468,#555,#642,#717,#743,#769));
#339 = ORIENTED_EDGE('',*,*,#340,.F.);
#340 = EDGE_CURVE('',#341,#343,#345,.T.);
#341 = VERTEX_POINT('',#342);
#342 = CARTESIAN_POINT('',(-25.16772070312,4.9520625,1.5));
#343 = VERTEX_POINT('',#344);
#344 = CARTESIAN_POINT('',(-25.16772070312,-4.47833203125,1.5));
#345 = SURFACE_CURVE('',#346,(#350,#356),.PCURVE_S1.);
#346 = LINE('',#347,#348);
#347 = CARTESIAN_POINT('',(-25.16772070312,-9.739166015625,1.5));
#348 = VECTOR('',#349,1.);
#349 = DIRECTION('',(0.,-1.,0.));
#350 = PCURVE('',#44,#351);
#351 = DEFINITIONAL_REPRESENTATION('',(#352),#355);
#352 = B_SPLINE_CURVE_WITH_KNOTS('',1,(#353,#354),.UNSPECIFIED.,.F.,.F.,
  (2,2),(-14.69122851562,-5.260833984375),.PIECEWISE_BEZIER_KNOTS.);
#353 = CARTESIAN_POINT('',(14.832279296875,19.9520625));
#354 = CARTESIAN_POINT('',(14.832279296875,10.52166796875));
#355 = ( GEOMETRIC_REPRESENTATION_CONTEXT(2) 
PARAMETRIC_REPRESENTATION_CONTEXT() REPRESENTATION_CONTEXT('2D SPACE',''
  ) );
#356 = PCURVE('',#357,#362);
#357 = PLANE('',#358);
#358 = AXIS2_PLACEMENT_3D('',#359,#360,#361);
#359 = CARTESIAN_POINT('',(-25.16772070312,-4.47833203125,1.45));
#360 = DIRECTION('',(-1.,0.,0.));
#361 = DIRECTION('',(0.,1.,0.));
#362 = DEFINITIONAL_REPRESENTATION('',(#363),#366);
#363 = B_SPLINE_CURVE_WITH_KNOTS('',1,(#364,#365),.UNSPECIFIED.,.F.,.F.,
  (2,2),(-14.69122851562,-5.260833984375),.PIECEWISE_BEZIER_KNOTS.);
#364 = CARTESIAN_POINT('',(9.43039453125,-5.E-02));
#365 = CARTESIAN_POINT('',(0.,-5.E-02));
#366 = ( GEOMETRIC_REPRESENTATION_CONTEXT(2) 
PARAMETRIC_REPRESENTATION_CONTEXT() REPRESENTATION_CONTEXT('2D SPACE',''
  ) );
#367 = ORIENTED_EDGE('',*,*,#368,.F.);
#368 = EDGE_CURVE('',#369,#341,#371,.T.);
#369 = VERTEX_POINT('',#370);
#370 = CARTESIAN_POINT('',(-22.28743945312,4.9520625,1.5));
#371 = SURFACE_CURVE('',#372,(#376,#382),.PCURVE_S1.);
#372 = LINE('',#373,#374);
#373 = CARTESIAN_POINT('',(-32.58386035156,4.9520625,1.5));
#374 = VECTOR('',#375,1.);
#375 = DIRECTION('',(-1.,0.,0.));
#376 = PCURVE('',#44,#377);
#377 = DEFINITIONAL_REPRESENTATION('',(#378),#381);
#378 = B_SPLINE_CURVE_WITH_KNOTS('',1,(#379,#380),.UNSPECIFIED.,.F.,.F.,
  (2,2),(-10.29642089843,-7.416139648438),.PIECEWISE_BEZIER_KNOTS.);
#379 = CARTESIAN_POINT('',(17.712560546875,19.9520625));
#380 = CARTESIAN_POINT('',(14.832279296875,19.9520625));
#381 = ( GEOMETRIC_REPRESENTATION_CONTEXT(2) 
PARAMETRIC_REPRESENTATION_CONTEXT() REPRESENTATION_CONTEXT('2D SPACE',''
  ) );
#382 = PCURVE('',#383,#388);
#383 = PLANE('',#384);
#384 = AXIS2_PLACEMENT_3D('',#385,#386,#387);
#385 = CARTESIAN_POINT('',(-25.16772070312,4.9520625,1.45));
#386 = DIRECTION('',(0.,1.,0.));
#387 = DIRECTION('',(1.,0.,0.));
#388 = DEFINITIONAL_REPRESENTATION('',(#389),#392);
#389 = B_SPLINE_CURVE_WITH_KNOTS('',1,(#390,#391),.UNSPECIFIED.,.F.,.F.,
  (2,2),(-10.29642089843,-7.416139648438),.PIECEWISE_BEZIER_KNOTS.);
#390 = CARTESIAN_POINT('',(2.88028125,-5.E-02));
#391 = CARTESIAN_POINT('',(0.,-5.E-02));
#392 = ( GEOMETRIC_REPRESENTATION_CONTEXT(2) 
PARAMETRIC_REPRESENTATION_CONTEXT() REPRESENTATION_CONTEXT('2D SPACE',''
  ) );
#393 = ORIENTED_EDGE('',*,*,#394,.F.);
#394 = EDGE_CURVE('',#395,#369,#397,.T.);
#395 = VERTEX_POINT('',#396);
#396 = CARTESIAN_POINT('',(-19.89036328125,4.235150390625,1.5));
#397 = SURFACE_CURVE('',#398,(#417,#439),.PCURVE_S1.);
#398 = B_SPLINE_CURVE_WITH_KNOTS('',5,(#399,#400,#401,#402,#403,#404,
    #405,#406,#407,#408,#409,#410,#411,#412,#413,#414,#415,#416),
  .UNSPECIFIED.,.F.,.F.,(6,4,4,4,6),(0.,0.227259185066,0.467813348572,
    0.720116096321,1.),.UNSPECIFIED.);
#399 = CARTESIAN_POINT('',(-19.89036328125,4.235150390625,1.5));
#400 = CARTESIAN_POINT('',(-19.97535710809,4.310222759086,1.5));
#401 = CARTESIAN_POINT('',(-20.06521253998,4.379991813378,1.5));
#402 = CARTESIAN_POINT('',(-20.15943471316,4.444221132812,1.5));
#403 = CARTESIAN_POINT('',(-20.25744117,4.502936212223,1.5));
#404 = CARTESIAN_POINT('',(-20.46580368207,4.612768942828,1.5));
#405 = CARTESIAN_POINT('',(-20.57655302478,4.663244175843,1.5));
#406 = CARTESIAN_POINT('',(-20.69025870869,4.707917504824,1.5));
#407 = CARTESIAN_POINT('',(-20.80633525052,4.747154059919,1.5));
#408 = CARTESIAN_POINT('',(-21.04810347481,4.817183651,1.5));
#409 = CARTESIAN_POINT('',(-21.17398194781,4.847469259435,1.5));
#410 = CARTESIAN_POINT('',(-21.30146817906,4.872637977187,1.5));
#411 = CARTESIAN_POINT('',(-21.43016931546,4.89314143231,1.5));
#412 = CARTESIAN_POINT('',(-21.70364811429,4.927394617849,1.5));
#413 = CARTESIAN_POINT('',(-21.84863382275,4.940160102557,1.5));
#414 = CARTESIAN_POINT('',(-21.99441717359,4.948225835698,1.5));
#415 = CARTESIAN_POINT('',(-22.14073829745,4.9520625,1.5));
#416 = CARTESIAN_POINT('',(-22.28743945312,4.9520625,1.5));
#417 = PCURVE('',#44,#418);
#418 = DEFINITIONAL_REPRESENTATION('',(#419),#438);
#419 = B_SPLINE_CURVE_WITH_KNOTS('',5,(#420,#421,#422,#423,#424,#425,
    #426,#427,#428,#429,#430,#431,#432,#433,#434,#435,#436,#437),
  .UNSPECIFIED.,.F.,.F.,(6,4,4,4,6),(0.,0.227259185066,0.467813348572,
    0.720116096321,1.),.UNSPECIFIED.);
#420 = CARTESIAN_POINT('',(20.10963671875,19.235150390625));
#421 = CARTESIAN_POINT('',(20.024642891903,19.310222759086));
#422 = CARTESIAN_POINT('',(19.934787460012,19.379991813378));
#423 = CARTESIAN_POINT('',(19.840565286834,19.444221132812));
#424 = CARTESIAN_POINT('',(19.742558829993,19.502936212223));
#425 = CARTESIAN_POINT('',(19.534196317924,19.612768942828));
#426 = CARTESIAN_POINT('',(19.423446975214,19.663244175843));
#427 = CARTESIAN_POINT('',(19.309741291303,19.707917504824));
#428 = CARTESIAN_POINT('',(19.193664749471,19.747154059919));
#429 = CARTESIAN_POINT('',(18.95189652519,19.817183651));
#430 = CARTESIAN_POINT('',(18.826018052187,19.847469259435));
#431 = CARTESIAN_POINT('',(18.698531820938,19.872637977187));
#432 = CARTESIAN_POINT('',(18.569830684532,19.89314143231));
#433 = CARTESIAN_POINT('',(18.29635188571,19.927394617849));
#434 = CARTESIAN_POINT('',(18.15136617725,19.940160102557));
#435 = CARTESIAN_POINT('',(18.005582826401,19.948225835698));
#436 = CARTESIAN_POINT('',(17.859261702545,19.9520625));
#437 = CARTESIAN_POINT('',(17.712560546875,19.9520625));
#438 = ( GEOMETRIC_REPRESENTATION_CONTEXT(2) 
PARAMETRIC_REPRESENTATION_CONTEXT() REPRESENTATION_CONTEXT('2D SPACE',''
  ) );
#439 = PCURVE('',#440,#447);
#440 = SURFACE_OF_LINEAR_EXTRUSION('',#441,#445);
#441 = B_SPLINE_CURVE_WITH_KNOTS('',2,(#442,#443,#444),.UNSPECIFIED.,.F.
  ,.F.,(3,3),(0.,1.),.PIECEWISE_BEZIER_KNOTS.);
#442 = CARTESIAN_POINT('',(-22.28743945312,4.9520625,1.45));
#443 = CARTESIAN_POINT('',(-20.70202148437,4.9520625,1.45));
#444 = CARTESIAN_POINT('',(-19.89036328125,4.235150390625,1.45));
#445 = VECTOR('',#446,1.);
#446 = DIRECTION('',(-0.,-0.,-1.));
#447 = DEFINITIONAL_REPRESENTATION('',(#448),#467);
#448 = B_SPLINE_CURVE_WITH_KNOTS('',5,(#449,#450,#451,#452,#453,#454,
    #455,#456,#457,#458,#459,#460,#461,#462,#463,#464,#465,#466),
  .UNSPECIFIED.,.F.,.F.,(6,4,4,4,6),(0.,0.227259185066,0.467813348572,
    0.720116096321,1.),.UNSPECIFIED.);
#449 = CARTESIAN_POINT('',(1.,-5.E-02));
#450 = CARTESIAN_POINT('',(0.947641860502,-5.E-02));
#451 = CARTESIAN_POINT('',(0.89555564811,-5.E-02));
#452 = CARTESIAN_POINT('',(0.843977903432,-5.E-02));
#453 = CARTESIAN_POINT('',(0.793083640624,-5.E-02));
#454 = CARTESIAN_POINT('',(0.689986396734,-5.E-02));
#455 = CARTESIAN_POINT('',(0.637878050429,-5.E-02));
#456 = CARTESIAN_POINT('',(0.586812213346,-5.E-02));
#457 = CARTESIAN_POINT('',(0.536849248141,-5.E-02));
#458 = CARTESIAN_POINT('',(0.436764971049,-5.E-02));
#459 = CARTESIAN_POINT('',(0.386757469382,-5.E-02));
#460 = CARTESIAN_POINT('',(0.33798461913,-5.E-02));
#461 = CARTESIAN_POINT('',(0.290416590024,-5.E-02));
#462 = CARTESIAN_POINT('',(0.192509255142,-5.E-02));
#463 = CARTESIAN_POINT('',(0.142439356422,-5.E-02));
#464 = CARTESIAN_POINT('',(9.37176121923E-02,-5.E-02));
#465 = CARTESIAN_POINT('',(4.626576668146E-02,-5.E-02));
#466 = CARTESIAN_POINT('',(0.,-5.E-02));
#467 = ( GEOMETRIC_REPRESENTATION_CONTEXT(2) 
PARAMETRIC_REPRESENTATION_CONTEXT() REPRESENTATION_CONTEXT('2D SPACE',''
  ) );
#468 = ORIENTED_EDGE('',*,*,#469,.F.);
#469 = EDGE_CURVE('',#470,#395,#472,.T.);
#470 = VERTEX_POINT('',#471);
#471 = CARTESIAN_POINT('',(-19.07870507812,2.1349453125,1.5));
#472 = SURFACE_CURVE('',#473,(#496,#522),.PCURVE_S1.);
#473 = B_SPLINE_CURVE_WITH_KNOTS('',6,(#474,#475,#476,#477,#478,#479,
    #480,#481,#482,#483,#484,#485,#486,#487,#488,#489,#490,#491,#492,
    #493,#494,#495),.UNSPECIFIED.,.F.,.F.,(7,5,5,5,7),(0.,0.359137012398
    ,0.608590155755,0.846510129478,1.),.UNSPECIFIED.);
#474 = CARTESIAN_POINT('',(-19.07870507812,2.1349453125,1.5));
#475 = CARTESIAN_POINT('',(-19.07870507812,2.277419933838,1.5));
#476 = CARTESIAN_POINT('',(-19.08387120727,2.419393844101,1.5));
#477 = CARTESIAN_POINT('',(-19.09471259507,2.560621885115,1.5));
#478 = CARTESIAN_POINT('',(-19.11180030064,2.700720802845,1.5));
#479 = CARTESIAN_POINT('',(-19.13574280801,2.839173868827,1.5));
#480 = CARTESIAN_POINT('',(-19.18887135133,3.069936296656,1.5));
#481 = CARTESIAN_POINT('',(-19.21422162044,3.163418498072,1.5));
#482 = CARTESIAN_POINT('',(-19.24332633778,3.255572779958,1.5));
#483 = CARTESIAN_POINT('',(-19.27635089326,3.346140009175,1.5));
#484 = CARTESIAN_POINT('',(-19.31341771191,3.434837236007,1.5));
#485 = CARTESIAN_POINT('',(-19.39383680158,3.603900832982,1.5));
#486 = CARTESIAN_POINT('',(-19.43682216009,3.684469444529,1.5));
#487 = CARTESIAN_POINT('',(-19.48357520185,3.762808659286,1.5));
#488 = CARTESIAN_POINT('',(-19.53408340462,3.838668070023,1.5));
#489 = CARTESIAN_POINT('',(-19.58826785782,3.911822360665,1.5));
#490 = CARTESIAN_POINT('',(-19.68319510643,4.027405869048,1.5));
#491 = CARTESIAN_POINT('',(-19.72188648967,4.071528557633,1.5));
#492 = CARTESIAN_POINT('',(-19.76200292302,4.11439828492,1.5));
#493 = CARTESIAN_POINT('',(-19.80349442621,4.155976108291,1.5));
#494 = CARTESIAN_POINT('',(-19.84630294504,4.196233284325,1.5));
#495 = CARTESIAN_POINT('',(-19.89036328125,4.235150390625,1.5));
#496 = PCURVE('',#44,#497);
#497 = DEFINITIONAL_REPRESENTATION('',(#498),#521);
#498 = B_SPLINE_CURVE_WITH_KNOTS('',6,(#499,#500,#501,#502,#503,#504,
    #505,#506,#507,#508,#509,#510,#511,#512,#513,#514,#515,#516,#517,
    #518,#519,#520),.UNSPECIFIED.,.F.,.F.,(7,5,5,5,7),(0.,0.359137012398
    ,0.608590155755,0.846510129478,1.),.UNSPECIFIED.);
#499 = CARTESIAN_POINT('',(20.921294921875,17.1349453125));
#500 = CARTESIAN_POINT('',(20.921294921875,17.277419933838));
#501 = CARTESIAN_POINT('',(20.916128792721,17.419393844101));
#502 = CARTESIAN_POINT('',(20.905287404928,17.560621885115));
#503 = CARTESIAN_POINT('',(20.888199699353,17.700720802845));
#504 = CARTESIAN_POINT('',(20.86425719199,17.839173868827));
#505 = CARTESIAN_POINT('',(20.811128648666,18.069936296656));
#506 = CARTESIAN_POINT('',(20.785778379553,18.163418498072));
#507 = CARTESIAN_POINT('',(20.756673662214,18.255572779958));
#508 = CARTESIAN_POINT('',(20.723649106737,18.346140009175));
#509 = CARTESIAN_POINT('',(20.686582288084,18.434837236007));
#510 = CARTESIAN_POINT('',(20.606163198412,18.603900832982));
#511 = CARTESIAN_POINT('',(20.563177839901,18.684469444529));
#512 = CARTESIAN_POINT('',(20.516424798143,18.762808659286));
#513 = CARTESIAN_POINT('',(20.465916595375,18.838668070023));
#514 = CARTESIAN_POINT('',(20.411732142171,18.911822360665));
#515 = CARTESIAN_POINT('',(20.31680489357,19.027405869048));
#516 = CARTESIAN_POINT('',(20.278113510326,19.071528557633));
#517 = CARTESIAN_POINT('',(20.23799707698,19.11439828492));
#518 = CARTESIAN_POINT('',(20.196505573786,19.155976108291));
#519 = CARTESIAN_POINT('',(20.153697054958,19.196233284325));
#520 = CARTESIAN_POINT('',(20.10963671875,19.235150390625));
#521 = ( GEOMETRIC_REPRESENTATION_CONTEXT(2) 
PARAMETRIC_REPRESENTATION_CONTEXT() REPRESENTATION_CONTEXT('2D SPACE',''
  ) );
#522 = PCURVE('',#523,#530);
#523 = SURFACE_OF_LINEAR_EXTRUSION('',#524,#528);
#524 = B_SPLINE_CURVE_WITH_KNOTS('',2,(#525,#526,#527),.UNSPECIFIED.,.F.
  ,.F.,(3,3),(0.,1.),.PIECEWISE_BEZIER_KNOTS.);
#525 = CARTESIAN_POINT('',(-19.89036328125,4.235150390625,1.45));
#526 = CARTESIAN_POINT('',(-19.07870507812,3.51823828125,1.45));
#527 = CARTESIAN_POINT('',(-19.07870507812,2.1349453125,1.45));
#528 = VECTOR('',#529,1.);
#529 = DIRECTION('',(-0.,-0.,-1.));
#530 = DEFINITIONAL_REPRESENTATION('',(#531),#554);
#531 = B_SPLINE_CURVE_WITH_KNOTS('',6,(#532,#533,#534,#535,#536,#537,
    #538,#539,#540,#541,#542,#543,#544,#545,#546,#547,#548,#549,#550,
    #551,#552,#553),.UNSPECIFIED.,.F.,.F.,(7,5,5,5,7),(0.,0.359137012398
    ,0.608590155755,0.846510129478,1.),.UNSPECIFIED.);
#532 = CARTESIAN_POINT('',(1.,-5.E-02));
#533 = CARTESIAN_POINT('',(0.948501646232,-5.E-02));
#534 = CARTESIAN_POINT('',(0.895651177855,-5.E-02));
#535 = CARTESIAN_POINT('',(0.841386119643,-5.E-02));
#536 = CARTESIAN_POINT('',(0.78567553376,-5.E-02));
#537 = CARTESIAN_POINT('',(0.728525621347,-5.E-02));
#538 = CARTESIAN_POINT('',(0.629348661631,-5.E-02));
#539 = CARTESIAN_POINT('',(0.588035985698,-5.E-02));
#540 = CARTESIAN_POINT('',(0.546089125132,-5.E-02));
#541 = CARTESIAN_POINT('',(0.503552664157,-5.E-02));
#542 = CARTESIAN_POINT('',(0.460492545901,-5.E-02));
#543 = CARTESIAN_POINT('',(0.375518280272,-5.E-02));
#544 = CARTESIAN_POINT('',(0.333639916369,-5.E-02));
#545 = CARTESIAN_POINT('',(0.291449284872,-5.E-02));
#546 = CARTESIAN_POINT('',(0.249040613155,-5.E-02));
#547 = CARTESIAN_POINT('',(0.206518760632,-5.E-02));
#548 = CARTESIAN_POINT('',(0.136569772256,-5.E-02));
#549 = CARTESIAN_POINT('',(0.109139297442,-5.E-02));
#550 = CARTESIAN_POINT('',(8.173881574259E-02,-5.E-02));
#551 = CARTESIAN_POINT('',(5.439723534755E-02,-5.E-02));
#552 = CARTESIAN_POINT('',(2.714217390886E-02,-5.E-02));
#553 = CARTESIAN_POINT('',(0.,-5.E-02));
#554 = ( GEOMETRIC_REPRESENTATION_CONTEXT(2) 
PARAMETRIC_REPRESENTATION_CONTEXT() REPRESENTATION_CONTEXT('2D SPACE',''
  ) );
#555 = ORIENTED_EDGE('',*,*,#556,.F.);
#556 = EDGE_CURVE('',#557,#470,#559,.T.);
#557 = VERTEX_POINT('',#558);
#558 = CARTESIAN_POINT('',(-19.89036328125,2.5265625E-02,1.5));
#559 = SURFACE_CURVE('',#560,(#583,#609),.PCURVE_S1.);
#560 = B_SPLINE_CURVE_WITH_KNOTS('',6,(#561,#562,#563,#564,#565,#566,
    #567,#568,#569,#570,#571,#572,#573,#574,#575,#576,#577,#578,#579,
    #580,#581,#582),.UNSPECIFIED.,.F.,.F.,(7,5,5,5,7),(0.,0.142590054716
    ,0.381553518274,0.631492778651,1.),.UNSPECIFIED.);
#561 = CARTESIAN_POINT('',(-19.89036328125,2.5265625E-02,1.5));
#562 = CARTESIAN_POINT('',(-19.84922559903,6.144117434157E-02,1.5));
#563 = CARTESIAN_POINT('',(-19.80918667534,9.880179203232E-02,1.5));
#564 = CARTESIAN_POINT('',(-19.77030014545,0.137330857784,1.5));
#565 = CARTESIAN_POINT('',(-19.73261329174,0.177003800723,1.5));
#566 = CARTESIAN_POINT('',(-19.69616704371,0.217788099389,1.5));
#567 = CARTESIAN_POINT('',(-19.60205358045,0.329787439832,1.5));
#568 = CARTESIAN_POINT('',(-19.54668714162,0.402944987728,1.5));
#569 = CARTESIAN_POINT('',(-19.49506503782,0.478917465903,1.5));
#570 = CARTESIAN_POINT('',(-19.44727064514,0.557469494761,1.5));
#571 = CARTESIAN_POINT('',(-19.40331709981,0.638338738918,1.5));
#572 = CARTESIAN_POINT('',(-19.32116266195,0.807960999783,1.5));
#573 = CARTESIAN_POINT('',(-19.28331529609,0.896913211058,1.5));
#574 = CARTESIAN_POINT('',(-19.24956537622,0.987796156732,1.5));
#575 = CARTESIAN_POINT('',(-19.21978523782,1.080316295642,1.5));
#576 = CARTESIAN_POINT('',(-19.19380312152,1.174205477789,1.5));
#577 = CARTESIAN_POINT('',(-19.13844869767,1.409341659549,1.5));
#578 = CARTESIAN_POINT('',(-19.11331824628,1.551910636525,1.5));
#579 = CARTESIAN_POINT('',(-19.09542399082,1.696244814837,1.5));
#580 = CARTESIAN_POINT('',(-19.08409429175,1.841778573085,1.5));
#581 = CARTESIAN_POINT('',(-19.07870507812,1.988097929451,1.5));
#582 = CARTESIAN_POINT('',(-19.07870507812,2.1349453125,1.5));
#583 = PCURVE('',#44,#584);
#584 = DEFINITIONAL_REPRESENTATION('',(#585),#608);
#585 = B_SPLINE_CURVE_WITH_KNOTS('',6,(#586,#587,#588,#589,#590,#591,
    #592,#593,#594,#595,#596,#597,#598,#599,#600,#601,#602,#603,#604,
    #605,#606,#607),.UNSPECIFIED.,.F.,.F.,(7,5,5,5,7),(0.,0.142590054716
    ,0.381553518274,0.631492778651,1.),.UNSPECIFIED.);
#586 = CARTESIAN_POINT('',(20.10963671875,15.025265625));
#587 = CARTESIAN_POINT('',(20.150774400966,15.061441174342));
#588 = CARTESIAN_POINT('',(20.190813324655,15.098801792032));
#589 = CARTESIAN_POINT('',(20.229699854547,15.137330857784));
#590 = CARTESIAN_POINT('',(20.267386708258,15.177003800723));
#591 = CARTESIAN_POINT('',(20.303832956289,15.217788099389));
#592 = CARTESIAN_POINT('',(20.397946419541,15.329787439832));
#593 = CARTESIAN_POINT('',(20.453312858373,15.402944987728));
#594 = CARTESIAN_POINT('',(20.504934962171,15.478917465903));
#595 = CARTESIAN_POINT('',(20.552729354851,15.557469494761));
#596 = CARTESIAN_POINT('',(20.596682900183,15.638338738918));
#597 = CARTESIAN_POINT('',(20.678837338046,15.807960999783));
#598 = CARTESIAN_POINT('',(20.716684703905,15.896913211058));
#599 = CARTESIAN_POINT('',(20.750434623776,15.987796156732));
#600 = CARTESIAN_POINT('',(20.780214762173,16.080316295642));
#601 = CARTESIAN_POINT('',(20.806196878478,16.174205477789));
#602 = CARTESIAN_POINT('',(20.861551302327,16.409341659549));
#603 = CARTESIAN_POINT('',(20.886681753716,16.551910636525));
#604 = CARTESIAN_POINT('',(20.904576009177,16.696244814837));
#605 = CARTESIAN_POINT('',(20.915905708244,16.841778573085));
#606 = CARTESIAN_POINT('',(20.921294921875,16.988097929451));
#607 = CARTESIAN_POINT('',(20.921294921875,17.1349453125));
#608 = ( GEOMETRIC_REPRESENTATION_CONTEXT(2) 
PARAMETRIC_REPRESENTATION_CONTEXT() REPRESENTATION_CONTEXT('2D SPACE',''
  ) );
#609 = PCURVE('',#610,#617);
#610 = SURFACE_OF_LINEAR_EXTRUSION('',#611,#615);
#611 = B_SPLINE_CURVE_WITH_KNOTS('',2,(#612,#613,#614),.UNSPECIFIED.,.F.
  ,.F.,(3,3),(0.,1.),.PIECEWISE_BEZIER_KNOTS.);
#612 = CARTESIAN_POINT('',(-19.07870507812,2.1349453125,1.45));
#613 = CARTESIAN_POINT('',(-19.07870507812,0.73901953125,1.45));
#614 = CARTESIAN_POINT('',(-19.89036328125,2.5265625E-02,1.45));
#615 = VECTOR('',#616,1.);
#616 = DIRECTION('',(-0.,-0.,-1.));
#617 = DEFINITIONAL_REPRESENTATION('',(#618),#641);
#618 = B_SPLINE_CURVE_WITH_KNOTS('',6,(#619,#620,#621,#622,#623,#624,
    #625,#626,#627,#628,#629,#630,#631,#632,#633,#634,#635,#636,#637,
    #638,#639,#640),.UNSPECIFIED.,.F.,.F.,(7,5,5,5,7),(0.,0.142590054716
    ,0.381553518274,0.631492778651,1.),.UNSPECIFIED.);
#619 = CARTESIAN_POINT('',(1.,-5.E-02));
#620 = CARTESIAN_POINT('',(0.974658247734,-5.E-02));
#621 = CARTESIAN_POINT('',(0.949222794876,-5.E-02));
#622 = CARTESIAN_POINT('',(0.923715741079,-5.E-02));
#623 = CARTESIAN_POINT('',(0.898160121293,-5.E-02));
#624 = CARTESIAN_POINT('',(0.872579905757,-5.E-02));
#625 = CARTESIAN_POINT('',(0.804131211646,-5.E-02));
#626 = CARTESIAN_POINT('',(0.761259588327,-5.E-02));
#627 = CARTESIAN_POINT('',(0.71850690381,-5.E-02));
#628 = CARTESIAN_POINT('',(0.675982567361,-5.E-02));
#629 = CARTESIAN_POINT('',(0.633784498211,-5.E-02));
#630 = CARTESIAN_POINT('',(0.548296303951,-5.E-02));
#631 = CARTESIAN_POINT('',(0.505041256964,-5.E-02));
#632 = CARTESIAN_POINT('',(0.462328156209,-5.E-02));
#633 = CARTESIAN_POINT('',(0.420223711307,-5.E-02));
#634 = CARTESIAN_POINT('',(0.378772262697,-5.E-02));
#635 = CARTESIAN_POINT('',(0.277885901832,-5.E-02));
#636 = CARTESIAN_POINT('',(0.219254457236,-5.E-02));
#637 = CARTESIAN_POINT('',(0.16216914857,-5.E-02));
#638 = CARTESIAN_POINT('',(0.106630380794,-5.E-02));
#639 = CARTESIAN_POINT('',(5.259856398587E-02,-5.E-02));
#640 = CARTESIAN_POINT('',(0.,-5.E-02));
#641 = ( GEOMETRIC_REPRESENTATION_CONTEXT(2) 
PARAMETRIC_REPRESENTATION_CONTEXT() REPRESENTATION_CONTEXT('2D SPACE',''
  ) );
#642 = ORIENTED_EDGE('',*,*,#643,.F.);
#643 = EDGE_CURVE('',#644,#557,#646,.T.);
#644 = VERTEX_POINT('',#645);
#645 = CARTESIAN_POINT('',(-22.28743945312,-0.68848828125,1.5));
#646 = SURFACE_CURVE('',#647,(#666,#688),.PCURVE_S1.);
#647 = B_SPLINE_CURVE_WITH_KNOTS('',5,(#648,#649,#650,#651,#652,#653,
    #654,#655,#656,#657,#658,#659,#660,#661,#662,#663,#664,#665),
  .UNSPECIFIED.,.F.,.F.,(6,4,4,4,6),(0.,0.281088233458,0.534343504793,
    0.774722192027,1.),.UNSPECIFIED.);
#648 = CARTESIAN_POINT('',(-22.28743945312,-0.68848828125,1.5));
#649 = CARTESIAN_POINT('',(-22.14017133467,-0.68848828125,1.5));
#650 = CARTESIAN_POINT('',(-21.99328625487,-0.684638899172,1.5));
#651 = CARTESIAN_POINT('',(-21.84694260741,-0.676545057864,1.5));
#652 = CARTESIAN_POINT('',(-21.7014020648,-0.66373198299,1.5));
#653 = CARTESIAN_POINT('',(-21.42695265278,-0.629349350616,1.5));
#654 = CARTESIAN_POINT('',(-21.29783333708,-0.608773208392,1.5));
#655 = CARTESIAN_POINT('',(-21.1699365728,-0.583512465913,1.5));
#656 = CARTESIAN_POINT('',(-21.04365861437,-0.553110904599,1.5));
#657 = CARTESIAN_POINT('',(-20.80167278274,-0.482951169045,1.5));
#658 = CARTESIAN_POINT('',(-20.68575945279,-0.443748683627,1.5));
#659 = CARTESIAN_POINT('',(-20.57221288713,-0.399128578378,1.5));
#660 = CARTESIAN_POINT('',(-20.46161722151,-0.348725371151,1.5));
#661 = CARTESIAN_POINT('',(-20.25434969107,-0.23949105203,1.5));
#662 = CARTESIAN_POINT('',(-20.15723444973,-0.181385863408,1.5));
#663 = CARTESIAN_POINT('',(-20.06383254437,-0.117868393388,1.5));
#664 = CARTESIAN_POINT('',(-19.9747133208,-4.890989616433E-02,1.5));
#665 = CARTESIAN_POINT('',(-19.89036328125,2.5265625E-02,1.5));
#666 = PCURVE('',#44,#667);
#667 = DEFINITIONAL_REPRESENTATION('',(#668),#687);
#668 = B_SPLINE_CURVE_WITH_KNOTS('',5,(#669,#670,#671,#672,#673,#674,
    #675,#676,#677,#678,#679,#680,#681,#682,#683,#684,#685,#686),
  .UNSPECIFIED.,.F.,.F.,(6,4,4,4,6),(0.,0.281088233458,0.534343504793,
    0.774722192027,1.),.UNSPECIFIED.);
#669 = CARTESIAN_POINT('',(17.712560546875,14.31151171875));
#670 = CARTESIAN_POINT('',(17.859828665327,14.31151171875));
#671 = CARTESIAN_POINT('',(18.006713745125,14.315361100828));
#672 = CARTESIAN_POINT('',(18.153057392585,14.323454942136));
#673 = CARTESIAN_POINT('',(18.298597935197,14.33626801701));
#674 = CARTESIAN_POINT('',(18.573047347212,14.370650649384));
#675 = CARTESIAN_POINT('',(18.702166662914,14.391226791608));
#676 = CARTESIAN_POINT('',(18.830063427194,14.416487534087));
#677 = CARTESIAN_POINT('',(18.956341385623,14.446889095401));
#678 = CARTESIAN_POINT('',(19.198327217253,14.517048830955));
#679 = CARTESIAN_POINT('',(19.314240547206,14.556251316373));
#680 = CARTESIAN_POINT('',(19.427787112861,14.600871421622));
#681 = CARTESIAN_POINT('',(19.538382778482,14.651274628849));
#682 = CARTESIAN_POINT('',(19.745650308929,14.76050894797));
#683 = CARTESIAN_POINT('',(19.842765550263,14.818614136592));
#684 = CARTESIAN_POINT('',(19.936167455625,14.882131606612));
#685 = CARTESIAN_POINT('',(20.025286679196,14.951090103836));
#686 = CARTESIAN_POINT('',(20.10963671875,15.025265625));
#687 = ( GEOMETRIC_REPRESENTATION_CONTEXT(2) 
PARAMETRIC_REPRESENTATION_CONTEXT() REPRESENTATION_CONTEXT('2D SPACE',''
  ) );
#688 = PCURVE('',#689,#696);
#689 = SURFACE_OF_LINEAR_EXTRUSION('',#690,#694);
#690 = B_SPLINE_CURVE_WITH_KNOTS('',2,(#691,#692,#693),.UNSPECIFIED.,.F.
  ,.F.,(3,3),(0.,1.),.PIECEWISE_BEZIER_KNOTS.);
#691 = CARTESIAN_POINT('',(-19.89036328125,2.5265625E-02,1.45));
#692 = CARTESIAN_POINT('',(-20.70202148437,-0.68848828125,1.45));
#693 = CARTESIAN_POINT('',(-22.28743945312,-0.68848828125,1.45));
#694 = VECTOR('',#695,1.);
#695 = DIRECTION('',(-0.,-0.,-1.));
#696 = DEFINITIONAL_REPRESENTATION('',(#697),#716);
#697 = B_SPLINE_CURVE_WITH_KNOTS('',5,(#698,#699,#700,#701,#702,#703,
    #704,#705,#706,#707,#708,#709,#710,#711,#712,#713,#714,#715),
  .UNSPECIFIED.,.F.,.F.,(6,4,4,4,6),(0.,0.281088233458,0.534343504793,
    0.774722192027,1.),.UNSPECIFIED.);
#698 = CARTESIAN_POINT('',(1.,-5.E-02));
#699 = CARTESIAN_POINT('',(0.953555427857,-5.E-02));
#700 = CARTESIAN_POINT('',(0.905915598654,-5.E-02));
#701 = CARTESIAN_POINT('',(0.856995393538,-5.E-02));
#702 = CARTESIAN_POINT('',(0.806715017625,-5.E-02));
#703 = CARTESIAN_POINT('',(0.708405730793,-5.E-02));
#704 = CARTESIAN_POINT('',(0.660650087305,-5.E-02));
#705 = CARTESIAN_POINT('',(0.611678396382,-5.E-02));
#706 = CARTESIAN_POINT('',(0.561459650803,-5.E-02));
#707 = CARTESIAN_POINT('',(0.461156778533,-5.E-02));
#708 = CARTESIAN_POINT('',(0.411197839418,-5.E-02));
#709 = CARTESIAN_POINT('',(0.360133097539,-5.E-02));
#710 = CARTESIAN_POINT('',(0.308021820298,-5.E-02));
#711 = CARTESIAN_POINT('',(0.205309074449,-5.E-02));
#712 = CARTESIAN_POINT('',(0.154815960772,-5.E-02));
#713 = CARTESIAN_POINT('',(0.103643543506,-5.E-02));
#714 = CARTESIAN_POINT('',(5.196155181415E-02,-5.E-02));
#715 = CARTESIAN_POINT('',(0.,-5.E-02));
#716 = ( GEOMETRIC_REPRESENTATION_CONTEXT(2) 
PARAMETRIC_REPRESENTATION_CONTEXT() REPRESENTATION_CONTEXT('2D SPACE',''
  ) );
#717 = ORIENTED_EDGE('',*,*,#718,.F.);
#718 = EDGE_CURVE('',#719,#644,#721,.T.);
#719 = VERTEX_POINT('',#720);
#720 = CARTESIAN_POINT('',(-23.89180664062,-0.68848828125,1.5));
#721 = SURFACE_CURVE('',#722,(#726,#732),.PCURVE_S1.);
#722 = LINE('',#723,#724);
#723 = CARTESIAN_POINT('',(-31.14371972656,-0.68848828125,1.5));
#724 = VECTOR('',#725,1.);
#725 = DIRECTION('',(1.,0.,-0.));
#726 = PCURVE('',#44,#727);
#727 = DEFINITIONAL_REPRESENTATION('',(#728),#731);
#728 = B_SPLINE_CURVE_WITH_KNOTS('',1,(#729,#730),.UNSPECIFIED.,.F.,.F.,
  (2,2),(7.251913085938,8.856280273438),.PIECEWISE_BEZIER_KNOTS.);
#729 = CARTESIAN_POINT('',(16.108193359375,14.31151171875));
#730 = CARTESIAN_POINT('',(17.712560546875,14.31151171875));
#731 = ( GEOMETRIC_REPRESENTATION_CONTEXT(2) 
PARAMETRIC_REPRESENTATION_CONTEXT() REPRESENTATION_CONTEXT('2D SPACE',''
  ) );
#732 = PCURVE('',#733,#738);
#733 = PLANE('',#734);
#734 = AXIS2_PLACEMENT_3D('',#735,#736,#737);
#735 = CARTESIAN_POINT('',(-22.28743945312,-0.68848828125,1.45));
#736 = DIRECTION('',(0.,-1.,0.));
#737 = DIRECTION('',(-1.,0.,0.));
#738 = DEFINITIONAL_REPRESENTATION('',(#739),#742);
#739 = B_SPLINE_CURVE_WITH_KNOTS('',1,(#740,#741),.UNSPECIFIED.,.F.,.F.,
  (2,2),(7.251913085938,8.856280273438),.PIECEWISE_BEZIER_KNOTS.);
#740 = CARTESIAN_POINT('',(1.6043671875,-5.E-02));
#741 = CARTESIAN_POINT('',(0.,-5.E-02));
#742 = ( GEOMETRIC_REPRESENTATION_CONTEXT(2) 
PARAMETRIC_REPRESENTATION_CONTEXT() REPRESENTATION_CONTEXT('2D SPACE',''
  ) );
#743 = ORIENTED_EDGE('',*,*,#744,.F.);
#744 = EDGE_CURVE('',#745,#719,#747,.T.);
#745 = VERTEX_POINT('',#746);
#746 = CARTESIAN_POINT('',(-23.89180664062,-4.47833203125,1.5));
#747 = SURFACE_CURVE('',#748,(#752,#758),.PCURVE_S1.);
#748 = LINE('',#749,#750);
#749 = CARTESIAN_POINT('',(-23.89180664062,-7.844244140625,1.5));
#750 = VECTOR('',#751,1.);
#751 = DIRECTION('',(0.,1.,0.));
#752 = PCURVE('',#44,#753);
#753 = DEFINITIONAL_REPRESENTATION('',(#754),#757);
#754 = B_SPLINE_CURVE_WITH_KNOTS('',1,(#755,#756),.UNSPECIFIED.,.F.,.F.,
  (2,2),(3.365912109375,7.155755859375),.PIECEWISE_BEZIER_KNOTS.);
#755 = CARTESIAN_POINT('',(16.108193359375,10.52166796875));
#756 = CARTESIAN_POINT('',(16.108193359375,14.31151171875));
#757 = ( GEOMETRIC_REPRESENTATION_CONTEXT(2) 
PARAMETRIC_REPRESENTATION_CONTEXT() REPRESENTATION_CONTEXT('2D SPACE',''
  ) );
#758 = PCURVE('',#759,#764);
#759 = PLANE('',#760);
#760 = AXIS2_PLACEMENT_3D('',#761,#762,#763);
#761 = CARTESIAN_POINT('',(-23.89180664062,-0.68848828125,1.45));
#762 = DIRECTION('',(1.,0.,0.));
#763 = DIRECTION('',(0.,-1.,0.));
#764 = DEFINITIONAL_REPRESENTATION('',(#765),#768);
#765 = B_SPLINE_CURVE_WITH_KNOTS('',1,(#766,#767),.UNSPECIFIED.,.F.,.F.,
  (2,2),(3.365912109375,7.155755859375),.PIECEWISE_BEZIER_KNOTS.);
#766 = CARTESIAN_POINT('',(3.78984375,-5.E-02));
#767 = CARTESIAN_POINT('',(0.,-5.E-02));
#768 = ( GEOMETRIC_REPRESENTATION_CONTEXT(2) 
PARAMETRIC_REPRESENTATION_CONTEXT() REPRESENTATION_CONTEXT('2D SPACE',''
  ) );
#769 = ORIENTED_EDGE('',*,*,#770,.F.);
#770 = EDGE_CURVE('',#343,#745,#771,.T.);
#771 = SURFACE_CURVE('',#772,(#776,#782),.PCURVE_S1.);
#772 = LINE('',#773,#774);
#773 = CARTESIAN_POINT('',(-31.94590332031,-4.47833203125,1.5));
#774 = VECTOR('',#775,1.);
#775 = DIRECTION('',(1.,0.,-0.));
#776 = PCURVE('',#44,#777);
#777 = DEFINITIONAL_REPRESENTATION('',(#778),#781);
#778 = B_SPLINE_CURVE_WITH_KNOTS('',1,(#779,#780),.UNSPECIFIED.,.F.,.F.,
  (2,2),(6.778182617188,8.054096679688),.PIECEWISE_BEZIER_KNOTS.);
#779 = CARTESIAN_POINT('',(14.832279296875,10.52166796875));
#780 = CARTESIAN_POINT('',(16.108193359375,10.52166796875));
#781 = ( GEOMETRIC_REPRESENTATION_CONTEXT(2) 
PARAMETRIC_REPRESENTATION_CONTEXT() REPRESENTATION_CONTEXT('2D SPACE',''
  ) );
#782 = PCURVE('',#783,#788);
#783 = PLANE('',#784);
#784 = AXIS2_PLACEMENT_3D('',#785,#786,#787);
#785 = CARTESIAN_POINT('',(-23.89180664062,-4.47833203125,1.45));
#786 = DIRECTION('',(0.,-1.,0.));
#787 = DIRECTION('',(-1.,0.,0.));
#788 = DEFINITIONAL_REPRESENTATION('',(#789),#792);
#789 = B_SPLINE_CURVE_WITH_KNOTS('',1,(#790,#791),.UNSPECIFIED.,.F.,.F.,
  (2,2),(6.778182617188,8.054096679688),.PIECEWISE_BEZIER_KNOTS.);
#790 = CARTESIAN_POINT('',(1.2759140625,-5.E-02));
#791 = CARTESIAN_POINT('',(0.,-5.E-02));
#792 = ( GEOMETRIC_REPRESENTATION_CONTEXT(2) 
PARAMETRIC_REPRESENTATION_CONTEXT() REPRESENTATION_CONTEXT('2D SPACE',''
  ) );
#793 = FACE_BOUND('',#794,.T.);
#794 = EDGE_LOOP('',(#795,#823,#849,#875,#901,#927,#953,#979,#1005,#1031
    ,#1057,#1083));
#795 = ORIENTED_EDGE('',*,*,#796,.F.);
#796 = EDGE_CURVE('',#797,#799,#801,.T.);
#797 = VERTEX_POINT('',#798);
#798 = CARTESIAN_POINT('',(-17.36695898437,4.9520625,1.5));
#799 = VERTEX_POINT('',#800);
#800 = CARTESIAN_POINT('',(-17.36695898437,-4.47833203125,1.5));
#801 = SURFACE_CURVE('',#802,(#806,#812),.PCURVE_S1.);
#802 = LINE('',#803,#804);
#803 = CARTESIAN_POINT('',(-17.36695898437,-9.739166015625,1.5));
#804 = VECTOR('',#805,1.);
#805 = DIRECTION('',(0.,-1.,0.));
#806 = PCURVE('',#44,#807);
#807 = DEFINITIONAL_REPRESENTATION('',(#808),#811);
#808 = B_SPLINE_CURVE_WITH_KNOTS('',1,(#809,#810),.UNSPECIFIED.,.F.,.F.,
  (2,2),(-14.69122851562,-5.260833984375),.PIECEWISE_BEZIER_KNOTS.);
#809 = CARTESIAN_POINT('',(22.633041015625,19.9520625));
#810 = CARTESIAN_POINT('',(22.633041015625,10.52166796875));
#811 = ( GEOMETRIC_REPRESENTATION_CONTEXT(2) 
PARAMETRIC_REPRESENTATION_CONTEXT() REPRESENTATION_CONTEXT('2D SPACE',''
  ) );
#812 = PCURVE('',#813,#818);
#813 = PLANE('',#814);
#814 = AXIS2_PLACEMENT_3D('',#815,#816,#817);
#815 = CARTESIAN_POINT('',(-17.36695898437,-4.47833203125,1.45));
#816 = DIRECTION('',(-1.,0.,0.));
#817 = DIRECTION('',(0.,1.,0.));
#818 = DEFINITIONAL_REPRESENTATION('',(#819),#822);
#819 = B_SPLINE_CURVE_WITH_KNOTS('',1,(#820,#821),.UNSPECIFIED.,.F.,.F.,
  (2,2),(-14.69122851562,-5.260833984375),.PIECEWISE_BEZIER_KNOTS.);
#820 = CARTESIAN_POINT('',(9.43039453125,-5.E-02));
#821 = CARTESIAN_POINT('',(0.,-5.E-02));
#822 = ( GEOMETRIC_REPRESENTATION_CONTEXT(2) 
PARAMETRIC_REPRESENTATION_CONTEXT() REPRESENTATION_CONTEXT('2D SPACE',''
  ) );
#823 = ORIENTED_EDGE('',*,*,#824,.F.);
#824 = EDGE_CURVE('',#825,#797,#827,.T.);
#825 = VERTEX_POINT('',#826);
#826 = CARTESIAN_POINT('',(-11.40427148437,4.9520625,1.5));
#827 = SURFACE_CURVE('',#828,(#832,#838),.PCURVE_S1.);
#828 = LINE('',#829,#830);
#829 = CARTESIAN_POINT('',(-28.68347949218,4.9520625,1.5));
#830 = VECTOR('',#831,1.);
#831 = DIRECTION('',(-1.,0.,0.));
#832 = PCURVE('',#44,#833);
#833 = DEFINITIONAL_REPRESENTATION('',(#834),#837);
#834 = B_SPLINE_CURVE_WITH_KNOTS('',1,(#835,#836),.UNSPECIFIED.,.F.,.F.,
  (2,2),(-17.27920800781,-11.31652050781),.PIECEWISE_BEZIER_KNOTS.);
#835 = CARTESIAN_POINT('',(28.595728515625,19.9520625));
#836 = CARTESIAN_POINT('',(22.633041015625,19.9520625));
#837 = ( GEOMETRIC_REPRESENTATION_CONTEXT(2) 
PARAMETRIC_REPRESENTATION_CONTEXT() REPRESENTATION_CONTEXT('2D SPACE',''
  ) );
#838 = PCURVE('',#839,#844);
#839 = PLANE('',#840);
#840 = AXIS2_PLACEMENT_3D('',#841,#842,#843);
#841 = CARTESIAN_POINT('',(-17.36695898437,4.9520625,1.45));
#842 = DIRECTION('',(0.,1.,0.));
#843 = DIRECTION('',(1.,0.,0.));
#844 = DEFINITIONAL_REPRESENTATION('',(#845),#848);
#845 = B_SPLINE_CURVE_WITH_KNOTS('',1,(#846,#847),.UNSPECIFIED.,.F.,.F.,
  (2,2),(-17.27920800781,-11.31652050781),.PIECEWISE_BEZIER_KNOTS.);
#846 = CARTESIAN_POINT('',(5.9626875,-5.E-02));
#847 = CARTESIAN_POINT('',(0.,-5.E-02));
#848 = ( GEOMETRIC_REPRESENTATION_CONTEXT(2) 
PARAMETRIC_REPRESENTATION_CONTEXT() REPRESENTATION_CONTEXT('2D SPACE',''
  ) );
#849 = ORIENTED_EDGE('',*,*,#850,.F.);
#850 = EDGE_CURVE('',#851,#825,#853,.T.);
#851 = VERTEX_POINT('',#852);
#852 = CARTESIAN_POINT('',(-11.40427148437,3.8782734375,1.5));
#853 = SURFACE_CURVE('',#854,(#858,#864),.PCURVE_S1.);
#854 = LINE('',#855,#856);
#855 = CARTESIAN_POINT('',(-11.40427148437,-5.02396875,1.5));
#856 = VECTOR('',#857,1.);
#857 = DIRECTION('',(0.,1.,0.));
#858 = PCURVE('',#44,#859);
#859 = DEFINITIONAL_REPRESENTATION('',(#860),#863);
#860 = B_SPLINE_CURVE_WITH_KNOTS('',1,(#861,#862),.UNSPECIFIED.,.F.,.F.,
  (2,2),(8.9022421875,9.97603125),.PIECEWISE_BEZIER_KNOTS.);
#861 = CARTESIAN_POINT('',(28.595728515625,18.8782734375));
#862 = CARTESIAN_POINT('',(28.595728515625,19.9520625));
#863 = ( GEOMETRIC_REPRESENTATION_CONTEXT(2) 
PARAMETRIC_REPRESENTATION_CONTEXT() REPRESENTATION_CONTEXT('2D SPACE',''
  ) );
#864 = PCURVE('',#865,#870);
#865 = PLANE('',#866);
#866 = AXIS2_PLACEMENT_3D('',#867,#868,#869);
#867 = CARTESIAN_POINT('',(-11.40427148437,4.9520625,1.45));
#868 = DIRECTION('',(1.,0.,0.));
#869 = DIRECTION('',(0.,-1.,0.));
#870 = DEFINITIONAL_REPRESENTATION('',(#871),#874);
#871 = B_SPLINE_CURVE_WITH_KNOTS('',1,(#872,#873),.UNSPECIFIED.,.F.,.F.,
  (2,2),(8.9022421875,9.97603125),.PIECEWISE_BEZIER_KNOTS.);
#872 = CARTESIAN_POINT('',(1.0737890625,-5.E-02));
#873 = CARTESIAN_POINT('',(0.,-5.E-02));
#874 = ( GEOMETRIC_REPRESENTATION_CONTEXT(2) 
PARAMETRIC_REPRESENTATION_CONTEXT() REPRESENTATION_CONTEXT('2D SPACE',''
  ) );
#875 = ORIENTED_EDGE('',*,*,#876,.F.);
#876 = EDGE_CURVE('',#877,#851,#879,.T.);
#877 = VERTEX_POINT('',#878);
#878 = CARTESIAN_POINT('',(-16.09104492187,3.8782734375,1.5));
#879 = SURFACE_CURVE('',#880,(#884,#890),.PCURVE_S1.);
#880 = LINE('',#881,#882);
#881 = CARTESIAN_POINT('',(-25.70213574218,3.8782734375,1.5));
#882 = VECTOR('',#883,1.);
#883 = DIRECTION('',(1.,0.,-0.));
#884 = PCURVE('',#44,#885);
#885 = DEFINITIONAL_REPRESENTATION('',(#886),#889);
#886 = B_SPLINE_CURVE_WITH_KNOTS('',1,(#887,#888),.UNSPECIFIED.,.F.,.F.,
  (2,2),(9.611090820313,14.297864257813),.PIECEWISE_BEZIER_KNOTS.);
#887 = CARTESIAN_POINT('',(23.908955078125,18.8782734375));
#888 = CARTESIAN_POINT('',(28.595728515625,18.8782734375));
#889 = ( GEOMETRIC_REPRESENTATION_CONTEXT(2) 
PARAMETRIC_REPRESENTATION_CONTEXT() REPRESENTATION_CONTEXT('2D SPACE',''
  ) );
#890 = PCURVE('',#891,#896);
#891 = PLANE('',#892);
#892 = AXIS2_PLACEMENT_3D('',#893,#894,#895);
#893 = CARTESIAN_POINT('',(-11.40427148437,3.8782734375,1.45));
#894 = DIRECTION('',(0.,-1.,0.));
#895 = DIRECTION('',(-1.,0.,0.));
#896 = DEFINITIONAL_REPRESENTATION('',(#897),#900);
#897 = B_SPLINE_CURVE_WITH_KNOTS('',1,(#898,#899),.UNSPECIFIED.,.F.,.F.,
  (2,2),(9.611090820313,14.297864257813),.PIECEWISE_BEZIER_KNOTS.);
#898 = CARTESIAN_POINT('',(4.6867734375,-5.E-02));
#899 = CARTESIAN_POINT('',(0.,-5.E-02));
#900 = ( GEOMETRIC_REPRESENTATION_CONTEXT(2) 
PARAMETRIC_REPRESENTATION_CONTEXT() REPRESENTATION_CONTEXT('2D SPACE',''
  ) );
#901 = ORIENTED_EDGE('',*,*,#902,.F.);
#902 = EDGE_CURVE('',#903,#877,#905,.T.);
#903 = VERTEX_POINT('',#904);
#904 = CARTESIAN_POINT('',(-16.09104492187,1.086421875,1.5));
#905 = SURFACE_CURVE('',#906,(#910,#916),.PCURVE_S1.);
#906 = LINE('',#907,#908);
#907 = CARTESIAN_POINT('',(-16.09104492187,-5.56086328125,1.5));
#908 = VECTOR('',#909,1.);
#909 = DIRECTION('',(0.,1.,0.));
#910 = PCURVE('',#44,#911);
#911 = DEFINITIONAL_REPRESENTATION('',(#912),#915);
#912 = B_SPLINE_CURVE_WITH_KNOTS('',1,(#913,#914),.UNSPECIFIED.,.F.,.F.,
  (2,2),(6.64728515625,9.43913671875),.PIECEWISE_BEZIER_KNOTS.);
#913 = CARTESIAN_POINT('',(23.908955078125,16.086421875));
#914 = CARTESIAN_POINT('',(23.908955078125,18.8782734375));
#915 = ( GEOMETRIC_REPRESENTATION_CONTEXT(2) 
PARAMETRIC_REPRESENTATION_CONTEXT() REPRESENTATION_CONTEXT('2D SPACE',''
  ) );
#916 = PCURVE('',#917,#922);
#917 = PLANE('',#918);
#918 = AXIS2_PLACEMENT_3D('',#919,#920,#921);
#919 = CARTESIAN_POINT('',(-16.09104492187,3.8782734375,1.45));
#920 = DIRECTION('',(1.,0.,0.));
#921 = DIRECTION('',(0.,-1.,0.));
#922 = DEFINITIONAL_REPRESENTATION('',(#923),#926);
#923 = B_SPLINE_CURVE_WITH_KNOTS('',1,(#924,#925),.UNSPECIFIED.,.F.,.F.,
  (2,2),(6.64728515625,9.43913671875),.PIECEWISE_BEZIER_KNOTS.);
#924 = CARTESIAN_POINT('',(2.7918515625,-5.E-02));
#925 = CARTESIAN_POINT('',(0.,-5.E-02));
#926 = ( GEOMETRIC_REPRESENTATION_CONTEXT(2) 
PARAMETRIC_REPRESENTATION_CONTEXT() REPRESENTATION_CONTEXT('2D SPACE',''
  ) );
#927 = ORIENTED_EDGE('',*,*,#928,.F.);
#928 = EDGE_CURVE('',#929,#903,#931,.T.);
#929 = VERTEX_POINT('',#930);
#930 = CARTESIAN_POINT('',(-11.60008007812,1.086421875,1.5));
#931 = SURFACE_CURVE('',#932,(#936,#942),.PCURVE_S1.);
#932 = LINE('',#933,#934);
#933 = CARTESIAN_POINT('',(-28.04552246093,1.086421875,1.5));
#934 = VECTOR('',#935,1.);
#935 = DIRECTION('',(-1.,0.,0.));
#936 = PCURVE('',#44,#937);
#937 = DEFINITIONAL_REPRESENTATION('',(#938),#941);
#938 = B_SPLINE_CURVE_WITH_KNOTS('',1,(#939,#940),.UNSPECIFIED.,.F.,.F.,
  (2,2),(-16.44544238281,-11.95447753906),.PIECEWISE_BEZIER_KNOTS.);
#939 = CARTESIAN_POINT('',(28.399919921875,16.086421875));
#940 = CARTESIAN_POINT('',(23.908955078125,16.086421875));
#941 = ( GEOMETRIC_REPRESENTATION_CONTEXT(2) 
PARAMETRIC_REPRESENTATION_CONTEXT() REPRESENTATION_CONTEXT('2D SPACE',''
  ) );
#942 = PCURVE('',#943,#948);
#943 = PLANE('',#944);
#944 = AXIS2_PLACEMENT_3D('',#945,#946,#947);
#945 = CARTESIAN_POINT('',(-16.09104492187,1.086421875,1.45));
#946 = DIRECTION('',(0.,1.,0.));
#947 = DIRECTION('',(1.,0.,0.));
#948 = DEFINITIONAL_REPRESENTATION('',(#949),#952);
#949 = B_SPLINE_CURVE_WITH_KNOTS('',1,(#950,#951),.UNSPECIFIED.,.F.,.F.,
  (2,2),(-16.44544238281,-11.95447753906),.PIECEWISE_BEZIER_KNOTS.);
#950 = CARTESIAN_POINT('',(4.49096484375,-5.E-02));
#951 = CARTESIAN_POINT('',(0.,-5.E-02));
#952 = ( GEOMETRIC_REPRESENTATION_CONTEXT(2) 
PARAMETRIC_REPRESENTATION_CONTEXT() REPRESENTATION_CONTEXT('2D SPACE',''
  ) );
#953 = ORIENTED_EDGE('',*,*,#954,.F.);
#954 = EDGE_CURVE('',#955,#929,#957,.T.);
#955 = VERTEX_POINT('',#956);
#956 = CARTESIAN_POINT('',(-11.60008007812,1.26328125E-02,1.5));
#957 = SURFACE_CURVE('',#958,(#962,#968),.PCURVE_S1.);
#958 = LINE('',#959,#960);
#959 = CARTESIAN_POINT('',(-11.60008007812,-6.9567890625,1.5));
#960 = VECTOR('',#961,1.);
#961 = DIRECTION('',(0.,1.,0.));
#962 = PCURVE('',#44,#963);
#963 = DEFINITIONAL_REPRESENTATION('',(#964),#967);
#964 = B_SPLINE_CURVE_WITH_KNOTS('',1,(#965,#966),.UNSPECIFIED.,.F.,.F.,
  (2,2),(6.969421875,8.0432109375),.PIECEWISE_BEZIER_KNOTS.);
#965 = CARTESIAN_POINT('',(28.399919921875,15.0126328125));
#966 = CARTESIAN_POINT('',(28.399919921875,16.086421875));
#967 = ( GEOMETRIC_REPRESENTATION_CONTEXT(2) 
PARAMETRIC_REPRESENTATION_CONTEXT() REPRESENTATION_CONTEXT('2D SPACE',''
  ) );
#968 = PCURVE('',#969,#974);
#969 = PLANE('',#970);
#970 = AXIS2_PLACEMENT_3D('',#971,#972,#973);
#971 = CARTESIAN_POINT('',(-11.60008007812,1.086421875,1.45));
#972 = DIRECTION('',(1.,0.,0.));
#973 = DIRECTION('',(0.,-1.,0.));
#974 = DEFINITIONAL_REPRESENTATION('',(#975),#978);
#975 = B_SPLINE_CURVE_WITH_KNOTS('',1,(#976,#977),.UNSPECIFIED.,.F.,.F.,
  (2,2),(6.969421875,8.0432109375),.PIECEWISE_BEZIER_KNOTS.);
#976 = CARTESIAN_POINT('',(1.0737890625,-5.E-02));
#977 = CARTESIAN_POINT('',(0.,-5.E-02));
#978 = ( GEOMETRIC_REPRESENTATION_CONTEXT(2) 
PARAMETRIC_REPRESENTATION_CONTEXT() REPRESENTATION_CONTEXT('2D SPACE',''
  ) );
#979 = ORIENTED_EDGE('',*,*,#980,.F.);
#980 = EDGE_CURVE('',#981,#955,#983,.T.);
#981 = VERTEX_POINT('',#982);
#982 = CARTESIAN_POINT('',(-16.09104492187,1.26328125E-02,1.5));
#983 = SURFACE_CURVE('',#984,(#988,#994),.PCURVE_S1.);
#984 = LINE('',#985,#986);
#985 = CARTESIAN_POINT('',(-25.80004003906,1.26328125E-02,1.5));
#986 = VECTOR('',#987,1.);
#987 = DIRECTION('',(1.,0.,-0.));
#988 = PCURVE('',#44,#989);
#989 = DEFINITIONAL_REPRESENTATION('',(#990),#993);
#990 = B_SPLINE_CURVE_WITH_KNOTS('',1,(#991,#992),.UNSPECIFIED.,.F.,.F.,
  (2,2),(9.708995117188,14.199959960938),.PIECEWISE_BEZIER_KNOTS.);
#991 = CARTESIAN_POINT('',(23.908955078125,15.0126328125));
#992 = CARTESIAN_POINT('',(28.399919921875,15.0126328125));
#993 = ( GEOMETRIC_REPRESENTATION_CONTEXT(2) 
PARAMETRIC_REPRESENTATION_CONTEXT() REPRESENTATION_CONTEXT('2D SPACE',''
  ) );
#994 = PCURVE('',#995,#1000);
#995 = PLANE('',#996);
#996 = AXIS2_PLACEMENT_3D('',#997,#998,#999);
#997 = CARTESIAN_POINT('',(-11.60008007812,1.26328125E-02,1.45));
#998 = DIRECTION('',(0.,-1.,0.));
#999 = DIRECTION('',(-1.,0.,0.));
#1000 = DEFINITIONAL_REPRESENTATION('',(#1001),#1004);
#1001 = B_SPLINE_CURVE_WITH_KNOTS('',1,(#1002,#1003),.UNSPECIFIED.,.F.,
  .F.,(2,2),(9.708995117188,14.199959960938),.PIECEWISE_BEZIER_KNOTS.);
#1002 = CARTESIAN_POINT('',(4.49096484375,-5.E-02));
#1003 = CARTESIAN_POINT('',(0.,-5.E-02));
#1004 = ( GEOMETRIC_REPRESENTATION_CONTEXT(2) 
PARAMETRIC_REPRESENTATION_CONTEXT() REPRESENTATION_CONTEXT('2D SPACE',''
  ) );
#1005 = ORIENTED_EDGE('',*,*,#1006,.F.);
#1006 = EDGE_CURVE('',#1007,#981,#1009,.T.);
#1007 = VERTEX_POINT('',#1008);
#1008 = CARTESIAN_POINT('',(-16.09104492187,-3.40454296875,1.5));
#1009 = SURFACE_CURVE('',#1010,(#1014,#1020),.PCURVE_S1.);
#1010 = LINE('',#1011,#1012);
#1011 = CARTESIAN_POINT('',(-16.09104492187,-7.49368359375,1.5));
#1012 = VECTOR('',#1013,1.);
#1013 = DIRECTION('',(0.,1.,0.));
#1014 = PCURVE('',#44,#1015);
#1015 = DEFINITIONAL_REPRESENTATION('',(#1016),#1019);
#1016 = B_SPLINE_CURVE_WITH_KNOTS('',1,(#1017,#1018),.UNSPECIFIED.,.F.,
  .F.,(2,2),(4.089140625,7.50631640625),.PIECEWISE_BEZIER_KNOTS.);
#1017 = CARTESIAN_POINT('',(23.908955078125,11.59545703125));
#1018 = CARTESIAN_POINT('',(23.908955078125,15.0126328125));
#1019 = ( GEOMETRIC_REPRESENTATION_CONTEXT(2) 
PARAMETRIC_REPRESENTATION_CONTEXT() REPRESENTATION_CONTEXT('2D SPACE',''
  ) );
#1020 = PCURVE('',#1021,#1026);
#1021 = PLANE('',#1022);
#1022 = AXIS2_PLACEMENT_3D('',#1023,#1024,#1025);
#1023 = CARTESIAN_POINT('',(-16.09104492187,1.26328125E-02,1.45));
#1024 = DIRECTION('',(1.,0.,0.));
#1025 = DIRECTION('',(0.,-1.,0.));
#1026 = DEFINITIONAL_REPRESENTATION('',(#1027),#1030);
#1027 = B_SPLINE_CURVE_WITH_KNOTS('',1,(#1028,#1029),.UNSPECIFIED.,.F.,
  .F.,(2,2),(4.089140625,7.50631640625),.PIECEWISE_BEZIER_KNOTS.);
#1028 = CARTESIAN_POINT('',(3.41717578125,-5.E-02));
#1029 = CARTESIAN_POINT('',(0.,-5.E-02));
#1030 = ( GEOMETRIC_REPRESENTATION_CONTEXT(2) 
PARAMETRIC_REPRESENTATION_CONTEXT() REPRESENTATION_CONTEXT('2D SPACE',''
  ) );
#1031 = ORIENTED_EDGE('',*,*,#1032,.F.);
#1032 = EDGE_CURVE('',#1033,#1007,#1035,.T.);
#1033 = VERTEX_POINT('',#1034);
#1034 = CARTESIAN_POINT('',(-11.29057617187,-3.40454296875,1.5));
#1035 = SURFACE_CURVE('',#1036,(#1040,#1046),.PCURVE_S1.);
#1036 = LINE('',#1037,#1038);
#1037 = CARTESIAN_POINT('',(-28.04552246093,-3.40454296875,1.5));
#1038 = VECTOR('',#1039,1.);
#1039 = DIRECTION('',(-1.,0.,0.));
#1040 = PCURVE('',#44,#1041);
#1041 = DEFINITIONAL_REPRESENTATION('',(#1042),#1045);
#1042 = B_SPLINE_CURVE_WITH_KNOTS('',1,(#1043,#1044),.UNSPECIFIED.,.F.,
  .F.,(2,2),(-16.75494628906,-11.95447753906),.PIECEWISE_BEZIER_KNOTS.);
#1043 = CARTESIAN_POINT('',(28.709423828125,11.59545703125));
#1044 = CARTESIAN_POINT('',(23.908955078125,11.59545703125));
#1045 = ( GEOMETRIC_REPRESENTATION_CONTEXT(2) 
PARAMETRIC_REPRESENTATION_CONTEXT() REPRESENTATION_CONTEXT('2D SPACE',''
  ) );
#1046 = PCURVE('',#1047,#1052);
#1047 = PLANE('',#1048);
#1048 = AXIS2_PLACEMENT_3D('',#1049,#1050,#1051);
#1049 = CARTESIAN_POINT('',(-16.09104492187,-3.40454296875,1.45));
#1050 = DIRECTION('',(0.,1.,0.));
#1051 = DIRECTION('',(1.,0.,0.));
#1052 = DEFINITIONAL_REPRESENTATION('',(#1053),#1056);
#1053 = B_SPLINE_CURVE_WITH_KNOTS('',1,(#1054,#1055),.UNSPECIFIED.,.F.,
  .F.,(2,2),(-16.75494628906,-11.95447753906),.PIECEWISE_BEZIER_KNOTS.);
#1054 = CARTESIAN_POINT('',(4.80046875,-5.E-02));
#1055 = CARTESIAN_POINT('',(0.,-5.E-02));
#1056 = ( GEOMETRIC_REPRESENTATION_CONTEXT(2) 
PARAMETRIC_REPRESENTATION_CONTEXT() REPRESENTATION_CONTEXT('2D SPACE',''
  ) );
#1057 = ORIENTED_EDGE('',*,*,#1058,.F.);
#1058 = EDGE_CURVE('',#1059,#1033,#1061,.T.);
#1059 = VERTEX_POINT('',#1060);
#1060 = CARTESIAN_POINT('',(-11.29057617187,-4.47833203125,1.5));
#1061 = SURFACE_CURVE('',#1062,(#1066,#1072),.PCURVE_S1.);
#1062 = LINE('',#1063,#1064);
#1063 = CARTESIAN_POINT('',(-11.29057617187,-9.202271484375,1.5));
#1064 = VECTOR('',#1065,1.);
#1065 = DIRECTION('',(0.,1.,0.));
#1066 = PCURVE('',#44,#1067);
#1067 = DEFINITIONAL_REPRESENTATION('',(#1068),#1071);
#1068 = B_SPLINE_CURVE_WITH_KNOTS('',1,(#1069,#1070),.UNSPECIFIED.,.F.,
  .F.,(2,2),(4.723939453125,5.797728515625),.PIECEWISE_BEZIER_KNOTS.);
#1069 = CARTESIAN_POINT('',(28.709423828125,10.52166796875));
#1070 = CARTESIAN_POINT('',(28.709423828125,11.59545703125));
#1071 = ( GEOMETRIC_REPRESENTATION_CONTEXT(2) 
PARAMETRIC_REPRESENTATION_CONTEXT() REPRESENTATION_CONTEXT('2D SPACE',''
  ) );
#1072 = PCURVE('',#1073,#1078);
#1073 = PLANE('',#1074);
#1074 = AXIS2_PLACEMENT_3D('',#1075,#1076,#1077);
#1075 = CARTESIAN_POINT('',(-11.29057617187,-3.40454296875,1.45));
#1076 = DIRECTION('',(1.,0.,0.));
#1077 = DIRECTION('',(0.,-1.,0.));
#1078 = DEFINITIONAL_REPRESENTATION('',(#1079),#1082);
#1079 = B_SPLINE_CURVE_WITH_KNOTS('',1,(#1080,#1081),.UNSPECIFIED.,.F.,
  .F.,(2,2),(4.723939453125,5.797728515625),.PIECEWISE_BEZIER_KNOTS.);
#1080 = CARTESIAN_POINT('',(1.0737890625,-5.E-02));
#1081 = CARTESIAN_POINT('',(0.,-5.E-02));
#1082 = ( GEOMETRIC_REPRESENTATION_CONTEXT(2) 
PARAMETRIC_REPRESENTATION_CONTEXT() REPRESENTATION_CONTEXT('2D SPACE',''
  ) );
#1083 = ORIENTED_EDGE('',*,*,#1084,.F.);
#1084 = EDGE_CURVE('',#799,#1059,#1085,.T.);
#1085 = SURFACE_CURVE('',#1086,(#1090,#1096),.PCURVE_S1.);
#1086 = LINE('',#1087,#1088);
#1087 = CARTESIAN_POINT('',(-25.64528808593,-4.47833203125,1.5));
#1088 = VECTOR('',#1089,1.);
#1089 = DIRECTION('',(1.,0.,-0.));
#1090 = PCURVE('',#44,#1091);
#1091 = DEFINITIONAL_REPRESENTATION('',(#1092),#1095);
#1092 = B_SPLINE_CURVE_WITH_KNOTS('',1,(#1093,#1094),.UNSPECIFIED.,.F.,
  .F.,(2,2),(8.278329101563,14.354711914063),.PIECEWISE_BEZIER_KNOTS.);
#1093 = CARTESIAN_POINT('',(22.633041015625,10.52166796875));
#1094 = CARTESIAN_POINT('',(28.709423828125,10.52166796875));
#1095 = ( GEOMETRIC_REPRESENTATION_CONTEXT(2) 
PARAMETRIC_REPRESENTATION_CONTEXT() REPRESENTATION_CONTEXT('2D SPACE',''
  ) );
#1096 = PCURVE('',#1097,#1102);
#1097 = PLANE('',#1098);
#1098 = AXIS2_PLACEMENT_3D('',#1099,#1100,#1101);
#1099 = CARTESIAN_POINT('',(-11.29057617187,-4.47833203125,1.45));
#1100 = DIRECTION('',(0.,-1.,0.));
#1101 = DIRECTION('',(-1.,0.,0.));
#1102 = DEFINITIONAL_REPRESENTATION('',(#1103),#1106);
#1103 = B_SPLINE_CURVE_WITH_KNOTS('',1,(#1104,#1105),.UNSPECIFIED.,.F.,
  .F.,(2,2),(8.278329101563,14.354711914063),.PIECEWISE_BEZIER_KNOTS.);
#1104 = CARTESIAN_POINT('',(6.0763828125,-5.E-02));
#1105 = CARTESIAN_POINT('',(0.,-5.E-02));
#1106 = ( GEOMETRIC_REPRESENTATION_CONTEXT(2) 
PARAMETRIC_REPRESENTATION_CONTEXT() REPRESENTATION_CONTEXT('2D SPACE',''
  ) );
#1107 = FACE_BOUND('',#1108,.T.);
#1108 = EDGE_LOOP('',(#1109,#1162,#1207,#1233,#1259,#1285,#1342,#1399,
    #1425,#1451,#1477,#1503,#1529,#1604,#1691,#1748));
#1109 = ORIENTED_EDGE('',*,*,#1110,.F.);
#1110 = EDGE_CURVE('',#1111,#1113,#1115,.T.);
#1111 = VERTEX_POINT('',#1112);
#1112 = CARTESIAN_POINT('',(-3.92248828125,-0.65058984375,1.5));
#1113 = VERTEX_POINT('',#1114);
#1114 = CARTESIAN_POINT('',(-4.721513671875,-5.684765625E-02,1.5));
#1115 = SURFACE_CURVE('',#1116,(#1127,#1141),.PCURVE_S1.);
#1116 = B_SPLINE_CURVE_WITH_KNOTS('',5,(#1117,#1118,#1119,#1120,#1121,
    #1122,#1123,#1124,#1125,#1126),.UNSPECIFIED.,.F.,.F.,(6,4,6),(0.,
    0.52096060256,1.),.UNSPECIFIED.);
#1117 = CARTESIAN_POINT('',(-3.92248828125,-0.65058984375,1.5));
#1118 = CARTESIAN_POINT('',(-3.996270656319,-0.564210477816,1.5));
#1119 = CARTESIAN_POINT('',(-4.072495486394,-0.482676868986,1.5));
#1120 = CARTESIAN_POINT('',(-4.151267942793,-0.40667311465,1.5));
#1121 = CARTESIAN_POINT('',(-4.232625790409,-0.337069941317,1.5));
#1122 = CARTESIAN_POINT('',(-4.393575256209,-0.217471128786,1.5));
#1123 = CARTESIAN_POINT('',(-4.472782698142,-0.166347928692,1.5));
#1124 = CARTESIAN_POINT('',(-4.554002154328,-0.122099376136,1.5));
#1125 = CARTESIAN_POINT('',(-4.637034557141,-8.544058739082E-02,1.5));
#1126 = CARTESIAN_POINT('',(-4.721513671875,-5.684765625E-02,1.5));
#1127 = PCURVE('',#44,#1128);
#1128 = DEFINITIONAL_REPRESENTATION('',(#1129),#1140);
#1129 = B_SPLINE_CURVE_WITH_KNOTS('',5,(#1130,#1131,#1132,#1133,#1134,
    #1135,#1136,#1137,#1138,#1139),.UNSPECIFIED.,.F.,.F.,(6,4,6),(0.,
    0.52096060256,1.),.UNSPECIFIED.);
#1130 = CARTESIAN_POINT('',(36.07751171875,14.34941015625));
#1131 = CARTESIAN_POINT('',(36.003729343681,14.435789522184));
#1132 = CARTESIAN_POINT('',(35.927504513606,14.517323131014));
#1133 = CARTESIAN_POINT('',(35.848732057207,14.59332688535));
#1134 = CARTESIAN_POINT('',(35.767374209591,14.662930058683));
#1135 = CARTESIAN_POINT('',(35.606424743791,14.782528871214));
#1136 = CARTESIAN_POINT('',(35.527217301858,14.833652071308));
#1137 = CARTESIAN_POINT('',(35.445997845672,14.877900623864));
#1138 = CARTESIAN_POINT('',(35.362965442859,14.914559412609));
#1139 = CARTESIAN_POINT('',(35.278486328125,14.94315234375));
#1140 = ( GEOMETRIC_REPRESENTATION_CONTEXT(2) 
PARAMETRIC_REPRESENTATION_CONTEXT() REPRESENTATION_CONTEXT('2D SPACE',''
  ) );
#1141 = PCURVE('',#1142,#1149);
#1142 = SURFACE_OF_LINEAR_EXTRUSION('',#1143,#1147);
#1143 = B_SPLINE_CURVE_WITH_KNOTS('',2,(#1144,#1145,#1146),
  .UNSPECIFIED.,.F.,.F.,(3,3),(0.,1.),.PIECEWISE_BEZIER_KNOTS.);
#1144 = CARTESIAN_POINT('',(-4.721513671875,-5.684765625E-02,1.45));
#1145 = CARTESIAN_POINT('',(-4.310947265625,-0.19580859375,1.45));
#1146 = CARTESIAN_POINT('',(-3.92248828125,-0.65058984375,1.45));
#1147 = VECTOR('',#1148,1.);
#1148 = DIRECTION('',(-0.,-0.,-1.));
#1149 = DEFINITIONAL_REPRESENTATION('',(#1150),#1161);
#1150 = B_SPLINE_CURVE_WITH_KNOTS('',5,(#1151,#1152,#1153,#1154,#1155,
    #1156,#1157,#1158,#1159,#1160),.UNSPECIFIED.,.F.,.F.,(6,4,6),(0.,
    0.52096060256,1.),.UNSPECIFIED.);
#1151 = CARTESIAN_POINT('',(1.,-5.E-02));
#1152 = CARTESIAN_POINT('',(0.905031962142,-5.E-02));
#1153 = CARTESIAN_POINT('',(0.807561802375,-5.E-02));
#1154 = CARTESIAN_POINT('',(0.707521372516,-5.E-02));
#1155 = CARTESIAN_POINT('',(0.604938255616,-5.E-02));
#1156 = CARTESIAN_POINT('',(0.403506026192,-5.E-02));
#1157 = CARTESIAN_POINT('',(0.305020049029,-5.E-02));
#1158 = CARTESIAN_POINT('',(0.204712977442,-5.E-02));
#1159 = CARTESIAN_POINT('',(0.102881182494,-5.E-02));
#1160 = CARTESIAN_POINT('',(0.,-5.E-02));
#1161 = ( GEOMETRIC_REPRESENTATION_CONTEXT(2) 
PARAMETRIC_REPRESENTATION_CONTEXT() REPRESENTATION_CONTEXT('2D SPACE',''
  ) );
#1162 = ORIENTED_EDGE('',*,*,#1163,.F.);
#1163 = EDGE_CURVE('',#1164,#1111,#1166,.T.);
#1164 = VERTEX_POINT('',#1165);
#1165 = CARTESIAN_POINT('',(-3.142412109375,-1.90123828125,1.5));
#1166 = SURFACE_CURVE('',#1167,(#1176,#1188),.PCURVE_S1.);
#1167 = B_SPLINE_CURVE_WITH_KNOTS('',7,(#1168,#1169,#1170,#1171,#1172,
    #1173,#1174,#1175),.UNSPECIFIED.,.F.,.F.,(8,8),(0.,1.),
  .PIECEWISE_BEZIER_KNOTS.);
#1168 = CARTESIAN_POINT('',(-3.142412109375,-1.90123828125,1.5));
#1169 = CARTESIAN_POINT('',(-3.24061176197,-1.70167124533,1.5));
#1170 = CARTESIAN_POINT('',(-3.34239307607,-1.507100185358,1.5));
#1171 = CARTESIAN_POINT('',(-3.448264193933,-1.318158578165,1.5));
#1172 = CARTESIAN_POINT('',(-3.558710159665,-1.136003641771,1.5));
#1173 = CARTESIAN_POINT('',(-3.674215069884,-0.962359086291,1.5));
#1174 = CARTESIAN_POINT('',(-3.795270682391,-0.799527520463,1.5));
#1175 = CARTESIAN_POINT('',(-3.92248828125,-0.65058984375,1.5));
#1176 = PCURVE('',#44,#1177);
#1177 = DEFINITIONAL_REPRESENTATION('',(#1178),#1187);
#1178 = B_SPLINE_CURVE_WITH_KNOTS('',7,(#1179,#1180,#1181,#1182,#1183,
    #1184,#1185,#1186),.UNSPECIFIED.,.F.,.F.,(8,8),(0.,1.),
  .PIECEWISE_BEZIER_KNOTS.);
#1179 = CARTESIAN_POINT('',(36.857587890625,13.09876171875));
#1180 = CARTESIAN_POINT('',(36.75938823803,13.29832875467));
#1181 = CARTESIAN_POINT('',(36.65760692393,13.492899814642));
#1182 = CARTESIAN_POINT('',(36.551735806067,13.681841421835));
#1183 = CARTESIAN_POINT('',(36.441289840335,13.863996358229));
#1184 = CARTESIAN_POINT('',(36.325784930116,14.037640913709));
#1185 = CARTESIAN_POINT('',(36.204729317609,14.200472479537));
#1186 = CARTESIAN_POINT('',(36.07751171875,14.34941015625));
#1187 = ( GEOMETRIC_REPRESENTATION_CONTEXT(2) 
PARAMETRIC_REPRESENTATION_CONTEXT() REPRESENTATION_CONTEXT('2D SPACE',''
  ) );
#1188 = PCURVE('',#1189,#1196);
#1189 = SURFACE_OF_LINEAR_EXTRUSION('',#1190,#1194);
#1190 = B_SPLINE_CURVE_WITH_KNOTS('',2,(#1191,#1192,#1193),
  .UNSPECIFIED.,.F.,.F.,(3,3),(0.,1.),.PIECEWISE_BEZIER_KNOTS.);
#1191 = CARTESIAN_POINT('',(-3.92248828125,-0.65058984375,1.45));
#1192 = CARTESIAN_POINT('',(-3.534029296875,-1.10537109375,1.45));
#1193 = CARTESIAN_POINT('',(-3.142412109375,-1.90123828125,1.45));
#1194 = VECTOR('',#1195,1.);
#1195 = DIRECTION('',(-0.,-0.,-1.));
#1196 = DEFINITIONAL_REPRESENTATION('',(#1197),#1206);
#1197 = B_SPLINE_CURVE_WITH_KNOTS('',7,(#1198,#1199,#1200,#1201,#1202,
    #1203,#1204,#1205),.UNSPECIFIED.,.F.,.F.,(8,8),(0.,1.),
  .PIECEWISE_BEZIER_KNOTS.);
#1198 = CARTESIAN_POINT('',(1.,-5.E-02));
#1199 = CARTESIAN_POINT('',(0.874622902506,-5.E-02));
#1200 = CARTESIAN_POINT('',(0.74452499957,-5.E-02));
#1201 = CARTESIAN_POINT('',(0.60903744227,-5.E-02));
#1202 = CARTESIAN_POINT('',(0.467515127666,-5.E-02));
#1203 = CARTESIAN_POINT('',(0.319307360332,-5.E-02));
#1204 = CARTESIAN_POINT('',(0.163746500887,-5.E-02));
#1205 = CARTESIAN_POINT('',(0.,-5.E-02));
#1206 = ( GEOMETRIC_REPRESENTATION_CONTEXT(2) 
PARAMETRIC_REPRESENTATION_CONTEXT() REPRESENTATION_CONTEXT('2D SPACE',''
  ) );
#1207 = ORIENTED_EDGE('',*,*,#1208,.F.);
#1208 = EDGE_CURVE('',#1209,#1164,#1211,.T.);
#1209 = VERTEX_POINT('',#1210);
#1210 = CARTESIAN_POINT('',(-1.847548828125,-4.47833203125,1.5));
#1211 = SURFACE_CURVE('',#1212,(#1216,#1222),.PCURVE_S1.);
#1212 = LINE('',#1213,#1214);
#1213 = CARTESIAN_POINT('',(-4.229662997785,0.262656169829,1.5));
#1214 = VECTOR('',#1215,1.);
#1215 = DIRECTION('',(-0.448964795228,0.893549446112,0.));
#1216 = PCURVE('',#44,#1217);
#1217 = DEFINITIONAL_REPRESENTATION('',(#1218),#1221);
#1218 = B_SPLINE_CURVE_WITH_KNOTS('',1,(#1219,#1220),.UNSPECIFIED.,.F.,
  .F.,(2,2),(-5.305792781485,-2.421684060681),.PIECEWISE_BEZIER_KNOTS.);
#1219 = CARTESIAN_POINT('',(38.152451171875,10.52166796875));
#1220 = CARTESIAN_POINT('',(36.857587890625,13.09876171875));
#1221 = ( GEOMETRIC_REPRESENTATION_CONTEXT(2) 
PARAMETRIC_REPRESENTATION_CONTEXT() REPRESENTATION_CONTEXT('2D SPACE',''
  ) );
#1222 = PCURVE('',#1223,#1228);
#1223 = PLANE('',#1224);
#1224 = AXIS2_PLACEMENT_3D('',#1225,#1226,#1227);
#1225 = CARTESIAN_POINT('',(-3.142412109375,-1.90123828125,1.45));
#1226 = DIRECTION('',(0.893549446112,0.448964795228,0.));
#1227 = DIRECTION('',(0.448964795228,-0.893549446112,0.));
#1228 = DEFINITIONAL_REPRESENTATION('',(#1229),#1232);
#1229 = B_SPLINE_CURVE_WITH_KNOTS('',1,(#1230,#1231),.UNSPECIFIED.,.F.,
  .F.,(2,2),(-5.305792781485,-2.421684060681),.PIECEWISE_BEZIER_KNOTS.);
#1230 = CARTESIAN_POINT('',(2.884108720804,-5.E-02));
#1231 = CARTESIAN_POINT('',(0.,-5.E-02));
#1232 = ( GEOMETRIC_REPRESENTATION_CONTEXT(2) 
PARAMETRIC_REPRESENTATION_CONTEXT() REPRESENTATION_CONTEXT('2D SPACE',''
  ) );
#1233 = ORIENTED_EDGE('',*,*,#1234,.F.);
#1234 = EDGE_CURVE('',#1235,#1209,#1237,.T.);
#1235 = VERTEX_POINT('',#1236);
#1236 = CARTESIAN_POINT('',(-3.218208984375,-4.47833203125,1.5));
#1237 = SURFACE_CURVE('',#1238,(#1242,#1248),.PCURVE_S1.);
#1238 = LINE('',#1239,#1240);
#1239 = CARTESIAN_POINT('',(-20.92377441406,-4.47833203125,1.5));
#1240 = VECTOR('',#1241,1.);
#1241 = DIRECTION('',(1.,0.,-0.));
#1242 = PCURVE('',#44,#1243);
#1243 = DEFINITIONAL_REPRESENTATION('',(#1244),#1247);
#1244 = B_SPLINE_CURVE_WITH_KNOTS('',1,(#1245,#1246),.UNSPECIFIED.,.F.,
  .F.,(2,2),(17.705565429687,19.076225585938),.PIECEWISE_BEZIER_KNOTS.);
#1245 = CARTESIAN_POINT('',(36.781791015625,10.52166796875));
#1246 = CARTESIAN_POINT('',(38.152451171875,10.52166796875));
#1247 = ( GEOMETRIC_REPRESENTATION_CONTEXT(2) 
PARAMETRIC_REPRESENTATION_CONTEXT() REPRESENTATION_CONTEXT('2D SPACE',''
  ) );
#1248 = PCURVE('',#1249,#1254);
#1249 = PLANE('',#1250);
#1250 = AXIS2_PLACEMENT_3D('',#1251,#1252,#1253);
#1251 = CARTESIAN_POINT('',(-1.847548828125,-4.47833203125,1.45));
#1252 = DIRECTION('',(0.,-1.,0.));
#1253 = DIRECTION('',(-1.,0.,0.));
#1254 = DEFINITIONAL_REPRESENTATION('',(#1255),#1258);
#1255 = B_SPLINE_CURVE_WITH_KNOTS('',1,(#1256,#1257),.UNSPECIFIED.,.F.,
  .F.,(2,2),(17.705565429687,19.076225585938),.PIECEWISE_BEZIER_KNOTS.);
#1256 = CARTESIAN_POINT('',(1.37066015625,-5.E-02));
#1257 = CARTESIAN_POINT('',(0.,-5.E-02));
#1258 = ( GEOMETRIC_REPRESENTATION_CONTEXT(2) 
PARAMETRIC_REPRESENTATION_CONTEXT() REPRESENTATION_CONTEXT('2D SPACE',''
  ) );
#1259 = ORIENTED_EDGE('',*,*,#1260,.F.);
#1260 = EDGE_CURVE('',#1261,#1235,#1263,.T.);
#1261 = VERTEX_POINT('',#1262);
#1262 = CARTESIAN_POINT('',(-4.424642578125,-2.0591484375,1.5));
#1263 = SURFACE_CURVE('',#1264,(#1268,#1274),.PCURVE_S1.);
#1264 = LINE('',#1265,#1266);
#1265 = CARTESIAN_POINT('',(-4.77999568832,-1.346581729623,1.5));
#1266 = VECTOR('',#1267,1.);
#1267 = DIRECTION('',(0.446278736193,-0.894894010273,0.));
#1268 = PCURVE('',#44,#1269);
#1269 = DEFINITIONAL_REPRESENTATION('',(#1270),#1273);
#1270 = B_SPLINE_CURVE_WITH_KNOTS('',1,(#1271,#1272),.UNSPECIFIED.,.F.,
  .F.,(2,2),(0.796258215719,3.499576783035),.PIECEWISE_BEZIER_KNOTS.);
#1271 = CARTESIAN_POINT('',(35.575357421875,12.9408515625));
#1272 = CARTESIAN_POINT('',(36.781791015625,10.52166796875));
#1273 = ( GEOMETRIC_REPRESENTATION_CONTEXT(2) 
PARAMETRIC_REPRESENTATION_CONTEXT() REPRESENTATION_CONTEXT('2D SPACE',''
  ) );
#1274 = PCURVE('',#1275,#1280);
#1275 = PLANE('',#1276);
#1276 = AXIS2_PLACEMENT_3D('',#1277,#1278,#1279);
#1277 = CARTESIAN_POINT('',(-3.218208984375,-4.47833203125,1.45));
#1278 = DIRECTION('',(-0.894894010273,-0.446278736193,0.));
#1279 = DIRECTION('',(-0.446278736193,0.894894010273,0.));
#1280 = DEFINITIONAL_REPRESENTATION('',(#1281),#1284);
#1281 = B_SPLINE_CURVE_WITH_KNOTS('',1,(#1282,#1283),.UNSPECIFIED.,.F.,
  .F.,(2,2),(0.796258215719,3.499576783035),.PIECEWISE_BEZIER_KNOTS.);
#1282 = CARTESIAN_POINT('',(2.703318567316,-5.E-02));
#1283 = CARTESIAN_POINT('',(0.,-5.E-02));
#1284 = ( GEOMETRIC_REPRESENTATION_CONTEXT(2) 
PARAMETRIC_REPRESENTATION_CONTEXT() REPRESENTATION_CONTEXT('2D SPACE',''
  ) );
#1285 = ORIENTED_EDGE('',*,*,#1286,.F.);
#1286 = EDGE_CURVE('',#1287,#1261,#1289,.T.);
#1287 = VERTEX_POINT('',#1288);
#1288 = CARTESIAN_POINT('',(-5.331046875,-0.80218359375,1.5));
#1289 = SURFACE_CURVE('',#1290,(#1303,#1319),.PCURVE_S1.);
#1290 = B_SPLINE_CURVE_WITH_KNOTS('',6,(#1291,#1292,#1293,#1294,#1295,
    #1296,#1297,#1298,#1299,#1300,#1301,#1302),.UNSPECIFIED.,.F.,.F.,(7,
    5,7),(0.,0.746822007798,1.),.UNSPECIFIED.);
#1291 = CARTESIAN_POINT('',(-5.331046875,-0.80218359375,1.5));
#1292 = CARTESIAN_POINT('',(-5.192153792918,-0.900108212772,1.5));
#1293 = CARTESIAN_POINT('',(-5.062553329,-1.028594073015,1.5));
#1294 = CARTESIAN_POINT('',(-4.941710697612,-1.177001504018,1.5));
#1295 = CARTESIAN_POINT('',(-4.828814756223,-1.338168402613,1.5));
#1296 = CARTESIAN_POINT('',(-4.722644248401,-1.50813168206,1.5));
#1297 = CARTESIAN_POINT('',(-4.587276533937,-1.746428969626,1.5));
#1298 = CARTESIAN_POINT('',(-4.553633511745,-1.807599424689,1.5));
#1299 = CARTESIAN_POINT('',(-4.520580993403,-1.869522928817,1.5));
#1300 = CARTESIAN_POINT('',(-4.488085090002,-1.932127383616,1.5));
#1301 = CARTESIAN_POINT('',(-4.456115198791,-1.995352584799,1.5));
#1302 = CARTESIAN_POINT('',(-4.424642578125,-2.0591484375,1.5));
#1303 = PCURVE('',#44,#1304);
#1304 = DEFINITIONAL_REPRESENTATION('',(#1305),#1318);
#1305 = B_SPLINE_CURVE_WITH_KNOTS('',6,(#1306,#1307,#1308,#1309,#1310,
    #1311,#1312,#1313,#1314,#1315,#1316,#1317),.UNSPECIFIED.,.F.,.F.,(7,
    5,7),(0.,0.746822007798,1.),.UNSPECIFIED.);
#1306 = CARTESIAN_POINT('',(34.668953125,14.19781640625));
#1307 = CARTESIAN_POINT('',(34.807846207082,14.099891787228));
#1308 = CARTESIAN_POINT('',(34.937446671,13.971405926985));
#1309 = CARTESIAN_POINT('',(35.058289302388,13.822998495982));
#1310 = CARTESIAN_POINT('',(35.171185243777,13.661831597387));
#1311 = CARTESIAN_POINT('',(35.277355751599,13.49186831794));
#1312 = CARTESIAN_POINT('',(35.412723466063,13.253571030374));
#1313 = CARTESIAN_POINT('',(35.446366488255,13.192400575311));
#1314 = CARTESIAN_POINT('',(35.479419006597,13.130477071183));
#1315 = CARTESIAN_POINT('',(35.511914909998,13.067872616384));
#1316 = CARTESIAN_POINT('',(35.543884801209,13.004647415201));
#1317 = CARTESIAN_POINT('',(35.575357421875,12.9408515625));
#1318 = ( GEOMETRIC_REPRESENTATION_CONTEXT(2) 
PARAMETRIC_REPRESENTATION_CONTEXT() REPRESENTATION_CONTEXT('2D SPACE',''
  ) );
#1319 = PCURVE('',#1320,#1327);
#1320 = SURFACE_OF_LINEAR_EXTRUSION('',#1321,#1325);
#1321 = B_SPLINE_CURVE_WITH_KNOTS('',2,(#1322,#1323,#1324),
  .UNSPECIFIED.,.F.,.F.,(3,3),(0.,1.),.PIECEWISE_BEZIER_KNOTS.);
#1322 = CARTESIAN_POINT('',(-4.424642578125,-2.0591484375,1.45));
#1323 = CARTESIAN_POINT('',(-4.892056640625,-1.1116875,1.45));
#1324 = CARTESIAN_POINT('',(-5.331046875,-0.80218359375,1.45));
#1325 = VECTOR('',#1326,1.);
#1326 = DIRECTION('',(-0.,-0.,-1.));
#1327 = DEFINITIONAL_REPRESENTATION('',(#1328),#1341);
#1328 = B_SPLINE_CURVE_WITH_KNOTS('',6,(#1329,#1330,#1331,#1332,#1333,
    #1334,#1335,#1336,#1337,#1338,#1339,#1340),.UNSPECIFIED.,.F.,.F.,(7,
    5,7),(0.,0.746822007798,1.),.UNSPECIFIED.);
#1329 = CARTESIAN_POINT('',(1.,-5.E-02));
#1330 = CARTESIAN_POINT('',(0.841803904499,-5.E-02));
#1331 = CARTESIAN_POINT('',(0.696136320509,-5.E-02));
#1332 = CARTESIAN_POINT('',(0.561810948319,-5.E-02));
#1333 = CARTESIAN_POINT('',(0.437498713465,-5.E-02));
#1334 = CARTESIAN_POINT('',(0.321555885814,-5.E-02));
#1335 = CARTESIAN_POINT('',(0.17485977259,-5.E-02));
#1336 = CARTESIAN_POINT('',(0.138503266602,-5.E-02));
#1337 = CARTESIAN_POINT('',(0.102880597479,-5.E-02));
#1338 = CARTESIAN_POINT('',(6.79481373138E-02,-5.E-02));
#1339 = CARTESIAN_POINT('',(3.366674560179E-02,-5.E-02));
#1340 = CARTESIAN_POINT('',(0.,-5.E-02));
#1341 = ( GEOMETRIC_REPRESENTATION_CONTEXT(2) 
PARAMETRIC_REPRESENTATION_CONTEXT() REPRESENTATION_CONTEXT('2D SPACE',''
  ) );
#1342 = ORIENTED_EDGE('',*,*,#1343,.F.);
#1343 = EDGE_CURVE('',#1344,#1287,#1346,.T.);
#1344 = VERTEX_POINT('',#1345);
#1345 = CARTESIAN_POINT('',(-6.528005859375,-0.4926796875,1.5));
#1346 = SURFACE_CURVE('',#1347,(#1360,#1376),.PCURVE_S1.);
#1347 = B_SPLINE_CURVE_WITH_KNOTS('',6,(#1348,#1349,#1350,#1351,#1352,
    #1353,#1354,#1355,#1356,#1357,#1358,#1359),.UNSPECIFIED.,.F.,.F.,(7,
    5,7),(0.,0.527553415197,1.),.UNSPECIFIED.);
#1348 = CARTESIAN_POINT('',(-6.528005859375,-0.4926796875,1.5));
#1349 = CARTESIAN_POINT('',(-6.410033953696,-0.4926796875,1.5));
#1350 = CARTESIAN_POINT('',(-6.293477867133,-0.497178157146,1.5));
#1351 = CARTESIAN_POINT('',(-6.178653841997,-0.506636102846,1.5));
#1352 = CARTESIAN_POINT('',(-6.066020221387,-0.521573619518,1.5));
#1353 = CARTESIAN_POINT('',(-5.956168059698,-0.54254679995,1.5));
#1354 = CARTESIAN_POINT('',(-5.754508249806,-0.594691025199,1.5));
#1355 = CARTESIAN_POINT('',(-5.662013084247,-0.624568223565,1.5));
#1356 = CARTESIAN_POINT('',(-5.572826014668,-0.660036431004,1.5));
#1357 = CARTESIAN_POINT('',(-5.487540356132,-0.701389535535,1.5));
#1358 = CARTESIAN_POINT('',(-5.406766758053,-0.748798352461,1.5));
#1359 = CARTESIAN_POINT('',(-5.331046875,-0.80218359375,1.5));
#1360 = PCURVE('',#44,#1361);
#1361 = DEFINITIONAL_REPRESENTATION('',(#1362),#1375);
#1362 = B_SPLINE_CURVE_WITH_KNOTS('',6,(#1363,#1364,#1365,#1366,#1367,
    #1368,#1369,#1370,#1371,#1372,#1373,#1374),.UNSPECIFIED.,.F.,.F.,(7,
    5,7),(0.,0.527553415197,1.),.UNSPECIFIED.);
#1363 = CARTESIAN_POINT('',(33.471994140625,14.5073203125));
#1364 = CARTESIAN_POINT('',(33.589966046304,14.5073203125));
#1365 = CARTESIAN_POINT('',(33.706522132867,14.502821842854));
#1366 = CARTESIAN_POINT('',(33.821346158003,14.493363897154));
#1367 = CARTESIAN_POINT('',(33.933979778613,14.478426380482));
#1368 = CARTESIAN_POINT('',(34.043831940302,14.45745320005));
#1369 = CARTESIAN_POINT('',(34.245491750194,14.405308974801));
#1370 = CARTESIAN_POINT('',(34.337986915753,14.375431776435));
#1371 = CARTESIAN_POINT('',(34.427173985332,14.339963568996));
#1372 = CARTESIAN_POINT('',(34.512459643868,14.298610464465));
#1373 = CARTESIAN_POINT('',(34.593233241947,14.251201647539));
#1374 = CARTESIAN_POINT('',(34.668953125,14.19781640625));
#1375 = ( GEOMETRIC_REPRESENTATION_CONTEXT(2) 
PARAMETRIC_REPRESENTATION_CONTEXT() REPRESENTATION_CONTEXT('2D SPACE',''
  ) );
#1376 = PCURVE('',#1377,#1384);
#1377 = SURFACE_OF_LINEAR_EXTRUSION('',#1378,#1382);
#1378 = B_SPLINE_CURVE_WITH_KNOTS('',2,(#1379,#1380,#1381),
  .UNSPECIFIED.,.F.,.F.,(3,3),(0.,1.),.PIECEWISE_BEZIER_KNOTS.);
#1379 = CARTESIAN_POINT('',(-5.331046875,-0.80218359375,1.45));
#1380 = CARTESIAN_POINT('',(-5.770037109375,-0.4926796875,1.45));
#1381 = CARTESIAN_POINT('',(-6.528005859375,-0.4926796875,1.45));
#1382 = VECTOR('',#1383,1.);
#1383 = DIRECTION('',(-0.,-0.,-1.));
#1384 = DEFINITIONAL_REPRESENTATION('',(#1385),#1398);
#1385 = B_SPLINE_CURVE_WITH_KNOTS('',6,(#1386,#1387,#1388,#1389,#1390,
    #1391,#1392,#1393,#1394,#1395,#1396,#1397),.UNSPECIFIED.,.F.,.F.,(7,
    5,7),(0.,0.527553415197,1.),.UNSPECIFIED.);
#1386 = CARTESIAN_POINT('',(1.,-5.E-02));
#1387 = CARTESIAN_POINT('',(0.922178911941,-5.E-02));
#1388 = CARTESIAN_POINT('',(0.842233489084,-5.E-02));
#1389 = CARTESIAN_POINT('',(0.760058927279,-5.E-02));
#1390 = CARTESIAN_POINT('',(0.675603988865,-5.E-02));
#1391 = CARTESIAN_POINT('',(0.588880507023,-5.E-02));
#1392 = CARTESIAN_POINT('',(0.420403714982,-5.E-02));
#1393 = CARTESIAN_POINT('',(0.339076501928,-5.E-02));
#1394 = CARTESIAN_POINT('',(0.256130444805,-5.E-02));
#1395 = CARTESIAN_POINT('',(0.171757128339,-5.E-02));
#1396 = CARTESIAN_POINT('',(8.624324315609E-02,-5.E-02));
#1397 = CARTESIAN_POINT('',(0.,-5.E-02));
#1398 = ( GEOMETRIC_REPRESENTATION_CONTEXT(2) 
PARAMETRIC_REPRESENTATION_CONTEXT() REPRESENTATION_CONTEXT('2D SPACE',''
  ) );
#1399 = ORIENTED_EDGE('',*,*,#1400,.F.);
#1400 = EDGE_CURVE('',#1401,#1344,#1403,.T.);
#1401 = VERTEX_POINT('',#1402);
#1402 = CARTESIAN_POINT('',(-7.917615234375,-0.4926796875,1.5));
#1403 = SURFACE_CURVE('',#1404,(#1408,#1414),.PCURVE_S1.);
#1404 = LINE('',#1405,#1406);
#1405 = CARTESIAN_POINT('',(-23.26400292968,-0.4926796875,1.5));
#1406 = VECTOR('',#1407,1.);
#1407 = DIRECTION('',(1.,0.,-0.));
#1408 = PCURVE('',#44,#1409);
#1409 = DEFINITIONAL_REPRESENTATION('',(#1410),#1413);
#1410 = B_SPLINE_CURVE_WITH_KNOTS('',1,(#1411,#1412),.UNSPECIFIED.,.F.,
  .F.,(2,2),(15.346387695312,16.735997070313),.PIECEWISE_BEZIER_KNOTS.);
#1411 = CARTESIAN_POINT('',(32.082384765625,14.5073203125));
#1412 = CARTESIAN_POINT('',(33.471994140625,14.5073203125));
#1413 = ( GEOMETRIC_REPRESENTATION_CONTEXT(2) 
PARAMETRIC_REPRESENTATION_CONTEXT() REPRESENTATION_CONTEXT('2D SPACE',''
  ) );
#1414 = PCURVE('',#1415,#1420);
#1415 = PLANE('',#1416);
#1416 = AXIS2_PLACEMENT_3D('',#1417,#1418,#1419);
#1417 = CARTESIAN_POINT('',(-6.528005859375,-0.4926796875,1.45));
#1418 = DIRECTION('',(0.,-1.,0.));
#1419 = DIRECTION('',(-1.,0.,0.));
#1420 = DEFINITIONAL_REPRESENTATION('',(#1421),#1424);
#1421 = B_SPLINE_CURVE_WITH_KNOTS('',1,(#1422,#1423),.UNSPECIFIED.,.F.,
  .F.,(2,2),(15.346387695312,16.735997070313),.PIECEWISE_BEZIER_KNOTS.);
#1422 = CARTESIAN_POINT('',(1.389609375,-5.E-02));
#1423 = CARTESIAN_POINT('',(0.,-5.E-02));
#1424 = ( GEOMETRIC_REPRESENTATION_CONTEXT(2) 
PARAMETRIC_REPRESENTATION_CONTEXT() REPRESENTATION_CONTEXT('2D SPACE',''
  ) );
#1425 = ORIENTED_EDGE('',*,*,#1426,.F.);
#1426 = EDGE_CURVE('',#1427,#1401,#1429,.T.);
#1427 = VERTEX_POINT('',#1428);
#1428 = CARTESIAN_POINT('',(-7.917615234375,-4.47833203125,1.5));
#1429 = SURFACE_CURVE('',#1430,(#1434,#1440),.PCURVE_S1.);
#1430 = LINE('',#1431,#1432);
#1431 = CARTESIAN_POINT('',(-7.917615234375,-7.74633984375,1.5));
#1432 = VECTOR('',#1433,1.);
#1433 = DIRECTION('',(0.,1.,0.));
#1434 = PCURVE('',#44,#1435);
#1435 = DEFINITIONAL_REPRESENTATION('',(#1436),#1439);
#1436 = B_SPLINE_CURVE_WITH_KNOTS('',1,(#1437,#1438),.UNSPECIFIED.,.F.,
  .F.,(2,2),(3.2680078125,7.25366015625),.PIECEWISE_BEZIER_KNOTS.);
#1437 = CARTESIAN_POINT('',(32.082384765625,10.52166796875));
#1438 = CARTESIAN_POINT('',(32.082384765625,14.5073203125));
#1439 = ( GEOMETRIC_REPRESENTATION_CONTEXT(2) 
PARAMETRIC_REPRESENTATION_CONTEXT() REPRESENTATION_CONTEXT('2D SPACE',''
  ) );
#1440 = PCURVE('',#1441,#1446);
#1441 = PLANE('',#1442);
#1442 = AXIS2_PLACEMENT_3D('',#1443,#1444,#1445);
#1443 = CARTESIAN_POINT('',(-7.917615234375,-0.4926796875,1.45));
#1444 = DIRECTION('',(1.,0.,0.));
#1445 = DIRECTION('',(0.,-1.,0.));
#1446 = DEFINITIONAL_REPRESENTATION('',(#1447),#1450);
#1447 = B_SPLINE_CURVE_WITH_KNOTS('',1,(#1448,#1449),.UNSPECIFIED.,.F.,
  .F.,(2,2),(3.2680078125,7.25366015625),.PIECEWISE_BEZIER_KNOTS.);
#1448 = CARTESIAN_POINT('',(3.98565234375,-5.E-02));
#1449 = CARTESIAN_POINT('',(0.,-5.E-02));
#1450 = ( GEOMETRIC_REPRESENTATION_CONTEXT(2) 
PARAMETRIC_REPRESENTATION_CONTEXT() REPRESENTATION_CONTEXT('2D SPACE',''
  ) );
#1451 = ORIENTED_EDGE('',*,*,#1452,.F.);
#1452 = EDGE_CURVE('',#1453,#1427,#1455,.T.);
#1453 = VERTEX_POINT('',#1454);
#1454 = CARTESIAN_POINT('',(-9.193529296875,-4.47833203125,1.5));
#1455 = SURFACE_CURVE('',#1456,(#1460,#1466),.PCURVE_S1.);
#1456 = LINE('',#1457,#1458);
#1457 = CARTESIAN_POINT('',(-23.95880761718,-4.47833203125,1.5));
#1458 = VECTOR('',#1459,1.);
#1459 = DIRECTION('',(1.,0.,-0.));
#1460 = PCURVE('',#44,#1461);
#1461 = DEFINITIONAL_REPRESENTATION('',(#1462),#1465);
#1462 = B_SPLINE_CURVE_WITH_KNOTS('',1,(#1463,#1464),.UNSPECIFIED.,.F.,
  .F.,(2,2),(14.765278320312,16.041192382812),.PIECEWISE_BEZIER_KNOTS.);
#1463 = CARTESIAN_POINT('',(30.806470703125,10.52166796875));
#1464 = CARTESIAN_POINT('',(32.082384765625,10.52166796875));
#1465 = ( GEOMETRIC_REPRESENTATION_CONTEXT(2) 
PARAMETRIC_REPRESENTATION_CONTEXT() REPRESENTATION_CONTEXT('2D SPACE',''
  ) );
#1466 = PCURVE('',#1467,#1472);
#1467 = PLANE('',#1468);
#1468 = AXIS2_PLACEMENT_3D('',#1469,#1470,#1471);
#1469 = CARTESIAN_POINT('',(-7.917615234375,-4.47833203125,1.45));
#1470 = DIRECTION('',(0.,-1.,0.));
#1471 = DIRECTION('',(-1.,0.,0.));
#1472 = DEFINITIONAL_REPRESENTATION('',(#1473),#1476);
#1473 = B_SPLINE_CURVE_WITH_KNOTS('',1,(#1474,#1475),.UNSPECIFIED.,.F.,
  .F.,(2,2),(14.765278320312,16.041192382812),.PIECEWISE_BEZIER_KNOTS.);
#1474 = CARTESIAN_POINT('',(1.2759140625,-5.E-02));
#1475 = CARTESIAN_POINT('',(0.,-5.E-02));
#1476 = ( GEOMETRIC_REPRESENTATION_CONTEXT(2) 
PARAMETRIC_REPRESENTATION_CONTEXT() REPRESENTATION_CONTEXT('2D SPACE',''
  ) );
#1477 = ORIENTED_EDGE('',*,*,#1478,.F.);
#1478 = EDGE_CURVE('',#1479,#1453,#1481,.T.);
#1479 = VERTEX_POINT('',#1480);
#1480 = CARTESIAN_POINT('',(-9.193529296875,4.9520625,1.5));
#1481 = SURFACE_CURVE('',#1482,(#1486,#1492),.PCURVE_S1.);
#1482 = LINE('',#1483,#1484);
#1483 = CARTESIAN_POINT('',(-9.193529296875,-9.739166015625,1.5));
#1484 = VECTOR('',#1485,1.);
#1485 = DIRECTION('',(0.,-1.,0.));
#1486 = PCURVE('',#44,#1487);
#1487 = DEFINITIONAL_REPRESENTATION('',(#1488),#1491);
#1488 = B_SPLINE_CURVE_WITH_KNOTS('',1,(#1489,#1490),.UNSPECIFIED.,.F.,
  .F.,(2,2),(-14.69122851562,-5.260833984375),.PIECEWISE_BEZIER_KNOTS.);
#1489 = CARTESIAN_POINT('',(30.806470703125,19.9520625));
#1490 = CARTESIAN_POINT('',(30.806470703125,10.52166796875));
#1491 = ( GEOMETRIC_REPRESENTATION_CONTEXT(2) 
PARAMETRIC_REPRESENTATION_CONTEXT() REPRESENTATION_CONTEXT('2D SPACE',''
  ) );
#1492 = PCURVE('',#1493,#1498);
#1493 = PLANE('',#1494);
#1494 = AXIS2_PLACEMENT_3D('',#1495,#1496,#1497);
#1495 = CARTESIAN_POINT('',(-9.193529296875,-4.47833203125,1.45));
#1496 = DIRECTION('',(-1.,0.,0.));
#1497 = DIRECTION('',(0.,1.,0.));
#1498 = DEFINITIONAL_REPRESENTATION('',(#1499),#1502);
#1499 = B_SPLINE_CURVE_WITH_KNOTS('',1,(#1500,#1501),.UNSPECIFIED.,.F.,
  .F.,(2,2),(-14.69122851562,-5.260833984375),.PIECEWISE_BEZIER_KNOTS.);
#1500 = CARTESIAN_POINT('',(9.43039453125,-5.E-02));
#1501 = CARTESIAN_POINT('',(0.,-5.E-02));
#1502 = ( GEOMETRIC_REPRESENTATION_CONTEXT(2) 
PARAMETRIC_REPRESENTATION_CONTEXT() REPRESENTATION_CONTEXT('2D SPACE',''
  ) );
#1503 = ORIENTED_EDGE('',*,*,#1504,.F.);
#1504 = EDGE_CURVE('',#1505,#1479,#1507,.T.);
#1505 = VERTEX_POINT('',#1506);
#1506 = CARTESIAN_POINT('',(-6.313248046875,4.9520625,1.5));
#1507 = SURFACE_CURVE('',#1508,(#1512,#1518),.PCURVE_S1.);
#1508 = LINE('',#1509,#1510);
#1509 = CARTESIAN_POINT('',(-24.59676464843,4.9520625,1.5));
#1510 = VECTOR('',#1511,1.);
#1511 = DIRECTION('',(-1.,0.,0.));
#1512 = PCURVE('',#44,#1513);
#1513 = DEFINITIONAL_REPRESENTATION('',(#1514),#1517);
#1514 = B_SPLINE_CURVE_WITH_KNOTS('',1,(#1515,#1516),.UNSPECIFIED.,.F.,
  .F.,(2,2),(-18.28351660156,-15.40323535156),.PIECEWISE_BEZIER_KNOTS.);
#1515 = CARTESIAN_POINT('',(33.686751953125,19.9520625));
#1516 = CARTESIAN_POINT('',(30.806470703125,19.9520625));
#1517 = ( GEOMETRIC_REPRESENTATION_CONTEXT(2) 
PARAMETRIC_REPRESENTATION_CONTEXT() REPRESENTATION_CONTEXT('2D SPACE',''
  ) );
#1518 = PCURVE('',#1519,#1524);
#1519 = PLANE('',#1520);
#1520 = AXIS2_PLACEMENT_3D('',#1521,#1522,#1523);
#1521 = CARTESIAN_POINT('',(-9.193529296875,4.9520625,1.45));
#1522 = DIRECTION('',(0.,1.,0.));
#1523 = DIRECTION('',(1.,0.,0.));
#1524 = DEFINITIONAL_REPRESENTATION('',(#1525),#1528);
#1525 = B_SPLINE_CURVE_WITH_KNOTS('',1,(#1526,#1527),.UNSPECIFIED.,.F.,
  .F.,(2,2),(-18.28351660156,-15.40323535156),.PIECEWISE_BEZIER_KNOTS.);
#1526 = CARTESIAN_POINT('',(2.88028125,-5.E-02));
#1527 = CARTESIAN_POINT('',(0.,-5.E-02));
#1528 = ( GEOMETRIC_REPRESENTATION_CONTEXT(2) 
PARAMETRIC_REPRESENTATION_CONTEXT() REPRESENTATION_CONTEXT('2D SPACE',''
  ) );
#1529 = ORIENTED_EDGE('',*,*,#1530,.F.);
#1530 = EDGE_CURVE('',#1531,#1505,#1533,.T.);
#1531 = VERTEX_POINT('',#1532);
#1532 = CARTESIAN_POINT('',(-3.900380859375,4.27620703125,1.5));
#1533 = SURFACE_CURVE('',#1534,(#1553,#1575),.PCURVE_S1.);
#1534 = B_SPLINE_CURVE_WITH_KNOTS('',5,(#1535,#1536,#1537,#1538,#1539,
    #1540,#1541,#1542,#1543,#1544,#1545,#1546,#1547,#1548,#1549,#1550,
    #1551,#1552),.UNSPECIFIED.,.F.,.F.,(6,4,4,4,6),(0.,0.201048152552,
    0.415880687597,0.690725801705,1.),.UNSPECIFIED.);
#1535 = CARTESIAN_POINT('',(-3.900380859375,4.27620703125,1.5));
#1536 = CARTESIAN_POINT('',(-3.976358849104,4.340728022527,1.5));
#1537 = CARTESIAN_POINT('',(-4.056350471947,4.400835520305,1.5));
#1538 = CARTESIAN_POINT('',(-4.139910308879,4.456426234534,1.5));
#1539 = CARTESIAN_POINT('',(-4.226552744118,4.507582224161,1.5));
#1540 = CARTESIAN_POINT('',(-4.411235468388,4.604560447323,1.5));
#1541 = CARTESIAN_POINT('',(-4.509651592246,4.649777288407,1.5));
#1542 = CARTESIAN_POINT('',(-4.610554805004,4.690322193917,1.5));
#1543 = CARTESIAN_POINT('',(-4.71348259022,4.726499559312,1.5));
#1544 = CARTESIAN_POINT('',(-4.951911731019,4.799703507636,1.5));
#1545 = CARTESIAN_POINT('',(-5.08846730952,4.834140370494,1.5));
#1546 = CARTESIAN_POINT('',(-5.22703872555,4.862581073228,1.5));
#1547 = CARTESIAN_POINT('',(-5.367094507522,4.885650511321,1.5));
#1548 = CARTESIAN_POINT('',(-5.667210455349,4.924396105399,1.5));
#1549 = CARTESIAN_POINT('',(-5.827557500072,4.938781864211,1.5));
#1550 = CARTESIAN_POINT('',(-5.9888723885,4.947800932929,1.5));
#1551 = CARTESIAN_POINT('',(-6.15082973972,4.9520625,1.5));
#1552 = CARTESIAN_POINT('',(-6.313248046875,4.9520625,1.5));
#1553 = PCURVE('',#44,#1554);
#1554 = DEFINITIONAL_REPRESENTATION('',(#1555),#1574);
#1555 = B_SPLINE_CURVE_WITH_KNOTS('',5,(#1556,#1557,#1558,#1559,#1560,
    #1561,#1562,#1563,#1564,#1565,#1566,#1567,#1568,#1569,#1570,#1571,
    #1572,#1573),.UNSPECIFIED.,.F.,.F.,(6,4,4,4,6),(0.,0.201048152552,
    0.415880687597,0.690725801705,1.),.UNSPECIFIED.);
#1556 = CARTESIAN_POINT('',(36.099619140625,19.27620703125));
#1557 = CARTESIAN_POINT('',(36.023641150896,19.340728022527));
#1558 = CARTESIAN_POINT('',(35.943649528053,19.400835520305));
#1559 = CARTESIAN_POINT('',(35.860089691121,19.456426234534));
#1560 = CARTESIAN_POINT('',(35.773447255882,19.507582224161));
#1561 = CARTESIAN_POINT('',(35.588764531612,19.604560447323));
#1562 = CARTESIAN_POINT('',(35.490348407754,19.649777288407));
#1563 = CARTESIAN_POINT('',(35.389445194996,19.690322193917));
#1564 = CARTESIAN_POINT('',(35.28651740978,19.726499559312));
#1565 = CARTESIAN_POINT('',(35.048088268981,19.799703507636));
#1566 = CARTESIAN_POINT('',(34.91153269048,19.834140370494));
#1567 = CARTESIAN_POINT('',(34.77296127445,19.862581073228));
#1568 = CARTESIAN_POINT('',(34.632905492478,19.885650511321));
#1569 = CARTESIAN_POINT('',(34.332789544651,19.924396105399));
#1570 = CARTESIAN_POINT('',(34.172442499928,19.938781864211));
#1571 = CARTESIAN_POINT('',(34.0111276115,19.947800932929));
#1572 = CARTESIAN_POINT('',(33.84917026028,19.9520625));
#1573 = CARTESIAN_POINT('',(33.686751953125,19.9520625));
#1574 = ( GEOMETRIC_REPRESENTATION_CONTEXT(2) 
PARAMETRIC_REPRESENTATION_CONTEXT() REPRESENTATION_CONTEXT('2D SPACE',''
  ) );
#1575 = PCURVE('',#1576,#1583);
#1576 = SURFACE_OF_LINEAR_EXTRUSION('',#1577,#1581);
#1577 = B_SPLINE_CURVE_WITH_KNOTS('',2,(#1578,#1579,#1580),
  .UNSPECIFIED.,.F.,.F.,(3,3),(0.,1.),.PIECEWISE_BEZIER_KNOTS.);
#1578 = CARTESIAN_POINT('',(-6.313248046875,4.9520625,1.45));
#1579 = CARTESIAN_POINT('',(-4.696248046875,4.9520625,1.45));
#1580 = CARTESIAN_POINT('',(-3.900380859375,4.27620703125,1.45));
#1581 = VECTOR('',#1582,1.);
#1582 = DIRECTION('',(-0.,-0.,-1.));
#1583 = DEFINITIONAL_REPRESENTATION('',(#1584),#1603);
#1584 = B_SPLINE_CURVE_WITH_KNOTS('',5,(#1585,#1586,#1587,#1588,#1589,
    #1590,#1591,#1592,#1593,#1594,#1595,#1596,#1597,#1598,#1599,#1600,
    #1601,#1602),.UNSPECIFIED.,.F.,.F.,(6,4,4,4,6),(0.,0.201048152552,
    0.415880687597,0.690725801705,1.),.UNSPECIFIED.);
#1585 = CARTESIAN_POINT('',(1.,-5.E-02));
#1586 = CARTESIAN_POINT('',(0.952267167863,-5.E-02));
#1587 = CARTESIAN_POINT('',(0.904951328691,-5.E-02));
#1588 = CARTESIAN_POINT('',(0.858229016686,-5.E-02));
#1589 = CARTESIAN_POINT('',(0.812219563326,-5.E-02));
#1590 = CARTESIAN_POINT('',(0.718680066195,-5.E-02));
#1591 = CARTESIAN_POINT('',(0.671261243425,-5.E-02));
#1592 = CARTESIAN_POINT('',(0.624828535222,-5.E-02));
#1593 = CARTESIAN_POINT('',(0.579410602742,-5.E-02));
#1594 = CARTESIAN_POINT('',(0.478183479282,-5.E-02));
#1595 = CARTESIAN_POINT('',(0.423021216551,-5.E-02));
#1596 = CARTESIAN_POINT('',(0.369488272566,-5.E-02));
#1597 = CARTESIAN_POINT('',(0.317514224562,-5.E-02));
#1598 = CARTESIAN_POINT('',(0.210157998808,-5.E-02));
#1599 = CARTESIAN_POINT('',(0.15517189199,-5.E-02));
#1600 = CARTESIAN_POINT('',(0.101902678796,-5.E-02));
#1601 = CARTESIAN_POINT('',(5.022211105602E-02,-5.E-02));
#1602 = CARTESIAN_POINT('',(0.,-5.E-02));
#1603 = ( GEOMETRIC_REPRESENTATION_CONTEXT(2) 
PARAMETRIC_REPRESENTATION_CONTEXT() REPRESENTATION_CONTEXT('2D SPACE',''
  ) );
#1604 = ORIENTED_EDGE('',*,*,#1605,.F.);
#1605 = EDGE_CURVE('',#1606,#1531,#1608,.T.);
#1606 = VERTEX_POINT('',#1607);
#1607 = CARTESIAN_POINT('',(-3.104513671875,2.2360078125,1.5));
#1608 = SURFACE_CURVE('',#1609,(#1632,#1658),.PCURVE_S1.);
#1609 = B_SPLINE_CURVE_WITH_KNOTS('',6,(#1610,#1611,#1612,#1613,#1614,
    #1615,#1616,#1617,#1618,#1619,#1620,#1621,#1622,#1623,#1624,#1625,
    #1626,#1627,#1628,#1629,#1630,#1631),.UNSPECIFIED.,.F.,.F.,(7,5,5,5,
    7),(0.,0.373771947527,0.622360095998,0.858769969673,1.),
  .UNSPECIFIED.);
#1610 = CARTESIAN_POINT('',(-3.104513671875,2.2360078125,1.5));
#1611 = CARTESIAN_POINT('',(-3.104513671875,2.380824751991,1.5));
#1612 = CARTESIAN_POINT('',(-3.109893583596,2.525075553465,1.5));
#1613 = CARTESIAN_POINT('',(-3.121223570462,2.668498490441,1.5));
#1614 = CARTESIAN_POINT('',(-3.139155002945,2.810662476038,1.5));
#1615 = CARTESIAN_POINT('',(-3.164395856615,2.950971859665,1.5));
#1616 = CARTESIAN_POINT('',(-3.219685869913,3.180284533865,1.5));
#1617 = CARTESIAN_POINT('',(-3.245291687503,3.270724811279,1.5));
#1618 = CARTESIAN_POINT('',(-3.274605657954,3.359781108989,1.5));
#1619 = CARTESIAN_POINT('',(-3.307800201743,3.447183887341,1.5));
#1620 = CARTESIAN_POINT('',(-3.345003665776,3.532637750288,1.5));
#1621 = CARTESIAN_POINT('',(-3.425515785009,3.694956067769,1.5));
#1622 = CARTESIAN_POINT('',(-3.46843920919,3.772043160169,1.5));
#1623 = CARTESIAN_POINT('',(-3.515082035247,3.846819464637,1.5));
#1624 = CARTESIAN_POINT('',(-3.565430547252,3.919025693191,1.5));
#1625 = CARTESIAN_POINT('',(-3.619401072408,3.988430341299,1.5));
#1626 = CARTESIAN_POINT('',(-3.711129675943,4.094513001541,1.5));
#1627 = CARTESIAN_POINT('',(-3.746668829967,4.133119089431,1.5));
#1628 = CARTESIAN_POINT('',(-3.783407675896,4.170618886637,1.5));
#1629 = CARTESIAN_POINT('',(-3.82130520133,4.206980988789,1.5));
#1630 = CARTESIAN_POINT('',(-3.860314117522,4.242182099676,1.5));
#1631 = CARTESIAN_POINT('',(-3.900380859375,4.27620703125,1.5));
#1632 = PCURVE('',#44,#1633);
#1633 = DEFINITIONAL_REPRESENTATION('',(#1634),#1657);
#1634 = B_SPLINE_CURVE_WITH_KNOTS('',6,(#1635,#1636,#1637,#1638,#1639,
    #1640,#1641,#1642,#1643,#1644,#1645,#1646,#1647,#1648,#1649,#1650,
    #1651,#1652,#1653,#1654,#1655,#1656),.UNSPECIFIED.,.F.,.F.,(7,5,5,5,
    7),(0.,0.373771947527,0.622360095998,0.858769969673,1.),
  .UNSPECIFIED.);
#1635 = CARTESIAN_POINT('',(36.895486328125,17.2360078125));
#1636 = CARTESIAN_POINT('',(36.895486328125,17.380824751991));
#1637 = CARTESIAN_POINT('',(36.890106416404,17.525075553465));
#1638 = CARTESIAN_POINT('',(36.878776429538,17.668498490441));
#1639 = CARTESIAN_POINT('',(36.860844997055,17.810662476038));
#1640 = CARTESIAN_POINT('',(36.835604143385,17.950971859665));
#1641 = CARTESIAN_POINT('',(36.780314130087,18.180284533865));
#1642 = CARTESIAN_POINT('',(36.754708312497,18.270724811279));
#1643 = CARTESIAN_POINT('',(36.725394342046,18.359781108989));
#1644 = CARTESIAN_POINT('',(36.692199798257,18.447183887341));
#1645 = CARTESIAN_POINT('',(36.654996334224,18.532637750288));
#1646 = CARTESIAN_POINT('',(36.574484214991,18.694956067769));
#1647 = CARTESIAN_POINT('',(36.53156079081,18.772043160169));
#1648 = CARTESIAN_POINT('',(36.484917964753,18.846819464637));
#1649 = CARTESIAN_POINT('',(36.434569452748,18.919025693191));
#1650 = CARTESIAN_POINT('',(36.380598927592,18.988430341299));
#1651 = CARTESIAN_POINT('',(36.288870324057,19.094513001541));
#1652 = CARTESIAN_POINT('',(36.253331170033,19.133119089431));
#1653 = CARTESIAN_POINT('',(36.216592324104,19.170618886637));
#1654 = CARTESIAN_POINT('',(36.17869479867,19.206980988789));
#1655 = CARTESIAN_POINT('',(36.139685882478,19.242182099676));
#1656 = CARTESIAN_POINT('',(36.099619140625,19.27620703125));
#1657 = ( GEOMETRIC_REPRESENTATION_CONTEXT(2) 
PARAMETRIC_REPRESENTATION_CONTEXT() REPRESENTATION_CONTEXT('2D SPACE',''
  ) );
#1658 = PCURVE('',#1659,#1666);
#1659 = SURFACE_OF_LINEAR_EXTRUSION('',#1660,#1664);
#1660 = B_SPLINE_CURVE_WITH_KNOTS('',2,(#1661,#1662,#1663),
  .UNSPECIFIED.,.F.,.F.,(3,3),(0.,1.),.PIECEWISE_BEZIER_KNOTS.);
#1661 = CARTESIAN_POINT('',(-3.900380859375,4.27620703125,1.45));
#1662 = CARTESIAN_POINT('',(-3.104513671875,3.6003515625,1.45));
#1663 = CARTESIAN_POINT('',(-3.104513671875,2.2360078125,1.45));
#1664 = VECTOR('',#1665,1.);
#1665 = DIRECTION('',(-0.,-0.,-1.));
#1666 = DEFINITIONAL_REPRESENTATION('',(#1667),#1690);
#1667 = B_SPLINE_CURVE_WITH_KNOTS('',6,(#1668,#1669,#1670,#1671,#1672,
    #1673,#1674,#1675,#1676,#1677,#1678,#1679,#1680,#1681,#1682,#1683,
    #1684,#1685,#1686,#1687,#1688,#1689),.UNSPECIFIED.,.F.,.F.,(7,5,5,5,
    7),(0.,0.373771947527,0.622360095998,0.858769969673,1.),
  .UNSPECIFIED.);
#1668 = CARTESIAN_POINT('',(1.,-5.E-02));
#1669 = CARTESIAN_POINT('',(0.946927986627,-5.E-02));
#1670 = CARTESIAN_POINT('',(0.89235784912,-5.E-02));
#1671 = CARTESIAN_POINT('',(0.836204744442,-5.E-02));
#1672 = CARTESIAN_POINT('',(0.778420150997,-5.E-02));
#1673 = CARTESIAN_POINT('',(0.718997910344,-5.E-02));
#1674 = CARTESIAN_POINT('',(0.617431525846,-5.E-02));
#1675 = CARTESIAN_POINT('',(0.576169438547,-5.E-02));
#1676 = CARTESIAN_POINT('',(0.534238946815,-5.E-02));
#1677 = CARTESIAN_POINT('',(0.491684167927,-5.E-02));
#1678 = CARTESIAN_POINT('',(0.448572667622,-5.E-02));
#1679 = CARTESIAN_POINT('',(0.363561947094,-5.E-02));
#1680 = CARTESIAN_POINT('',(0.321703265608,-5.E-02));
#1681 = CARTESIAN_POINT('',(0.279512266889,-5.E-02));
#1682 = CARTESIAN_POINT('',(0.237088322281,-5.E-02));
#1683 = CARTESIAN_POINT('',(0.194542799665,-5.E-02));
#1684 = CARTESIAN_POINT('',(0.1265851525,-5.E-02));
#1685 = CARTESIAN_POINT('',(0.101169901876,-5.E-02));
#1686 = CARTESIAN_POINT('',(7.577974095927E-02,-5.E-02));
#1687 = CARTESIAN_POINT('',(5.043918093073E-02,-5.E-02));
#1688 = CARTESIAN_POINT('',(2.517175131875E-02,-5.E-02));
#1689 = CARTESIAN_POINT('',(0.,-5.E-02));
#1690 = ( GEOMETRIC_REPRESENTATION_CONTEXT(2) 
PARAMETRIC_REPRESENTATION_CONTEXT() REPRESENTATION_CONTEXT('2D SPACE',''
  ) );
#1691 = ORIENTED_EDGE('',*,*,#1692,.F.);
#1692 = EDGE_CURVE('',#1693,#1606,#1695,.T.);
#1693 = VERTEX_POINT('',#1694);
#1694 = CARTESIAN_POINT('',(-3.51823828125,0.75796875,1.5));
#1695 = SURFACE_CURVE('',#1696,(#1709,#1725),.PCURVE_S1.);
#1696 = B_SPLINE_CURVE_WITH_KNOTS('',6,(#1697,#1698,#1699,#1700,#1701,
    #1702,#1703,#1704,#1705,#1706,#1707,#1708),.UNSPECIFIED.,.F.,.F.,(7,
    5,7),(0.,0.33723906054,1.),.UNSPECIFIED.);
#1697 = CARTESIAN_POINT('',(-3.51823828125,0.75796875,1.5));
#1698 = CARTESIAN_POINT('',(-3.468994132895,0.827887922474,1.5));
#1699 = CARTESIAN_POINT('',(-3.423296476016,0.900342148426,1.5));
#1700 = CARTESIAN_POINT('',(-3.381250364694,0.975165221801,1.5));
#1701 = CARTESIAN_POINT('',(-3.342896230447,1.052166666888,1.5));
#1702 = CARTESIAN_POINT('',(-3.308220726317,1.131138242786,1.5));
#1703 = CARTESIAN_POINT('',(-3.216140184679,1.370500210406,1.5));
#1704 = CARTESIAN_POINT('',(-3.169105988078,1.535894933526,1.5));
#1705 = CARTESIAN_POINT('',(-3.135603386583,1.706454376841,1.5));
#1706 = CARTESIAN_POINT('',(-3.114486960132,1.880705944812,1.5));
#1707 = CARTESIAN_POINT('',(-3.104513671875,2.057488767004,1.5));
#1708 = CARTESIAN_POINT('',(-3.104513671875,2.2360078125,1.5));
#1709 = PCURVE('',#44,#1710);
#1710 = DEFINITIONAL_REPRESENTATION('',(#1711),#1724);
#1711 = B_SPLINE_CURVE_WITH_KNOTS('',6,(#1712,#1713,#1714,#1715,#1716,
    #1717,#1718,#1719,#1720,#1721,#1722,#1723),.UNSPECIFIED.,.F.,.F.,(7,
    5,7),(0.,0.33723906054,1.),.UNSPECIFIED.);
#1712 = CARTESIAN_POINT('',(36.48176171875,15.75796875));
#1713 = CARTESIAN_POINT('',(36.531005867105,15.827887922474));
#1714 = CARTESIAN_POINT('',(36.576703523984,15.900342148426));
#1715 = CARTESIAN_POINT('',(36.618749635306,15.975165221801));
#1716 = CARTESIAN_POINT('',(36.657103769553,16.052166666888));
#1717 = CARTESIAN_POINT('',(36.691779273683,16.131138242786));
#1718 = CARTESIAN_POINT('',(36.783859815321,16.370500210406));
#1719 = CARTESIAN_POINT('',(36.830894011922,16.535894933526));
#1720 = CARTESIAN_POINT('',(36.864396613417,16.706454376841));
#1721 = CARTESIAN_POINT('',(36.885513039868,16.880705944812));
#1722 = CARTESIAN_POINT('',(36.895486328125,17.057488767004));
#1723 = CARTESIAN_POINT('',(36.895486328125,17.2360078125));
#1724 = ( GEOMETRIC_REPRESENTATION_CONTEXT(2) 
PARAMETRIC_REPRESENTATION_CONTEXT() REPRESENTATION_CONTEXT('2D SPACE',''
  ) );
#1725 = PCURVE('',#1726,#1733);
#1726 = SURFACE_OF_LINEAR_EXTRUSION('',#1727,#1731);
#1727 = B_SPLINE_CURVE_WITH_KNOTS('',2,(#1728,#1729,#1730),
  .UNSPECIFIED.,.F.,.F.,(3,3),(0.,1.),.PIECEWISE_BEZIER_KNOTS.);
#1728 = CARTESIAN_POINT('',(-3.104513671875,2.2360078125,1.45));
#1729 = CARTESIAN_POINT('',(-3.104513671875,1.34539453125,1.45));
#1730 = CARTESIAN_POINT('',(-3.51823828125,0.75796875,1.45));
#1731 = VECTOR('',#1732,1.);
#1732 = DIRECTION('',(-0.,-0.,-1.));
#1733 = DEFINITIONAL_REPRESENTATION('',(#1734),#1747);
#1734 = B_SPLINE_CURVE_WITH_KNOTS('',6,(#1735,#1736,#1737,#1738,#1739,
    #1740,#1741,#1742,#1743,#1744,#1745,#1746),.UNSPECIFIED.,.F.,.F.,(7,
    5,7),(0.,0.33723906054,1.),.UNSPECIFIED.);
#1735 = CARTESIAN_POINT('',(1.,-5.E-02));
#1736 = CARTESIAN_POINT('',(0.940486803009,-5.E-02));
#1737 = CARTESIAN_POINT('',(0.881009481358,-5.E-02));
#1738 = CARTESIAN_POINT('',(0.821704565826,-5.E-02));
#1739 = CARTESIAN_POINT('',(0.762695625711,-5.E-02));
#1740 = CARTESIAN_POINT('',(0.704094078577,-5.E-02));
#1741 = CARTESIAN_POINT('',(0.531830288956,-5.E-02));
#1742 = CARTESIAN_POINT('',(0.419625286222,-5.E-02));
#1743 = CARTESIAN_POINT('',(0.310087862863,-5.E-02));
#1744 = CARTESIAN_POINT('',(0.203573506358,-5.E-02));
#1745 = CARTESIAN_POINT('',(0.100222537241,-5.E-02));
#1746 = CARTESIAN_POINT('',(0.,-5.E-02));
#1747 = ( GEOMETRIC_REPRESENTATION_CONTEXT(2) 
PARAMETRIC_REPRESENTATION_CONTEXT() REPRESENTATION_CONTEXT('2D SPACE',''
  ) );
#1748 = ORIENTED_EDGE('',*,*,#1749,.F.);
#1749 = EDGE_CURVE('',#1113,#1693,#1750,.T.);
#1750 = SURFACE_CURVE('',#1751,(#1769,#1790),.PCURVE_S1.);
#1751 = B_SPLINE_CURVE_WITH_KNOTS('',6,(#1752,#1753,#1754,#1755,#1756,
    #1757,#1758,#1759,#1760,#1761,#1762,#1763,#1764,#1765,#1766,#1767,
    #1768),.UNSPECIFIED.,.F.,.F.,(7,5,5,7),(0.,0.509376423932,
    0.798409866111,1.),.UNSPECIFIED.);
#1752 = CARTESIAN_POINT('',(-4.721513671875,-5.684765625E-02,1.5));
#1753 = CARTESIAN_POINT('',(-4.596871800454,-2.095079728073E-02,1.5));
#1754 = CARTESIAN_POINT('',(-4.475096557017,2.112237742987E-02,1.5));
#1755 = CARTESIAN_POINT('',(-4.3567725721,6.978366643432E-02,1.5));
#1756 = CARTESIAN_POINT('',(-4.242584209171,0.125391871426,1.5));
#1757 = CARTESIAN_POINT('',(-4.133270244352,0.188180326715,1.5));
#1758 = CARTESIAN_POINT('',(-3.970669226416,0.297790777291,1.5));
#1759 = CARTESIAN_POINT('',(-3.913598923549,0.339772003731,1.5));
#1760 = CARTESIAN_POINT('',(-3.858451525901,0.384046676673,1.5));
#1761 = CARTESIAN_POINT('',(-3.805343294005,0.430584940583,1.5));
#1762 = CARTESIAN_POINT('',(-3.754374012361,0.479331356565,1.5));
#1763 = CARTESIAN_POINT('',(-3.671622746431,0.56568175198,1.5));
#1764 = CARTESIAN_POINT('',(-3.638700235013,0.602196036934,1.5));
#1765 = CARTESIAN_POINT('',(-3.606883127661,0.63971634416,1.5));
#1766 = CARTESIAN_POINT('',(-3.576191900039,0.678210319136,1.5));
#1767 = CARTESIAN_POINT('',(-3.546640886733,0.71764138649,1.5));
#1768 = CARTESIAN_POINT('',(-3.51823828125,0.75796875,1.5));
#1769 = PCURVE('',#44,#1770);
#1770 = DEFINITIONAL_REPRESENTATION('',(#1771),#1789);
#1771 = B_SPLINE_CURVE_WITH_KNOTS('',6,(#1772,#1773,#1774,#1775,#1776,
    #1777,#1778,#1779,#1780,#1781,#1782,#1783,#1784,#1785,#1786,#1787,
    #1788),.UNSPECIFIED.,.F.,.F.,(7,5,5,7),(0.,0.509376423932,
    0.798409866111,1.),.UNSPECIFIED.);
#1772 = CARTESIAN_POINT('',(35.278486328125,14.94315234375));
#1773 = CARTESIAN_POINT('',(35.403128199546,14.979049202719));
#1774 = CARTESIAN_POINT('',(35.524903442983,15.02112237743));
#1775 = CARTESIAN_POINT('',(35.6432274279,15.069783666434));
#1776 = CARTESIAN_POINT('',(35.757415790829,15.125391871426));
#1777 = CARTESIAN_POINT('',(35.866729755648,15.188180326715));
#1778 = CARTESIAN_POINT('',(36.029330773584,15.297790777291));
#1779 = CARTESIAN_POINT('',(36.086401076451,15.339772003731));
#1780 = CARTESIAN_POINT('',(36.141548474099,15.384046676673));
#1781 = CARTESIAN_POINT('',(36.194656705995,15.430584940583));
#1782 = CARTESIAN_POINT('',(36.245625987639,15.479331356565));
#1783 = CARTESIAN_POINT('',(36.328377253569,15.56568175198));
#1784 = CARTESIAN_POINT('',(36.361299764987,15.602196036934));
#1785 = CARTESIAN_POINT('',(36.393116872339,15.63971634416));
#1786 = CARTESIAN_POINT('',(36.423808099961,15.678210319136));
#1787 = CARTESIAN_POINT('',(36.453359113267,15.71764138649));
#1788 = CARTESIAN_POINT('',(36.48176171875,15.75796875));
#1789 = ( GEOMETRIC_REPRESENTATION_CONTEXT(2) 
PARAMETRIC_REPRESENTATION_CONTEXT() REPRESENTATION_CONTEXT('2D SPACE',''
  ) );
#1790 = PCURVE('',#1791,#1798);
#1791 = SURFACE_OF_LINEAR_EXTRUSION('',#1792,#1796);
#1792 = B_SPLINE_CURVE_WITH_KNOTS('',2,(#1793,#1794,#1795),
  .UNSPECIFIED.,.F.,.F.,(3,3),(0.,1.),.PIECEWISE_BEZIER_KNOTS.);
#1793 = CARTESIAN_POINT('',(-3.51823828125,0.75796875,1.45));
#1794 = CARTESIAN_POINT('',(-3.931962890625,0.17054296875,1.45));
#1795 = CARTESIAN_POINT('',(-4.721513671875,-5.684765625E-02,1.45));
#1796 = VECTOR('',#1797,1.);
#1797 = DIRECTION('',(-0.,-0.,-1.));
#1798 = DEFINITIONAL_REPRESENTATION('',(#1799),#1817);
#1799 = B_SPLINE_CURVE_WITH_KNOTS('',6,(#1800,#1801,#1802,#1803,#1804,
    #1805,#1806,#1807,#1808,#1809,#1810,#1811,#1812,#1813,#1814,#1815,
    #1816),.UNSPECIFIED.,.F.,.F.,(7,5,5,7),(0.,0.509376423932,
    0.798409866111,1.),.UNSPECIFIED.);
#1800 = CARTESIAN_POINT('',(1.,-5.E-02));
#1801 = CARTESIAN_POINT('',(0.921067856317,-5.E-02));
#1802 = CARTESIAN_POINT('',(0.840392345405,-5.E-02));
#1803 = CARTESIAN_POINT('',(0.758048824372,-5.E-02));
#1804 = CARTESIAN_POINT('',(0.674188145508,-5.E-02));
#1805 = CARTESIAN_POINT('',(0.58905142322,-5.E-02));
#1806 = CARTESIAN_POINT('',(0.454172182518,-5.E-02));
#1807 = CARTESIAN_POINT('',(0.405047940161,-5.E-02));
#1808 = CARTESIAN_POINT('',(0.355694306283,-5.E-02));
#1809 = CARTESIAN_POINT('',(0.306183061686,-5.E-02));
#1810 = CARTESIAN_POINT('',(0.256590967823,-5.E-02));
#1811 = CARTESIAN_POINT('',(0.172412134431,-5.E-02));
#1812 = CARTESIAN_POINT('',(0.137823915209,-5.E-02));
#1813 = CARTESIAN_POINT('',(0.103262600856,-5.E-02));
#1814 = CARTESIAN_POINT('',(6.875460507799E-02,-5.E-02));
#1815 = CARTESIAN_POINT('',(3.432549676674E-02,-5.E-02));
#1816 = CARTESIAN_POINT('',(0.,-5.E-02));
#1817 = ( GEOMETRIC_REPRESENTATION_CONTEXT(2) 
PARAMETRIC_REPRESENTATION_CONTEXT() REPRESENTATION_CONTEXT('2D SPACE',''
  ) );
#1818 = FACE_BOUND('',#1819,.T.);
#1819 = EDGE_LOOP('',(#1820,#1848,#1890,#1932,#2004,#2079,#2151,#2220,
    #2246,#2321,#2396,#2471,#2543,#2585,#2624,#2650,#2701,#2752,#2824,
    #2899,#2971,#3043,#3069,#3141,#3216,#3291,#3363,#3402));
#1820 = ORIENTED_EDGE('',*,*,#1821,.F.);
#1821 = EDGE_CURVE('',#1822,#1824,#1826,.T.);
#1822 = VERTEX_POINT('',#1823);
#1823 = CARTESIAN_POINT('',(5.447900390625,3.3982265625,1.5));
#1824 = VERTEX_POINT('',#1825);
#1825 = CARTESIAN_POINT('',(5.447900390625,4.64255859375,1.5));
#1826 = SURFACE_CURVE('',#1827,(#1831,#1837),.PCURVE_S1.);
#1827 = LINE('',#1828,#1829);
#1828 = CARTESIAN_POINT('',(5.447900390625,-5.178720703125,1.5));
#1829 = VECTOR('',#1830,1.);
#1830 = DIRECTION('',(0.,1.,0.));
#1831 = PCURVE('',#44,#1832);
#1832 = DEFINITIONAL_REPRESENTATION('',(#1833),#1836);
#1833 = B_SPLINE_CURVE_WITH_KNOTS('',1,(#1834,#1835),.UNSPECIFIED.,.F.,
  .F.,(2,2),(8.576947265625,9.821279296875),.PIECEWISE_BEZIER_KNOTS.);
#1834 = CARTESIAN_POINT('',(45.447900390625,18.3982265625));
#1835 = CARTESIAN_POINT('',(45.447900390625,19.64255859375));
#1836 = ( GEOMETRIC_REPRESENTATION_CONTEXT(2) 
PARAMETRIC_REPRESENTATION_CONTEXT() REPRESENTATION_CONTEXT('2D SPACE',''
  ) );
#1837 = PCURVE('',#1838,#1843);
#1838 = PLANE('',#1839);
#1839 = AXIS2_PLACEMENT_3D('',#1840,#1841,#1842);
#1840 = CARTESIAN_POINT('',(5.447900390625,4.64255859375,1.45));
#1841 = DIRECTION('',(1.,0.,0.));
#1842 = DIRECTION('',(0.,-1.,0.));
#1843 = DEFINITIONAL_REPRESENTATION('',(#1844),#1847);
#1844 = B_SPLINE_CURVE_WITH_KNOTS('',1,(#1845,#1846),.UNSPECIFIED.,.F.,
  .F.,(2,2),(8.576947265625,9.821279296875),.PIECEWISE_BEZIER_KNOTS.);
#1845 = CARTESIAN_POINT('',(1.24433203125,-5.E-02));
#1846 = CARTESIAN_POINT('',(0.,-5.E-02));
#1847 = ( GEOMETRIC_REPRESENTATION_CONTEXT(2) 
PARAMETRIC_REPRESENTATION_CONTEXT() REPRESENTATION_CONTEXT('2D SPACE',''
  ) );
#1848 = ORIENTED_EDGE('',*,*,#1849,.F.);
#1849 = EDGE_CURVE('',#1850,#1822,#1852,.T.);
#1850 = VERTEX_POINT('',#1851);
#1851 = CARTESIAN_POINT('',(4.077240234375,3.916171875,1.5));
#1852 = SURFACE_CURVE('',#1853,(#1861,#1872),.PCURVE_S1.);
#1853 = B_SPLINE_CURVE_WITH_KNOTS('',6,(#1854,#1855,#1856,#1857,#1858,
    #1859,#1860),.UNSPECIFIED.,.F.,.F.,(7,7),(0.,1.),
  .PIECEWISE_BEZIER_KNOTS.);
#1854 = CARTESIAN_POINT('',(4.077240234375,3.916171875,1.5));
#1855 = CARTESIAN_POINT('',(4.306175835646,3.855571274664,1.5));
#1856 = CARTESIAN_POINT('',(4.535470892046,3.783123386791,1.5));
#1857 = CARTESIAN_POINT('',(4.764607212262,3.700094050987,1.5));
#1858 = CARTESIAN_POINT('',(4.993201833049,3.607636494597,1.5));
#1859 = CARTESIAN_POINT('',(5.221005171475,3.506741667311,1.5));
#1860 = CARTESIAN_POINT('',(5.447900390625,3.3982265625,1.5));
#1861 = PCURVE('',#44,#1862);
#1862 = DEFINITIONAL_REPRESENTATION('',(#1863),#1871);
#1863 = B_SPLINE_CURVE_WITH_KNOTS('',6,(#1864,#1865,#1866,#1867,#1868,
    #1869,#1870),.UNSPECIFIED.,.F.,.F.,(7,7),(0.,1.),
  .PIECEWISE_BEZIER_KNOTS.);
#1864 = CARTESIAN_POINT('',(44.077240234375,18.916171875));
#1865 = CARTESIAN_POINT('',(44.306175835646,18.855571274664));
#1866 = CARTESIAN_POINT('',(44.535470892046,18.783123386791));
#1867 = CARTESIAN_POINT('',(44.764607212262,18.700094050987));
#1868 = CARTESIAN_POINT('',(44.993201833049,18.607636494597));
#1869 = CARTESIAN_POINT('',(45.221005171475,18.506741667311));
#1870 = CARTESIAN_POINT('',(45.447900390625,18.3982265625));
#1871 = ( GEOMETRIC_REPRESENTATION_CONTEXT(2) 
PARAMETRIC_REPRESENTATION_CONTEXT() REPRESENTATION_CONTEXT('2D SPACE',''
  ) );
#1872 = PCURVE('',#1873,#1880);
#1873 = SURFACE_OF_LINEAR_EXTRUSION('',#1874,#1878);
#1874 = B_SPLINE_CURVE_WITH_KNOTS('',2,(#1875,#1876,#1877),
  .UNSPECIFIED.,.F.,.F.,(3,3),(0.,1.),.PIECEWISE_BEZIER_KNOTS.);
#1875 = CARTESIAN_POINT('',(5.447900390625,3.3982265625,1.45));
#1876 = CARTESIAN_POINT('',(4.721513671875,3.74562890625,1.45));
#1877 = CARTESIAN_POINT('',(4.077240234375,3.916171875,1.45));
#1878 = VECTOR('',#1879,1.);
#1879 = DIRECTION('',(-0.,-0.,-1.));
#1880 = DEFINITIONAL_REPRESENTATION('',(#1881),#1889);
#1881 = B_SPLINE_CURVE_WITH_KNOTS('',6,(#1882,#1883,#1884,#1885,#1886,
    #1887,#1888),.UNSPECIFIED.,.F.,.F.,(7,7),(0.,1.),
  .PIECEWISE_BEZIER_KNOTS.);
#1882 = CARTESIAN_POINT('',(1.,-5.E-02));
#1883 = CARTESIAN_POINT('',(0.822330405116,-5.E-02));
#1884 = CARTESIAN_POINT('',(0.649209683857,-5.E-02));
#1885 = CARTESIAN_POINT('',(0.480576324262,-5.E-02));
#1886 = CARTESIAN_POINT('',(0.31629542482,-5.E-02));
#1887 = CARTESIAN_POINT('',(0.156180732173,-5.E-02));
#1888 = CARTESIAN_POINT('',(0.,-5.E-02));
#1889 = ( GEOMETRIC_REPRESENTATION_CONTEXT(2) 
PARAMETRIC_REPRESENTATION_CONTEXT() REPRESENTATION_CONTEXT('2D SPACE',''
  ) );
#1890 = ORIENTED_EDGE('',*,*,#1891,.F.);
#1891 = EDGE_CURVE('',#1892,#1850,#1894,.T.);
#1892 = VERTEX_POINT('',#1893);
#1893 = CARTESIAN_POINT('',(2.832908203125,4.08671484375,1.5));
#1894 = SURFACE_CURVE('',#1895,(#1903,#1914),.PCURVE_S1.);
#1895 = B_SPLINE_CURVE_WITH_KNOTS('',6,(#1896,#1897,#1898,#1899,#1900,
    #1901,#1902),.UNSPECIFIED.,.F.,.F.,(7,7),(0.,1.),
  .PIECEWISE_BEZIER_KNOTS.);
#1896 = CARTESIAN_POINT('',(2.832908203125,4.08671484375,1.5));
#1897 = CARTESIAN_POINT('',(3.038848242556,4.08671484375,1.5));
#1898 = CARTESIAN_POINT('',(3.246070917692,4.074662275385,1.5));
#1899 = CARTESIAN_POINT('',(3.453987999075,4.050961471452,1.5));
#1900 = CARTESIAN_POINT('',(3.662091330726,4.016199127028,1.5));
#1901 = CARTESIAN_POINT('',(3.869955629839,3.971041329142,1.5));
#1902 = CARTESIAN_POINT('',(4.077240234375,3.916171875,1.5));
#1903 = PCURVE('',#44,#1904);
#1904 = DEFINITIONAL_REPRESENTATION('',(#1905),#1913);
#1905 = B_SPLINE_CURVE_WITH_KNOTS('',6,(#1906,#1907,#1908,#1909,#1910,
    #1911,#1912),.UNSPECIFIED.,.F.,.F.,(7,7),(0.,1.),
  .PIECEWISE_BEZIER_KNOTS.);
#1906 = CARTESIAN_POINT('',(42.832908203125,19.08671484375));
#1907 = CARTESIAN_POINT('',(43.038848242556,19.08671484375));
#1908 = CARTESIAN_POINT('',(43.246070917692,19.074662275385));
#1909 = CARTESIAN_POINT('',(43.453987999075,19.050961471452));
#1910 = CARTESIAN_POINT('',(43.662091330726,19.016199127028));
#1911 = CARTESIAN_POINT('',(43.869955629839,18.971041329142));
#1912 = CARTESIAN_POINT('',(44.077240234375,18.916171875));
#1913 = ( GEOMETRIC_REPRESENTATION_CONTEXT(2) 
PARAMETRIC_REPRESENTATION_CONTEXT() REPRESENTATION_CONTEXT('2D SPACE',''
  ) );
#1914 = PCURVE('',#1915,#1922);
#1915 = SURFACE_OF_LINEAR_EXTRUSION('',#1916,#1920);
#1916 = B_SPLINE_CURVE_WITH_KNOTS('',2,(#1917,#1918,#1919),
  .UNSPECIFIED.,.F.,.F.,(3,3),(0.,1.),.PIECEWISE_BEZIER_KNOTS.);
#1917 = CARTESIAN_POINT('',(4.077240234375,3.916171875,1.45));
#1918 = CARTESIAN_POINT('',(3.432966796875,4.08671484375,1.45));
#1919 = CARTESIAN_POINT('',(2.832908203125,4.08671484375,1.45));
#1920 = VECTOR('',#1921,1.);
#1921 = DIRECTION('',(-0.,-0.,-1.));
#1922 = DEFINITIONAL_REPRESENTATION('',(#1923),#1931);
#1923 = B_SPLINE_CURVE_WITH_KNOTS('',6,(#1924,#1925,#1926,#1927,#1928,
    #1929,#1930),.UNSPECIFIED.,.F.,.F.,(7,7),(0.,1.),
  .PIECEWISE_BEZIER_KNOTS.);
#1924 = CARTESIAN_POINT('',(1.,-5.E-02));
#1925 = CARTESIAN_POINT('',(0.828400058281,-5.E-02));
#1926 = CARTESIAN_POINT('',(0.658335053534,-5.E-02));
#1927 = CARTESIAN_POINT('',(0.490207781786,-5.E-02));
#1928 = CARTESIAN_POINT('',(0.324314922273,-5.E-02));
#1929 = CARTESIAN_POINT('',(0.160866949086,-5.E-02));
#1930 = CARTESIAN_POINT('',(0.,-5.E-02));
#1931 = ( GEOMETRIC_REPRESENTATION_CONTEXT(2) 
PARAMETRIC_REPRESENTATION_CONTEXT() REPRESENTATION_CONTEXT('2D SPACE',''
  ) );
#1932 = ORIENTED_EDGE('',*,*,#1933,.F.);
#1933 = EDGE_CURVE('',#1934,#1892,#1936,.T.);
#1934 = VERTEX_POINT('',#1935);
#1935 = CARTESIAN_POINT('',(1.2253828125,3.68246484375,1.5));
#1936 = SURFACE_CURVE('',#1937,(#1955,#1976),.PCURVE_S1.);
#1937 = B_SPLINE_CURVE_WITH_KNOTS('',6,(#1938,#1939,#1940,#1941,#1942,
    #1943,#1944,#1945,#1946,#1947,#1948,#1949,#1950,#1951,#1952,#1953,
    #1954),.UNSPECIFIED.,.F.,.F.,(7,5,5,7),(0.,0.216000943423,
    0.444283903318,1.),.UNSPECIFIED.);
#1938 = CARTESIAN_POINT('',(1.2253828125,3.68246484375,1.5));
#1939 = CARTESIAN_POINT('',(1.272005630865,3.715804065821,1.5));
#1940 = CARTESIAN_POINT('',(1.320240782388,3.747254787884,1.5));
#1941 = CARTESIAN_POINT('',(1.369970649084,3.776814847254,1.5));
#1942 = CARTESIAN_POINT('',(1.421073816945,3.804505945986,1.5));
#1943 = CARTESIAN_POINT('',(1.473430073707,3.830366976427,1.5));
#1944 = CARTESIAN_POINT('',(1.58346253439,3.879896949542,1.5));
#1945 = CARTESIAN_POINT('',(1.641272211506,3.903357735695,1.5));
#1946 = CARTESIAN_POINT('',(1.700221909907,3.924889522154,1.5));
#1947 = CARTESIAN_POINT('',(1.760187608061,3.944564742552,1.5));
#1948 = CARTESIAN_POINT('',(1.821057087446,3.962462607605,1.5));
#1949 = CARTESIAN_POINT('',(2.032873321285,4.018101015795,1.5));
#1950 = CARTESIAN_POINT('',(2.187739456434,4.047467087892,1.5));
#1951 = CARTESIAN_POINT('',(2.346024879735,4.067963167105,1.5));
#1952 = CARTESIAN_POINT('',(2.506714898636,4.080725022898,1.5));
#1953 = CARTESIAN_POINT('',(2.66912620446,4.08671484375,1.5));
#1954 = CARTESIAN_POINT('',(2.832908203125,4.08671484375,1.5));
#1955 = PCURVE('',#44,#1956);
#1956 = DEFINITIONAL_REPRESENTATION('',(#1957),#1975);
#1957 = B_SPLINE_CURVE_WITH_KNOTS('',6,(#1958,#1959,#1960,#1961,#1962,
    #1963,#1964,#1965,#1966,#1967,#1968,#1969,#1970,#1971,#1972,#1973,
    #1974),.UNSPECIFIED.,.F.,.F.,(7,5,5,7),(0.,0.216000943423,
    0.444283903318,1.),.UNSPECIFIED.);
#1958 = CARTESIAN_POINT('',(41.2253828125,18.68246484375));
#1959 = CARTESIAN_POINT('',(41.272005630865,18.715804065821));
#1960 = CARTESIAN_POINT('',(41.320240782388,18.747254787884));
#1961 = CARTESIAN_POINT('',(41.369970649084,18.776814847254));
#1962 = CARTESIAN_POINT('',(41.421073816945,18.804505945986));
#1963 = CARTESIAN_POINT('',(41.473430073707,18.830366976427));
#1964 = CARTESIAN_POINT('',(41.58346253439,18.879896949542));
#1965 = CARTESIAN_POINT('',(41.641272211506,18.903357735695));
#1966 = CARTESIAN_POINT('',(41.700221909907,18.924889522154));
#1967 = CARTESIAN_POINT('',(41.760187608061,18.944564742552));
#1968 = CARTESIAN_POINT('',(41.821057087446,18.962462607605));
#1969 = CARTESIAN_POINT('',(42.032873321285,19.018101015795));
#1970 = CARTESIAN_POINT('',(42.187739456434,19.047467087892));
#1971 = CARTESIAN_POINT('',(42.346024879735,19.067963167105));
#1972 = CARTESIAN_POINT('',(42.506714898636,19.080725022898));
#1973 = CARTESIAN_POINT('',(42.66912620446,19.08671484375));
#1974 = CARTESIAN_POINT('',(42.832908203125,19.08671484375));
#1975 = ( GEOMETRIC_REPRESENTATION_CONTEXT(2) 
PARAMETRIC_REPRESENTATION_CONTEXT() REPRESENTATION_CONTEXT('2D SPACE',''
  ) );
#1976 = PCURVE('',#1977,#1984);
#1977 = SURFACE_OF_LINEAR_EXTRUSION('',#1978,#1982);
#1978 = B_SPLINE_CURVE_WITH_KNOTS('',2,(#1979,#1980,#1981),
  .UNSPECIFIED.,.F.,.F.,(3,3),(0.,1.),.PIECEWISE_BEZIER_KNOTS.);
#1979 = CARTESIAN_POINT('',(2.832908203125,4.08671484375,1.45));
#1980 = CARTESIAN_POINT('',(1.790701171875,4.08671484375,1.45));
#1981 = CARTESIAN_POINT('',(1.2253828125,3.68246484375,1.45));
#1982 = VECTOR('',#1983,1.);
#1983 = DIRECTION('',(-0.,-0.,-1.));
#1984 = DEFINITIONAL_REPRESENTATION('',(#1985),#2003);
#1985 = B_SPLINE_CURVE_WITH_KNOTS('',6,(#1986,#1987,#1988,#1989,#1990,
    #1991,#1992,#1993,#1994,#1995,#1996,#1997,#1998,#1999,#2000,#2001,
    #2002),.UNSPECIFIED.,.F.,.F.,(7,5,5,7),(0.,0.216000943423,
    0.444283903318,1.),.UNSPECIFIED.);
#1986 = CARTESIAN_POINT('',(1.,-5.E-02));
#1987 = CARTESIAN_POINT('',(0.958764103809,-5.E-02));
#1988 = CARTESIAN_POINT('',(0.917823497648,-5.E-02));
#1989 = CARTESIAN_POINT('',(0.877235832867,-5.E-02));
#1990 = CARTESIAN_POINT('',(0.837047075555,-5.E-02));
#1991 = CARTESIAN_POINT('',(0.797292886307,-5.E-02));
#1992 = CARTESIAN_POINT('',(0.71647288328,-5.E-02));
#1993 = CARTESIAN_POINT('',(0.675460843101,-5.E-02));
#1994 = CARTESIAN_POINT('',(0.634993606166,-5.E-02));
#1995 = CARTESIAN_POINT('',(0.595089677664,-5.E-02));
#1996 = CARTESIAN_POINT('',(0.555758064747,-5.E-02));
#1997 = CARTESIAN_POINT('',(0.422650073637,-5.E-02));
#1998 = CARTESIAN_POINT('',(0.331732953696,-5.E-02));
#1999 = CARTESIAN_POINT('',(0.244195455735,-5.E-02));
#2000 = CARTESIAN_POINT('',(0.159881583641,-5.E-02));
#2001 = CARTESIAN_POINT('',(7.857459878591E-02,-5.E-02));
#2002 = CARTESIAN_POINT('',(0.,-5.E-02));
#2003 = ( GEOMETRIC_REPRESENTATION_CONTEXT(2) 
PARAMETRIC_REPRESENTATION_CONTEXT() REPRESENTATION_CONTEXT('2D SPACE',''
  ) );
#2004 = ORIENTED_EDGE('',*,*,#2005,.F.);
#2005 = EDGE_CURVE('',#2006,#1934,#2008,.T.);
#2006 = VERTEX_POINT('',#2007);
#2007 = CARTESIAN_POINT('',(0.660064453125,2.53287890625,1.5));
#2008 = SURFACE_CURVE('',#2009,(#2028,#2050),.PCURVE_S1.);
#2009 = B_SPLINE_CURVE_WITH_KNOTS('',5,(#2010,#2011,#2012,#2013,#2014,
    #2015,#2016,#2017,#2018,#2019,#2020,#2021,#2022,#2023,#2024,#2025,
    #2026,#2027),.UNSPECIFIED.,.F.,.F.,(6,4,4,4,6),(0.,0.206997071581,
    0.587146075835,0.865546753817,1.),.UNSPECIFIED.);
#2010 = CARTESIAN_POINT('',(0.660064453125,2.53287890625,1.5));
#2011 = CARTESIAN_POINT('',(0.660064453125,2.590243283869,1.5));
#2012 = CARTESIAN_POINT('',(0.662157417459,2.647215843148,1.5));
#2013 = CARTESIAN_POINT('',(0.666470201197,2.70369478741,1.5));
#2014 = CARTESIAN_POINT('',(0.673127271343,2.759556200461,1.5));
#2015 = CARTESIAN_POINT('',(0.698939153067,2.915857842812,1.5));
#2016 = CARTESIAN_POINT('',(0.723895905649,3.014534221771,1.5));
#2017 = CARTESIAN_POINT('',(0.757701645482,3.109736867047,1.5));
#2018 = CARTESIAN_POINT('',(0.800635653744,3.200493099325,1.5));
#2019 = CARTESIAN_POINT('',(0.889980181078,3.34863667984,1.5));
#2020 = CARTESIAN_POINT('',(0.932394488702,3.40847058016,1.5));
#2021 = CARTESIAN_POINT('',(0.979272427635,3.465207378729,1.5));
#2022 = CARTESIAN_POINT('',(1.03028195853,3.518698709387,1.5));
#2023 = CARTESIAN_POINT('',(1.11143793799,3.59314594515,1.5));
#2024 = CARTESIAN_POINT('',(1.138736207551,3.616625016677,1.5));
#2025 = CARTESIAN_POINT('',(1.166857390582,3.639334976764,1.5));
#2026 = CARTESIAN_POINT('',(1.19575525748,3.661278659155,1.5));
#2027 = CARTESIAN_POINT('',(1.2253828125,3.68246484375,1.5));
#2028 = PCURVE('',#44,#2029);
#2029 = DEFINITIONAL_REPRESENTATION('',(#2030),#2049);
#2030 = B_SPLINE_CURVE_WITH_KNOTS('',5,(#2031,#2032,#2033,#2034,#2035,
    #2036,#2037,#2038,#2039,#2040,#2041,#2042,#2043,#2044,#2045,#2046,
    #2047,#2048),.UNSPECIFIED.,.F.,.F.,(6,4,4,4,6),(0.,0.206997071581,
    0.587146075835,0.865546753817,1.),.UNSPECIFIED.);
#2031 = CARTESIAN_POINT('',(40.660064453125,17.53287890625));
#2032 = CARTESIAN_POINT('',(40.660064453125,17.590243283869));
#2033 = CARTESIAN_POINT('',(40.662157417459,17.647215843148));
#2034 = CARTESIAN_POINT('',(40.666470201197,17.70369478741));
#2035 = CARTESIAN_POINT('',(40.673127271343,17.759556200461));
#2036 = CARTESIAN_POINT('',(40.698939153067,17.915857842812));
#2037 = CARTESIAN_POINT('',(40.723895905649,18.014534221771));
#2038 = CARTESIAN_POINT('',(40.757701645482,18.109736867047));
#2039 = CARTESIAN_POINT('',(40.800635653744,18.200493099325));
#2040 = CARTESIAN_POINT('',(40.889980181078,18.34863667984));
#2041 = CARTESIAN_POINT('',(40.932394488702,18.40847058016));
#2042 = CARTESIAN_POINT('',(40.979272427635,18.465207378729));
#2043 = CARTESIAN_POINT('',(41.03028195853,18.518698709387));
#2044 = CARTESIAN_POINT('',(41.11143793799,18.59314594515));
#2045 = CARTESIAN_POINT('',(41.138736207551,18.616625016677));
#2046 = CARTESIAN_POINT('',(41.166857390582,18.639334976764));
#2047 = CARTESIAN_POINT('',(41.19575525748,18.661278659155));
#2048 = CARTESIAN_POINT('',(41.2253828125,18.68246484375));
#2049 = ( GEOMETRIC_REPRESENTATION_CONTEXT(2) 
PARAMETRIC_REPRESENTATION_CONTEXT() REPRESENTATION_CONTEXT('2D SPACE',''
  ) );
#2050 = PCURVE('',#2051,#2058);
#2051 = SURFACE_OF_LINEAR_EXTRUSION('',#2052,#2056);
#2052 = B_SPLINE_CURVE_WITH_KNOTS('',2,(#2053,#2054,#2055),
  .UNSPECIFIED.,.F.,.F.,(3,3),(0.,1.),.PIECEWISE_BEZIER_KNOTS.);
#2053 = CARTESIAN_POINT('',(1.2253828125,3.68246484375,1.45));
#2054 = CARTESIAN_POINT('',(0.660064453125,3.27821484375,1.45));
#2055 = CARTESIAN_POINT('',(0.660064453125,2.53287890625,1.45));
#2056 = VECTOR('',#2057,1.);
#2057 = DIRECTION('',(-0.,-0.,-1.));
#2058 = DEFINITIONAL_REPRESENTATION('',(#2059),#2078);
#2059 = B_SPLINE_CURVE_WITH_KNOTS('',5,(#2060,#2061,#2062,#2063,#2064,
    #2065,#2066,#2067,#2068,#2069,#2070,#2071,#2072,#2073,#2074,#2075,
    #2076,#2077),.UNSPECIFIED.,.F.,.F.,(6,4,4,4,6),(0.,0.206997071581,
    0.587146075835,0.865546753817,1.),.UNSPECIFIED.);
#2060 = CARTESIAN_POINT('',(1.,-5.E-02));
#2061 = CARTESIAN_POINT('',(0.961517770221,-5.E-02));
#2062 = CARTESIAN_POINT('',(0.922451256403,-5.E-02));
#2063 = CARTESIAN_POINT('',(0.882817402868,-5.E-02));
#2064 = CARTESIAN_POINT('',(0.842648959132,-5.E-02));
#2065 = CARTESIAN_POINT('',(0.727348406044,-5.E-02));
#2066 = CARTESIAN_POINT('',(0.651051209904,-5.E-02));
#2067 = CARTESIAN_POINT('',(0.573502685347,-5.E-02));
#2068 = CARTESIAN_POINT('',(0.495242303523,-5.E-02));
#2069 = CARTESIAN_POINT('',(0.359699546484,-5.E-02));
#2070 = CARTESIAN_POINT('',(0.302393403401,-5.E-02));
#2071 = CARTESIAN_POINT('',(0.245358252936,-5.E-02));
#2072 = CARTESIAN_POINT('',(0.188828018298,-5.E-02));
#2073 = CARTESIAN_POINT('',(0.106037931005,-5.E-02));
#2074 = CARTESIAN_POINT('',(7.923824657238E-02,-5.E-02));
#2075 = CARTESIAN_POINT('',(5.262143604552E-02,-5.E-02));
#2076 = CARTESIAN_POINT('',(2.620430995113E-02,-5.E-02));
#2077 = CARTESIAN_POINT('',(0.,-5.E-02));
#2078 = ( GEOMETRIC_REPRESENTATION_CONTEXT(2) 
PARAMETRIC_REPRESENTATION_CONTEXT() REPRESENTATION_CONTEXT('2D SPACE',''
  ) );
#2079 = ORIENTED_EDGE('',*,*,#2080,.F.);
#2080 = EDGE_CURVE('',#2081,#2006,#2083,.T.);
#2081 = VERTEX_POINT('',#2082);
#2082 = CARTESIAN_POINT('',(1.035890625,1.588576171875,1.5));
#2083 = SURFACE_CURVE('',#2084,(#2102,#2123),.PCURVE_S1.);
#2084 = B_SPLINE_CURVE_WITH_KNOTS('',6,(#2085,#2086,#2087,#2088,#2089,
    #2090,#2091,#2092,#2093,#2094,#2095,#2096,#2097,#2098,#2099,#2100,
    #2101),.UNSPECIFIED.,.F.,.F.,(7,5,5,7),(0.,0.178935300618,
    0.690576244018,1.),.UNSPECIFIED.);
#2085 = CARTESIAN_POINT('',(1.035890625,1.588576171875,1.5));
#2086 = CARTESIAN_POINT('',(1.012717148794,1.608244416386,1.5));
#2087 = CARTESIAN_POINT('',(0.990325014647,1.628675859744,1.5));
#2088 = CARTESIAN_POINT('',(0.968743083331,1.649863900989,1.5));
#2089 = CARTESIAN_POINT('',(0.947996099432,1.671797466706,1.5));
#2090 = CARTESIAN_POINT('',(0.928104691352,1.694461011028,1.5));
#2091 = CARTESIAN_POINT('',(0.854702234952,1.784667845363,1.5));
#2092 = CARTESIAN_POINT('',(0.807431374245,1.857326440762,1.5));
#2093 = CARTESIAN_POINT('',(0.767702139531,1.935297249406,1.5));
#2094 = CARTESIAN_POINT('',(0.735478171318,2.017881376901,1.5));
#2095 = CARTESIAN_POINT('',(0.710438341774,2.104306338367,1.5));
#2096 = CARTESIAN_POINT('',(0.681023844739,2.247938610699,1.5));
#2097 = CARTESIAN_POINT('',(0.672390224345,2.303207717086,1.5));
#2098 = CARTESIAN_POINT('',(0.666101630038,2.359466267248,1.5));
#2099 = CARTESIAN_POINT('',(0.662035711586,2.416575680004,1.5));
#2100 = CARTESIAN_POINT('',(0.660064453125,2.47441377933,1.5));
#2101 = CARTESIAN_POINT('',(0.660064453125,2.53287890625,1.5));
#2102 = PCURVE('',#44,#2103);
#2103 = DEFINITIONAL_REPRESENTATION('',(#2104),#2122);
#2104 = B_SPLINE_CURVE_WITH_KNOTS('',6,(#2105,#2106,#2107,#2108,#2109,
    #2110,#2111,#2112,#2113,#2114,#2115,#2116,#2117,#2118,#2119,#2120,
    #2121),.UNSPECIFIED.,.F.,.F.,(7,5,5,7),(0.,0.178935300618,
    0.690576244018,1.),.UNSPECIFIED.);
#2105 = CARTESIAN_POINT('',(41.035890625,16.588576171875));
#2106 = CARTESIAN_POINT('',(41.012717148794,16.608244416386));
#2107 = CARTESIAN_POINT('',(40.990325014647,16.628675859744));
#2108 = CARTESIAN_POINT('',(40.968743083331,16.649863900989));
#2109 = CARTESIAN_POINT('',(40.947996099432,16.671797466706));
#2110 = CARTESIAN_POINT('',(40.928104691352,16.694461011028));
#2111 = CARTESIAN_POINT('',(40.854702234952,16.784667845363));
#2112 = CARTESIAN_POINT('',(40.807431374245,16.857326440762));
#2113 = CARTESIAN_POINT('',(40.767702139531,16.935297249406));
#2114 = CARTESIAN_POINT('',(40.735478171318,17.017881376901));
#2115 = CARTESIAN_POINT('',(40.710438341774,17.104306338367));
#2116 = CARTESIAN_POINT('',(40.681023844739,17.247938610699));
#2117 = CARTESIAN_POINT('',(40.672390224345,17.303207717086));
#2118 = CARTESIAN_POINT('',(40.666101630038,17.359466267248));
#2119 = CARTESIAN_POINT('',(40.662035711586,17.416575680004));
#2120 = CARTESIAN_POINT('',(40.660064453125,17.47441377933));
#2121 = CARTESIAN_POINT('',(40.660064453125,17.53287890625));
#2122 = ( GEOMETRIC_REPRESENTATION_CONTEXT(2) 
PARAMETRIC_REPRESENTATION_CONTEXT() REPRESENTATION_CONTEXT('2D SPACE',''
  ) );
#2123 = PCURVE('',#2124,#2131);
#2124 = SURFACE_OF_LINEAR_EXTRUSION('',#2125,#2129);
#2125 = B_SPLINE_CURVE_WITH_KNOTS('',2,(#2126,#2127,#2128),
  .UNSPECIFIED.,.F.,.F.,(3,3),(0.,1.),.PIECEWISE_BEZIER_KNOTS.);
#2126 = CARTESIAN_POINT('',(0.660064453125,2.53287890625,1.45));
#2127 = CARTESIAN_POINT('',(0.660064453125,1.9075546875,1.45));
#2128 = CARTESIAN_POINT('',(1.035890625,1.588576171875,1.45));
#2129 = VECTOR('',#2130,1.);
#2130 = DIRECTION('',(-0.,-0.,-1.));
#2131 = DEFINITIONAL_REPRESENTATION('',(#2132),#2150);
#2132 = B_SPLINE_CURVE_WITH_KNOTS('',6,(#2133,#2134,#2135,#2136,#2137,
    #2138,#2139,#2140,#2141,#2142,#2143,#2144,#2145,#2146,#2147,#2148,
    #2149),.UNSPECIFIED.,.F.,.F.,(7,5,5,7),(0.,0.178935300618,
    0.690576244018,1.),.UNSPECIFIED.);
#2133 = CARTESIAN_POINT('',(1.,-5.E-02));
#2134 = CARTESIAN_POINT('',(0.969169954171,-5.E-02));
#2135 = CARTESIAN_POINT('',(0.938238915466,-5.E-02));
#2136 = CARTESIAN_POINT('',(0.907230972293,-5.E-02));
#2137 = CARTESIAN_POINT('',(0.87617110639,-5.E-02));
#2138 = CARTESIAN_POINT('',(0.845085192826,-5.E-02));
#2139 = CARTESIAN_POINT('',(0.725116155794,-5.E-02));
#2140 = CARTESIAN_POINT('',(0.636210031537,-5.E-02));
#2141 = CARTESIAN_POINT('',(0.547971690918,-5.E-02));
#2142 = CARTESIAN_POINT('',(0.4609362618,-5.E-02));
#2143 = CARTESIAN_POINT('',(0.375512112517,-5.E-02));
#2144 = CARTESIAN_POINT('',(0.241494598002,-5.E-02));
#2145 = CARTESIAN_POINT('',(0.19167516561,-5.E-02));
#2146 = CARTESIAN_POINT('',(0.142592989227,-5.E-02));
#2147 = CARTESIAN_POINT('',(9.427913299541E-02,-5.E-02));
#2148 = CARTESIAN_POINT('',(4.674785108833E-02,-5.E-02));
#2149 = CARTESIAN_POINT('',(0.,-5.E-02));
#2150 = ( GEOMETRIC_REPRESENTATION_CONTEXT(2) 
PARAMETRIC_REPRESENTATION_CONTEXT() REPRESENTATION_CONTEXT('2D SPACE',''
  ) );
#2151 = ORIENTED_EDGE('',*,*,#2152,.F.);
#2152 = EDGE_CURVE('',#2153,#2081,#2155,.T.);
#2153 = VERTEX_POINT('',#2154);
#2154 = CARTESIAN_POINT('',(2.460240234375,1.0737890625,1.5));
#2155 = SURFACE_CURVE('',#2156,(#2173,#2193),.PCURVE_S1.);
#2156 = B_SPLINE_CURVE_WITH_KNOTS('',8,(#2157,#2158,#2159,#2160,#2161,
    #2162,#2163,#2164,#2165,#2166,#2167,#2168,#2169,#2170,#2171,#2172),
  .UNSPECIFIED.,.F.,.F.,(9,7,9),(0.,0.751610662597,1.),.UNSPECIFIED.);
#2157 = CARTESIAN_POINT('',(2.460240234375,1.0737890625,1.5));
#2158 = CARTESIAN_POINT('',(2.306574671431,1.102485643532,1.5));
#2159 = CARTESIAN_POINT('',(2.155137376996,1.133819850151,1.5));
#2160 = CARTESIAN_POINT('',(2.005979049608,1.168199633941,1.5));
#2161 = CARTESIAN_POINT('',(1.859532035244,1.206113497237,1.5));
#2162 = CARTESIAN_POINT('',(1.716599085752,1.248124722513,1.5));
#2163 = CARTESIAN_POINT('',(1.578454986741,1.294963075387,1.5));
#2164 = CARTESIAN_POINT('',(1.446809944418,1.34749492046,1.5));
#2165 = CARTESIAN_POINT('',(1.28373664558,1.426860236176,1.5));
#2166 = CARTESIAN_POINT('',(1.244252308653,1.447336781966,1.5));
#2167 = CARTESIAN_POINT('',(1.205890148949,1.468621064776,1.5));
#2168 = CARTESIAN_POINT('',(1.168772887505,1.490756411647,1.5));
#2169 = CARTESIAN_POINT('',(1.133044287292,1.513784255113,1.5));
#2170 = CARTESIAN_POINT('',(1.098867048821,1.53774283942,1.5));
#2171 = CARTESIAN_POINT('',(1.066419434967,1.562665165096,1.5));
#2172 = CARTESIAN_POINT('',(1.035890625,1.588576171875,1.5));
#2173 = PCURVE('',#44,#2174);
#2174 = DEFINITIONAL_REPRESENTATION('',(#2175),#2192);
#2175 = B_SPLINE_CURVE_WITH_KNOTS('',8,(#2176,#2177,#2178,#2179,#2180,
    #2181,#2182,#2183,#2184,#2185,#2186,#2187,#2188,#2189,#2190,#2191),
  .UNSPECIFIED.,.F.,.F.,(9,7,9),(0.,0.751610662597,1.),.UNSPECIFIED.);
#2176 = CARTESIAN_POINT('',(42.460240234375,16.0737890625));
#2177 = CARTESIAN_POINT('',(42.306574671431,16.102485643532));
#2178 = CARTESIAN_POINT('',(42.155137376996,16.133819850151));
#2179 = CARTESIAN_POINT('',(42.005979049608,16.168199633941));
#2180 = CARTESIAN_POINT('',(41.859532035244,16.206113497237));
#2181 = CARTESIAN_POINT('',(41.716599085752,16.248124722513));
#2182 = CARTESIAN_POINT('',(41.578454986741,16.294963075387));
#2183 = CARTESIAN_POINT('',(41.446809944418,16.34749492046));
#2184 = CARTESIAN_POINT('',(41.28373664558,16.426860236176));
#2185 = CARTESIAN_POINT('',(41.244252308653,16.447336781966));
#2186 = CARTESIAN_POINT('',(41.205890148949,16.468621064776));
#2187 = CARTESIAN_POINT('',(41.168772887505,16.490756411647));
#2188 = CARTESIAN_POINT('',(41.133044287292,16.513784255113));
#2189 = CARTESIAN_POINT('',(41.098867048821,16.53774283942));
#2190 = CARTESIAN_POINT('',(41.066419434967,16.562665165096));
#2191 = CARTESIAN_POINT('',(41.035890625,16.588576171875));
#2192 = ( GEOMETRIC_REPRESENTATION_CONTEXT(2) 
PARAMETRIC_REPRESENTATION_CONTEXT() REPRESENTATION_CONTEXT('2D SPACE',''
  ) );
#2193 = PCURVE('',#2194,#2201);
#2194 = SURFACE_OF_LINEAR_EXTRUSION('',#2195,#2199);
#2195 = B_SPLINE_CURVE_WITH_KNOTS('',2,(#2196,#2197,#2198),
  .UNSPECIFIED.,.F.,.F.,(3,3),(0.,1.),.PIECEWISE_BEZIER_KNOTS.);
#2196 = CARTESIAN_POINT('',(1.035890625,1.588576171875,1.45));
#2197 = CARTESIAN_POINT('',(1.411716796875,1.26959765625,1.45));
#2198 = CARTESIAN_POINT('',(2.460240234375,1.0737890625,1.45));
#2199 = VECTOR('',#2200,1.);
#2200 = DIRECTION('',(-0.,-0.,-1.));
#2201 = DEFINITIONAL_REPRESENTATION('',(#2202),#2219);
#2202 = B_SPLINE_CURVE_WITH_KNOTS('',8,(#2203,#2204,#2205,#2206,#2207,
    #2208,#2209,#2210,#2211,#2212,#2213,#2214,#2215,#2216,#2217,#2218),
  .UNSPECIFIED.,.F.,.F.,(9,7,9),(0.,0.751610662597,1.),.UNSPECIFIED.);
#2203 = CARTESIAN_POINT('',(1.,-5.E-02));
#2204 = CARTESIAN_POINT('',(0.926722876453,-5.E-02));
#2205 = CARTESIAN_POINT('',(0.8505709719,-5.E-02));
#2206 = CARTESIAN_POINT('',(0.77103026207,-5.E-02));
#2207 = CARTESIAN_POINT('',(0.68757296319,-5.E-02));
#2208 = CARTESIAN_POINT('',(0.599662318438,-5.E-02));
#2209 = CARTESIAN_POINT('',(0.506658352677,-5.E-02));
#2210 = CARTESIAN_POINT('',(0.407847760067,-5.E-02));
#2211 = CARTESIAN_POINT('',(0.267019848311,-5.E-02));
#2212 = CARTESIAN_POINT('',(0.231296974278,-5.E-02));
#2213 = CARTESIAN_POINT('',(0.194797564981,-5.E-02));
#2214 = CARTESIAN_POINT('',(0.157494728421,-5.E-02));
#2215 = CARTESIAN_POINT('',(0.119368982831,-5.E-02));
#2216 = CARTESIAN_POINT('',(8.040942801457E-02,-5.E-02));
#2217 = CARTESIAN_POINT('',(4.06155987148E-02,-5.E-02));
#2218 = CARTESIAN_POINT('',(0.,-5.E-02));
#2219 = ( GEOMETRIC_REPRESENTATION_CONTEXT(2) 
PARAMETRIC_REPRESENTATION_CONTEXT() REPRESENTATION_CONTEXT('2D SPACE',''
  ) );
#2220 = ORIENTED_EDGE('',*,*,#2221,.F.);
#2221 = EDGE_CURVE('',#2222,#2153,#2224,.T.);
#2222 = VERTEX_POINT('',#2223);
#2223 = CARTESIAN_POINT('',(3.230841796875,0.91587890625,1.5));
#2224 = SURFACE_CURVE('',#2225,(#2229,#2235),.PCURVE_S1.);
#2225 = LINE('',#2226,#2227);
#2226 = CARTESIAN_POINT('',(-16.33378771738,4.925024298517,1.5));
#2227 = VECTOR('',#2228,1.);
#2228 = DIRECTION('',(-0.97964320999,0.200746559424,0.));
#2229 = PCURVE('',#44,#2230);
#2230 = DEFINITIONAL_REPRESENTATION('',(#2231),#2234);
#2231 = B_SPLINE_CURVE_WITH_KNOTS('',1,(#2232,#2233),.UNSPECIFIED.,.F.,
  .F.,(2,2),(-19.97117860334,-19.18456409447),.PIECEWISE_BEZIER_KNOTS.);
#2232 = CARTESIAN_POINT('',(43.230841796875,15.91587890625));
#2233 = CARTESIAN_POINT('',(42.460240234375,16.0737890625));
#2234 = ( GEOMETRIC_REPRESENTATION_CONTEXT(2) 
PARAMETRIC_REPRESENTATION_CONTEXT() REPRESENTATION_CONTEXT('2D SPACE',''
  ) );
#2235 = PCURVE('',#2236,#2241);
#2236 = PLANE('',#2237);
#2237 = AXIS2_PLACEMENT_3D('',#2238,#2239,#2240);
#2238 = CARTESIAN_POINT('',(2.460240234375,1.0737890625,1.45));
#2239 = DIRECTION('',(0.200746559424,0.97964320999,0.));
#2240 = DIRECTION('',(0.97964320999,-0.200746559424,0.));
#2241 = DEFINITIONAL_REPRESENTATION('',(#2242),#2245);
#2242 = B_SPLINE_CURVE_WITH_KNOTS('',1,(#2243,#2244),.UNSPECIFIED.,.F.,
  .F.,(2,2),(-19.97117860334,-19.18456409447),.PIECEWISE_BEZIER_KNOTS.);
#2243 = CARTESIAN_POINT('',(0.786614508876,-5.E-02));
#2244 = CARTESIAN_POINT('',(0.,-5.E-02));
#2245 = ( GEOMETRIC_REPRESENTATION_CONTEXT(2) 
PARAMETRIC_REPRESENTATION_CONTEXT() REPRESENTATION_CONTEXT('2D SPACE',''
  ) );
#2246 = ORIENTED_EDGE('',*,*,#2247,.F.);
#2247 = EDGE_CURVE('',#2248,#2222,#2250,.T.);
#2248 = VERTEX_POINT('',#2249);
#2249 = CARTESIAN_POINT('',(5.33736328125,-4.1056640625E-02,1.5));
#2250 = SURFACE_CURVE('',#2251,(#2270,#2292),.PCURVE_S1.);
#2251 = B_SPLINE_CURVE_WITH_KNOTS('',5,(#2252,#2253,#2254,#2255,#2256,
    #2257,#2258,#2259,#2260,#2261,#2262,#2263,#2264,#2265,#2266,#2267,
    #2268,#2269),.UNSPECIFIED.,.F.,.F.,(6,4,4,4,6),(0.,0.19730979814,
    0.407146944657,0.687983279972,1.),.UNSPECIFIED.);
#2252 = CARTESIAN_POINT('',(5.33736328125,-4.1056640625E-02,1.5));
#2253 = CARTESIAN_POINT('',(5.274366339795,2.252631889032E-02,1.5));
#2254 = CARTESIAN_POINT('',(5.208037682038,8.318193300848E-02,1.5));
#2255 = CARTESIAN_POINT('',(5.138690806102,0.140872370177,1.5));
#2256 = CARTESIAN_POINT('',(5.066652656681,0.195643734715,1.5));
#2257 = CARTESIAN_POINT('',(4.913059524751,0.302816124573,1.5));
#2258 = CARTESIAN_POINT('',(4.831191170265,0.354845547312,1.5));
#2259 = CARTESIAN_POINT('',(4.746965721016,0.403776584455,1.5));
#2260 = CARTESIAN_POINT('',(4.660699781628,0.44976078954,1.5));
#2261 = CARTESIAN_POINT('',(4.454804718133,0.55077369945,1.5));
#2262 = CARTESIAN_POINT('',(4.333770786468,0.603594463785,1.5));
#2263 = CARTESIAN_POINT('',(4.210151653658,0.651814978014,1.5));
#2264 = CARTESIAN_POINT('',(4.084424821856,0.695825030239,1.5));
#2265 = CARTESIAN_POINT('',(3.815263215161,0.780589705889,1.5));
#2266 = CARTESIAN_POINT('',(3.67142456511,0.820436735481,1.5));
#2267 = CARTESIAN_POINT('',(3.525867170332,0.856005148562,1.5));
#2268 = CARTESIAN_POINT('',(3.378930767567,0.887702686163,1.5));
#2269 = CARTESIAN_POINT('',(3.230841796875,0.91587890625,1.5));
#2270 = PCURVE('',#44,#2271);
#2271 = DEFINITIONAL_REPRESENTATION('',(#2272),#2291);
#2272 = B_SPLINE_CURVE_WITH_KNOTS('',5,(#2273,#2274,#2275,#2276,#2277,
    #2278,#2279,#2280,#2281,#2282,#2283,#2284,#2285,#2286,#2287,#2288,
    #2289,#2290),.UNSPECIFIED.,.F.,.F.,(6,4,4,4,6),(0.,0.19730979814,
    0.407146944657,0.687983279972,1.),.UNSPECIFIED.);
#2273 = CARTESIAN_POINT('',(45.33736328125,14.958943359375));
#2274 = CARTESIAN_POINT('',(45.274366339795,15.02252631889));
#2275 = CARTESIAN_POINT('',(45.208037682038,15.083181933008));
#2276 = CARTESIAN_POINT('',(45.138690806102,15.140872370177));
#2277 = CARTESIAN_POINT('',(45.066652656681,15.195643734715));
#2278 = CARTESIAN_POINT('',(44.913059524751,15.302816124573));
#2279 = CARTESIAN_POINT('',(44.831191170265,15.354845547312));
#2280 = CARTESIAN_POINT('',(44.746965721016,15.403776584455));
#2281 = CARTESIAN_POINT('',(44.660699781628,15.44976078954));
#2282 = CARTESIAN_POINT('',(44.454804718133,15.55077369945));
#2283 = CARTESIAN_POINT('',(44.333770786468,15.603594463785));
#2284 = CARTESIAN_POINT('',(44.210151653658,15.651814978014));
#2285 = CARTESIAN_POINT('',(44.084424821856,15.695825030239));
#2286 = CARTESIAN_POINT('',(43.815263215161,15.780589705889));
#2287 = CARTESIAN_POINT('',(43.67142456511,15.820436735481));
#2288 = CARTESIAN_POINT('',(43.525867170332,15.856005148562));
#2289 = CARTESIAN_POINT('',(43.378930767567,15.887702686163));
#2290 = CARTESIAN_POINT('',(43.230841796875,15.91587890625));
#2291 = ( GEOMETRIC_REPRESENTATION_CONTEXT(2) 
PARAMETRIC_REPRESENTATION_CONTEXT() REPRESENTATION_CONTEXT('2D SPACE',''
  ) );
#2292 = PCURVE('',#2293,#2300);
#2293 = SURFACE_OF_LINEAR_EXTRUSION('',#2294,#2298);
#2294 = B_SPLINE_CURVE_WITH_KNOTS('',2,(#2295,#2296,#2297),
  .UNSPECIFIED.,.F.,.F.,(3,3),(0.,1.),.PIECEWISE_BEZIER_KNOTS.);
#2295 = CARTESIAN_POINT('',(3.230841796875,0.91587890625,1.45));
#2296 = CARTESIAN_POINT('',(4.658349609375,0.6442734375,1.45));
#2297 = CARTESIAN_POINT('',(5.33736328125,-4.1056640625E-02,1.45));
#2298 = VECTOR('',#2299,1.);
#2299 = DIRECTION('',(-0.,-0.,-1.));
#2300 = DEFINITIONAL_REPRESENTATION('',(#2301),#2320);
#2301 = B_SPLINE_CURVE_WITH_KNOTS('',5,(#2302,#2303,#2304,#2305,#2306,
    #2307,#2308,#2309,#2310,#2311,#2312,#2313,#2314,#2315,#2316,#2317,
    #2318,#2319),.UNSPECIFIED.,.F.,.F.,(6,4,4,4,6),(0.,0.19730979814,
    0.407146944657,0.687983279972,1.),.UNSPECIFIED.);
#2302 = CARTESIAN_POINT('',(1.,-5.E-02));
#2303 = CARTESIAN_POINT('',(0.953611433713,-5.E-02));
#2304 = CARTESIAN_POINT('',(0.907734706366,-5.E-02));
#2305 = CARTESIAN_POINT('',(0.862469339645,-5.E-02));
#2306 = CARTESIAN_POINT('',(0.817878790845,-5.E-02));
#2307 = CARTESIAN_POINT('',(0.727335311523,-5.E-02));
#2308 = CARTESIAN_POINT('',(0.681475903161,-5.E-02));
#2309 = CARTESIAN_POINT('',(0.636462918731,-5.E-02));
#2310 = CARTESIAN_POINT('',(0.592307411518,-5.E-02));
#2311 = CARTESIAN_POINT('',(0.491039362693,-5.E-02));
#2312 = CARTESIAN_POINT('',(0.434601616564,-5.E-02));
#2313 = CARTESIAN_POINT('',(0.379658849762,-5.E-02));
#2314 = CARTESIAN_POINT('',(0.326151734362,-5.E-02));
#2315 = CARTESIAN_POINT('',(0.2160580208,-5.E-02));
#2316 = CARTESIAN_POINT('',(0.159794033729,-5.E-02));
#2317 = CARTESIAN_POINT('',(0.105099175709,-5.E-02));
#2318 = CARTESIAN_POINT('',(5.186975839835E-02,-5.E-02));
#2319 = CARTESIAN_POINT('',(0.,-5.E-02));
#2320 = ( GEOMETRIC_REPRESENTATION_CONTEXT(2) 
PARAMETRIC_REPRESENTATION_CONTEXT() REPRESENTATION_CONTEXT('2D SPACE',''
  ) );
#2321 = ORIENTED_EDGE('',*,*,#2322,.F.);
#2322 = EDGE_CURVE('',#2323,#2248,#2325,.T.);
#2323 = VERTEX_POINT('',#2324);
#2324 = CARTESIAN_POINT('',(6.016376953125,-1.87597265625,1.5));
#2325 = SURFACE_CURVE('',#2326,(#2345,#2367),.PCURVE_S1.);
#2326 = B_SPLINE_CURVE_WITH_KNOTS('',5,(#2327,#2328,#2329,#2330,#2331,
    #2332,#2333,#2334,#2335,#2336,#2337,#2338,#2339,#2340,#2341,#2342,
    #2343,#2344),.UNSPECIFIED.,.F.,.F.,(6,4,4,4,6),(0.,0.307364367759,
    0.557233008483,0.79753281592,1.),.UNSPECIFIED.);
#2327 = CARTESIAN_POINT('',(6.016376953125,-1.87597265625,1.5));
#2328 = CARTESIAN_POINT('',(6.016376953125,-1.749396356882,1.5));
#2329 = CARTESIAN_POINT('',(6.011231653161,-1.62338180845,1.5));
#2330 = CARTESIAN_POINT('',(6.000462684423,-1.498224134749,1.5));
#2331 = CARTESIAN_POINT('',(5.983548866174,-1.374355508303,1.5));
#2332 = CARTESIAN_POINT('',(5.94095924925,-1.153109601674,1.5));
#2333 = CARTESIAN_POINT('',(5.917514539977,-1.055111648467,1.5));
#2334 = CARTESIAN_POINT('',(5.889494007234,-0.958625463813,1.5));
#2335 = CARTESIAN_POINT('',(5.856712526731,-0.863998597632,1.5));
#2336 = CARTESIAN_POINT('',(5.782945953244,-0.682730220947,1.5));
#2337 = CARTESIAN_POINT('',(5.742320918504,-0.595915990069,1.5));
#2338 = CARTESIAN_POINT('',(5.697182693984,-0.511484528998,1.5));
#2339 = CARTESIAN_POINT('',(5.647575991534,-0.42973923519,1.5));
#2340 = CARTESIAN_POINT('',(5.548263241779,-0.284537771718,1.5));
#2341 = CARTESIAN_POINT('',(5.499799544089,-0.220224174733,1.5));
#2342 = CARTESIAN_POINT('',(5.448388671338,-0.158145580819,1.5));
#2343 = CARTESIAN_POINT('',(5.394181141451,-9.840303906086E-02,1.5));
#2344 = CARTESIAN_POINT('',(5.33736328125,-4.1056640625E-02,1.5));
#2345 = PCURVE('',#44,#2346);
#2346 = DEFINITIONAL_REPRESENTATION('',(#2347),#2366);
#2347 = B_SPLINE_CURVE_WITH_KNOTS('',5,(#2348,#2349,#2350,#2351,#2352,
    #2353,#2354,#2355,#2356,#2357,#2358,#2359,#2360,#2361,#2362,#2363,
    #2364,#2365),.UNSPECIFIED.,.F.,.F.,(6,4,4,4,6),(0.,0.307364367759,
    0.557233008483,0.79753281592,1.),.UNSPECIFIED.);
#2348 = CARTESIAN_POINT('',(46.016376953125,13.12402734375));
#2349 = CARTESIAN_POINT('',(46.016376953125,13.250603643118));
#2350 = CARTESIAN_POINT('',(46.011231653161,13.37661819155));
#2351 = CARTESIAN_POINT('',(46.000462684423,13.501775865251));
#2352 = CARTESIAN_POINT('',(45.983548866174,13.625644491697));
#2353 = CARTESIAN_POINT('',(45.94095924925,13.846890398326));
#2354 = CARTESIAN_POINT('',(45.917514539977,13.944888351533));
#2355 = CARTESIAN_POINT('',(45.889494007234,14.041374536187));
#2356 = CARTESIAN_POINT('',(45.856712526731,14.136001402368));
#2357 = CARTESIAN_POINT('',(45.782945953244,14.317269779053));
#2358 = CARTESIAN_POINT('',(45.742320918504,14.404084009931));
#2359 = CARTESIAN_POINT('',(45.697182693984,14.488515471002));
#2360 = CARTESIAN_POINT('',(45.647575991534,14.57026076481));
#2361 = CARTESIAN_POINT('',(45.548263241779,14.715462228282));
#2362 = CARTESIAN_POINT('',(45.499799544089,14.779775825267));
#2363 = CARTESIAN_POINT('',(45.448388671338,14.841854419181));
#2364 = CARTESIAN_POINT('',(45.394181141451,14.901596960939));
#2365 = CARTESIAN_POINT('',(45.33736328125,14.958943359375));
#2366 = ( GEOMETRIC_REPRESENTATION_CONTEXT(2) 
PARAMETRIC_REPRESENTATION_CONTEXT() REPRESENTATION_CONTEXT('2D SPACE',''
  ) );
#2367 = PCURVE('',#2368,#2375);
#2368 = SURFACE_OF_LINEAR_EXTRUSION('',#2369,#2373);
#2369 = B_SPLINE_CURVE_WITH_KNOTS('',2,(#2370,#2371,#2372),
  .UNSPECIFIED.,.F.,.F.,(3,3),(0.,1.),.PIECEWISE_BEZIER_KNOTS.);
#2370 = CARTESIAN_POINT('',(5.33736328125,-4.1056640625E-02,1.45));
#2371 = CARTESIAN_POINT('',(6.016376953125,-0.72638671875,1.45));
#2372 = CARTESIAN_POINT('',(6.016376953125,-1.87597265625,1.45));
#2373 = VECTOR('',#2374,1.);
#2374 = DIRECTION('',(-0.,-0.,-1.));
#2375 = DEFINITIONAL_REPRESENTATION('',(#2376),#2395);
#2376 = B_SPLINE_CURVE_WITH_KNOTS('',5,(#2377,#2378,#2379,#2380,#2381,
    #2382,#2383,#2384,#2385,#2386,#2387,#2388,#2389,#2390,#2391,#2392,
    #2393,#2394),.UNSPECIFIED.,.F.,.F.,(6,4,4,4,6),(0.,0.307364367759,
    0.557233008483,0.79753281592,1.),.UNSPECIFIED.);
#2377 = CARTESIAN_POINT('',(1.,-5.E-02));
#2378 = CARTESIAN_POINT('',(0.944947004291,-5.E-02));
#2379 = CARTESIAN_POINT('',(0.88860824201,-5.E-02));
#2380 = CARTESIAN_POINT('',(0.830969818165,-5.E-02));
#2381 = CARTESIAN_POINT('',(0.772064714346,-5.E-02));
#2382 = CARTESIAN_POINT('',(0.66317102012,-5.E-02));
#2383 = CARTESIAN_POINT('',(0.613575949443,-5.E-02));
#2384 = CARTESIAN_POINT('',(0.56327766134,-5.E-02));
#2385 = CARTESIAN_POINT('',(0.512372267185,-5.E-02));
#2386 = CARTESIAN_POINT('',(0.411595057161,-5.E-02));
#2387 = CARTESIAN_POINT('',(0.361755191483,-5.E-02));
#2388 = CARTESIAN_POINT('',(0.311609566798,-5.E-02));
#2389 = CARTESIAN_POINT('',(0.261303438835,-5.E-02));
#2390 = CARTESIAN_POINT('',(0.168616297245,-5.E-02));
#2391 = CARTESIAN_POINT('',(0.126231801109,-5.E-02));
#2392 = CARTESIAN_POINT('',(8.39429732433E-02,-5.E-02));
#2393 = CARTESIAN_POINT('',(4.183852443246E-02,-5.E-02));
#2394 = CARTESIAN_POINT('',(0.,-5.E-02));
#2395 = ( GEOMETRIC_REPRESENTATION_CONTEXT(2) 
PARAMETRIC_REPRESENTATION_CONTEXT() REPRESENTATION_CONTEXT('2D SPACE',''
  ) );
#2396 = ORIENTED_EDGE('',*,*,#2397,.F.);
#2397 = EDGE_CURVE('',#2398,#2323,#2400,.T.);
#2398 = VERTEX_POINT('',#2399);
#2399 = CARTESIAN_POINT('',(5.09733984375,-3.9540703125,1.5));
#2400 = SURFACE_CURVE('',#2401,(#2420,#2442),.PCURVE_S1.);
#2401 = B_SPLINE_CURVE_WITH_KNOTS('',5,(#2402,#2403,#2404,#2405,#2406,
    #2407,#2408,#2409,#2410,#2411,#2412,#2413,#2414,#2415,#2416,#2417,
    #2418,#2419),.UNSPECIFIED.,.F.,.F.,(6,4,4,4,6),(0.,0.281008111017,
    0.566924605491,0.712781038609,1.),.UNSPECIFIED.);
#2402 = CARTESIAN_POINT('',(5.09733984375,-3.9540703125,1.5));
#2403 = CARTESIAN_POINT('',(5.20218277978,-3.873366471707,1.5));
#2404 = CARTESIAN_POINT('',(5.301330745197,-3.785897636967,1.5));
#2405 = CARTESIAN_POINT('',(5.393810993063,-3.691656086892,1.5));
#2406 = CARTESIAN_POINT('',(5.478773084082,-3.590906307749,1.5));
#2407 = CARTESIAN_POINT('',(5.633964016447,-3.375988545006,1.5));
#2408 = CARTESIAN_POINT('',(5.703934828468,-3.261581951887,1.5));
#2409 = CARTESIAN_POINT('',(5.765049566251,-3.141920577041,1.5));
#2410 = CARTESIAN_POINT('',(5.817335221068,-3.017944759633,1.5));
#2411 = CARTESIAN_POINT('',(5.883474765748,-2.825671632405,1.5));
#2412 = CARTESIAN_POINT('',(5.903610627184,-2.759842386615,1.5));
#2413 = CARTESIAN_POINT('',(5.921587250229,-2.693255050255,1.5));
#2414 = CARTESIAN_POINT('',(5.937474100045,-2.626020611167,1.5));
#2415 = CARTESIAN_POINT('',(5.978672980644,-2.424757857507,1.5));
#2416 = CARTESIAN_POINT('',(5.998194584268,-2.289156726762,1.5));
#2417 = CARTESIAN_POINT('',(6.010524786895,-2.152158633318,1.5));
#2418 = CARTESIAN_POINT('',(6.016376953125,-2.014316187849,1.5));
#2419 = CARTESIAN_POINT('',(6.016376953125,-1.87597265625,1.5));
#2420 = PCURVE('',#44,#2421);
#2421 = DEFINITIONAL_REPRESENTATION('',(#2422),#2441);
#2422 = B_SPLINE_CURVE_WITH_KNOTS('',5,(#2423,#2424,#2425,#2426,#2427,
    #2428,#2429,#2430,#2431,#2432,#2433,#2434,#2435,#2436,#2437,#2438,
    #2439,#2440),.UNSPECIFIED.,.F.,.F.,(6,4,4,4,6),(0.,0.281008111017,
    0.566924605491,0.712781038609,1.),.UNSPECIFIED.);
#2423 = CARTESIAN_POINT('',(45.09733984375,11.0459296875));
#2424 = CARTESIAN_POINT('',(45.20218277978,11.126633528293));
#2425 = CARTESIAN_POINT('',(45.301330745197,11.214102363033));
#2426 = CARTESIAN_POINT('',(45.393810993063,11.308343913108));
#2427 = CARTESIAN_POINT('',(45.478773084082,11.409093692251));
#2428 = CARTESIAN_POINT('',(45.633964016447,11.624011454994));
#2429 = CARTESIAN_POINT('',(45.703934828468,11.738418048113));
#2430 = CARTESIAN_POINT('',(45.765049566251,11.858079422959));
#2431 = CARTESIAN_POINT('',(45.817335221068,11.982055240367));
#2432 = CARTESIAN_POINT('',(45.883474765748,12.174328367595));
#2433 = CARTESIAN_POINT('',(45.903610627184,12.240157613385));
#2434 = CARTESIAN_POINT('',(45.921587250229,12.306744949745));
#2435 = CARTESIAN_POINT('',(45.937474100045,12.373979388833));
#2436 = CARTESIAN_POINT('',(45.978672980644,12.575242142493));
#2437 = CARTESIAN_POINT('',(45.998194584268,12.710843273238));
#2438 = CARTESIAN_POINT('',(46.010524786895,12.847841366682));
#2439 = CARTESIAN_POINT('',(46.016376953125,12.985683812151));
#2440 = CARTESIAN_POINT('',(46.016376953125,13.12402734375));
#2441 = ( GEOMETRIC_REPRESENTATION_CONTEXT(2) 
PARAMETRIC_REPRESENTATION_CONTEXT() REPRESENTATION_CONTEXT('2D SPACE',''
  ) );
#2442 = PCURVE('',#2443,#2450);
#2443 = SURFACE_OF_LINEAR_EXTRUSION('',#2444,#2448);
#2444 = B_SPLINE_CURVE_WITH_KNOTS('',2,(#2445,#2446,#2447),
  .UNSPECIFIED.,.F.,.F.,(3,3),(0.,1.),.PIECEWISE_BEZIER_KNOTS.);
#2445 = CARTESIAN_POINT('',(6.016376953125,-1.87597265625,1.45));
#2446 = CARTESIAN_POINT('',(6.016376953125,-3.2466328125,1.45));
#2447 = CARTESIAN_POINT('',(5.09733984375,-3.9540703125,1.45));
#2448 = VECTOR('',#2449,1.);
#2449 = DIRECTION('',(-0.,-0.,-1.));
#2450 = DEFINITIONAL_REPRESENTATION('',(#2451),#2470);
#2451 = B_SPLINE_CURVE_WITH_KNOTS('',5,(#2452,#2453,#2454,#2455,#2456,
    #2457,#2458,#2459,#2460,#2461,#2462,#2463,#2464,#2465,#2466,#2467,
    #2468,#2469),.UNSPECIFIED.,.F.,.F.,(6,4,4,4,6),(0.,0.281008111017,
    0.566924605491,0.712781038609,1.),.UNSPECIFIED.);
#2452 = CARTESIAN_POINT('',(1.,-5.E-02));
#2453 = CARTESIAN_POINT('',(0.942960444709,-5.E-02));
#2454 = CARTESIAN_POINT('',(0.884952297266,-5.E-02));
#2455 = CARTESIAN_POINT('',(0.826228815539,-5.E-02));
#2456 = CARTESIAN_POINT('',(0.76711035806,-5.E-02));
#2457 = CARTESIAN_POINT('',(0.647857158206,-5.E-02));
#2458 = CARTESIAN_POINT('',(0.587703299938,-5.E-02));
#2459 = CARTESIAN_POINT('',(0.527963913366,-5.E-02));
#2460 = CARTESIAN_POINT('',(0.468974917255,-5.E-02));
#2461 = CARTESIAN_POINT('',(0.381424879975,-5.E-02));
#2462 = CARTESIAN_POINT('',(0.352110436329,-5.E-02));
#2463 = CARTESIAN_POINT('',(0.323087867624,-5.E-02));
#2464 = CARTESIAN_POINT('',(0.294379374235,-5.E-02));
#2465 = CARTESIAN_POINT('',(0.210115633309,-5.E-02));
#2466 = CARTESIAN_POINT('',(0.155510965165,-5.E-02));
#2467 = CARTESIAN_POINT('',(0.10228983039,-5.E-02));
#2468 = CARTESIAN_POINT('',(5.046602214579E-02,-5.E-02));
#2469 = CARTESIAN_POINT('',(0.,-5.E-02));
#2470 = ( GEOMETRIC_REPRESENTATION_CONTEXT(2) 
PARAMETRIC_REPRESENTATION_CONTEXT() REPRESENTATION_CONTEXT('2D SPACE',''
  ) );
#2471 = ORIENTED_EDGE('',*,*,#2472,.F.);
#2472 = EDGE_CURVE('',#2473,#2398,#2475,.T.);
#2473 = VERTEX_POINT('',#2474);
#2474 = CARTESIAN_POINT('',(2.403392578125,-4.6615078125,1.5));
#2475 = SURFACE_CURVE('',#2476,(#2494,#2515),.PCURVE_S1.);
#2476 = B_SPLINE_CURVE_WITH_KNOTS('',6,(#2477,#2478,#2479,#2480,#2481,
    #2482,#2483,#2484,#2485,#2486,#2487,#2488,#2489,#2490,#2491,#2492,
    #2493),.UNSPECIFIED.,.F.,.F.,(7,5,5,7),(0.,0.317197034688,
    0.598186519263,1.),.UNSPECIFIED.);
#2477 = CARTESIAN_POINT('',(2.403392578125,-4.6615078125,1.5));
#2478 = CARTESIAN_POINT('',(2.556467806416,-4.6615078125,1.5));
#2479 = CARTESIAN_POINT('',(2.709255650327,-4.658350767568,1.5));
#2480 = CARTESIAN_POINT('',(2.861661561853,-4.651762958159,1.5));
#2481 = CARTESIAN_POINT('',(3.013539884147,-4.641429181851,1.5));
#2482 = CARTESIAN_POINT('',(3.164692547428,-4.626984811193,1.5));
#2483 = CARTESIAN_POINT('',(3.447900713933,-4.591197082475,1.5));
#2484 = CARTESIAN_POINT('',(3.580154472615,-4.570830716565,1.5));
#2485 = CARTESIAN_POINT('',(3.711458220423,-4.546616387331,1.5));
#2486 = CARTESIAN_POINT('',(3.841568652168,-4.518227648284,1.5));
#2487 = CARTESIAN_POINT('',(3.970173016318,-4.485313508594,1.5));
#2488 = CARTESIAN_POINT('',(4.278099850796,-4.393446246195,1.5));
#2489 = CARTESIAN_POINT('',(4.455459699088,-4.32938092642,1.5));
#2490 = CARTESIAN_POINT('',(4.62782112698,-4.254251826456,1.5));
#2491 = CARTESIAN_POINT('',(4.79356595232,-4.16703670786,1.5));
#2492 = CARTESIAN_POINT('',(4.950714508517,-4.06693654993,1.5));
#2493 = CARTESIAN_POINT('',(5.09733984375,-3.9540703125,1.5));
#2494 = PCURVE('',#44,#2495);
#2495 = DEFINITIONAL_REPRESENTATION('',(#2496),#2514);
#2496 = B_SPLINE_CURVE_WITH_KNOTS('',6,(#2497,#2498,#2499,#2500,#2501,
    #2502,#2503,#2504,#2505,#2506,#2507,#2508,#2509,#2510,#2511,#2512,
    #2513),.UNSPECIFIED.,.F.,.F.,(7,5,5,7),(0.,0.317197034688,
    0.598186519263,1.),.UNSPECIFIED.);
#2497 = CARTESIAN_POINT('',(42.403392578125,10.3384921875));
#2498 = CARTESIAN_POINT('',(42.556467806416,10.3384921875));
#2499 = CARTESIAN_POINT('',(42.709255650327,10.341649232432));
#2500 = CARTESIAN_POINT('',(42.861661561853,10.348237041841));
#2501 = CARTESIAN_POINT('',(43.013539884147,10.358570818149));
#2502 = CARTESIAN_POINT('',(43.164692547428,10.373015188807));
#2503 = CARTESIAN_POINT('',(43.447900713933,10.408802917525));
#2504 = CARTESIAN_POINT('',(43.580154472615,10.429169283435));
#2505 = CARTESIAN_POINT('',(43.711458220423,10.453383612669));
#2506 = CARTESIAN_POINT('',(43.841568652168,10.481772351716));
#2507 = CARTESIAN_POINT('',(43.970173016318,10.514686491406));
#2508 = CARTESIAN_POINT('',(44.278099850796,10.606553753805));
#2509 = CARTESIAN_POINT('',(44.455459699088,10.67061907358));
#2510 = CARTESIAN_POINT('',(44.62782112698,10.745748173544));
#2511 = CARTESIAN_POINT('',(44.79356595232,10.83296329214));
#2512 = CARTESIAN_POINT('',(44.950714508517,10.93306345007));
#2513 = CARTESIAN_POINT('',(45.09733984375,11.0459296875));
#2514 = ( GEOMETRIC_REPRESENTATION_CONTEXT(2) 
PARAMETRIC_REPRESENTATION_CONTEXT() REPRESENTATION_CONTEXT('2D SPACE',''
  ) );
#2515 = PCURVE('',#2516,#2523);
#2516 = SURFACE_OF_LINEAR_EXTRUSION('',#2517,#2521);
#2517 = B_SPLINE_CURVE_WITH_KNOTS('',2,(#2518,#2519,#2520),
  .UNSPECIFIED.,.F.,.F.,(3,3),(0.,1.),.PIECEWISE_BEZIER_KNOTS.);
#2518 = CARTESIAN_POINT('',(5.09733984375,-3.9540703125,1.45));
#2519 = CARTESIAN_POINT('',(4.178302734375,-4.6615078125,1.45));
#2520 = CARTESIAN_POINT('',(2.403392578125,-4.6615078125,1.45));
#2521 = VECTOR('',#2522,1.);
#2522 = DIRECTION('',(-0.,-0.,-1.));
#2523 = DEFINITIONAL_REPRESENTATION('',(#2524),#2542);
#2524 = B_SPLINE_CURVE_WITH_KNOTS('',6,(#2525,#2526,#2527,#2528,#2529,
    #2530,#2531,#2532,#2533,#2534,#2535,#2536,#2537,#2538,#2539,#2540,
    #2541),.UNSPECIFIED.,.F.,.F.,(7,5,5,7),(0.,0.317197034688,
    0.598186519263,1.),.UNSPECIFIED.);
#2525 = CARTESIAN_POINT('',(1.,-5.E-02));
#2526 = CARTESIAN_POINT('',(0.956878034713,-5.E-02));
#2527 = CARTESIAN_POINT('',(0.912761068012,-5.E-02));
#2528 = CARTESIAN_POINT('',(0.867582447576,-5.E-02));
#2529 = CARTESIAN_POINT('',(0.821275780804,-5.E-02));
#2530 = CARTESIAN_POINT('',(0.773772595409,-5.E-02));
#2531 = CARTESIAN_POINT('',(0.681794720799,-5.E-02));
#2532 = CARTESIAN_POINT('',(0.637597152818,-5.E-02));
#2533 = CARTESIAN_POINT('',(0.59235577493,-5.E-02));
#2534 = CARTESIAN_POINT('',(0.546027870389,-5.E-02));
#2535 = CARTESIAN_POINT('',(0.498581920786,-5.E-02));
#2536 = CARTESIAN_POINT('',(0.380528109544,-5.E-02));
#2537 = CARTESIAN_POINT('',(0.308730828964,-5.E-02));
#2538 = CARTESIAN_POINT('',(0.234570956136,-5.E-02));
#2539 = CARTESIAN_POINT('',(0.158155948944,-5.E-02));
#2540 = CARTESIAN_POINT('',(7.977117231569E-02,-5.E-02));
#2541 = CARTESIAN_POINT('',(0.,-5.E-02));
#2542 = ( GEOMETRIC_REPRESENTATION_CONTEXT(2) 
PARAMETRIC_REPRESENTATION_CONTEXT() REPRESENTATION_CONTEXT('2D SPACE',''
  ) );
#2543 = ORIENTED_EDGE('',*,*,#2544,.F.);
#2544 = EDGE_CURVE('',#2545,#2473,#2547,.T.);
#2545 = VERTEX_POINT('',#2546);
#2546 = CARTESIAN_POINT('',(0.97904296875,-4.5099140625,1.5));
#2547 = SURFACE_CURVE('',#2548,(#2556,#2567),.PCURVE_S1.);
#2548 = B_SPLINE_CURVE_WITH_KNOTS('',6,(#2549,#2550,#2551,#2552,#2553,
    #2554,#2555),.UNSPECIFIED.,.F.,.F.,(7,7),(0.,1.),
  .PIECEWISE_BEZIER_KNOTS.);
#2549 = CARTESIAN_POINT('',(0.97904296875,-4.5099140625,1.5));
#2550 = CARTESIAN_POINT('',(1.218747784354,-4.558055615425,1.5));
#2551 = CARTESIAN_POINT('',(1.458021617591,-4.59797394577,1.5));
#2552 = CARTESIAN_POINT('',(1.696572849296,-4.62900833449,1.5));
#2553 = CARTESIAN_POINT('',(1.934002536135,-4.650437241023,1.5));
#2554 = CARTESIAN_POINT('',(2.169808084684,-4.6615078125,1.5));
#2555 = CARTESIAN_POINT('',(2.403392578125,-4.6615078125,1.5));
#2556 = PCURVE('',#44,#2557);
#2557 = DEFINITIONAL_REPRESENTATION('',(#2558),#2566);
#2558 = B_SPLINE_CURVE_WITH_KNOTS('',6,(#2559,#2560,#2561,#2562,#2563,
    #2564,#2565),.UNSPECIFIED.,.F.,.F.,(7,7),(0.,1.),
  .PIECEWISE_BEZIER_KNOTS.);
#2559 = CARTESIAN_POINT('',(40.97904296875,10.4900859375));
#2560 = CARTESIAN_POINT('',(41.218747784354,10.441944384575));
#2561 = CARTESIAN_POINT('',(41.458021617591,10.40202605423));
#2562 = CARTESIAN_POINT('',(41.696572849296,10.37099166551));
#2563 = CARTESIAN_POINT('',(41.934002536135,10.349562758977));
#2564 = CARTESIAN_POINT('',(42.169808084684,10.3384921875));
#2565 = CARTESIAN_POINT('',(42.403392578125,10.3384921875));
#2566 = ( GEOMETRIC_REPRESENTATION_CONTEXT(2) 
PARAMETRIC_REPRESENTATION_CONTEXT() REPRESENTATION_CONTEXT('2D SPACE',''
  ) );
#2567 = PCURVE('',#2568,#2575);
#2568 = SURFACE_OF_LINEAR_EXTRUSION('',#2569,#2573);
#2569 = B_SPLINE_CURVE_WITH_KNOTS('',2,(#2570,#2571,#2572),
  .UNSPECIFIED.,.F.,.F.,(3,3),(0.,1.),.PIECEWISE_BEZIER_KNOTS.);
#2570 = CARTESIAN_POINT('',(2.403392578125,-4.6615078125,1.45));
#2571 = CARTESIAN_POINT('',(1.733853515625,-4.6615078125,1.45));
#2572 = CARTESIAN_POINT('',(0.97904296875,-4.5099140625,1.45));
#2573 = VECTOR('',#2574,1.);
#2574 = DIRECTION('',(-0.,-0.,-1.));
#2575 = DEFINITIONAL_REPRESENTATION('',(#2576),#2584);
#2576 = B_SPLINE_CURVE_WITH_KNOTS('',6,(#2577,#2578,#2579,#2580,#2581,
    #2582,#2583),.UNSPECIFIED.,.F.,.F.,(7,7),(0.,1.),
  .PIECEWISE_BEZIER_KNOTS.);
#2577 = CARTESIAN_POINT('',(1.,-5.E-02));
#2578 = CARTESIAN_POINT('',(0.84121524494,-5.E-02));
#2579 = CARTESIAN_POINT('',(0.679298051037,-5.E-02));
#2580 = CARTESIAN_POINT('',(0.514188649336,-5.E-02));
#2581 = CARTESIAN_POINT('',(0.345881869689,-5.E-02));
#2582 = CARTESIAN_POINT('',(0.174436792805,-5.E-02));
#2583 = CARTESIAN_POINT('',(0.,-5.E-02));
#2584 = ( GEOMETRIC_REPRESENTATION_CONTEXT(2) 
PARAMETRIC_REPRESENTATION_CONTEXT() REPRESENTATION_CONTEXT('2D SPACE',''
  ) );
#2585 = ORIENTED_EDGE('',*,*,#2586,.F.);
#2586 = EDGE_CURVE('',#2587,#2545,#2589,.T.);
#2587 = VERTEX_POINT('',#2588);
#2588 = CARTESIAN_POINT('',(-0.584267578125,-4.06144921875,1.5));
#2589 = SURFACE_CURVE('',#2590,(#2597,#2607),.PCURVE_S1.);
#2590 = B_SPLINE_CURVE_WITH_KNOTS('',5,(#2591,#2592,#2593,#2594,#2595,
    #2596),.UNSPECIFIED.,.F.,.F.,(6,6),(0.,1.),
  .PIECEWISE_BEZIER_KNOTS.);
#2591 = CARTESIAN_POINT('',(-0.584267578125,-4.06144921875,1.5));
#2592 = CARTESIAN_POINT('',(-0.274021760669,-4.175367604847,1.5));
#2593 = CARTESIAN_POINT('',(3.776986641111E-02,-4.278297584024,1.5));
#2594 = CARTESIAN_POINT('',(0.350859292782,-4.369183880208,1.5));
#2595 = CARTESIAN_POINT('',(0.664821052412,-4.446806732022,1.5));
#2596 = CARTESIAN_POINT('',(0.97904296875,-4.5099140625,1.5));
#2597 = PCURVE('',#44,#2598);
#2598 = DEFINITIONAL_REPRESENTATION('',(#2599),#2606);
#2599 = B_SPLINE_CURVE_WITH_KNOTS('',5,(#2600,#2601,#2602,#2603,#2604,
    #2605),.UNSPECIFIED.,.F.,.F.,(6,6),(0.,1.),
  .PIECEWISE_BEZIER_KNOTS.);
#2600 = CARTESIAN_POINT('',(39.415732421875,10.93855078125));
#2601 = CARTESIAN_POINT('',(39.725978239331,10.824632395153));
#2602 = CARTESIAN_POINT('',(40.037769866411,10.721702415976));
#2603 = CARTESIAN_POINT('',(40.350859292782,10.630816119792));
#2604 = CARTESIAN_POINT('',(40.664821052412,10.553193267978));
#2605 = CARTESIAN_POINT('',(40.97904296875,10.4900859375));
#2606 = ( GEOMETRIC_REPRESENTATION_CONTEXT(2) 
PARAMETRIC_REPRESENTATION_CONTEXT() REPRESENTATION_CONTEXT('2D SPACE',''
  ) );
#2607 = PCURVE('',#2608,#2615);
#2608 = SURFACE_OF_LINEAR_EXTRUSION('',#2609,#2613);
#2609 = B_SPLINE_CURVE_WITH_KNOTS('',2,(#2610,#2611,#2612),
  .UNSPECIFIED.,.F.,.F.,(3,3),(0.,1.),.PIECEWISE_BEZIER_KNOTS.);
#2610 = CARTESIAN_POINT('',(0.97904296875,-4.5099140625,1.45));
#2611 = CARTESIAN_POINT('',(0.224232421875,-4.3583203125,1.45));
#2612 = CARTESIAN_POINT('',(-0.584267578125,-4.06144921875,1.45));
#2613 = VECTOR('',#2614,1.);
#2614 = DIRECTION('',(-0.,-0.,-1.));
#2615 = DEFINITIONAL_REPRESENTATION('',(#2616),#2623);
#2616 = B_SPLINE_CURVE_WITH_KNOTS('',5,(#2617,#2618,#2619,#2620,#2621,
    #2622),.UNSPECIFIED.,.F.,.F.,(6,6),(0.,1.),
  .PIECEWISE_BEZIER_KNOTS.);
#2617 = CARTESIAN_POINT('',(1.,-5.E-02));
#2618 = CARTESIAN_POINT('',(0.808134930454,-5.E-02));
#2619 = CARTESIAN_POINT('',(0.61225809161,-5.E-02));
#2620 = CARTESIAN_POINT('',(0.412267890964,-5.E-02));
#2621 = CARTESIAN_POINT('',(0.208146214728,-5.E-02));
#2622 = CARTESIAN_POINT('',(0.,-5.E-02));
#2623 = ( GEOMETRIC_REPRESENTATION_CONTEXT(2) 
PARAMETRIC_REPRESENTATION_CONTEXT() REPRESENTATION_CONTEXT('2D SPACE',''
  ) );
#2624 = ORIENTED_EDGE('',*,*,#2625,.F.);
#2625 = EDGE_CURVE('',#2626,#2587,#2628,.T.);
#2626 = VERTEX_POINT('',#2627);
#2627 = CARTESIAN_POINT('',(-0.584267578125,-2.74763671875,1.5));
#2628 = SURFACE_CURVE('',#2629,(#2633,#2639),.PCURVE_S1.);
#2629 = LINE('',#2630,#2631);
#2630 = CARTESIAN_POINT('',(-0.584267578125,-9.530724609375,1.5));
#2631 = VECTOR('',#2632,1.);
#2632 = DIRECTION('',(0.,-1.,0.));
#2633 = PCURVE('',#44,#2634);
#2634 = DEFINITIONAL_REPRESENTATION('',(#2635),#2638);
#2635 = B_SPLINE_CURVE_WITH_KNOTS('',1,(#2636,#2637),.UNSPECIFIED.,.F.,
  .F.,(2,2),(-6.783087890625,-5.469275390625),.PIECEWISE_BEZIER_KNOTS.);
#2636 = CARTESIAN_POINT('',(39.415732421875,12.25236328125));
#2637 = CARTESIAN_POINT('',(39.415732421875,10.93855078125));
#2638 = ( GEOMETRIC_REPRESENTATION_CONTEXT(2) 
PARAMETRIC_REPRESENTATION_CONTEXT() REPRESENTATION_CONTEXT('2D SPACE',''
  ) );
#2639 = PCURVE('',#2640,#2645);
#2640 = PLANE('',#2641);
#2641 = AXIS2_PLACEMENT_3D('',#2642,#2643,#2644);
#2642 = CARTESIAN_POINT('',(-0.584267578125,-4.06144921875,1.45));
#2643 = DIRECTION('',(-1.,0.,0.));
#2644 = DIRECTION('',(0.,1.,0.));
#2645 = DEFINITIONAL_REPRESENTATION('',(#2646),#2649);
#2646 = B_SPLINE_CURVE_WITH_KNOTS('',1,(#2647,#2648),.UNSPECIFIED.,.F.,
  .F.,(2,2),(-6.783087890625,-5.469275390625),.PIECEWISE_BEZIER_KNOTS.);
#2647 = CARTESIAN_POINT('',(1.3138125,-5.E-02));
#2648 = CARTESIAN_POINT('',(0.,-5.E-02));
#2649 = ( GEOMETRIC_REPRESENTATION_CONTEXT(2) 
PARAMETRIC_REPRESENTATION_CONTEXT() REPRESENTATION_CONTEXT('2D SPACE',''
  ) );
#2650 = ORIENTED_EDGE('',*,*,#2651,.F.);
#2651 = EDGE_CURVE('',#2652,#2626,#2654,.T.);
#2652 = VERTEX_POINT('',#2653);
#2653 = CARTESIAN_POINT('',(0.937986328125,-3.40454296875,1.5));
#2654 = SURFACE_CURVE('',#2655,(#2666,#2680),.PCURVE_S1.);
#2655 = B_SPLINE_CURVE_WITH_KNOTS('',5,(#2656,#2657,#2658,#2659,#2660,
    #2661,#2662,#2663,#2664,#2665),.UNSPECIFIED.,.F.,.F.,(6,4,6),(0.,
    0.489434910011,1.),.UNSPECIFIED.);
#2656 = CARTESIAN_POINT('',(0.937986328125,-3.40454296875,1.5));
#2657 = CARTESIAN_POINT('',(0.784906822886,-3.359138030755,1.5));
#2658 = CARTESIAN_POINT('',(0.632628317196,-3.308555748642,1.5));
#2659 = CARTESIAN_POINT('',(0.481278129982,-3.253065265332,1.5));
#2660 = CARTESIAN_POINT('',(0.33095034915,-3.192945859695,1.5));
#2661 = CARTESIAN_POINT('',(2.602706430572E-02,-3.06119956814,1.5));
#2662 = CARTESIAN_POINT('',(-0.128471699323,-2.989188283046,1.5));
#2663 = CARTESIAN_POINT('',(-0.281713098968,-2.912734030413,1.5));
#2664 = CARTESIAN_POINT('',(-0.433652122753,-2.832128315666,1.5));
#2665 = CARTESIAN_POINT('',(-0.584267578125,-2.74763671875,1.5));
#2666 = PCURVE('',#44,#2667);
#2667 = DEFINITIONAL_REPRESENTATION('',(#2668),#2679);
#2668 = B_SPLINE_CURVE_WITH_KNOTS('',5,(#2669,#2670,#2671,#2672,#2673,
    #2674,#2675,#2676,#2677,#2678),.UNSPECIFIED.,.F.,.F.,(6,4,6),(0.,
    0.489434910011,1.),.UNSPECIFIED.);
#2669 = CARTESIAN_POINT('',(40.937986328125,11.59545703125));
#2670 = CARTESIAN_POINT('',(40.784906822886,11.640861969245));
#2671 = CARTESIAN_POINT('',(40.632628317196,11.691444251358));
#2672 = CARTESIAN_POINT('',(40.481278129982,11.746934734668));
#2673 = CARTESIAN_POINT('',(40.33095034915,11.807054140305));
#2674 = CARTESIAN_POINT('',(40.026027064306,11.93880043186));
#2675 = CARTESIAN_POINT('',(39.871528300677,12.010811716954));
#2676 = CARTESIAN_POINT('',(39.718286901032,12.087265969587));
#2677 = CARTESIAN_POINT('',(39.566347877247,12.167871684334));
#2678 = CARTESIAN_POINT('',(39.415732421875,12.25236328125));
#2679 = ( GEOMETRIC_REPRESENTATION_CONTEXT(2) 
PARAMETRIC_REPRESENTATION_CONTEXT() REPRESENTATION_CONTEXT('2D SPACE',''
  ) );
#2680 = PCURVE('',#2681,#2688);
#2681 = SURFACE_OF_LINEAR_EXTRUSION('',#2682,#2686);
#2682 = B_SPLINE_CURVE_WITH_KNOTS('',2,(#2683,#2684,#2685),
  .UNSPECIFIED.,.F.,.F.,(3,3),(0.,1.),.PIECEWISE_BEZIER_KNOTS.);
#2683 = CARTESIAN_POINT('',(-0.584267578125,-2.74763671875,1.45));
#2684 = CARTESIAN_POINT('',(0.192650390625,-3.18346875,1.45));
#2685 = CARTESIAN_POINT('',(0.937986328125,-3.40454296875,1.45));
#2686 = VECTOR('',#2687,1.);
#2687 = DIRECTION('',(-0.,-0.,-1.));
#2688 = DEFINITIONAL_REPRESENTATION('',(#2689),#2700);
#2689 = B_SPLINE_CURVE_WITH_KNOTS('',5,(#2690,#2691,#2692,#2693,#2694,
    #2695,#2696,#2697,#2698,#2699),.UNSPECIFIED.,.F.,.F.,(6,4,6),(0.,
    0.489434910011,1.),.UNSPECIFIED.);
#2690 = CARTESIAN_POINT('',(1.,-5.E-02));
#2691 = CARTESIAN_POINT('',(0.897308383014,-5.E-02));
#2692 = CARTESIAN_POINT('',(0.795712668693,-5.E-02));
#2693 = CARTESIAN_POINT('',(0.69527440025,-5.E-02));
#2694 = CARTESIAN_POINT('',(0.596030765973,-5.E-02));
#2695 = CARTESIAN_POINT('',(0.395736990503,-5.E-02));
#2696 = CARTESIAN_POINT('',(0.294794357933,-5.E-02));
#2697 = CARTESIAN_POINT('',(0.195191985246,-5.E-02));
#2698 = CARTESIAN_POINT('',(9.693137591774E-02,-5.E-02));
#2699 = CARTESIAN_POINT('',(0.,-5.E-02));
#2700 = ( GEOMETRIC_REPRESENTATION_CONTEXT(2) 
PARAMETRIC_REPRESENTATION_CONTEXT() REPRESENTATION_CONTEXT('2D SPACE',''
  ) );
#2701 = ORIENTED_EDGE('',*,*,#2702,.F.);
#2702 = EDGE_CURVE('',#2703,#2652,#2705,.T.);
#2703 = VERTEX_POINT('',#2704);
#2704 = CARTESIAN_POINT('',(2.403392578125,-3.6256171875,1.5));
#2705 = SURFACE_CURVE('',#2706,(#2717,#2731),.PCURVE_S1.);
#2706 = B_SPLINE_CURVE_WITH_KNOTS('',5,(#2707,#2708,#2709,#2710,#2711,
    #2712,#2713,#2714,#2715,#2716),.UNSPECIFIED.,.F.,.F.,(6,4,6),(0.,
    0.495317219911,1.),.UNSPECIFIED.);
#2707 = CARTESIAN_POINT('',(2.403392578125,-3.6256171875,1.5));
#2708 = CARTESIAN_POINT('',(2.257559996731,-3.6256171875,1.5));
#2709 = CARTESIAN_POINT('',(2.111515608419,-3.619949866148,1.5));
#2710 = CARTESIAN_POINT('',(1.965464405847,-3.608683013851,1.5));
#2711 = CARTESIAN_POINT('',(1.819594008666,-3.591945200229,1.5));
#2712 = CARTESIAN_POINT('',(1.525804378498,-3.547449270621,1.5));
#2713 = CARTESIAN_POINT('',(1.377896825457,-3.519488482972,1.5));
#2714 = CARTESIAN_POINT('',(1.230530615185,-3.486201824387,1.5));
#2715 = CARTESIAN_POINT('',(1.083853636991,-3.447808695956,1.5));
#2716 = CARTESIAN_POINT('',(0.937986328125,-3.40454296875,1.5));
#2717 = PCURVE('',#44,#2718);
#2718 = DEFINITIONAL_REPRESENTATION('',(#2719),#2730);
#2719 = B_SPLINE_CURVE_WITH_KNOTS('',5,(#2720,#2721,#2722,#2723,#2724,
    #2725,#2726,#2727,#2728,#2729),.UNSPECIFIED.,.F.,.F.,(6,4,6),(0.,
    0.495317219911,1.),.UNSPECIFIED.);
#2720 = CARTESIAN_POINT('',(42.403392578125,11.3743828125));
#2721 = CARTESIAN_POINT('',(42.257559996731,11.3743828125));
#2722 = CARTESIAN_POINT('',(42.111515608419,11.380050133852));
#2723 = CARTESIAN_POINT('',(41.965464405847,11.391316986149));
#2724 = CARTESIAN_POINT('',(41.819594008666,11.408054799771));
#2725 = CARTESIAN_POINT('',(41.525804378498,11.452550729379));
#2726 = CARTESIAN_POINT('',(41.377896825457,11.480511517028));
#2727 = CARTESIAN_POINT('',(41.230530615185,11.513798175613));
#2728 = CARTESIAN_POINT('',(41.083853636991,11.552191304044));
#2729 = CARTESIAN_POINT('',(40.937986328125,11.59545703125));
#2730 = ( GEOMETRIC_REPRESENTATION_CONTEXT(2) 
PARAMETRIC_REPRESENTATION_CONTEXT() REPRESENTATION_CONTEXT('2D SPACE',''
  ) );
#2731 = PCURVE('',#2732,#2739);
#2732 = SURFACE_OF_LINEAR_EXTRUSION('',#2733,#2737);
#2733 = B_SPLINE_CURVE_WITH_KNOTS('',2,(#2734,#2735,#2736),
  .UNSPECIFIED.,.F.,.F.,(3,3),(0.,1.),.PIECEWISE_BEZIER_KNOTS.);
#2734 = CARTESIAN_POINT('',(0.937986328125,-3.40454296875,1.45));
#2735 = CARTESIAN_POINT('',(1.683322265625,-3.6256171875,1.45));
#2736 = CARTESIAN_POINT('',(2.403392578125,-3.6256171875,1.45));
#2737 = VECTOR('',#2738,1.);
#2738 = DIRECTION('',(-0.,-0.,-1.));
#2739 = DEFINITIONAL_REPRESENTATION('',(#2740),#2751);
#2740 = B_SPLINE_CURVE_WITH_KNOTS('',5,(#2741,#2742,#2743,#2744,#2745,
    #2746,#2747,#2748,#2749,#2750),.UNSPECIFIED.,.F.,.F.,(6,4,6),(0.,
    0.495317219911,1.),.UNSPECIFIED.);
#2741 = CARTESIAN_POINT('',(1.,-5.E-02));
#2742 = CARTESIAN_POINT('',(0.898737262971,-5.E-02));
#2743 = CARTESIAN_POINT('',(0.797777195656,-5.E-02));
#2744 = CARTESIAN_POINT('',(0.697256760501,-5.E-02));
#2745 = CARTESIAN_POINT('',(0.597296033266,-5.E-02));
#2746 = CARTESIAN_POINT('',(0.396826456852,-5.E-02));
#2747 = CARTESIAN_POINT('',(0.296341801437,-5.E-02));
#2748 = CARTESIAN_POINT('',(0.196655688687,-5.E-02));
#2749 = CARTESIAN_POINT('',(9.785339839842E-02,-5.E-02));
#2750 = CARTESIAN_POINT('',(0.,-5.E-02));
#2751 = ( GEOMETRIC_REPRESENTATION_CONTEXT(2) 
PARAMETRIC_REPRESENTATION_CONTEXT() REPRESENTATION_CONTEXT('2D SPACE',''
  ) );
#2752 = ORIENTED_EDGE('',*,*,#2753,.F.);
#2753 = EDGE_CURVE('',#2754,#2703,#2756,.T.);
#2754 = VERTEX_POINT('',#2755);
#2755 = CARTESIAN_POINT('',(4.089873046875,-3.1961015625,1.5));
#2756 = SURFACE_CURVE('',#2757,(#2775,#2796),.PCURVE_S1.);
#2757 = B_SPLINE_CURVE_WITH_KNOTS('',6,(#2758,#2759,#2760,#2761,#2762,
    #2763,#2764,#2765,#2766,#2767,#2768,#2769,#2770,#2771,#2772,#2773,
    #2774),.UNSPECIFIED.,.F.,.F.,(7,5,5,7),(0.,0.216653732733,
    0.444796260539,1.),.UNSPECIFIED.);
#2758 = CARTESIAN_POINT('',(4.089873046875,-3.1961015625,1.5));
#2759 = CARTESIAN_POINT('',(4.040706213867,-3.231669058719,1.5));
#2760 = CARTESIAN_POINT('',(3.989832912176,-3.26521860952,1.5));
#2761 = CARTESIAN_POINT('',(3.937380227666,-3.296744562584,1.5));
#2762 = CARTESIAN_POINT('',(3.883479622855,-3.326268231002,1.5));
#2763 = CARTESIAN_POINT('',(3.828261393205,-3.353830375743,1.5));
#2764 = CARTESIAN_POINT('',(3.7124454027,-3.406497353907,1.5));
#2765 = CARTESIAN_POINT('',(3.651717297402,-3.431394519206,1.5));
#2766 = CARTESIAN_POINT('',(3.58980671851,-3.45423841783,1.5));
#2767 = CARTESIAN_POINT('',(3.526846246055,-3.475106442857,1.5));
#2768 = CARTESIAN_POINT('',(3.462955544885,-3.494083619043,1.5));
#2769 = CARTESIAN_POINT('',(3.240741739799,-3.553046669898,1.5));
#2770 = CARTESIAN_POINT('',(3.078406594959,-3.58413364365,1.5));
#2771 = CARTESIAN_POINT('',(2.912615509926,-3.605808706554,1.5));
#2772 = CARTESIAN_POINT('',(2.7444357091,-3.619292854737,1.5));
#2773 = CARTESIAN_POINT('',(2.574577354802,-3.6256171875,1.5));
#2774 = CARTESIAN_POINT('',(2.403392578125,-3.6256171875,1.5));
#2775 = PCURVE('',#44,#2776);
#2776 = DEFINITIONAL_REPRESENTATION('',(#2777),#2795);
#2777 = B_SPLINE_CURVE_WITH_KNOTS('',6,(#2778,#2779,#2780,#2781,#2782,
    #2783,#2784,#2785,#2786,#2787,#2788,#2789,#2790,#2791,#2792,#2793,
    #2794),.UNSPECIFIED.,.F.,.F.,(7,5,5,7),(0.,0.216653732733,
    0.444796260539,1.),.UNSPECIFIED.);
#2778 = CARTESIAN_POINT('',(44.089873046875,11.8038984375));
#2779 = CARTESIAN_POINT('',(44.040706213867,11.768330941281));
#2780 = CARTESIAN_POINT('',(43.989832912176,11.73478139048));
#2781 = CARTESIAN_POINT('',(43.937380227666,11.703255437416));
#2782 = CARTESIAN_POINT('',(43.883479622855,11.673731768998));
#2783 = CARTESIAN_POINT('',(43.828261393205,11.646169624257));
#2784 = CARTESIAN_POINT('',(43.7124454027,11.593502646093));
#2785 = CARTESIAN_POINT('',(43.651717297402,11.568605480794));
#2786 = CARTESIAN_POINT('',(43.58980671851,11.54576158217));
#2787 = CARTESIAN_POINT('',(43.526846246055,11.524893557143));
#2788 = CARTESIAN_POINT('',(43.462955544885,11.505916380957));
#2789 = CARTESIAN_POINT('',(43.240741739799,11.446953330102));
#2790 = CARTESIAN_POINT('',(43.078406594959,11.41586635635));
#2791 = CARTESIAN_POINT('',(42.912615509926,11.394191293446));
#2792 = CARTESIAN_POINT('',(42.7444357091,11.380707145263));
#2793 = CARTESIAN_POINT('',(42.574577354802,11.3743828125));
#2794 = CARTESIAN_POINT('',(42.403392578125,11.3743828125));
#2795 = ( GEOMETRIC_REPRESENTATION_CONTEXT(2) 
PARAMETRIC_REPRESENTATION_CONTEXT() REPRESENTATION_CONTEXT('2D SPACE',''
  ) );
#2796 = PCURVE('',#2797,#2804);
#2797 = SURFACE_OF_LINEAR_EXTRUSION('',#2798,#2802);
#2798 = B_SPLINE_CURVE_WITH_KNOTS('',2,(#2799,#2800,#2801),
  .UNSPECIFIED.,.F.,.F.,(3,3),(0.,1.),.PIECEWISE_BEZIER_KNOTS.);
#2799 = CARTESIAN_POINT('',(2.403392578125,-3.6256171875,1.45));
#2800 = CARTESIAN_POINT('',(3.496130859375,-3.6256171875,1.45));
#2801 = CARTESIAN_POINT('',(4.089873046875,-3.1961015625,1.45));
#2802 = VECTOR('',#2803,1.);
#2803 = DIRECTION('',(-0.,-0.,-1.));
#2804 = DEFINITIONAL_REPRESENTATION('',(#2805),#2823);
#2805 = B_SPLINE_CURVE_WITH_KNOTS('',6,(#2806,#2807,#2808,#2809,#2810,
    #2811,#2812,#2813,#2814,#2815,#2816,#2817,#2818,#2819,#2820,#2821,
    #2822),.UNSPECIFIED.,.F.,.F.,(7,5,5,7),(0.,0.216653732733,
    0.444796260539,1.),.UNSPECIFIED.);
#2806 = CARTESIAN_POINT('',(1.,-5.E-02));
#2807 = CARTESIAN_POINT('',(0.958595806359,-5.E-02));
#2808 = CARTESIAN_POINT('',(0.917483498292,-5.E-02));
#2809 = CARTESIAN_POINT('',(0.876724230668,-5.E-02));
#2810 = CARTESIAN_POINT('',(0.836366826575,-5.E-02));
#2811 = CARTESIAN_POINT('',(0.796449236917,-5.E-02));
#2812 = CARTESIAN_POINT('',(0.715458834211,-5.E-02));
#2813 = CARTESIAN_POINT('',(0.674436773047,-5.E-02));
#2814 = CARTESIAN_POINT('',(0.633965136071,-5.E-02));
#2815 = CARTESIAN_POINT('',(0.594063446476,-5.E-02));
#2816 = CARTESIAN_POINT('',(0.554741261029,-5.E-02));
#2817 = CARTESIAN_POINT('',(0.421719932176,-5.E-02));
#2818 = CARTESIAN_POINT('',(0.330915529529,-5.E-02));
#2819 = CARTESIAN_POINT('',(0.243533028436,-5.E-02));
#2820 = CARTESIAN_POINT('',(0.159411692418,-5.E-02));
#2821 = CARTESIAN_POINT('',(7.832835163493E-02,-5.E-02));
#2822 = CARTESIAN_POINT('',(0.,-5.E-02));
#2823 = ( GEOMETRIC_REPRESENTATION_CONTEXT(2) 
PARAMETRIC_REPRESENTATION_CONTEXT() REPRESENTATION_CONTEXT('2D SPACE',''
  ) );
#2824 = ORIENTED_EDGE('',*,*,#2825,.F.);
#2825 = EDGE_CURVE('',#2826,#2754,#2828,.T.);
#2826 = VERTEX_POINT('',#2827);
#2827 = CARTESIAN_POINT('',(4.683615234375,-1.97071875,1.5));
#2828 = SURFACE_CURVE('',#2829,(#2848,#2870),.PCURVE_S1.);
#2829 = B_SPLINE_CURVE_WITH_KNOTS('',5,(#2830,#2831,#2832,#2833,#2834,
    #2835,#2836,#2837,#2838,#2839,#2840,#2841,#2842,#2843,#2844,#2845,
    #2846,#2847),.UNSPECIFIED.,.F.,.F.,(6,4,4,4,6),(0.,0.216229261617,
    0.604024654848,0.871047940631,1.),.UNSPECIFIED.);
#2830 = CARTESIAN_POINT('',(4.683615234375,-1.97071875,1.5));
#2831 = CARTESIAN_POINT('',(4.683615234375,-2.034284179467,1.5));
#2832 = CARTESIAN_POINT('',(4.681247955984,-2.097436285093,1.5));
#2833 = CARTESIAN_POINT('',(4.676357754368,-2.160054962718,1.5));
#2834 = CARTESIAN_POINT('',(4.668789382159,-2.22199015952,1.5));
#2835 = CARTESIAN_POINT('',(4.639820818212,-2.392612069008,1.5));
#2836 = CARTESIAN_POINT('',(4.612203206416,-2.499443460139,1.5));
#2837 = CARTESIAN_POINT('',(4.574862112324,-2.602464278336,1.5));
#2838 = CARTESIAN_POINT('',(4.527459278837,-2.700533100304,1.5));
#2839 = CARTESIAN_POINT('',(4.431414684935,-2.856197462012,1.5));
#2840 = CARTESIAN_POINT('',(4.387745938905,-2.916903260145,1.5));
#2841 = CARTESIAN_POINT('',(4.339752497955,-2.974544322098,1.5));
#2842 = CARTESIAN_POINT('',(4.287752691843,-3.028973384796,1.5));
#2843 = CARTESIAN_POINT('',(4.205287982405,-3.104854438922,1.5));
#2844 = CARTESIAN_POINT('',(4.177589519804,-3.128806618129,1.5));
#2845 = CARTESIAN_POINT('',(4.149091253437,-3.151996170532,1.5));
#2846 = CARTESIAN_POINT('',(4.119837424072,-3.174425204528,1.5));
#2847 = CARTESIAN_POINT('',(4.089873046875,-3.1961015625,1.5));
#2848 = PCURVE('',#44,#2849);
#2849 = DEFINITIONAL_REPRESENTATION('',(#2850),#2869);
#2850 = B_SPLINE_CURVE_WITH_KNOTS('',5,(#2851,#2852,#2853,#2854,#2855,
    #2856,#2857,#2858,#2859,#2860,#2861,#2862,#2863,#2864,#2865,#2866,
    #2867,#2868),.UNSPECIFIED.,.F.,.F.,(6,4,4,4,6),(0.,0.216229261617,
    0.604024654848,0.871047940631,1.),.UNSPECIFIED.);
#2851 = CARTESIAN_POINT('',(44.683615234375,13.02928125));
#2852 = CARTESIAN_POINT('',(44.683615234375,12.965715820533));
#2853 = CARTESIAN_POINT('',(44.681247955984,12.902563714907));
#2854 = CARTESIAN_POINT('',(44.676357754368,12.839945037282));
#2855 = CARTESIAN_POINT('',(44.668789382159,12.77800984048));
#2856 = CARTESIAN_POINT('',(44.639820818212,12.607387930992));
#2857 = CARTESIAN_POINT('',(44.612203206416,12.500556539861));
#2858 = CARTESIAN_POINT('',(44.574862112324,12.397535721664));
#2859 = CARTESIAN_POINT('',(44.527459278837,12.299466899696));
#2860 = CARTESIAN_POINT('',(44.431414684935,12.143802537988));
#2861 = CARTESIAN_POINT('',(44.387745938905,12.083096739855));
#2862 = CARTESIAN_POINT('',(44.339752497955,12.025455677902));
#2863 = CARTESIAN_POINT('',(44.287752691843,11.971026615204));
#2864 = CARTESIAN_POINT('',(44.205287982405,11.895145561078));
#2865 = CARTESIAN_POINT('',(44.177589519804,11.871193381871));
#2866 = CARTESIAN_POINT('',(44.149091253437,11.848003829468));
#2867 = CARTESIAN_POINT('',(44.119837424072,11.825574795472));
#2868 = CARTESIAN_POINT('',(44.089873046875,11.8038984375));
#2869 = ( GEOMETRIC_REPRESENTATION_CONTEXT(2) 
PARAMETRIC_REPRESENTATION_CONTEXT() REPRESENTATION_CONTEXT('2D SPACE',''
  ) );
#2870 = PCURVE('',#2871,#2878);
#2871 = SURFACE_OF_LINEAR_EXTRUSION('',#2872,#2876);
#2872 = B_SPLINE_CURVE_WITH_KNOTS('',2,(#2873,#2874,#2875),
  .UNSPECIFIED.,.F.,.F.,(3,3),(0.,1.),.PIECEWISE_BEZIER_KNOTS.);
#2873 = CARTESIAN_POINT('',(4.089873046875,-3.1961015625,1.45));
#2874 = CARTESIAN_POINT('',(4.683615234375,-2.7665859375,1.45));
#2875 = CARTESIAN_POINT('',(4.683615234375,-1.97071875,1.45));
#2876 = VECTOR('',#2877,1.);
#2877 = DIRECTION('',(-0.,-0.,-1.));
#2878 = DEFINITIONAL_REPRESENTATION('',(#2879),#2898);
#2879 = B_SPLINE_CURVE_WITH_KNOTS('',5,(#2880,#2881,#2882,#2883,#2884,
    #2885,#2886,#2887,#2888,#2889,#2890,#2891,#2892,#2893,#2894,#2895,
    #2896,#2897),.UNSPECIFIED.,.F.,.F.,(6,4,4,4,6),(0.,0.216229261617,
    0.604024654848,0.871047940631,1.),.UNSPECIFIED.);
#2880 = CARTESIAN_POINT('',(1.,-5.E-02));
#2881 = CARTESIAN_POINT('',(0.960065303316,-5.E-02));
#2882 = CARTESIAN_POINT('',(0.919472621663,-5.E-02));
#2883 = CARTESIAN_POINT('',(0.878237075645,-5.E-02));
#2884 = CARTESIAN_POINT('',(0.836392755053,-5.E-02));
#2885 = CARTESIAN_POINT('',(0.717970904802,-5.E-02));
#2886 = CARTESIAN_POINT('',(0.640148846572,-5.E-02));
#2887 = CARTESIAN_POINT('',(0.560951544734,-5.E-02));
#2888 = CARTESIAN_POINT('',(0.480964971095,-5.E-02));
#2889 = CARTESIAN_POINT('',(0.345938723611,-5.E-02));
#2890 = CARTESIAN_POINT('',(0.290872787401,-5.E-02));
#2891 = CARTESIAN_POINT('',(0.236055829542,-5.E-02));
#2892 = CARTESIAN_POINT('',(0.181703765023,-5.E-02));
#2893 = CARTESIAN_POINT('',(0.10206514164,-5.E-02));
#2894 = CARTESIAN_POINT('',(7.62802364409E-02,-5.E-02));
#2895 = CARTESIAN_POINT('',(5.066441150314E-02,-5.E-02));
#2896 = CARTESIAN_POINT('',(2.523349176424E-02,-5.E-02));
#2897 = CARTESIAN_POINT('',(0.,-5.E-02));
#2898 = ( GEOMETRIC_REPRESENTATION_CONTEXT(2) 
PARAMETRIC_REPRESENTATION_CONTEXT() REPRESENTATION_CONTEXT('2D SPACE',''
  ) );
#2899 = ORIENTED_EDGE('',*,*,#2900,.F.);
#2900 = EDGE_CURVE('',#2901,#2826,#2903,.T.);
#2901 = VERTEX_POINT('',#2902);
#2902 = CARTESIAN_POINT('',(4.2572578125,-0.884296875,1.5));
#2903 = SURFACE_CURVE('',#2904,(#2922,#2943),.PCURVE_S1.);
#2904 = B_SPLINE_CURVE_WITH_KNOTS('',6,(#2905,#2906,#2907,#2908,#2909,
    #2910,#2911,#2912,#2913,#2914,#2915,#2916,#2917,#2918,#2919,#2920,
    #2921),.UNSPECIFIED.,.F.,.F.,(7,5,5,7),(0.,0.222942520287,
    0.714998169053,1.),.UNSPECIFIED.);
#2905 = CARTESIAN_POINT('',(4.2572578125,-0.884296875,1.5));
#2906 = CARTESIAN_POINT('',(4.289673446949,-0.914071235531,1.5));
#2907 = CARTESIAN_POINT('',(4.320770346012,-0.945044077041,1.5));
#2908 = CARTESIAN_POINT('',(4.350484265498,-0.977201012606,1.5));
#2909 = CARTESIAN_POINT('',(4.378759893525,-1.0105178919,1.5));
#2910 = CARTESIAN_POINT('',(4.405552222143,-1.044959690632,1.5));
#2911 = CARTESIAN_POINT('',(4.486613820046,-1.158874825039,1.5));
#2912 = CARTESIAN_POINT('',(4.535027666693,-1.242543289259,1.5));
#2913 = CARTESIAN_POINT('',(4.575674711128,-1.330946061129,1.5));
#2914 = CARTESIAN_POINT('',(4.608582134367,-1.423410339497,1.5));
#2915 = CARTESIAN_POINT('',(4.634050090215,-1.519209188665,1.5));
#2916 = CARTESIAN_POINT('',(4.663239650646,-1.674630584783,1.5));
#2917 = CARTESIAN_POINT('',(4.671604931856,-1.732526631458,1.5));
#2918 = CARTESIAN_POINT('',(4.677719079279,-1.791190461793,1.5));
#2919 = CARTESIAN_POINT('',(4.681685860344,-1.850508291745,1.5));
#2920 = CARTESIAN_POINT('',(4.683615234375,-1.910379406831,1.5));
#2921 = CARTESIAN_POINT('',(4.683615234375,-1.97071875,1.5));
#2922 = PCURVE('',#44,#2923);
#2923 = DEFINITIONAL_REPRESENTATION('',(#2924),#2942);
#2924 = B_SPLINE_CURVE_WITH_KNOTS('',6,(#2925,#2926,#2927,#2928,#2929,
    #2930,#2931,#2932,#2933,#2934,#2935,#2936,#2937,#2938,#2939,#2940,
    #2941),.UNSPECIFIED.,.F.,.F.,(7,5,5,7),(0.,0.222942520287,
    0.714998169053,1.),.UNSPECIFIED.);
#2925 = CARTESIAN_POINT('',(44.2572578125,14.115703125));
#2926 = CARTESIAN_POINT('',(44.289673446949,14.085928764469));
#2927 = CARTESIAN_POINT('',(44.320770346012,14.054955922959));
#2928 = CARTESIAN_POINT('',(44.350484265498,14.022798987394));
#2929 = CARTESIAN_POINT('',(44.378759893525,13.9894821081));
#2930 = CARTESIAN_POINT('',(44.405552222143,13.955040309368));
#2931 = CARTESIAN_POINT('',(44.486613820046,13.841125174961));
#2932 = CARTESIAN_POINT('',(44.535027666693,13.757456710741));
#2933 = CARTESIAN_POINT('',(44.575674711128,13.669053938871));
#2934 = CARTESIAN_POINT('',(44.608582134367,13.576589660503));
#2935 = CARTESIAN_POINT('',(44.634050090215,13.480790811335));
#2936 = CARTESIAN_POINT('',(44.663239650646,13.325369415217));
#2937 = CARTESIAN_POINT('',(44.671604931856,13.267473368542));
#2938 = CARTESIAN_POINT('',(44.677719079279,13.208809538207));
#2939 = CARTESIAN_POINT('',(44.681685860344,13.149491708255));
#2940 = CARTESIAN_POINT('',(44.683615234375,13.089620593169));
#2941 = CARTESIAN_POINT('',(44.683615234375,13.02928125));
#2942 = ( GEOMETRIC_REPRESENTATION_CONTEXT(2) 
PARAMETRIC_REPRESENTATION_CONTEXT() REPRESENTATION_CONTEXT('2D SPACE',''
  ) );
#2943 = PCURVE('',#2944,#2951);
#2944 = SURFACE_OF_LINEAR_EXTRUSION('',#2945,#2949);
#2945 = B_SPLINE_CURVE_WITH_KNOTS('',2,(#2946,#2947,#2948),
  .UNSPECIFIED.,.F.,.F.,(3,3),(0.,1.),.PIECEWISE_BEZIER_KNOTS.);
#2946 = CARTESIAN_POINT('',(4.683615234375,-1.97071875,1.45));
#2947 = CARTESIAN_POINT('',(4.683615234375,-1.2759140625,1.45));
#2948 = CARTESIAN_POINT('',(4.2572578125,-0.884296875,1.45));
#2949 = VECTOR('',#2950,1.);
#2950 = DIRECTION('',(-0.,-0.,-1.));
#2951 = DEFINITIONAL_REPRESENTATION('',(#2952),#2970);
#2952 = B_SPLINE_CURVE_WITH_KNOTS('',6,(#2953,#2954,#2955,#2956,#2957,
    #2958,#2959,#2960,#2961,#2962,#2963,#2964,#2965,#2966,#2967,#2968,
    #2969),.UNSPECIFIED.,.F.,.F.,(7,5,5,7),(0.,0.222942520287,
    0.714998169053,1.),.UNSPECIFIED.);
#2953 = CARTESIAN_POINT('',(1.,-5.E-02));
#2954 = CARTESIAN_POINT('',(0.961985375666,-5.E-02));
#2955 = CARTESIAN_POINT('',(0.923783134871,-5.E-02));
#2956 = CARTESIAN_POINT('',(0.885436506801,-5.E-02));
#2957 = CARTESIAN_POINT('',(0.846991175675,-5.E-02));
#2958 = CARTESIAN_POINT('',(0.80849537803,-5.E-02));
#2959 = CARTESIAN_POINT('',(0.685036987171,-5.E-02));
#2960 = CARTESIAN_POINT('',(0.600051889469,-5.E-02));
#2961 = CARTESIAN_POINT('',(0.515634398545,-5.E-02));
#2962 = CARTESIAN_POINT('',(0.432254770604,-5.E-02));
#2963 = CARTESIAN_POINT('',(0.35028252891,-5.E-02));
#2964 = CARTESIAN_POINT('',(0.223499837285,-5.E-02));
#2965 = CARTESIAN_POINT('',(0.177555493328,-5.E-02));
#2966 = CARTESIAN_POINT('',(0.132210614662,-5.E-02));
#2967 = CARTESIAN_POINT('',(8.749398194451E-02,-5.E-02));
#2968 = CARTESIAN_POINT('',(4.342180202182E-02,-5.E-02));
#2969 = CARTESIAN_POINT('',(0.,-5.E-02));
#2970 = ( GEOMETRIC_REPRESENTATION_CONTEXT(2) 
PARAMETRIC_REPRESENTATION_CONTEXT() REPRESENTATION_CONTEXT('2D SPACE',''
  ) );
#2971 = ORIENTED_EDGE('',*,*,#2972,.F.);
#2972 = EDGE_CURVE('',#2973,#2901,#2975,.T.);
#2973 = VERTEX_POINT('',#2974);
#2974 = CARTESIAN_POINT('',(2.858173828125,-0.29687109375,1.5));
#2975 = SURFACE_CURVE('',#2976,(#2994,#3015),.PCURVE_S1.);
#2976 = B_SPLINE_CURVE_WITH_KNOTS('',6,(#2977,#2978,#2979,#2980,#2981,
    #2982,#2983,#2984,#2985,#2986,#2987,#2988,#2989,#2990,#2991,#2992,
    #2993),.UNSPECIFIED.,.F.,.F.,(7,5,5,7),(0.,0.553817403084,
    0.980784997882,1.),.UNSPECIFIED.);
#2977 = CARTESIAN_POINT('',(2.858173828125,-0.29687109375,1.5));
#2978 = CARTESIAN_POINT('',(3.006605497739,-0.326750196075,1.5));
#2979 = CARTESIAN_POINT('',(3.152784281932,-0.360448114287,1.5));
#2980 = CARTESIAN_POINT('',(3.296328659841,-0.398467822132,1.5));
#2981 = CARTESIAN_POINT('',(3.436552280693,-0.441415811777,1.5));
#2982 = CARTESIAN_POINT('',(3.572459335206,-0.490009996352,1.5));
#2983 = CARTESIAN_POINT('',(3.803079314508,-0.587684192846,1.5));
#2984 = CARTESIAN_POINT('',(3.90005164127,-0.634083948328,1.5));
#2985 = CARTESIAN_POINT('',(3.992976861435,-0.684775797174,1.5));
#2986 = CARTESIAN_POINT('',(4.080951000344,-0.740169655642,1.5));
#2987 = CARTESIAN_POINT('',(4.16281716824,-0.800645454063,1.5));
#2988 = CARTESIAN_POINT('',(4.240710859575,-0.869344619561,1.5));
#2989 = CARTESIAN_POINT('',(4.244050487551,-0.872313789617,1.5));
#2990 = CARTESIAN_POINT('',(4.247375111464,-0.875293589603,1.5));
#2991 = CARTESIAN_POINT('',(4.250684616796,-0.878284030681,1.5));
#2992 = CARTESIAN_POINT('',(4.2539788888,-0.881285122861,1.5));
#2993 = CARTESIAN_POINT('',(4.2572578125,-0.884296875,1.5));
#2994 = PCURVE('',#44,#2995);
#2995 = DEFINITIONAL_REPRESENTATION('',(#2996),#3014);
#2996 = B_SPLINE_CURVE_WITH_KNOTS('',6,(#2997,#2998,#2999,#3000,#3001,
    #3002,#3003,#3004,#3005,#3006,#3007,#3008,#3009,#3010,#3011,#3012,
    #3013),.UNSPECIFIED.,.F.,.F.,(7,5,5,7),(0.,0.553817403084,
    0.980784997882,1.),.UNSPECIFIED.);
#2997 = CARTESIAN_POINT('',(42.858173828125,14.70312890625));
#2998 = CARTESIAN_POINT('',(43.006605497739,14.673249803925));
#2999 = CARTESIAN_POINT('',(43.152784281932,14.639551885713));
#3000 = CARTESIAN_POINT('',(43.296328659841,14.601532177868));
#3001 = CARTESIAN_POINT('',(43.436552280693,14.558584188223));
#3002 = CARTESIAN_POINT('',(43.572459335206,14.509990003648));
#3003 = CARTESIAN_POINT('',(43.803079314508,14.412315807154));
#3004 = CARTESIAN_POINT('',(43.90005164127,14.365916051672));
#3005 = CARTESIAN_POINT('',(43.992976861435,14.315224202826));
#3006 = CARTESIAN_POINT('',(44.080951000344,14.259830344358));
#3007 = CARTESIAN_POINT('',(44.16281716824,14.199354545937));
#3008 = CARTESIAN_POINT('',(44.240710859575,14.130655380439));
#3009 = CARTESIAN_POINT('',(44.244050487551,14.127686210383));
#3010 = CARTESIAN_POINT('',(44.247375111464,14.124706410397));
#3011 = CARTESIAN_POINT('',(44.250684616796,14.121715969319));
#3012 = CARTESIAN_POINT('',(44.2539788888,14.118714877139));
#3013 = CARTESIAN_POINT('',(44.2572578125,14.115703125));
#3014 = ( GEOMETRIC_REPRESENTATION_CONTEXT(2) 
PARAMETRIC_REPRESENTATION_CONTEXT() REPRESENTATION_CONTEXT('2D SPACE',''
  ) );
#3015 = PCURVE('',#3016,#3023);
#3016 = SURFACE_OF_LINEAR_EXTRUSION('',#3017,#3021);
#3017 = B_SPLINE_CURVE_WITH_KNOTS('',2,(#3018,#3019,#3020),
  .UNSPECIFIED.,.F.,.F.,(3,3),(0.,1.),.PIECEWISE_BEZIER_KNOTS.);
#3018 = CARTESIAN_POINT('',(4.2572578125,-0.884296875,1.45));
#3019 = CARTESIAN_POINT('',(3.830900390625,-0.4926796875,1.45));
#3020 = CARTESIAN_POINT('',(2.858173828125,-0.29687109375,1.45));
#3021 = VECTOR('',#3022,1.);
#3022 = DIRECTION('',(-0.,-0.,-1.));
#3023 = DEFINITIONAL_REPRESENTATION('',(#3024),#3042);
#3024 = B_SPLINE_CURVE_WITH_KNOTS('',6,(#3025,#3026,#3027,#3028,#3029,
    #3030,#3031,#3032,#3033,#3034,#3035,#3036,#3037,#3038,#3039,#3040,
    #3041),.UNSPECIFIED.,.F.,.F.,(7,5,5,7),(0.,0.553817403084,
    0.980784997882,1.),.UNSPECIFIED.);
#3025 = CARTESIAN_POINT('',(1.,-5.E-02));
#3026 = CARTESIAN_POINT('',(0.923703291687,-5.E-02));
#3027 = CARTESIAN_POINT('',(0.844640844928,-5.E-02));
#3028 = CARTESIAN_POINT('',(0.762476295748,-5.E-02));
#3029 = CARTESIAN_POINT('',(0.676878539919,-5.E-02));
#3030 = CARTESIAN_POINT('',(0.587515998618,-5.E-02));
#3031 = CARTESIAN_POINT('',(0.421903491687,-5.E-02));
#3032 = CARTESIAN_POINT('',(0.347371448791,-5.E-02));
#3033 = CARTESIAN_POINT('',(0.270229557673,-5.E-02));
#3034 = CARTESIAN_POINT('',(0.190398881922,-5.E-02));
#3035 = CARTESIAN_POINT('',(0.107911269951,-5.E-02));
#3036 = CARTESIAN_POINT('',(1.917870243113E-02,-5.E-02));
#3037 = CARTESIAN_POINT('',(1.535255434639E-02,-5.E-02));
#3038 = CARTESIAN_POINT('',(1.152158205279E-02,-5.E-02));
#3039 = CARTESIAN_POINT('',(7.685812991395E-03,-5.E-02));
#3040 = CARTESIAN_POINT('',(3.845275737385E-03,-5.E-02));
#3041 = CARTESIAN_POINT('',(0.,-5.E-02));
#3042 = ( GEOMETRIC_REPRESENTATION_CONTEXT(2) 
PARAMETRIC_REPRESENTATION_CONTEXT() REPRESENTATION_CONTEXT('2D SPACE',''
  ) );
#3043 = ORIENTED_EDGE('',*,*,#3044,.F.);
#3044 = EDGE_CURVE('',#3045,#2973,#3047,.T.);
#3045 = VERTEX_POINT('',#3046);
#3046 = CARTESIAN_POINT('',(2.081255859375,-0.14527734375,1.5));
#3047 = SURFACE_CURVE('',#3048,(#3052,#3058),.PCURVE_S1.);
#3048 = LINE('',#3049,#3050);
#3049 = CARTESIAN_POINT('',(-16.40313388643,3.461432850555,1.5));
#3050 = VECTOR('',#3051,1.);
#3051 = DIRECTION('',(0.981490592026,-0.19151035942,0.));
#3052 = PCURVE('',#44,#3053);
#3053 = DEFINITIONAL_REPRESENTATION('',(#3054),#3057);
#3054 = B_SPLINE_CURVE_WITH_KNOTS('',1,(#3055,#3056),.UNSPECIFIED.,.F.,
  .F.,(2,2),(18.832977000487,19.624546451139),.PIECEWISE_BEZIER_KNOTS.);
#3055 = CARTESIAN_POINT('',(42.081255859375,14.85472265625));
#3056 = CARTESIAN_POINT('',(42.858173828125,14.70312890625));
#3057 = ( GEOMETRIC_REPRESENTATION_CONTEXT(2) 
PARAMETRIC_REPRESENTATION_CONTEXT() REPRESENTATION_CONTEXT('2D SPACE',''
  ) );
#3058 = PCURVE('',#3059,#3064);
#3059 = PLANE('',#3060);
#3060 = AXIS2_PLACEMENT_3D('',#3061,#3062,#3063);
#3061 = CARTESIAN_POINT('',(2.858173828125,-0.29687109375,1.45));
#3062 = DIRECTION('',(-0.19151035942,-0.981490592026,0.));
#3063 = DIRECTION('',(-0.981490592026,0.19151035942,0.));
#3064 = DEFINITIONAL_REPRESENTATION('',(#3065),#3068);
#3065 = B_SPLINE_CURVE_WITH_KNOTS('',1,(#3066,#3067),.UNSPECIFIED.,.F.,
  .F.,(2,2),(18.832977000487,19.624546451139),.PIECEWISE_BEZIER_KNOTS.);
#3066 = CARTESIAN_POINT('',(0.791569450652,-5.E-02));
#3067 = CARTESIAN_POINT('',(0.,-5.E-02));
#3068 = ( GEOMETRIC_REPRESENTATION_CONTEXT(2) 
PARAMETRIC_REPRESENTATION_CONTEXT() REPRESENTATION_CONTEXT('2D SPACE',''
  ) );
#3069 = ORIENTED_EDGE('',*,*,#3070,.F.);
#3070 = EDGE_CURVE('',#3071,#3045,#3073,.T.);
#3071 = VERTEX_POINT('',#3072);
#3072 = CARTESIAN_POINT('',(1.5791015625E-02,0.7453359375,1.5));
#3073 = SURFACE_CURVE('',#3074,(#3092,#3113),.PCURVE_S1.);
#3074 = B_SPLINE_CURVE_WITH_KNOTS('',6,(#3075,#3076,#3077,#3078,#3079,
    #3080,#3081,#3082,#3083,#3084,#3085,#3086,#3087,#3088,#3089,#3090,
    #3091),.UNSPECIFIED.,.F.,.F.,(7,5,5,7),(0.,0.387662608117,
    0.85792884375,1.),.UNSPECIFIED.);
#3075 = CARTESIAN_POINT('',(1.5791015625E-02,0.7453359375,1.5));
#3076 = CARTESIAN_POINT('',(0.117243905616,0.648905467806,1.5));
#3077 = CARTESIAN_POINT('',(0.227723604422,0.560171280036,1.5));
#3078 = CARTESIAN_POINT('',(0.345594609056,0.478905904968,1.5));
#3079 = CARTESIAN_POINT('',(0.469321885354,0.404547893916,1.5));
#3080 = CARTESIAN_POINT('',(0.597732778382,0.336484375884,1.5));
#3081 = CARTESIAN_POINT('',(0.890562057377,0.198404108173,1.5));
#3082 = CARTESIAN_POINT('',(1.056733688945,0.131103905705,1.5));
#3083 = CARTESIAN_POINT('',(1.227162227493,7.10690036813E-02,1.5));
#3084 = CARTESIAN_POINT('',(1.40082291741,1.740707782857E-02,1.5));
#3085 = CARTESIAN_POINT('',(1.577015147416,-3.064099650094E-02,1.5));
#3086 = CARTESIAN_POINT('',(1.809236425308,-8.672367179334E-02,1.5));
#3087 = CARTESIAN_POINT('',(1.863306610555,-9.928027456547E-02,1.5));
#3088 = CARTESIAN_POINT('',(1.917555038928,-0.111398475877,1.5));
#3089 = CARTESIAN_POINT('',(1.971969703027,-0.123094250527,1.5));
#3090 = CARTESIAN_POINT('',(2.026539825566,-0.134382558257,1.5));
#3091 = CARTESIAN_POINT('',(2.081255859375,-0.14527734375,1.5));
#3092 = PCURVE('',#44,#3093);
#3093 = DEFINITIONAL_REPRESENTATION('',(#3094),#3112);
#3094 = B_SPLINE_CURVE_WITH_KNOTS('',6,(#3095,#3096,#3097,#3098,#3099,
    #3100,#3101,#3102,#3103,#3104,#3105,#3106,#3107,#3108,#3109,#3110,
    #3111),.UNSPECIFIED.,.F.,.F.,(7,5,5,7),(0.,0.387662608117,
    0.85792884375,1.),.UNSPECIFIED.);
#3095 = CARTESIAN_POINT('',(40.015791015625,15.7453359375));
#3096 = CARTESIAN_POINT('',(40.117243905616,15.648905467806));
#3097 = CARTESIAN_POINT('',(40.227723604422,15.560171280036));
#3098 = CARTESIAN_POINT('',(40.345594609056,15.478905904968));
#3099 = CARTESIAN_POINT('',(40.469321885354,15.404547893916));
#3100 = CARTESIAN_POINT('',(40.597732778382,15.336484375884));
#3101 = CARTESIAN_POINT('',(40.890562057377,15.198404108173));
#3102 = CARTESIAN_POINT('',(41.056733688945,15.131103905705));
#3103 = CARTESIAN_POINT('',(41.227162227493,15.071069003681));
#3104 = CARTESIAN_POINT('',(41.40082291741,15.017407077829));
#3105 = CARTESIAN_POINT('',(41.577015147416,14.969359003499));
#3106 = CARTESIAN_POINT('',(41.809236425308,14.913276328207));
#3107 = CARTESIAN_POINT('',(41.863306610555,14.900719725435));
#3108 = CARTESIAN_POINT('',(41.917555038928,14.888601524123));
#3109 = CARTESIAN_POINT('',(41.971969703027,14.876905749473));
#3110 = CARTESIAN_POINT('',(42.026539825566,14.865617441743));
#3111 = CARTESIAN_POINT('',(42.081255859375,14.85472265625));
#3112 = ( GEOMETRIC_REPRESENTATION_CONTEXT(2) 
PARAMETRIC_REPRESENTATION_CONTEXT() REPRESENTATION_CONTEXT('2D SPACE',''
  ) );
#3113 = PCURVE('',#3114,#3121);
#3114 = SURFACE_OF_LINEAR_EXTRUSION('',#3115,#3119);
#3115 = B_SPLINE_CURVE_WITH_KNOTS('',2,(#3116,#3117,#3118),
  .UNSPECIFIED.,.F.,.F.,(3,3),(0.,1.),.PIECEWISE_BEZIER_KNOTS.);
#3116 = CARTESIAN_POINT('',(2.081255859375,-0.14527734375,1.45));
#3117 = CARTESIAN_POINT('',(0.653748046875,0.1389609375,1.45));
#3118 = CARTESIAN_POINT('',(1.5791015625E-02,0.7453359375,1.45));
#3119 = VECTOR('',#3120,1.);
#3120 = DIRECTION('',(-0.,-0.,-1.));
#3121 = DEFINITIONAL_REPRESENTATION('',(#3122),#3140);
#3122 = B_SPLINE_CURVE_WITH_KNOTS('',6,(#3123,#3124,#3125,#3126,#3127,
    #3128,#3129,#3130,#3131,#3132,#3133,#3134,#3135,#3136,#3137,#3138,
    #3139),.UNSPECIFIED.,.F.,.F.,(7,5,5,7),(0.,0.387662608117,
    0.85792884375,1.),.UNSPECIFIED.);
#3123 = CARTESIAN_POINT('',(1.,-5.E-02));
#3124 = CARTESIAN_POINT('',(0.920486110332,-5.E-02));
#3125 = CARTESIAN_POINT('',(0.843287625279,-5.E-02));
#3126 = CARTESIAN_POINT('',(0.768658286361,-5.E-02));
#3127 = CARTESIAN_POINT('',(0.696635504523,-5.E-02));
#3128 = CARTESIAN_POINT('',(0.627141724811,-5.E-02));
#3129 = CARTESIAN_POINT('',(0.478551633509,-5.E-02));
#3130 = CARTESIAN_POINT('',(0.400609880575,-5.E-02));
#3131 = CARTESIAN_POINT('',(0.325857655847,-5.E-02));
#3132 = CARTESIAN_POINT('',(0.254021366922,-5.E-02));
#3133 = CARTESIAN_POINT('',(0.184827968751,-5.E-02));
#3134 = CARTESIAN_POINT('',(9.781074108459E-02,-5.E-02));
#3135 = CARTESIAN_POINT('',(7.783913763793E-02,-5.E-02));
#3136 = CARTESIAN_POINT('',(5.807850368646E-02,-5.E-02));
#3137 = CARTESIAN_POINT('',(3.852244931878E-02,-5.E-02));
#3138 = CARTESIAN_POINT('',(1.916488068566E-02,-5.E-02));
#3139 = CARTESIAN_POINT('',(0.,-5.E-02));
#3140 = ( GEOMETRIC_REPRESENTATION_CONTEXT(2) 
PARAMETRIC_REPRESENTATION_CONTEXT() REPRESENTATION_CONTEXT('2D SPACE',''
  ) );
#3141 = ORIENTED_EDGE('',*,*,#3142,.F.);
#3142 = EDGE_CURVE('',#3143,#3071,#3145,.T.);
#3143 = VERTEX_POINT('',#3144);
#3144 = CARTESIAN_POINT('',(-0.622166015625,2.43181640625,1.5));
#3145 = SURFACE_CURVE('',#3146,(#3165,#3187),.PCURVE_S1.);
#3146 = B_SPLINE_CURVE_WITH_KNOTS('',5,(#3147,#3148,#3149,#3150,#3151,
    #3152,#3153,#3154,#3155,#3156,#3157,#3158,#3159,#3160,#3161,#3162,
    #3163,#3164),.UNSPECIFIED.,.F.,.F.,(6,4,4,4,6),(0.,0.324022839317,
    0.576272123452,0.818984652845,1.),.UNSPECIFIED.);
#3147 = CARTESIAN_POINT('',(-0.622166015625,2.43181640625,1.5));
#3148 = CARTESIAN_POINT('',(-0.622166015625,2.307777647669,1.5));
#3149 = CARTESIAN_POINT('',(-0.616907118296,2.184431791427,1.5));
#3150 = CARTESIAN_POINT('',(-0.605847741385,2.062104217048,1.5));
#3151 = CARTESIAN_POINT('',(-0.588378382043,1.941294496268,1.5));
#3152 = CARTESIAN_POINT('',(-0.544989217791,1.730266284452,1.5));
#3153 = CARTESIAN_POINT('',(-0.521798911413,1.6392008109,1.5));
#3154 = CARTESIAN_POINT('',(-0.494172151607,1.549753617631,1.5));
#3155 = CARTESIAN_POINT('',(-0.46191125686,1.462288872037,1.5));
#3156 = CARTESIAN_POINT('',(-0.389387173961,1.295301125068,1.5));
#3157 = CARTESIAN_POINT('',(-0.349470175284,1.215596816227,1.5));
#3158 = CARTESIAN_POINT('',(-0.30514471597,1.138421592519,1.5));
#3159 = CARTESIAN_POINT('',(-0.256458297523,1.064090542377,1.5));
#3160 = CARTESIAN_POINT('',(-0.164182409946,0.939736348448,1.5));
#3161 = CARTESIAN_POINT('',(-0.122440884204,0.888334004479,1.5));
#3162 = CARTESIAN_POINT('',(-7.845506971243E-02,0.838757815767,1.5));
#3163 = CARTESIAN_POINT('',(-3.233343731512E-02,0.79107799178,1.5));
#3164 = CARTESIAN_POINT('',(1.5791015625E-02,0.7453359375,1.5));
#3165 = PCURVE('',#44,#3166);
#3166 = DEFINITIONAL_REPRESENTATION('',(#3167),#3186);
#3167 = B_SPLINE_CURVE_WITH_KNOTS('',5,(#3168,#3169,#3170,#3171,#3172,
    #3173,#3174,#3175,#3176,#3177,#3178,#3179,#3180,#3181,#3182,#3183,
    #3184,#3185),.UNSPECIFIED.,.F.,.F.,(6,4,4,4,6),(0.,0.324022839317,
    0.576272123452,0.818984652845,1.),.UNSPECIFIED.);
#3168 = CARTESIAN_POINT('',(39.377833984375,17.43181640625));
#3169 = CARTESIAN_POINT('',(39.377833984375,17.307777647669));
#3170 = CARTESIAN_POINT('',(39.383092881704,17.184431791427));
#3171 = CARTESIAN_POINT('',(39.394152258615,17.062104217048));
#3172 = CARTESIAN_POINT('',(39.411621617957,16.941294496268));
#3173 = CARTESIAN_POINT('',(39.455010782209,16.730266284452));
#3174 = CARTESIAN_POINT('',(39.478201088587,16.6392008109));
#3175 = CARTESIAN_POINT('',(39.505827848393,16.549753617631));
#3176 = CARTESIAN_POINT('',(39.53808874314,16.462288872037));
#3177 = CARTESIAN_POINT('',(39.610612826039,16.295301125068));
#3178 = CARTESIAN_POINT('',(39.650529824716,16.215596816227));
#3179 = CARTESIAN_POINT('',(39.69485528403,16.138421592519));
#3180 = CARTESIAN_POINT('',(39.743541702477,16.064090542377));
#3181 = CARTESIAN_POINT('',(39.835817590054,15.939736348448));
#3182 = CARTESIAN_POINT('',(39.877559115796,15.888334004479));
#3183 = CARTESIAN_POINT('',(39.921544930288,15.838757815767));
#3184 = CARTESIAN_POINT('',(39.967666562685,15.79107799178));
#3185 = CARTESIAN_POINT('',(40.015791015625,15.7453359375));
#3186 = ( GEOMETRIC_REPRESENTATION_CONTEXT(2) 
PARAMETRIC_REPRESENTATION_CONTEXT() REPRESENTATION_CONTEXT('2D SPACE',''
  ) );
#3187 = PCURVE('',#3188,#3195);
#3188 = SURFACE_OF_LINEAR_EXTRUSION('',#3189,#3193);
#3189 = B_SPLINE_CURVE_WITH_KNOTS('',2,(#3190,#3191,#3192),
  .UNSPECIFIED.,.F.,.F.,(3,3),(0.,1.),.PIECEWISE_BEZIER_KNOTS.);
#3190 = CARTESIAN_POINT('',(1.5791015625E-02,0.7453359375,1.45));
#3191 = CARTESIAN_POINT('',(-0.622166015625,1.3517109375,1.45));
#3192 = CARTESIAN_POINT('',(-0.622166015625,2.43181640625,1.45));
#3193 = VECTOR('',#3194,1.);
#3194 = DIRECTION('',(-0.,-0.,-1.));
#3195 = DEFINITIONAL_REPRESENTATION('',(#3196),#3215);
#3196 = B_SPLINE_CURVE_WITH_KNOTS('',5,(#3197,#3198,#3199,#3200,#3201,
    #3202,#3203,#3204,#3205,#3206,#3207,#3208,#3209,#3210,#3211,#3212,
    #3213,#3214),.UNSPECIFIED.,.F.,.F.,(6,4,4,4,6),(0.,0.324022839317,
    0.576272123452,0.818984652845,1.),.UNSPECIFIED.);
#3197 = CARTESIAN_POINT('',(1.,-5.E-02));
#3198 = CARTESIAN_POINT('',(0.942580256202,-5.E-02));
#3199 = CARTESIAN_POINT('',(0.883673518989,-5.E-02));
#3200 = CARTESIAN_POINT('',(0.823244242981,-5.E-02));
#3201 = CARTESIAN_POINT('',(0.76131417171,-5.E-02));
#3202 = CARTESIAN_POINT('',(0.648710405097,-5.E-02));
#3203 = CARTESIAN_POINT('',(0.598582893838,-5.E-02));
#3204 = CARTESIAN_POINT('',(0.547679478802,-5.E-02));
#3205 = CARTESIAN_POINT('',(0.496100786361,-5.E-02));
#3206 = CARTESIAN_POINT('',(0.393868981059,-5.E-02));
#3207 = CARTESIAN_POINT('',(0.343250940665,-5.E-02));
#3208 = CARTESIAN_POINT('',(0.292288246777,-5.E-02));
#3209 = CARTESIAN_POINT('',(0.241143088103,-5.E-02));
#3210 = CARTESIAN_POINT('',(0.151857412674,-5.E-02));
#3211 = CARTESIAN_POINT('',(0.113713671699,-5.E-02));
#3212 = CARTESIAN_POINT('',(7.564381434468E-02,-5.E-02));
#3213 = CARTESIAN_POINT('',(3.771762876085E-02,-5.E-02));
#3214 = CARTESIAN_POINT('',(0.,-5.E-02));
#3215 = ( GEOMETRIC_REPRESENTATION_CONTEXT(2) 
PARAMETRIC_REPRESENTATION_CONTEXT() REPRESENTATION_CONTEXT('2D SPACE',''
  ) );
#3216 = ORIENTED_EDGE('',*,*,#3217,.F.);
#3217 = EDGE_CURVE('',#3218,#3143,#3220,.T.);
#3218 = VERTEX_POINT('',#3219);
#3219 = CARTESIAN_POINT('',(0.25897265625,4.40253515625,1.5));
#3220 = SURFACE_CURVE('',#3221,(#3240,#3262),.PCURVE_S1.);
#3221 = B_SPLINE_CURVE_WITH_KNOTS('',5,(#3222,#3223,#3224,#3225,#3226,
    #3227,#3228,#3229,#3230,#3231,#3232,#3233,#3234,#3235,#3236,#3237,
    #3238,#3239),.UNSPECIFIED.,.F.,.F.,(6,4,4,4,6),(0.,0.366133236087,
    0.63500832246,0.764904466294,1.),.UNSPECIFIED.);
#3222 = CARTESIAN_POINT('',(0.25897265625,4.40253515625,1.5));
#3223 = CARTESIAN_POINT('',(0.131773738141,4.298587653279,1.5));
#3224 = CARTESIAN_POINT('',(1.307310311485E-02,4.185295211498,1.5));
#3225 = CARTESIAN_POINT('',(-9.536112306755E-02,4.062582415217,1.5));
#3226 = CARTESIAN_POINT('',(-0.191917508046,3.930862403983,1.5));
#3227 = CARTESIAN_POINT('',(-0.337339324879,3.689233397632,1.5));
#3228 = CARTESIAN_POINT('',(-0.392078655638,3.582794506077,1.5));
#3229 = CARTESIAN_POINT('',(-0.439658163593,3.472760855276,1.5));
#3230 = CARTESIAN_POINT('',(-0.480093469352,3.359750235441,1.5));
#3231 = CARTESIAN_POINT('',(-0.529800453352,3.188678905893,1.5));
#3232 = CARTESIAN_POINT('',(-0.544377689324,3.132405329181,1.5));
#3233 = CARTESIAN_POINT('',(-0.55736773364,3.075651678234,1.5));
#3234 = CARTESIAN_POINT('',(-0.568806767424,3.018481893276,1.5));
#3235 = CARTESIAN_POINT('',(-0.596717826494,2.856839468068,1.5));
#3236 = CARTESIAN_POINT('',(-0.609761911307,2.751555536284,1.5));
#3237 = CARTESIAN_POINT('',(-0.61813601954,2.645448363875,1.5));
#3238 = CARTESIAN_POINT('',(-0.622166015625,2.538799824403,1.5));
#3239 = CARTESIAN_POINT('',(-0.622166015625,2.43181640625,1.5));
#3240 = PCURVE('',#44,#3241);
#3241 = DEFINITIONAL_REPRESENTATION('',(#3242),#3261);
#3242 = B_SPLINE_CURVE_WITH_KNOTS('',5,(#3243,#3244,#3245,#3246,#3247,
    #3248,#3249,#3250,#3251,#3252,#3253,#3254,#3255,#3256,#3257,#3258,
    #3259,#3260),.UNSPECIFIED.,.F.,.F.,(6,4,4,4,6),(0.,0.366133236087,
    0.63500832246,0.764904466294,1.),.UNSPECIFIED.);
#3243 = CARTESIAN_POINT('',(40.25897265625,19.40253515625));
#3244 = CARTESIAN_POINT('',(40.131773738141,19.298587653279));
#3245 = CARTESIAN_POINT('',(40.013073103115,19.185295211498));
#3246 = CARTESIAN_POINT('',(39.904638876932,19.062582415217));
#3247 = CARTESIAN_POINT('',(39.808082491954,18.930862403983));
#3248 = CARTESIAN_POINT('',(39.662660675121,18.689233397632));
#3249 = CARTESIAN_POINT('',(39.607921344362,18.582794506077));
#3250 = CARTESIAN_POINT('',(39.560341836407,18.472760855276));
#3251 = CARTESIAN_POINT('',(39.519906530648,18.359750235441));
#3252 = CARTESIAN_POINT('',(39.470199546648,18.188678905893));
#3253 = CARTESIAN_POINT('',(39.455622310676,18.132405329181));
#3254 = CARTESIAN_POINT('',(39.44263226636,18.075651678234));
#3255 = CARTESIAN_POINT('',(39.431193232576,18.018481893276));
#3256 = CARTESIAN_POINT('',(39.403282173506,17.856839468068));
#3257 = CARTESIAN_POINT('',(39.390238088693,17.751555536284));
#3258 = CARTESIAN_POINT('',(39.38186398046,17.645448363875));
#3259 = CARTESIAN_POINT('',(39.377833984375,17.538799824403));
#3260 = CARTESIAN_POINT('',(39.377833984375,17.43181640625));
#3261 = ( GEOMETRIC_REPRESENTATION_CONTEXT(2) 
PARAMETRIC_REPRESENTATION_CONTEXT() REPRESENTATION_CONTEXT('2D SPACE',''
  ) );
#3262 = PCURVE('',#3263,#3270);
#3263 = SURFACE_OF_LINEAR_EXTRUSION('',#3264,#3268);
#3264 = B_SPLINE_CURVE_WITH_KNOTS('',2,(#3265,#3266,#3267),
  .UNSPECIFIED.,.F.,.F.,(3,3),(0.,1.),.PIECEWISE_BEZIER_KNOTS.);
#3265 = CARTESIAN_POINT('',(-0.622166015625,2.43181640625,1.45));
#3266 = CARTESIAN_POINT('',(-0.622166015625,3.68246484375,1.45));
#3267 = CARTESIAN_POINT('',(0.25897265625,4.40253515625,1.45));
#3268 = VECTOR('',#3269,1.);
#3269 = DIRECTION('',(-0.,-0.,-1.));
#3270 = DEFINITIONAL_REPRESENTATION('',(#3271),#3290);
#3271 = B_SPLINE_CURVE_WITH_KNOTS('',5,(#3272,#3273,#3274,#3275,#3276,
    #3277,#3278,#3279,#3280,#3281,#3282,#3283,#3284,#3285,#3286,#3287,
    #3288,#3289),.UNSPECIFIED.,.F.,.F.,(6,4,4,4,6),(0.,0.366133236087,
    0.63500832246,0.764904466294,1.),.UNSPECIFIED.);
#3272 = CARTESIAN_POINT('',(1.,-5.E-02));
#3273 = CARTESIAN_POINT('',(0.927821282751,-5.E-02));
#3274 = CARTESIAN_POINT('',(0.85395236506,-5.E-02));
#3275 = CARTESIAN_POINT('',(0.778788746637,-5.E-02));
#3276 = CARTESIAN_POINT('',(0.702883526326,-5.E-02));
#3277 = CARTESIAN_POINT('',(0.571273866221,-5.E-02));
#3278 = CARTESIAN_POINT('',(0.515542693166,-5.E-02));
#3279 = CARTESIAN_POINT('',(0.460097984271,-5.E-02));
#3280 = CARTESIAN_POINT('',(0.405182967061,-5.E-02));
#3281 = CARTESIAN_POINT('',(0.324823686762,-5.E-02));
#3282 = CARTESIAN_POINT('',(0.298816671026,-5.E-02));
#3283 = CARTESIAN_POINT('',(0.272999818272,-5.E-02));
#3284 = CARTESIAN_POINT('',(0.247389981254,-5.E-02));
#3285 = CARTESIAN_POINT('',(0.176047356468,-5.E-02));
#3286 = CARTESIAN_POINT('',(0.130815446734,-5.E-02));
#3287 = CARTESIAN_POINT('',(8.637863985446E-02,-5.E-02));
#3288 = CARTESIAN_POINT('',(4.277117971167E-02,-5.E-02));
#3289 = CARTESIAN_POINT('',(0.,-5.E-02));
#3290 = ( GEOMETRIC_REPRESENTATION_CONTEXT(2) 
PARAMETRIC_REPRESENTATION_CONTEXT() REPRESENTATION_CONTEXT('2D SPACE',''
  ) );
#3291 = ORIENTED_EDGE('',*,*,#3292,.F.);
#3292 = EDGE_CURVE('',#3293,#3218,#3295,.T.);
#3293 = VERTEX_POINT('',#3294);
#3294 = CARTESIAN_POINT('',(2.687630859375,5.12260546875,1.5));
#3295 = SURFACE_CURVE('',#3296,(#3314,#3335),.PCURVE_S1.);
#3296 = B_SPLINE_CURVE_WITH_KNOTS('',6,(#3297,#3298,#3299,#3300,#3301,
    #3302,#3303,#3304,#3305,#3306,#3307,#3308,#3309,#3310,#3311,#3312,
    #3313),.UNSPECIFIED.,.F.,.F.,(7,5,5,7),(0.,0.481017495169,
    0.747219280642,1.),.UNSPECIFIED.);
#3297 = CARTESIAN_POINT('',(2.687630859375,5.12260546875,1.5));
#3298 = CARTESIAN_POINT('',(2.476154549625,5.12260546875,1.5));
#3299 = CARTESIAN_POINT('',(2.265422302373,5.114537477711,1.5));
#3300 = CARTESIAN_POINT('',(2.055807080645,5.097438226726,1.5));
#3301 = CARTESIAN_POINT('',(1.848013259999,5.070168257584,1.5));
#3302 = CARTESIAN_POINT('',(1.643071917051,5.031440480406,1.5));
#3303 = CARTESIAN_POINT('',(1.331187764778,4.951553162423,1.5));
#3304 = CARTESIAN_POINT('',(1.221368660941,4.919207143783,1.5));
#3305 = CARTESIAN_POINT('',(1.113081088891,4.88277315364,1.5));
#3306 = CARTESIAN_POINT('',(1.006608452242,4.842059577906,1.5));
#3307 = CARTESIAN_POINT('',(0.902265535608,4.796912776516,1.5));
#3308 = CARTESIAN_POINT('',(0.703643569073,4.700080023721,1.5));
#3309 = CARTESIAN_POINT('',(0.609117099688,4.648836165665,1.5));
#3310 = CARTESIAN_POINT('',(0.517103838591,4.593442933296,1.5));
#3311 = CARTESIAN_POINT('',(0.427896661624,4.533880516407,1.5));
#3312 = CARTESIAN_POINT('',(0.341771204304,4.470198485842,1.5));
#3313 = CARTESIAN_POINT('',(0.25897265625,4.40253515625,1.5));
#3314 = PCURVE('',#44,#3315);
#3315 = DEFINITIONAL_REPRESENTATION('',(#3316),#3334);
#3316 = B_SPLINE_CURVE_WITH_KNOTS('',6,(#3317,#3318,#3319,#3320,#3321,
    #3322,#3323,#3324,#3325,#3326,#3327,#3328,#3329,#3330,#3331,#3332,
    #3333),.UNSPECIFIED.,.F.,.F.,(7,5,5,7),(0.,0.481017495169,
    0.747219280642,1.),.UNSPECIFIED.);
#3317 = CARTESIAN_POINT('',(42.687630859375,20.12260546875));
#3318 = CARTESIAN_POINT('',(42.476154549625,20.12260546875));
#3319 = CARTESIAN_POINT('',(42.265422302373,20.114537477711));
#3320 = CARTESIAN_POINT('',(42.055807080645,20.097438226726));
#3321 = CARTESIAN_POINT('',(41.848013259999,20.070168257584));
#3322 = CARTESIAN_POINT('',(41.643071917051,20.031440480406));
#3323 = CARTESIAN_POINT('',(41.331187764778,19.951553162423));
#3324 = CARTESIAN_POINT('',(41.221368660941,19.919207143783));
#3325 = CARTESIAN_POINT('',(41.113081088891,19.88277315364));
#3326 = CARTESIAN_POINT('',(41.006608452242,19.842059577906));
#3327 = CARTESIAN_POINT('',(40.902265535608,19.796912776516));
#3328 = CARTESIAN_POINT('',(40.703643569073,19.700080023721));
#3329 = CARTESIAN_POINT('',(40.609117099688,19.648836165665));
#3330 = CARTESIAN_POINT('',(40.517103838591,19.593442933296));
#3331 = CARTESIAN_POINT('',(40.427896661624,19.533880516407));
#3332 = CARTESIAN_POINT('',(40.341771204304,19.470198485842));
#3333 = CARTESIAN_POINT('',(40.25897265625,19.40253515625));
#3334 = ( GEOMETRIC_REPRESENTATION_CONTEXT(2) 
PARAMETRIC_REPRESENTATION_CONTEXT() REPRESENTATION_CONTEXT('2D SPACE',''
  ) );
#3335 = PCURVE('',#3336,#3343);
#3336 = SURFACE_OF_LINEAR_EXTRUSION('',#3337,#3341);
#3337 = B_SPLINE_CURVE_WITH_KNOTS('',2,(#3338,#3339,#3340),
  .UNSPECIFIED.,.F.,.F.,(3,3),(0.,1.),.PIECEWISE_BEZIER_KNOTS.);
#3338 = CARTESIAN_POINT('',(0.25897265625,4.40253515625,1.45));
#3339 = CARTESIAN_POINT('',(1.140111328125,5.12260546875,1.45));
#3340 = CARTESIAN_POINT('',(2.687630859375,5.12260546875,1.45));
#3341 = VECTOR('',#3342,1.);
#3342 = DIRECTION('',(-0.,-0.,-1.));
#3343 = DEFINITIONAL_REPRESENTATION('',(#3344),#3362);
#3344 = B_SPLINE_CURVE_WITH_KNOTS('',6,(#3345,#3346,#3347,#3348,#3349,
    #3350,#3351,#3352,#3353,#3354,#3355,#3356,#3357,#3358,#3359,#3360,
    #3361),.UNSPECIFIED.,.F.,.F.,(7,5,5,7),(0.,0.481017495169,
    0.747219280642,1.),.UNSPECIFIED.);
#3345 = CARTESIAN_POINT('',(1.,-5.E-02));
#3346 = CARTESIAN_POINT('',(0.931672490886,-5.E-02));
#3347 = CARTESIAN_POINT('',(0.861173000202,-5.E-02));
#3348 = CARTESIAN_POINT('',(0.788334007217,-5.E-02));
#3349 = CARTESIAN_POINT('',(0.713042387981,-5.E-02));
#3350 = CARTESIAN_POINT('',(0.635246431987,-5.E-02));
#3351 = CARTESIAN_POINT('',(0.510590506193,-5.E-02));
#3352 = CARTESIAN_POINT('',(0.465436517792,-5.E-02));
#3353 = CARTESIAN_POINT('',(0.41955503136,-5.E-02));
#3354 = CARTESIAN_POINT('',(0.372980319984,-5.E-02));
#3355 = CARTESIAN_POINT('',(0.32576815038,-5.E-02));
#3356 = CARTESIAN_POINT('',(0.2326401712,-5.E-02));
#3357 = CARTESIAN_POINT('',(0.186776609998,-5.E-02));
#3358 = CARTESIAN_POINT('',(0.14048436831,-5.E-02));
#3359 = CARTESIAN_POINT('',(9.385215025326E-02,-5.E-02));
#3360 = CARTESIAN_POINT('',(4.69838350629E-02,-5.E-02));
#3361 = CARTESIAN_POINT('',(0.,-5.E-02));
#3362 = ( GEOMETRIC_REPRESENTATION_CONTEXT(2) 
PARAMETRIC_REPRESENTATION_CONTEXT() REPRESENTATION_CONTEXT('2D SPACE',''
  ) );
#3363 = ORIENTED_EDGE('',*,*,#3364,.F.);
#3364 = EDGE_CURVE('',#3365,#3293,#3367,.T.);
#3365 = VERTEX_POINT('',#3366);
#3366 = CARTESIAN_POINT('',(4.039341796875,5.00259375,1.5));
#3367 = SURFACE_CURVE('',#3368,(#3375,#3385),.PCURVE_S1.);
#3368 = B_SPLINE_CURVE_WITH_KNOTS('',5,(#3369,#3370,#3371,#3372,#3373,
    #3374),.UNSPECIFIED.,.F.,.F.,(6,6),(0.,1.),
  .PIECEWISE_BEZIER_KNOTS.);
#3369 = CARTESIAN_POINT('',(4.039341796875,5.00259375,1.5));
#3370 = CARTESIAN_POINT('',(3.769001223394,5.049717336203,1.5));
#3371 = CARTESIAN_POINT('',(3.498235251606,5.08577472074,1.5));
#3372 = CARTESIAN_POINT('',(3.227435472946,5.110226727894,1.5));
#3373 = CARTESIAN_POINT('',(2.957059869195,5.12260546875,1.5));
#3374 = CARTESIAN_POINT('',(2.687630859375,5.12260546875,1.5));
#3375 = PCURVE('',#44,#3376);
#3376 = DEFINITIONAL_REPRESENTATION('',(#3377),#3384);
#3377 = B_SPLINE_CURVE_WITH_KNOTS('',5,(#3378,#3379,#3380,#3381,#3382,
    #3383),.UNSPECIFIED.,.F.,.F.,(6,6),(0.,1.),
  .PIECEWISE_BEZIER_KNOTS.);
#3378 = CARTESIAN_POINT('',(44.039341796875,20.00259375));
#3379 = CARTESIAN_POINT('',(43.769001223394,20.049717336203));
#3380 = CARTESIAN_POINT('',(43.498235251606,20.08577472074));
#3381 = CARTESIAN_POINT('',(43.227435472946,20.110226727894));
#3382 = CARTESIAN_POINT('',(42.957059869195,20.12260546875));
#3383 = CARTESIAN_POINT('',(42.687630859375,20.12260546875));
#3384 = ( GEOMETRIC_REPRESENTATION_CONTEXT(2) 
PARAMETRIC_REPRESENTATION_CONTEXT() REPRESENTATION_CONTEXT('2D SPACE',''
  ) );
#3385 = PCURVE('',#3386,#3393);
#3386 = SURFACE_OF_LINEAR_EXTRUSION('',#3387,#3391);
#3387 = B_SPLINE_CURVE_WITH_KNOTS('',2,(#3388,#3389,#3390),
  .UNSPECIFIED.,.F.,.F.,(3,3),(0.,1.),.PIECEWISE_BEZIER_KNOTS.);
#3388 = CARTESIAN_POINT('',(2.687630859375,5.12260546875,1.45));
#3389 = CARTESIAN_POINT('',(3.350853515625,5.12260546875,1.45));
#3390 = CARTESIAN_POINT('',(4.039341796875,5.00259375,1.45));
#3391 = VECTOR('',#3392,1.);
#3392 = DIRECTION('',(-0.,-0.,-1.));
#3393 = DEFINITIONAL_REPRESENTATION('',(#3394),#3401);
#3394 = B_SPLINE_CURVE_WITH_KNOTS('',5,(#3395,#3396,#3397,#3398,#3399,
    #3400),.UNSPECIFIED.,.F.,.F.,(6,6),(0.,1.),
  .PIECEWISE_BEZIER_KNOTS.);
#3395 = CARTESIAN_POINT('',(1.,-5.E-02));
#3396 = CARTESIAN_POINT('',(0.803670896918,-5.E-02));
#3397 = CARTESIAN_POINT('',(0.605264719909,-5.E-02));
#3398 = CARTESIAN_POINT('',(0.404991112564,-5.E-02));
#3399 = CARTESIAN_POINT('',(0.203121084059,-5.E-02));
#3400 = CARTESIAN_POINT('',(0.,-5.E-02));
#3401 = ( GEOMETRIC_REPRESENTATION_CONTEXT(2) 
PARAMETRIC_REPRESENTATION_CONTEXT() REPRESENTATION_CONTEXT('2D SPACE',''
  ) );
#3402 = ORIENTED_EDGE('',*,*,#3403,.F.);
#3403 = EDGE_CURVE('',#1824,#3365,#3404,.T.);
#3404 = SURFACE_CURVE('',#3405,(#3412,#3422),.PCURVE_S1.);
#3405 = B_SPLINE_CURVE_WITH_KNOTS('',5,(#3406,#3407,#3408,#3409,#3410,
    #3411),.UNSPECIFIED.,.F.,.F.,(6,6),(0.,1.),
  .PIECEWISE_BEZIER_KNOTS.);
#3406 = CARTESIAN_POINT('',(5.447900390625,4.64255859375,1.5));
#3407 = CARTESIAN_POINT('',(5.168117289283,4.735819627531,1.5));
#3408 = CARTESIAN_POINT('',(4.887075073916,4.819169602915,1.5));
#3409 = CARTESIAN_POINT('',(4.605019571096,4.89190155511,1.5));
#3410 = CARTESIAN_POINT('',(4.32229330757,4.953271927035,1.5));
#3411 = CARTESIAN_POINT('',(4.039341796875,5.00259375,1.5));
#3412 = PCURVE('',#44,#3413);
#3413 = DEFINITIONAL_REPRESENTATION('',(#3414),#3421);
#3414 = B_SPLINE_CURVE_WITH_KNOTS('',5,(#3415,#3416,#3417,#3418,#3419,
    #3420),.UNSPECIFIED.,.F.,.F.,(6,6),(0.,1.),
  .PIECEWISE_BEZIER_KNOTS.);
#3415 = CARTESIAN_POINT('',(45.447900390625,19.64255859375));
#3416 = CARTESIAN_POINT('',(45.168117289283,19.735819627531));
#3417 = CARTESIAN_POINT('',(44.887075073916,19.819169602915));
#3418 = CARTESIAN_POINT('',(44.605019571096,19.89190155511));
#3419 = CARTESIAN_POINT('',(44.32229330757,19.953271927035));
#3420 = CARTESIAN_POINT('',(44.039341796875,20.00259375));
#3421 = ( GEOMETRIC_REPRESENTATION_CONTEXT(2) 
PARAMETRIC_REPRESENTATION_CONTEXT() REPRESENTATION_CONTEXT('2D SPACE',''
  ) );
#3422 = PCURVE('',#3423,#3430);
#3423 = SURFACE_OF_LINEAR_EXTRUSION('',#3424,#3428);
#3424 = B_SPLINE_CURVE_WITH_KNOTS('',2,(#3425,#3426,#3427),
  .UNSPECIFIED.,.F.,.F.,(3,3),(0.,1.),.PIECEWISE_BEZIER_KNOTS.);
#3425 = CARTESIAN_POINT('',(4.039341796875,5.00259375,1.45));
#3426 = CARTESIAN_POINT('',(4.727830078125,4.88258203125,1.45));
#3427 = CARTESIAN_POINT('',(5.447900390625,4.64255859375,1.45));
#3428 = VECTOR('',#3429,1.);
#3429 = DIRECTION('',(-0.,-0.,-1.));
#3430 = DEFINITIONAL_REPRESENTATION('',(#3431),#3438);
#3431 = B_SPLINE_CURVE_WITH_KNOTS('',5,(#3432,#3433,#3434,#3435,#3436,
    #3437),.UNSPECIFIED.,.F.,.F.,(6,6),(0.,1.),
  .PIECEWISE_BEZIER_KNOTS.);
#3432 = CARTESIAN_POINT('',(1.,-5.E-02));
#3433 = CARTESIAN_POINT('',(0.805725151777,-5.E-02));
#3434 = CARTESIAN_POINT('',(0.608506742515,-5.E-02));
#3435 = CARTESIAN_POINT('',(0.40839027582,-5.E-02));
#3436 = CARTESIAN_POINT('',(0.205487528547,-5.E-02));
#3437 = CARTESIAN_POINT('',(0.,-5.E-02));
#3438 = ( GEOMETRIC_REPRESENTATION_CONTEXT(2) 
PARAMETRIC_REPRESENTATION_CONTEXT() REPRESENTATION_CONTEXT('2D SPACE',''
  ) );
#3439 = FACE_BOUND('',#3440,.T.);
#3440 = EDGE_LOOP('',(#3441,#3469,#3495,#3521));
#3441 = ORIENTED_EDGE('',*,*,#3442,.F.);
#3442 = EDGE_CURVE('',#3443,#3445,#3447,.T.);
#3443 = VERTEX_POINT('',#3444);
#3444 = CARTESIAN_POINT('',(8.006044921875,4.9520625,1.5));
#3445 = VERTEX_POINT('',#3446);
#3446 = CARTESIAN_POINT('',(8.006044921875,-4.47833203125,1.5));
#3447 = SURFACE_CURVE('',#3448,(#3452,#3458),.PCURVE_S1.);
#3448 = LINE('',#3449,#3450);
#3449 = CARTESIAN_POINT('',(8.006044921875,-9.739166015625,1.5));
#3450 = VECTOR('',#3451,1.);
#3451 = DIRECTION('',(0.,-1.,0.));
#3452 = PCURVE('',#44,#3453);
#3453 = DEFINITIONAL_REPRESENTATION('',(#3454),#3457);
#3454 = B_SPLINE_CURVE_WITH_KNOTS('',1,(#3455,#3456),.UNSPECIFIED.,.F.,
  .F.,(2,2),(-14.69122851562,-5.260833984375),.PIECEWISE_BEZIER_KNOTS.);
#3455 = CARTESIAN_POINT('',(48.006044921875,19.9520625));
#3456 = CARTESIAN_POINT('',(48.006044921875,10.52166796875));
#3457 = ( GEOMETRIC_REPRESENTATION_CONTEXT(2) 
PARAMETRIC_REPRESENTATION_CONTEXT() REPRESENTATION_CONTEXT('2D SPACE',''
  ) );
#3458 = PCURVE('',#3459,#3464);
#3459 = PLANE('',#3460);
#3460 = AXIS2_PLACEMENT_3D('',#3461,#3462,#3463);
#3461 = CARTESIAN_POINT('',(8.006044921875,-4.47833203125,1.45));
#3462 = DIRECTION('',(-1.,0.,0.));
#3463 = DIRECTION('',(0.,1.,0.));
#3464 = DEFINITIONAL_REPRESENTATION('',(#3465),#3468);
#3465 = B_SPLINE_CURVE_WITH_KNOTS('',1,(#3466,#3467),.UNSPECIFIED.,.F.,
  .F.,(2,2),(-14.69122851562,-5.260833984375),.PIECEWISE_BEZIER_KNOTS.);
#3466 = CARTESIAN_POINT('',(9.43039453125,-5.E-02));
#3467 = CARTESIAN_POINT('',(0.,-5.E-02));
#3468 = ( GEOMETRIC_REPRESENTATION_CONTEXT(2) 
PARAMETRIC_REPRESENTATION_CONTEXT() REPRESENTATION_CONTEXT('2D SPACE',''
  ) );
#3469 = ORIENTED_EDGE('',*,*,#3470,.F.);
#3470 = EDGE_CURVE('',#3471,#3443,#3473,.T.);
#3471 = VERTEX_POINT('',#3472);
#3472 = CARTESIAN_POINT('',(9.281958984375,4.9520625,1.5));
#3473 = SURFACE_CURVE('',#3474,(#3478,#3484),.PCURVE_S1.);
#3474 = LINE('',#3475,#3476);
#3475 = CARTESIAN_POINT('',(-15.99697753906,4.9520625,1.5));
#3476 = VECTOR('',#3477,1.);
#3477 = DIRECTION('',(-1.,0.,0.));
#3478 = PCURVE('',#44,#3479);
#3479 = DEFINITIONAL_REPRESENTATION('',(#3480),#3483);
#3480 = B_SPLINE_CURVE_WITH_KNOTS('',1,(#3481,#3482),.UNSPECIFIED.,.F.,
  .F.,(2,2),(-25.27893652343,-24.00302246093),.PIECEWISE_BEZIER_KNOTS.);
#3481 = CARTESIAN_POINT('',(49.281958984375,19.9520625));
#3482 = CARTESIAN_POINT('',(48.006044921875,19.9520625));
#3483 = ( GEOMETRIC_REPRESENTATION_CONTEXT(2) 
PARAMETRIC_REPRESENTATION_CONTEXT() REPRESENTATION_CONTEXT('2D SPACE',''
  ) );
#3484 = PCURVE('',#3485,#3490);
#3485 = PLANE('',#3486);
#3486 = AXIS2_PLACEMENT_3D('',#3487,#3488,#3489);
#3487 = CARTESIAN_POINT('',(8.006044921875,4.9520625,1.45));
#3488 = DIRECTION('',(0.,1.,0.));
#3489 = DIRECTION('',(1.,0.,0.));
#3490 = DEFINITIONAL_REPRESENTATION('',(#3491),#3494);
#3491 = B_SPLINE_CURVE_WITH_KNOTS('',1,(#3492,#3493),.UNSPECIFIED.,.F.,
  .F.,(2,2),(-25.27893652343,-24.00302246093),.PIECEWISE_BEZIER_KNOTS.);
#3492 = CARTESIAN_POINT('',(1.2759140625,-5.E-02));
#3493 = CARTESIAN_POINT('',(0.,-5.E-02));
#3494 = ( GEOMETRIC_REPRESENTATION_CONTEXT(2) 
PARAMETRIC_REPRESENTATION_CONTEXT() REPRESENTATION_CONTEXT('2D SPACE',''
  ) );
#3495 = ORIENTED_EDGE('',*,*,#3496,.F.);
#3496 = EDGE_CURVE('',#3497,#3471,#3499,.T.);
#3497 = VERTEX_POINT('',#3498);
#3498 = CARTESIAN_POINT('',(9.281958984375,-4.47833203125,1.5));
#3499 = SURFACE_CURVE('',#3500,(#3504,#3510),.PCURVE_S1.);
#3500 = LINE('',#3501,#3502);
#3501 = CARTESIAN_POINT('',(9.281958984375,-5.02396875,1.5));
#3502 = VECTOR('',#3503,1.);
#3503 = DIRECTION('',(0.,1.,0.));
#3504 = PCURVE('',#44,#3505);
#3505 = DEFINITIONAL_REPRESENTATION('',(#3506),#3509);
#3506 = B_SPLINE_CURVE_WITH_KNOTS('',1,(#3507,#3508),.UNSPECIFIED.,.F.,
  .F.,(2,2),(0.54563671875,9.97603125),.PIECEWISE_BEZIER_KNOTS.);
#3507 = CARTESIAN_POINT('',(49.281958984375,10.52166796875));
#3508 = CARTESIAN_POINT('',(49.281958984375,19.9520625));
#3509 = ( GEOMETRIC_REPRESENTATION_CONTEXT(2) 
PARAMETRIC_REPRESENTATION_CONTEXT() REPRESENTATION_CONTEXT('2D SPACE',''
  ) );
#3510 = PCURVE('',#3511,#3516);
#3511 = PLANE('',#3512);
#3512 = AXIS2_PLACEMENT_3D('',#3513,#3514,#3515);
#3513 = CARTESIAN_POINT('',(9.281958984375,4.9520625,1.45));
#3514 = DIRECTION('',(1.,0.,0.));
#3515 = DIRECTION('',(0.,-1.,0.));
#3516 = DEFINITIONAL_REPRESENTATION('',(#3517),#3520);
#3517 = B_SPLINE_CURVE_WITH_KNOTS('',1,(#3518,#3519),.UNSPECIFIED.,.F.,
  .F.,(2,2),(0.54563671875,9.97603125),.PIECEWISE_BEZIER_KNOTS.);
#3518 = CARTESIAN_POINT('',(9.43039453125,-5.E-02));
#3519 = CARTESIAN_POINT('',(0.,-5.E-02));
#3520 = ( GEOMETRIC_REPRESENTATION_CONTEXT(2) 
PARAMETRIC_REPRESENTATION_CONTEXT() REPRESENTATION_CONTEXT('2D SPACE',''
  ) );
#3521 = ORIENTED_EDGE('',*,*,#3522,.F.);
#3522 = EDGE_CURVE('',#3445,#3497,#3523,.T.);
#3523 = SURFACE_CURVE('',#3524,(#3528,#3534),.PCURVE_S1.);
#3524 = LINE('',#3525,#3526);
#3525 = CARTESIAN_POINT('',(-15.35902050781,-4.47833203125,1.5));
#3526 = VECTOR('',#3527,1.);
#3527 = DIRECTION('',(1.,0.,-0.));
#3528 = PCURVE('',#44,#3529);
#3529 = DEFINITIONAL_REPRESENTATION('',(#3530),#3533);
#3530 = B_SPLINE_CURVE_WITH_KNOTS('',1,(#3531,#3532),.UNSPECIFIED.,.F.,
  .F.,(2,2),(23.365065429687,24.640979492187),.PIECEWISE_BEZIER_KNOTS.);
#3531 = CARTESIAN_POINT('',(48.006044921875,10.52166796875));
#3532 = CARTESIAN_POINT('',(49.281958984375,10.52166796875));
#3533 = ( GEOMETRIC_REPRESENTATION_CONTEXT(2) 
PARAMETRIC_REPRESENTATION_CONTEXT() REPRESENTATION_CONTEXT('2D SPACE',''
  ) );
#3534 = PCURVE('',#3535,#3540);
#3535 = PLANE('',#3536);
#3536 = AXIS2_PLACEMENT_3D('',#3537,#3538,#3539);
#3537 = CARTESIAN_POINT('',(9.281958984375,-4.47833203125,1.45));
#3538 = DIRECTION('',(0.,-1.,0.));
#3539 = DIRECTION('',(-1.,0.,0.));
#3540 = DEFINITIONAL_REPRESENTATION('',(#3541),#3544);
#3541 = B_SPLINE_CURVE_WITH_KNOTS('',1,(#3542,#3543),.UNSPECIFIED.,.F.,
  .F.,(2,2),(23.365065429687,24.640979492187),.PIECEWISE_BEZIER_KNOTS.);
#3542 = CARTESIAN_POINT('',(1.2759140625,-5.E-02));
#3543 = CARTESIAN_POINT('',(0.,-5.E-02));
#3544 = ( GEOMETRIC_REPRESENTATION_CONTEXT(2) 
PARAMETRIC_REPRESENTATION_CONTEXT() REPRESENTATION_CONTEXT('2D SPACE',''
  ) );
#3545 = FACE_BOUND('',#3546,.T.);
#3546 = EDGE_LOOP('',(#3547,#3575,#3617,#3659,#3731,#3806,#3878,#3947,
    #3973,#4048,#4123,#4198,#4270,#4312,#4351,#4377,#4428,#4479,#4551,
    #4626,#4698,#4770,#4796,#4868,#4943,#5018,#5090,#5129));
#3547 = ORIENTED_EDGE('',*,*,#3548,.F.);
#3548 = EDGE_CURVE('',#3549,#3551,#3553,.T.);
#3549 = VERTEX_POINT('',#3550);
#3550 = CARTESIAN_POINT('',(17.474337890625,3.3982265625,1.5));
#3551 = VERTEX_POINT('',#3552);
#3552 = CARTESIAN_POINT('',(17.474337890625,4.64255859375,1.5));
#3553 = SURFACE_CURVE('',#3554,(#3558,#3564),.PCURVE_S1.);
#3554 = LINE('',#3555,#3556);
#3555 = CARTESIAN_POINT('',(17.474337890625,-5.178720703125,1.5));
#3556 = VECTOR('',#3557,1.);
#3557 = DIRECTION('',(0.,1.,0.));
#3558 = PCURVE('',#44,#3559);
#3559 = DEFINITIONAL_REPRESENTATION('',(#3560),#3563);
#3560 = B_SPLINE_CURVE_WITH_KNOTS('',1,(#3561,#3562),.UNSPECIFIED.,.F.,
  .F.,(2,2),(8.576947265625,9.821279296875),.PIECEWISE_BEZIER_KNOTS.);
#3561 = CARTESIAN_POINT('',(57.474337890625,18.3982265625));
#3562 = CARTESIAN_POINT('',(57.474337890625,19.64255859375));
#3563 = ( GEOMETRIC_REPRESENTATION_CONTEXT(2) 
PARAMETRIC_REPRESENTATION_CONTEXT() REPRESENTATION_CONTEXT('2D SPACE',''
  ) );
#3564 = PCURVE('',#3565,#3570);
#3565 = PLANE('',#3566);
#3566 = AXIS2_PLACEMENT_3D('',#3567,#3568,#3569);
#3567 = CARTESIAN_POINT('',(17.474337890625,4.64255859375,1.45));
#3568 = DIRECTION('',(1.,0.,0.));
#3569 = DIRECTION('',(0.,-1.,0.));
#3570 = DEFINITIONAL_REPRESENTATION('',(#3571),#3574);
#3571 = B_SPLINE_CURVE_WITH_KNOTS('',1,(#3572,#3573),.UNSPECIFIED.,.F.,
  .F.,(2,2),(8.576947265625,9.821279296875),.PIECEWISE_BEZIER_KNOTS.);
#3572 = CARTESIAN_POINT('',(1.24433203125,-5.E-02));
#3573 = CARTESIAN_POINT('',(0.,-5.E-02));
#3574 = ( GEOMETRIC_REPRESENTATION_CONTEXT(2) 
PARAMETRIC_REPRESENTATION_CONTEXT() REPRESENTATION_CONTEXT('2D SPACE',''
  ) );
#3575 = ORIENTED_EDGE('',*,*,#3576,.F.);
#3576 = EDGE_CURVE('',#3577,#3549,#3579,.T.);
#3577 = VERTEX_POINT('',#3578);
#3578 = CARTESIAN_POINT('',(16.103677734375,3.916171875,1.5));
#3579 = SURFACE_CURVE('',#3580,(#3588,#3599),.PCURVE_S1.);
#3580 = B_SPLINE_CURVE_WITH_KNOTS('',6,(#3581,#3582,#3583,#3584,#3585,
    #3586,#3587),.UNSPECIFIED.,.F.,.F.,(7,7),(0.,1.),
  .PIECEWISE_BEZIER_KNOTS.);
#3581 = CARTESIAN_POINT('',(16.103677734375,3.916171875,1.5));
#3582 = CARTESIAN_POINT('',(16.332613335646,3.855571274664,1.5));
#3583 = CARTESIAN_POINT('',(16.561908392046,3.783123386791,1.5));
#3584 = CARTESIAN_POINT('',(16.791044712262,3.700094050987,1.5));
#3585 = CARTESIAN_POINT('',(17.019639333049,3.607636494597,1.5));
#3586 = CARTESIAN_POINT('',(17.247442671475,3.506741667311,1.5));
#3587 = CARTESIAN_POINT('',(17.474337890625,3.3982265625,1.5));
#3588 = PCURVE('',#44,#3589);
#3589 = DEFINITIONAL_REPRESENTATION('',(#3590),#3598);
#3590 = B_SPLINE_CURVE_WITH_KNOTS('',6,(#3591,#3592,#3593,#3594,#3595,
    #3596,#3597),.UNSPECIFIED.,.F.,.F.,(7,7),(0.,1.),
  .PIECEWISE_BEZIER_KNOTS.);
#3591 = CARTESIAN_POINT('',(56.103677734375,18.916171875));
#3592 = CARTESIAN_POINT('',(56.332613335646,18.855571274664));
#3593 = CARTESIAN_POINT('',(56.561908392046,18.783123386791));
#3594 = CARTESIAN_POINT('',(56.791044712262,18.700094050987));
#3595 = CARTESIAN_POINT('',(57.019639333049,18.607636494597));
#3596 = CARTESIAN_POINT('',(57.247442671475,18.506741667311));
#3597 = CARTESIAN_POINT('',(57.474337890625,18.3982265625));
#3598 = ( GEOMETRIC_REPRESENTATION_CONTEXT(2) 
PARAMETRIC_REPRESENTATION_CONTEXT() REPRESENTATION_CONTEXT('2D SPACE',''
  ) );
#3599 = PCURVE('',#3600,#3607);
#3600 = SURFACE_OF_LINEAR_EXTRUSION('',#3601,#3605);
#3601 = B_SPLINE_CURVE_WITH_KNOTS('',2,(#3602,#3603,#3604),
  .UNSPECIFIED.,.F.,.F.,(3,3),(0.,1.),.PIECEWISE_BEZIER_KNOTS.);
#3602 = CARTESIAN_POINT('',(17.474337890625,3.3982265625,1.45));
#3603 = CARTESIAN_POINT('',(16.747951171875,3.74562890625,1.45));
#3604 = CARTESIAN_POINT('',(16.103677734375,3.916171875,1.45));
#3605 = VECTOR('',#3606,1.);
#3606 = DIRECTION('',(-0.,-0.,-1.));
#3607 = DEFINITIONAL_REPRESENTATION('',(#3608),#3616);
#3608 = B_SPLINE_CURVE_WITH_KNOTS('',6,(#3609,#3610,#3611,#3612,#3613,
    #3614,#3615),.UNSPECIFIED.,.F.,.F.,(7,7),(0.,1.),
  .PIECEWISE_BEZIER_KNOTS.);
#3609 = CARTESIAN_POINT('',(1.,-5.E-02));
#3610 = CARTESIAN_POINT('',(0.822330405115,-5.E-02));
#3611 = CARTESIAN_POINT('',(0.649209683857,-5.E-02));
#3612 = CARTESIAN_POINT('',(0.480576324262,-5.E-02));
#3613 = CARTESIAN_POINT('',(0.31629542482,-5.E-02));
#3614 = CARTESIAN_POINT('',(0.156180732173,-5.E-02));
#3615 = CARTESIAN_POINT('',(0.,-5.E-02));
#3616 = ( GEOMETRIC_REPRESENTATION_CONTEXT(2) 
PARAMETRIC_REPRESENTATION_CONTEXT() REPRESENTATION_CONTEXT('2D SPACE',''
  ) );
#3617 = ORIENTED_EDGE('',*,*,#3618,.F.);
#3618 = EDGE_CURVE('',#3619,#3577,#3621,.T.);
#3619 = VERTEX_POINT('',#3620);
#3620 = CARTESIAN_POINT('',(14.859345703125,4.08671484375,1.5));
#3621 = SURFACE_CURVE('',#3622,(#3630,#3641),.PCURVE_S1.);
#3622 = B_SPLINE_CURVE_WITH_KNOTS('',6,(#3623,#3624,#3625,#3626,#3627,
    #3628,#3629),.UNSPECIFIED.,.F.,.F.,(7,7),(0.,1.),
  .PIECEWISE_BEZIER_KNOTS.);
#3623 = CARTESIAN_POINT('',(14.859345703125,4.08671484375,1.5));
#3624 = CARTESIAN_POINT('',(15.065285742556,4.08671484375,1.5));
#3625 = CARTESIAN_POINT('',(15.272508417692,4.074662275385,1.5));
#3626 = CARTESIAN_POINT('',(15.480425499075,4.050961471452,1.5));
#3627 = CARTESIAN_POINT('',(15.688528830726,4.016199127028,1.5));
#3628 = CARTESIAN_POINT('',(15.896393129839,3.971041329142,1.5));
#3629 = CARTESIAN_POINT('',(16.103677734375,3.916171875,1.5));
#3630 = PCURVE('',#44,#3631);
#3631 = DEFINITIONAL_REPRESENTATION('',(#3632),#3640);
#3632 = B_SPLINE_CURVE_WITH_KNOTS('',6,(#3633,#3634,#3635,#3636,#3637,
    #3638,#3639),.UNSPECIFIED.,.F.,.F.,(7,7),(0.,1.),
  .PIECEWISE_BEZIER_KNOTS.);
#3633 = CARTESIAN_POINT('',(54.859345703125,19.08671484375));
#3634 = CARTESIAN_POINT('',(55.065285742556,19.08671484375));
#3635 = CARTESIAN_POINT('',(55.272508417692,19.074662275385));
#3636 = CARTESIAN_POINT('',(55.480425499075,19.050961471452));
#3637 = CARTESIAN_POINT('',(55.688528830726,19.016199127028));
#3638 = CARTESIAN_POINT('',(55.896393129839,18.971041329142));
#3639 = CARTESIAN_POINT('',(56.103677734375,18.916171875));
#3640 = ( GEOMETRIC_REPRESENTATION_CONTEXT(2) 
PARAMETRIC_REPRESENTATION_CONTEXT() REPRESENTATION_CONTEXT('2D SPACE',''
  ) );
#3641 = PCURVE('',#3642,#3649);
#3642 = SURFACE_OF_LINEAR_EXTRUSION('',#3643,#3647);
#3643 = B_SPLINE_CURVE_WITH_KNOTS('',2,(#3644,#3645,#3646),
  .UNSPECIFIED.,.F.,.F.,(3,3),(0.,1.),.PIECEWISE_BEZIER_KNOTS.);
#3644 = CARTESIAN_POINT('',(16.103677734375,3.916171875,1.45));
#3645 = CARTESIAN_POINT('',(15.459404296875,4.08671484375,1.45));
#3646 = CARTESIAN_POINT('',(14.859345703125,4.08671484375,1.45));
#3647 = VECTOR('',#3648,1.);
#3648 = DIRECTION('',(-0.,-0.,-1.));
#3649 = DEFINITIONAL_REPRESENTATION('',(#3650),#3658);
#3650 = B_SPLINE_CURVE_WITH_KNOTS('',6,(#3651,#3652,#3653,#3654,#3655,
    #3656,#3657),.UNSPECIFIED.,.F.,.F.,(7,7),(0.,1.),
  .PIECEWISE_BEZIER_KNOTS.);
#3651 = CARTESIAN_POINT('',(1.,-5.E-02));
#3652 = CARTESIAN_POINT('',(0.828400058281,-5.E-02));
#3653 = CARTESIAN_POINT('',(0.658335053534,-5.E-02));
#3654 = CARTESIAN_POINT('',(0.490207781786,-5.E-02));
#3655 = CARTESIAN_POINT('',(0.324314922273,-5.E-02));
#3656 = CARTESIAN_POINT('',(0.160866949086,-5.E-02));
#3657 = CARTESIAN_POINT('',(0.,-5.E-02));
#3658 = ( GEOMETRIC_REPRESENTATION_CONTEXT(2) 
PARAMETRIC_REPRESENTATION_CONTEXT() REPRESENTATION_CONTEXT('2D SPACE',''
  ) );
#3659 = ORIENTED_EDGE('',*,*,#3660,.F.);
#3660 = EDGE_CURVE('',#3661,#3619,#3663,.T.);
#3661 = VERTEX_POINT('',#3662);
#3662 = CARTESIAN_POINT('',(13.2518203125,3.68246484375,1.5));
#3663 = SURFACE_CURVE('',#3664,(#3682,#3703),.PCURVE_S1.);
#3664 = B_SPLINE_CURVE_WITH_KNOTS('',6,(#3665,#3666,#3667,#3668,#3669,
    #3670,#3671,#3672,#3673,#3674,#3675,#3676,#3677,#3678,#3679,#3680,
    #3681),.UNSPECIFIED.,.F.,.F.,(7,5,5,7),(0.,0.216000943423,
    0.444283903318,1.),.UNSPECIFIED.);
#3665 = CARTESIAN_POINT('',(13.2518203125,3.68246484375,1.5));
#3666 = CARTESIAN_POINT('',(13.298443130865,3.715804065821,1.5));
#3667 = CARTESIAN_POINT('',(13.346678282388,3.747254787884,1.5));
#3668 = CARTESIAN_POINT('',(13.396408149084,3.776814847254,1.5));
#3669 = CARTESIAN_POINT('',(13.447511316945,3.804505945986,1.5));
#3670 = CARTESIAN_POINT('',(13.499867573707,3.830366976427,1.5));
#3671 = CARTESIAN_POINT('',(13.60990003439,3.879896949542,1.5));
#3672 = CARTESIAN_POINT('',(13.667709711506,3.903357735695,1.5));
#3673 = CARTESIAN_POINT('',(13.726659409907,3.924889522154,1.5));
#3674 = CARTESIAN_POINT('',(13.786625108061,3.944564742552,1.5));
#3675 = CARTESIAN_POINT('',(13.847494587446,3.962462607605,1.5));
#3676 = CARTESIAN_POINT('',(14.059310821285,4.018101015795,1.5));
#3677 = CARTESIAN_POINT('',(14.214176956434,4.047467087892,1.5));
#3678 = CARTESIAN_POINT('',(14.372462379735,4.067963167105,1.5));
#3679 = CARTESIAN_POINT('',(14.533152398636,4.080725022898,1.5));
#3680 = CARTESIAN_POINT('',(14.69556370446,4.08671484375,1.5));
#3681 = CARTESIAN_POINT('',(14.859345703125,4.08671484375,1.5));
#3682 = PCURVE('',#44,#3683);
#3683 = DEFINITIONAL_REPRESENTATION('',(#3684),#3702);
#3684 = B_SPLINE_CURVE_WITH_KNOTS('',6,(#3685,#3686,#3687,#3688,#3689,
    #3690,#3691,#3692,#3693,#3694,#3695,#3696,#3697,#3698,#3699,#3700,
    #3701),.UNSPECIFIED.,.F.,.F.,(7,5,5,7),(0.,0.216000943423,
    0.444283903318,1.),.UNSPECIFIED.);
#3685 = CARTESIAN_POINT('',(53.2518203125,18.68246484375));
#3686 = CARTESIAN_POINT('',(53.298443130865,18.715804065821));
#3687 = CARTESIAN_POINT('',(53.346678282388,18.747254787884));
#3688 = CARTESIAN_POINT('',(53.396408149084,18.776814847254));
#3689 = CARTESIAN_POINT('',(53.447511316945,18.804505945986));
#3690 = CARTESIAN_POINT('',(53.499867573707,18.830366976427));
#3691 = CARTESIAN_POINT('',(53.60990003439,18.879896949542));
#3692 = CARTESIAN_POINT('',(53.667709711506,18.903357735695));
#3693 = CARTESIAN_POINT('',(53.726659409907,18.924889522154));
#3694 = CARTESIAN_POINT('',(53.786625108061,18.944564742552));
#3695 = CARTESIAN_POINT('',(53.847494587446,18.962462607605));
#3696 = CARTESIAN_POINT('',(54.059310821285,19.018101015795));
#3697 = CARTESIAN_POINT('',(54.214176956434,19.047467087892));
#3698 = CARTESIAN_POINT('',(54.372462379735,19.067963167105));
#3699 = CARTESIAN_POINT('',(54.533152398636,19.080725022898));
#3700 = CARTESIAN_POINT('',(54.69556370446,19.08671484375));
#3701 = CARTESIAN_POINT('',(54.859345703125,19.08671484375));
#3702 = ( GEOMETRIC_REPRESENTATION_CONTEXT(2) 
PARAMETRIC_REPRESENTATION_CONTEXT() REPRESENTATION_CONTEXT('2D SPACE',''
  ) );
#3703 = PCURVE('',#3704,#3711);
#3704 = SURFACE_OF_LINEAR_EXTRUSION('',#3705,#3709);
#3705 = B_SPLINE_CURVE_WITH_KNOTS('',2,(#3706,#3707,#3708),
  .UNSPECIFIED.,.F.,.F.,(3,3),(0.,1.),.PIECEWISE_BEZIER_KNOTS.);
#3706 = CARTESIAN_POINT('',(14.859345703125,4.08671484375,1.45));
#3707 = CARTESIAN_POINT('',(13.817138671875,4.08671484375,1.45));
#3708 = CARTESIAN_POINT('',(13.2518203125,3.68246484375,1.45));
#3709 = VECTOR('',#3710,1.);
#3710 = DIRECTION('',(-0.,-0.,-1.));
#3711 = DEFINITIONAL_REPRESENTATION('',(#3712),#3730);
#3712 = B_SPLINE_CURVE_WITH_KNOTS('',6,(#3713,#3714,#3715,#3716,#3717,
    #3718,#3719,#3720,#3721,#3722,#3723,#3724,#3725,#3726,#3727,#3728,
    #3729),.UNSPECIFIED.,.F.,.F.,(7,5,5,7),(0.,0.216000943423,
    0.444283903318,1.),.UNSPECIFIED.);
#3713 = CARTESIAN_POINT('',(1.,-5.E-02));
#3714 = CARTESIAN_POINT('',(0.958764103809,-5.E-02));
#3715 = CARTESIAN_POINT('',(0.917823497648,-5.E-02));
#3716 = CARTESIAN_POINT('',(0.877235832867,-5.E-02));
#3717 = CARTESIAN_POINT('',(0.837047075555,-5.E-02));
#3718 = CARTESIAN_POINT('',(0.797292886307,-5.E-02));
#3719 = CARTESIAN_POINT('',(0.71647288328,-5.E-02));
#3720 = CARTESIAN_POINT('',(0.675460843101,-5.E-02));
#3721 = CARTESIAN_POINT('',(0.634993606166,-5.E-02));
#3722 = CARTESIAN_POINT('',(0.595089677664,-5.E-02));
#3723 = CARTESIAN_POINT('',(0.555758064747,-5.E-02));
#3724 = CARTESIAN_POINT('',(0.422650073637,-5.E-02));
#3725 = CARTESIAN_POINT('',(0.331732953696,-5.E-02));
#3726 = CARTESIAN_POINT('',(0.244195455735,-5.E-02));
#3727 = CARTESIAN_POINT('',(0.159881583641,-5.E-02));
#3728 = CARTESIAN_POINT('',(7.857459878593E-02,-5.E-02));
#3729 = CARTESIAN_POINT('',(0.,-5.E-02));
#3730 = ( GEOMETRIC_REPRESENTATION_CONTEXT(2) 
PARAMETRIC_REPRESENTATION_CONTEXT() REPRESENTATION_CONTEXT('2D SPACE',''
  ) );
#3731 = ORIENTED_EDGE('',*,*,#3732,.F.);
#3732 = EDGE_CURVE('',#3733,#3661,#3735,.T.);
#3733 = VERTEX_POINT('',#3734);
#3734 = CARTESIAN_POINT('',(12.686501953125,2.53287890625,1.5));
#3735 = SURFACE_CURVE('',#3736,(#3755,#3777),.PCURVE_S1.);
#3736 = B_SPLINE_CURVE_WITH_KNOTS('',5,(#3737,#3738,#3739,#3740,#3741,
    #3742,#3743,#3744,#3745,#3746,#3747,#3748,#3749,#3750,#3751,#3752,
    #3753,#3754),.UNSPECIFIED.,.F.,.F.,(6,4,4,4,6),(0.,0.206997071581,
    0.587146075835,0.865546753817,1.),.UNSPECIFIED.);
#3737 = CARTESIAN_POINT('',(12.686501953125,2.53287890625,1.5));
#3738 = CARTESIAN_POINT('',(12.686501953125,2.590243283869,1.5));
#3739 = CARTESIAN_POINT('',(12.688594917459,2.647215843148,1.5));
#3740 = CARTESIAN_POINT('',(12.692907701197,2.70369478741,1.5));
#3741 = CARTESIAN_POINT('',(12.699564771343,2.759556200461,1.5));
#3742 = CARTESIAN_POINT('',(12.725376653067,2.915857842812,1.5));
#3743 = CARTESIAN_POINT('',(12.750333405649,3.014534221771,1.5));
#3744 = CARTESIAN_POINT('',(12.784139145482,3.109736867047,1.5));
#3745 = CARTESIAN_POINT('',(12.827073153744,3.200493099325,1.5));
#3746 = CARTESIAN_POINT('',(12.916417681078,3.34863667984,1.5));
#3747 = CARTESIAN_POINT('',(12.958831988702,3.40847058016,1.5));
#3748 = CARTESIAN_POINT('',(13.005709927635,3.465207378729,1.5));
#3749 = CARTESIAN_POINT('',(13.05671945853,3.518698709387,1.5));
#3750 = CARTESIAN_POINT('',(13.13787543799,3.59314594515,1.5));
#3751 = CARTESIAN_POINT('',(13.165173707551,3.616625016677,1.5));
#3752 = CARTESIAN_POINT('',(13.193294890582,3.639334976764,1.5));
#3753 = CARTESIAN_POINT('',(13.22219275748,3.661278659155,1.5));
#3754 = CARTESIAN_POINT('',(13.2518203125,3.68246484375,1.5));
#3755 = PCURVE('',#44,#3756);
#3756 = DEFINITIONAL_REPRESENTATION('',(#3757),#3776);
#3757 = B_SPLINE_CURVE_WITH_KNOTS('',5,(#3758,#3759,#3760,#3761,#3762,
    #3763,#3764,#3765,#3766,#3767,#3768,#3769,#3770,#3771,#3772,#3773,
    #3774,#3775),.UNSPECIFIED.,.F.,.F.,(6,4,4,4,6),(0.,0.206997071581,
    0.587146075835,0.865546753817,1.),.UNSPECIFIED.);
#3758 = CARTESIAN_POINT('',(52.686501953125,17.53287890625));
#3759 = CARTESIAN_POINT('',(52.686501953125,17.590243283869));
#3760 = CARTESIAN_POINT('',(52.688594917459,17.647215843148));
#3761 = CARTESIAN_POINT('',(52.692907701197,17.70369478741));
#3762 = CARTESIAN_POINT('',(52.699564771343,17.759556200461));
#3763 = CARTESIAN_POINT('',(52.725376653067,17.915857842812));
#3764 = CARTESIAN_POINT('',(52.750333405649,18.014534221771));
#3765 = CARTESIAN_POINT('',(52.784139145482,18.109736867047));
#3766 = CARTESIAN_POINT('',(52.827073153744,18.200493099325));
#3767 = CARTESIAN_POINT('',(52.916417681078,18.34863667984));
#3768 = CARTESIAN_POINT('',(52.958831988702,18.40847058016));
#3769 = CARTESIAN_POINT('',(53.005709927635,18.465207378729));
#3770 = CARTESIAN_POINT('',(53.05671945853,18.518698709387));
#3771 = CARTESIAN_POINT('',(53.13787543799,18.59314594515));
#3772 = CARTESIAN_POINT('',(53.165173707551,18.616625016677));
#3773 = CARTESIAN_POINT('',(53.193294890582,18.639334976764));
#3774 = CARTESIAN_POINT('',(53.22219275748,18.661278659155));
#3775 = CARTESIAN_POINT('',(53.2518203125,18.68246484375));
#3776 = ( GEOMETRIC_REPRESENTATION_CONTEXT(2) 
PARAMETRIC_REPRESENTATION_CONTEXT() REPRESENTATION_CONTEXT('2D SPACE',''
  ) );
#3777 = PCURVE('',#3778,#3785);
#3778 = SURFACE_OF_LINEAR_EXTRUSION('',#3779,#3783);
#3779 = B_SPLINE_CURVE_WITH_KNOTS('',2,(#3780,#3781,#3782),
  .UNSPECIFIED.,.F.,.F.,(3,3),(0.,1.),.PIECEWISE_BEZIER_KNOTS.);
#3780 = CARTESIAN_POINT('',(13.2518203125,3.68246484375,1.45));
#3781 = CARTESIAN_POINT('',(12.686501953125,3.27821484375,1.45));
#3782 = CARTESIAN_POINT('',(12.686501953125,2.53287890625,1.45));
#3783 = VECTOR('',#3784,1.);
#3784 = DIRECTION('',(-0.,-0.,-1.));
#3785 = DEFINITIONAL_REPRESENTATION('',(#3786),#3805);
#3786 = B_SPLINE_CURVE_WITH_KNOTS('',5,(#3787,#3788,#3789,#3790,#3791,
    #3792,#3793,#3794,#3795,#3796,#3797,#3798,#3799,#3800,#3801,#3802,
    #3803,#3804),.UNSPECIFIED.,.F.,.F.,(6,4,4,4,6),(0.,0.206997071581,
    0.587146075835,0.865546753817,1.),.UNSPECIFIED.);
#3787 = CARTESIAN_POINT('',(1.,-5.E-02));
#3788 = CARTESIAN_POINT('',(0.961517770221,-5.E-02));
#3789 = CARTESIAN_POINT('',(0.922451256403,-5.E-02));
#3790 = CARTESIAN_POINT('',(0.882817402868,-5.E-02));
#3791 = CARTESIAN_POINT('',(0.842648959132,-5.E-02));
#3792 = CARTESIAN_POINT('',(0.727348406044,-5.E-02));
#3793 = CARTESIAN_POINT('',(0.651051209904,-5.E-02));
#3794 = CARTESIAN_POINT('',(0.573502685347,-5.E-02));
#3795 = CARTESIAN_POINT('',(0.495242303523,-5.E-02));
#3796 = CARTESIAN_POINT('',(0.359699546484,-5.E-02));
#3797 = CARTESIAN_POINT('',(0.302393403401,-5.E-02));
#3798 = CARTESIAN_POINT('',(0.245358252936,-5.E-02));
#3799 = CARTESIAN_POINT('',(0.188828018298,-5.E-02));
#3800 = CARTESIAN_POINT('',(0.106037931005,-5.E-02));
#3801 = CARTESIAN_POINT('',(7.923824657238E-02,-5.E-02));
#3802 = CARTESIAN_POINT('',(5.262143604552E-02,-5.E-02));
#3803 = CARTESIAN_POINT('',(2.620430995113E-02,-5.E-02));
#3804 = CARTESIAN_POINT('',(0.,-5.E-02));
#3805 = ( GEOMETRIC_REPRESENTATION_CONTEXT(2) 
PARAMETRIC_REPRESENTATION_CONTEXT() REPRESENTATION_CONTEXT('2D SPACE',''
  ) );
#3806 = ORIENTED_EDGE('',*,*,#3807,.F.);
#3807 = EDGE_CURVE('',#3808,#3733,#3810,.T.);
#3808 = VERTEX_POINT('',#3809);
#3809 = CARTESIAN_POINT('',(13.062328125,1.588576171875,1.5));
#3810 = SURFACE_CURVE('',#3811,(#3829,#3850),.PCURVE_S1.);
#3811 = B_SPLINE_CURVE_WITH_KNOTS('',6,(#3812,#3813,#3814,#3815,#3816,
    #3817,#3818,#3819,#3820,#3821,#3822,#3823,#3824,#3825,#3826,#3827,
    #3828),.UNSPECIFIED.,.F.,.F.,(7,5,5,7),(0.,0.178935300618,
    0.690576244018,1.),.UNSPECIFIED.);
#3812 = CARTESIAN_POINT('',(13.062328125,1.588576171875,1.5));
#3813 = CARTESIAN_POINT('',(13.039154648794,1.608244416386,1.5));
#3814 = CARTESIAN_POINT('',(13.016762514647,1.628675859744,1.5));
#3815 = CARTESIAN_POINT('',(12.995180583331,1.649863900989,1.5));
#3816 = CARTESIAN_POINT('',(12.974433599432,1.671797466706,1.5));
#3817 = CARTESIAN_POINT('',(12.954542191352,1.694461011028,1.5));
#3818 = CARTESIAN_POINT('',(12.881139734952,1.784667845363,1.5));
#3819 = CARTESIAN_POINT('',(12.833868874245,1.857326440762,1.5));
#3820 = CARTESIAN_POINT('',(12.794139639531,1.935297249406,1.5));
#3821 = CARTESIAN_POINT('',(12.761915671318,2.017881376901,1.5));
#3822 = CARTESIAN_POINT('',(12.736875841774,2.104306338367,1.5));
#3823 = CARTESIAN_POINT('',(12.707461344739,2.247938610699,1.5));
#3824 = CARTESIAN_POINT('',(12.698827724345,2.303207717086,1.5));
#3825 = CARTESIAN_POINT('',(12.692539130038,2.359466267248,1.5));
#3826 = CARTESIAN_POINT('',(12.688473211586,2.416575680004,1.5));
#3827 = CARTESIAN_POINT('',(12.686501953125,2.47441377933,1.5));
#3828 = CARTESIAN_POINT('',(12.686501953125,2.53287890625,1.5));
#3829 = PCURVE('',#44,#3830);
#3830 = DEFINITIONAL_REPRESENTATION('',(#3831),#3849);
#3831 = B_SPLINE_CURVE_WITH_KNOTS('',6,(#3832,#3833,#3834,#3835,#3836,
    #3837,#3838,#3839,#3840,#3841,#3842,#3843,#3844,#3845,#3846,#3847,
    #3848),.UNSPECIFIED.,.F.,.F.,(7,5,5,7),(0.,0.178935300618,
    0.690576244018,1.),.UNSPECIFIED.);
#3832 = CARTESIAN_POINT('',(53.062328125,16.588576171875));
#3833 = CARTESIAN_POINT('',(53.039154648794,16.608244416386));
#3834 = CARTESIAN_POINT('',(53.016762514647,16.628675859744));
#3835 = CARTESIAN_POINT('',(52.995180583331,16.649863900989));
#3836 = CARTESIAN_POINT('',(52.974433599432,16.671797466706));
#3837 = CARTESIAN_POINT('',(52.954542191352,16.694461011028));
#3838 = CARTESIAN_POINT('',(52.881139734952,16.784667845363));
#3839 = CARTESIAN_POINT('',(52.833868874245,16.857326440762));
#3840 = CARTESIAN_POINT('',(52.794139639531,16.935297249406));
#3841 = CARTESIAN_POINT('',(52.761915671318,17.017881376901));
#3842 = CARTESIAN_POINT('',(52.736875841774,17.104306338367));
#3843 = CARTESIAN_POINT('',(52.707461344739,17.247938610699));
#3844 = CARTESIAN_POINT('',(52.698827724345,17.303207717086));
#3845 = CARTESIAN_POINT('',(52.692539130038,17.359466267248));
#3846 = CARTESIAN_POINT('',(52.688473211586,17.416575680004));
#3847 = CARTESIAN_POINT('',(52.686501953125,17.47441377933));
#3848 = CARTESIAN_POINT('',(52.686501953125,17.53287890625));
#3849 = ( GEOMETRIC_REPRESENTATION_CONTEXT(2) 
PARAMETRIC_REPRESENTATION_CONTEXT() REPRESENTATION_CONTEXT('2D SPACE',''
  ) );
#3850 = PCURVE('',#3851,#3858);
#3851 = SURFACE_OF_LINEAR_EXTRUSION('',#3852,#3856);
#3852 = B_SPLINE_CURVE_WITH_KNOTS('',2,(#3853,#3854,#3855),
  .UNSPECIFIED.,.F.,.F.,(3,3),(0.,1.),.PIECEWISE_BEZIER_KNOTS.);
#3853 = CARTESIAN_POINT('',(12.686501953125,2.53287890625,1.45));
#3854 = CARTESIAN_POINT('',(12.686501953125,1.9075546875,1.45));
#3855 = CARTESIAN_POINT('',(13.062328125,1.588576171875,1.45));
#3856 = VECTOR('',#3857,1.);
#3857 = DIRECTION('',(-0.,-0.,-1.));
#3858 = DEFINITIONAL_REPRESENTATION('',(#3859),#3877);
#3859 = B_SPLINE_CURVE_WITH_KNOTS('',6,(#3860,#3861,#3862,#3863,#3864,
    #3865,#3866,#3867,#3868,#3869,#3870,#3871,#3872,#3873,#3874,#3875,
    #3876),.UNSPECIFIED.,.F.,.F.,(7,5,5,7),(0.,0.178935300618,
    0.690576244018,1.),.UNSPECIFIED.);
#3860 = CARTESIAN_POINT('',(1.,-5.E-02));
#3861 = CARTESIAN_POINT('',(0.969169954171,-5.E-02));
#3862 = CARTESIAN_POINT('',(0.938238915466,-5.E-02));
#3863 = CARTESIAN_POINT('',(0.907230972293,-5.E-02));
#3864 = CARTESIAN_POINT('',(0.87617110639,-5.E-02));
#3865 = CARTESIAN_POINT('',(0.845085192826,-5.E-02));
#3866 = CARTESIAN_POINT('',(0.725116155794,-5.E-02));
#3867 = CARTESIAN_POINT('',(0.636210031537,-5.E-02));
#3868 = CARTESIAN_POINT('',(0.547971690918,-5.E-02));
#3869 = CARTESIAN_POINT('',(0.4609362618,-5.E-02));
#3870 = CARTESIAN_POINT('',(0.375512112517,-5.E-02));
#3871 = CARTESIAN_POINT('',(0.241494598002,-5.E-02));
#3872 = CARTESIAN_POINT('',(0.19167516561,-5.E-02));
#3873 = CARTESIAN_POINT('',(0.142592989227,-5.E-02));
#3874 = CARTESIAN_POINT('',(9.42791329954E-02,-5.E-02));
#3875 = CARTESIAN_POINT('',(4.674785108833E-02,-5.E-02));
#3876 = CARTESIAN_POINT('',(0.,-5.E-02));
#3877 = ( GEOMETRIC_REPRESENTATION_CONTEXT(2) 
PARAMETRIC_REPRESENTATION_CONTEXT() REPRESENTATION_CONTEXT('2D SPACE',''
  ) );
#3878 = ORIENTED_EDGE('',*,*,#3879,.F.);
#3879 = EDGE_CURVE('',#3880,#3808,#3882,.T.);
#3880 = VERTEX_POINT('',#3881);
#3881 = CARTESIAN_POINT('',(14.486677734375,1.0737890625,1.5));
#3882 = SURFACE_CURVE('',#3883,(#3900,#3920),.PCURVE_S1.);
#3883 = B_SPLINE_CURVE_WITH_KNOTS('',8,(#3884,#3885,#3886,#3887,#3888,
    #3889,#3890,#3891,#3892,#3893,#3894,#3895,#3896,#3897,#3898,#3899),
  .UNSPECIFIED.,.F.,.F.,(9,7,9),(0.,0.751610662598,1.),.UNSPECIFIED.);
#3884 = CARTESIAN_POINT('',(14.486677734375,1.0737890625,1.5));
#3885 = CARTESIAN_POINT('',(14.333012171431,1.102485643532,1.5));
#3886 = CARTESIAN_POINT('',(14.181574876996,1.133819850151,1.5));
#3887 = CARTESIAN_POINT('',(14.032416549609,1.168199633941,1.5));
#3888 = CARTESIAN_POINT('',(13.885969535242,1.206113497237,1.5));
#3889 = CARTESIAN_POINT('',(13.743036585754,1.248124722512,1.5));
#3890 = CARTESIAN_POINT('',(13.60489248674,1.294963075387,1.5));
#3891 = CARTESIAN_POINT('',(13.473247444419,1.34749492046,1.5));
#3892 = CARTESIAN_POINT('',(13.31017414558,1.426860236176,1.5));
#3893 = CARTESIAN_POINT('',(13.270689808653,1.447336781966,1.5));
#3894 = CARTESIAN_POINT('',(13.232327648949,1.468621064776,1.5));
#3895 = CARTESIAN_POINT('',(13.195210387505,1.490756411647,1.5));
#3896 = CARTESIAN_POINT('',(13.159481787292,1.513784255113,1.5));
#3897 = CARTESIAN_POINT('',(13.125304548821,1.53774283942,1.5));
#3898 = CARTESIAN_POINT('',(13.092856934967,1.562665165096,1.5));
#3899 = CARTESIAN_POINT('',(13.062328125,1.588576171875,1.5));
#3900 = PCURVE('',#44,#3901);
#3901 = DEFINITIONAL_REPRESENTATION('',(#3902),#3919);
#3902 = B_SPLINE_CURVE_WITH_KNOTS('',8,(#3903,#3904,#3905,#3906,#3907,
    #3908,#3909,#3910,#3911,#3912,#3913,#3914,#3915,#3916,#3917,#3918),
  .UNSPECIFIED.,.F.,.F.,(9,7,9),(0.,0.751610662598,1.),.UNSPECIFIED.);
#3903 = CARTESIAN_POINT('',(54.486677734375,16.0737890625));
#3904 = CARTESIAN_POINT('',(54.333012171431,16.102485643532));
#3905 = CARTESIAN_POINT('',(54.181574876996,16.133819850151));
#3906 = CARTESIAN_POINT('',(54.032416549609,16.168199633941));
#3907 = CARTESIAN_POINT('',(53.885969535242,16.206113497237));
#3908 = CARTESIAN_POINT('',(53.743036585754,16.248124722512));
#3909 = CARTESIAN_POINT('',(53.60489248674,16.294963075387));
#3910 = CARTESIAN_POINT('',(53.473247444419,16.34749492046));
#3911 = CARTESIAN_POINT('',(53.31017414558,16.426860236176));
#3912 = CARTESIAN_POINT('',(53.270689808653,16.447336781966));
#3913 = CARTESIAN_POINT('',(53.232327648949,16.468621064776));
#3914 = CARTESIAN_POINT('',(53.195210387505,16.490756411647));
#3915 = CARTESIAN_POINT('',(53.159481787292,16.513784255113));
#3916 = CARTESIAN_POINT('',(53.125304548821,16.53774283942));
#3917 = CARTESIAN_POINT('',(53.092856934967,16.562665165096));
#3918 = CARTESIAN_POINT('',(53.062328125,16.588576171875));
#3919 = ( GEOMETRIC_REPRESENTATION_CONTEXT(2) 
PARAMETRIC_REPRESENTATION_CONTEXT() REPRESENTATION_CONTEXT('2D SPACE',''
  ) );
#3920 = PCURVE('',#3921,#3928);
#3921 = SURFACE_OF_LINEAR_EXTRUSION('',#3922,#3926);
#3922 = B_SPLINE_CURVE_WITH_KNOTS('',2,(#3923,#3924,#3925),
  .UNSPECIFIED.,.F.,.F.,(3,3),(0.,1.),.PIECEWISE_BEZIER_KNOTS.);
#3923 = CARTESIAN_POINT('',(13.062328125,1.588576171875,1.45));
#3924 = CARTESIAN_POINT('',(13.438154296875,1.26959765625,1.45));
#3925 = CARTESIAN_POINT('',(14.486677734375,1.0737890625,1.45));
#3926 = VECTOR('',#3927,1.);
#3927 = DIRECTION('',(-0.,-0.,-1.));
#3928 = DEFINITIONAL_REPRESENTATION('',(#3929),#3946);
#3929 = B_SPLINE_CURVE_WITH_KNOTS('',8,(#3930,#3931,#3932,#3933,#3934,
    #3935,#3936,#3937,#3938,#3939,#3940,#3941,#3942,#3943,#3944,#3945),
  .UNSPECIFIED.,.F.,.F.,(9,7,9),(0.,0.751610662598,1.),.UNSPECIFIED.);
#3930 = CARTESIAN_POINT('',(1.,-5.E-02));
#3931 = CARTESIAN_POINT('',(0.926722876453,-5.E-02));
#3932 = CARTESIAN_POINT('',(0.850570971899,-5.E-02));
#3933 = CARTESIAN_POINT('',(0.77103026207,-5.E-02));
#3934 = CARTESIAN_POINT('',(0.687572963189,-5.E-02));
#3935 = CARTESIAN_POINT('',(0.599662318439,-5.E-02));
#3936 = CARTESIAN_POINT('',(0.506658352676,-5.E-02));
#3937 = CARTESIAN_POINT('',(0.407847760067,-5.E-02));
#3938 = CARTESIAN_POINT('',(0.267019848311,-5.E-02));
#3939 = CARTESIAN_POINT('',(0.231296974278,-5.E-02));
#3940 = CARTESIAN_POINT('',(0.194797564981,-5.E-02));
#3941 = CARTESIAN_POINT('',(0.157494728421,-5.E-02));
#3942 = CARTESIAN_POINT('',(0.119368982831,-5.E-02));
#3943 = CARTESIAN_POINT('',(8.040942801455E-02,-5.E-02));
#3944 = CARTESIAN_POINT('',(4.061559871481E-02,-5.E-02));
#3945 = CARTESIAN_POINT('',(0.,-5.E-02));
#3946 = ( GEOMETRIC_REPRESENTATION_CONTEXT(2) 
PARAMETRIC_REPRESENTATION_CONTEXT() REPRESENTATION_CONTEXT('2D SPACE',''
  ) );
#3947 = ORIENTED_EDGE('',*,*,#3948,.F.);
#3948 = EDGE_CURVE('',#3949,#3880,#3951,.T.);
#3949 = VERTEX_POINT('',#3950);
#3950 = CARTESIAN_POINT('',(15.257279296875,0.91587890625,1.5));
#3951 = SURFACE_CURVE('',#3952,(#3956,#3962),.PCURVE_S1.);
#3952 = LINE('',#3953,#3954);
#3953 = CARTESIAN_POINT('',(-10.07824117586,6.107583921156,1.5));
#3954 = VECTOR('',#3955,1.);
#3955 = DIRECTION('',(-0.97964320999,0.200746559424,0.));
#3956 = PCURVE('',#44,#3957);
#3957 = DEFINITIONAL_REPRESENTATION('',(#3958),#3961);
#3958 = B_SPLINE_CURVE_WITH_KNOTS('',1,(#3959,#3960),.UNSPECIFIED.,.F.,
  .F.,(2,2),(-25.86198752196,-25.07537301309),.PIECEWISE_BEZIER_KNOTS.);
#3959 = CARTESIAN_POINT('',(55.257279296875,15.91587890625));
#3960 = CARTESIAN_POINT('',(54.486677734375,16.0737890625));
#3961 = ( GEOMETRIC_REPRESENTATION_CONTEXT(2) 
PARAMETRIC_REPRESENTATION_CONTEXT() REPRESENTATION_CONTEXT('2D SPACE',''
  ) );
#3962 = PCURVE('',#3963,#3968);
#3963 = PLANE('',#3964);
#3964 = AXIS2_PLACEMENT_3D('',#3965,#3966,#3967);
#3965 = CARTESIAN_POINT('',(14.486677734375,1.0737890625,1.45));
#3966 = DIRECTION('',(0.200746559424,0.97964320999,0.));
#3967 = DIRECTION('',(0.97964320999,-0.200746559424,0.));
#3968 = DEFINITIONAL_REPRESENTATION('',(#3969),#3972);
#3969 = B_SPLINE_CURVE_WITH_KNOTS('',1,(#3970,#3971),.UNSPECIFIED.,.F.,
  .F.,(2,2),(-25.86198752196,-25.07537301309),.PIECEWISE_BEZIER_KNOTS.);
#3970 = CARTESIAN_POINT('',(0.786614508876,-5.E-02));
#3971 = CARTESIAN_POINT('',(0.,-5.E-02));
#3972 = ( GEOMETRIC_REPRESENTATION_CONTEXT(2) 
PARAMETRIC_REPRESENTATION_CONTEXT() REPRESENTATION_CONTEXT('2D SPACE',''
  ) );
#3973 = ORIENTED_EDGE('',*,*,#3974,.F.);
#3974 = EDGE_CURVE('',#3975,#3949,#3977,.T.);
#3975 = VERTEX_POINT('',#3976);
#3976 = CARTESIAN_POINT('',(17.36380078125,-4.1056640625E-02,1.5));
#3977 = SURFACE_CURVE('',#3978,(#3997,#4019),.PCURVE_S1.);
#3978 = B_SPLINE_CURVE_WITH_KNOTS('',5,(#3979,#3980,#3981,#3982,#3983,
    #3984,#3985,#3986,#3987,#3988,#3989,#3990,#3991,#3992,#3993,#3994,
    #3995,#3996),.UNSPECIFIED.,.F.,.F.,(6,4,4,4,6),(0.,0.19730979814,
    0.407146944657,0.687983279972,1.),.UNSPECIFIED.);
#3979 = CARTESIAN_POINT('',(17.36380078125,-4.1056640625E-02,1.5));
#3980 = CARTESIAN_POINT('',(17.300803839795,2.252631889028E-02,1.5));
#3981 = CARTESIAN_POINT('',(17.234475182038,8.318193300856E-02,1.5));
#3982 = CARTESIAN_POINT('',(17.165128306102,0.140872370177,1.5));
#3983 = CARTESIAN_POINT('',(17.093090156681,0.195643734715,1.5));
#3984 = CARTESIAN_POINT('',(16.939497024751,0.302816124573,1.5));
#3985 = CARTESIAN_POINT('',(16.857628670265,0.354845547312,1.5));
#3986 = CARTESIAN_POINT('',(16.773403221016,0.403776584455,1.5));
#3987 = CARTESIAN_POINT('',(16.687137281628,0.44976078954,1.5));
#3988 = CARTESIAN_POINT('',(16.481242218133,0.55077369945,1.5));
#3989 = CARTESIAN_POINT('',(16.360208286468,0.603594463785,1.5));
#3990 = CARTESIAN_POINT('',(16.236589153658,0.651814978014,1.5));
#3991 = CARTESIAN_POINT('',(16.110862321856,0.695825030239,1.5));
#3992 = CARTESIAN_POINT('',(15.841700715161,0.780589705889,1.5));
#3993 = CARTESIAN_POINT('',(15.69786206511,0.820436735481,1.5));
#3994 = CARTESIAN_POINT('',(15.552304670332,0.856005148562,1.5));
#3995 = CARTESIAN_POINT('',(15.405368267567,0.887702686163,1.5));
#3996 = CARTESIAN_POINT('',(15.257279296875,0.91587890625,1.5));
#3997 = PCURVE('',#44,#3998);
#3998 = DEFINITIONAL_REPRESENTATION('',(#3999),#4018);
#3999 = B_SPLINE_CURVE_WITH_KNOTS('',5,(#4000,#4001,#4002,#4003,#4004,
    #4005,#4006,#4007,#4008,#4009,#4010,#4011,#4012,#4013,#4014,#4015,
    #4016,#4017),.UNSPECIFIED.,.F.,.F.,(6,4,4,4,6),(0.,0.19730979814,
    0.407146944657,0.687983279972,1.),.UNSPECIFIED.);
#4000 = CARTESIAN_POINT('',(57.36380078125,14.958943359375));
#4001 = CARTESIAN_POINT('',(57.300803839795,15.02252631889));
#4002 = CARTESIAN_POINT('',(57.234475182038,15.083181933009));
#4003 = CARTESIAN_POINT('',(57.165128306102,15.140872370177));
#4004 = CARTESIAN_POINT('',(57.093090156681,15.195643734715));
#4005 = CARTESIAN_POINT('',(56.939497024751,15.302816124573));
#4006 = CARTESIAN_POINT('',(56.857628670265,15.354845547312));
#4007 = CARTESIAN_POINT('',(56.773403221016,15.403776584455));
#4008 = CARTESIAN_POINT('',(56.687137281628,15.44976078954));
#4009 = CARTESIAN_POINT('',(56.481242218133,15.55077369945));
#4010 = CARTESIAN_POINT('',(56.360208286468,15.603594463785));
#4011 = CARTESIAN_POINT('',(56.236589153658,15.651814978014));
#4012 = CARTESIAN_POINT('',(56.110862321856,15.695825030239));
#4013 = CARTESIAN_POINT('',(55.841700715161,15.780589705889));
#4014 = CARTESIAN_POINT('',(55.69786206511,15.820436735481));
#4015 = CARTESIAN_POINT('',(55.552304670332,15.856005148562));
#4016 = CARTESIAN_POINT('',(55.405368267567,15.887702686163));
#4017 = CARTESIAN_POINT('',(55.257279296875,15.91587890625));
#4018 = ( GEOMETRIC_REPRESENTATION_CONTEXT(2) 
PARAMETRIC_REPRESENTATION_CONTEXT() REPRESENTATION_CONTEXT('2D SPACE',''
  ) );
#4019 = PCURVE('',#4020,#4027);
#4020 = SURFACE_OF_LINEAR_EXTRUSION('',#4021,#4025);
#4021 = B_SPLINE_CURVE_WITH_KNOTS('',2,(#4022,#4023,#4024),
  .UNSPECIFIED.,.F.,.F.,(3,3),(0.,1.),.PIECEWISE_BEZIER_KNOTS.);
#4022 = CARTESIAN_POINT('',(15.257279296875,0.91587890625,1.45));
#4023 = CARTESIAN_POINT('',(16.684787109375,0.6442734375,1.45));
#4024 = CARTESIAN_POINT('',(17.36380078125,-4.1056640625E-02,1.45));
#4025 = VECTOR('',#4026,1.);
#4026 = DIRECTION('',(-0.,-0.,-1.));
#4027 = DEFINITIONAL_REPRESENTATION('',(#4028),#4047);
#4028 = B_SPLINE_CURVE_WITH_KNOTS('',5,(#4029,#4030,#4031,#4032,#4033,
    #4034,#4035,#4036,#4037,#4038,#4039,#4040,#4041,#4042,#4043,#4044,
    #4045,#4046),.UNSPECIFIED.,.F.,.F.,(6,4,4,4,6),(0.,0.19730979814,
    0.407146944657,0.687983279972,1.),.UNSPECIFIED.);
#4029 = CARTESIAN_POINT('',(1.,-5.E-02));
#4030 = CARTESIAN_POINT('',(0.953611433713,-5.E-02));
#4031 = CARTESIAN_POINT('',(0.907734706366,-5.E-02));
#4032 = CARTESIAN_POINT('',(0.862469339645,-5.E-02));
#4033 = CARTESIAN_POINT('',(0.817878790845,-5.E-02));
#4034 = CARTESIAN_POINT('',(0.727335311523,-5.E-02));
#4035 = CARTESIAN_POINT('',(0.681475903161,-5.E-02));
#4036 = CARTESIAN_POINT('',(0.636462918731,-5.E-02));
#4037 = CARTESIAN_POINT('',(0.592307411518,-5.E-02));
#4038 = CARTESIAN_POINT('',(0.491039362693,-5.E-02));
#4039 = CARTESIAN_POINT('',(0.434601616564,-5.E-02));
#4040 = CARTESIAN_POINT('',(0.379658849762,-5.E-02));
#4041 = CARTESIAN_POINT('',(0.326151734362,-5.E-02));
#4042 = CARTESIAN_POINT('',(0.2160580208,-5.E-02));
#4043 = CARTESIAN_POINT('',(0.159794033729,-5.E-02));
#4044 = CARTESIAN_POINT('',(0.105099175709,-5.E-02));
#4045 = CARTESIAN_POINT('',(5.186975839835E-02,-5.E-02));
#4046 = CARTESIAN_POINT('',(0.,-5.E-02));
#4047 = ( GEOMETRIC_REPRESENTATION_CONTEXT(2) 
PARAMETRIC_REPRESENTATION_CONTEXT() REPRESENTATION_CONTEXT('2D SPACE',''
  ) );
#4048 = ORIENTED_EDGE('',*,*,#4049,.F.);
#4049 = EDGE_CURVE('',#4050,#3975,#4052,.T.);
#4050 = VERTEX_POINT('',#4051);
#4051 = CARTESIAN_POINT('',(18.042814453125,-1.87597265625,1.5));
#4052 = SURFACE_CURVE('',#4053,(#4072,#4094),.PCURVE_S1.);
#4053 = B_SPLINE_CURVE_WITH_KNOTS('',5,(#4054,#4055,#4056,#4057,#4058,
    #4059,#4060,#4061,#4062,#4063,#4064,#4065,#4066,#4067,#4068,#4069,
    #4070,#4071),.UNSPECIFIED.,.F.,.F.,(6,4,4,4,6),(0.,0.307364367758,
    0.557233008483,0.79753281592,1.),.UNSPECIFIED.);
#4054 = CARTESIAN_POINT('',(18.042814453125,-1.87597265625,1.5));
#4055 = CARTESIAN_POINT('',(18.042814453125,-1.749396356882,1.5));
#4056 = CARTESIAN_POINT('',(18.037669153161,-1.62338180845,1.5));
#4057 = CARTESIAN_POINT('',(18.026900184423,-1.498224134749,1.5));
#4058 = CARTESIAN_POINT('',(18.009986366174,-1.374355508303,1.5));
#4059 = CARTESIAN_POINT('',(17.96739674925,-1.153109601674,1.5));
#4060 = CARTESIAN_POINT('',(17.943952039977,-1.055111648467,1.5));
#4061 = CARTESIAN_POINT('',(17.915931507234,-0.958625463813,1.5));
#4062 = CARTESIAN_POINT('',(17.883150026731,-0.863998597632,1.5));
#4063 = CARTESIAN_POINT('',(17.809383453244,-0.682730220947,1.5));
#4064 = CARTESIAN_POINT('',(17.768758418504,-0.595915990069,1.5));
#4065 = CARTESIAN_POINT('',(17.723620193984,-0.511484528998,1.5));
#4066 = CARTESIAN_POINT('',(17.674013491534,-0.42973923519,1.5));
#4067 = CARTESIAN_POINT('',(17.574700741779,-0.284537771718,1.5));
#4068 = CARTESIAN_POINT('',(17.526237044089,-0.220224174733,1.5));
#4069 = CARTESIAN_POINT('',(17.474826171338,-0.158145580819,1.5));
#4070 = CARTESIAN_POINT('',(17.420618641451,-9.840303906087E-02,1.5));
#4071 = CARTESIAN_POINT('',(17.36380078125,-4.1056640625E-02,1.5));
#4072 = PCURVE('',#44,#4073);
#4073 = DEFINITIONAL_REPRESENTATION('',(#4074),#4093);
#4074 = B_SPLINE_CURVE_WITH_KNOTS('',5,(#4075,#4076,#4077,#4078,#4079,
    #4080,#4081,#4082,#4083,#4084,#4085,#4086,#4087,#4088,#4089,#4090,
    #4091,#4092),.UNSPECIFIED.,.F.,.F.,(6,4,4,4,6),(0.,0.307364367758,
    0.557233008483,0.79753281592,1.),.UNSPECIFIED.);
#4075 = CARTESIAN_POINT('',(58.042814453125,13.12402734375));
#4076 = CARTESIAN_POINT('',(58.042814453125,13.250603643118));
#4077 = CARTESIAN_POINT('',(58.037669153161,13.37661819155));
#4078 = CARTESIAN_POINT('',(58.026900184423,13.501775865251));
#4079 = CARTESIAN_POINT('',(58.009986366174,13.625644491697));
#4080 = CARTESIAN_POINT('',(57.96739674925,13.846890398326));
#4081 = CARTESIAN_POINT('',(57.943952039977,13.944888351533));
#4082 = CARTESIAN_POINT('',(57.915931507234,14.041374536187));
#4083 = CARTESIAN_POINT('',(57.883150026731,14.136001402368));
#4084 = CARTESIAN_POINT('',(57.809383453244,14.317269779053));
#4085 = CARTESIAN_POINT('',(57.768758418504,14.404084009931));
#4086 = CARTESIAN_POINT('',(57.723620193984,14.488515471002));
#4087 = CARTESIAN_POINT('',(57.674013491534,14.57026076481));
#4088 = CARTESIAN_POINT('',(57.574700741779,14.715462228282));
#4089 = CARTESIAN_POINT('',(57.526237044089,14.779775825267));
#4090 = CARTESIAN_POINT('',(57.474826171338,14.841854419181));
#4091 = CARTESIAN_POINT('',(57.420618641451,14.901596960939));
#4092 = CARTESIAN_POINT('',(57.36380078125,14.958943359375));
#4093 = ( GEOMETRIC_REPRESENTATION_CONTEXT(2) 
PARAMETRIC_REPRESENTATION_CONTEXT() REPRESENTATION_CONTEXT('2D SPACE',''
  ) );
#4094 = PCURVE('',#4095,#4102);
#4095 = SURFACE_OF_LINEAR_EXTRUSION('',#4096,#4100);
#4096 = B_SPLINE_CURVE_WITH_KNOTS('',2,(#4097,#4098,#4099),
  .UNSPECIFIED.,.F.,.F.,(3,3),(0.,1.),.PIECEWISE_BEZIER_KNOTS.);
#4097 = CARTESIAN_POINT('',(17.36380078125,-4.1056640625E-02,1.45));
#4098 = CARTESIAN_POINT('',(18.042814453125,-0.72638671875,1.45));
#4099 = CARTESIAN_POINT('',(18.042814453125,-1.87597265625,1.45));
#4100 = VECTOR('',#4101,1.);
#4101 = DIRECTION('',(-0.,-0.,-1.));
#4102 = DEFINITIONAL_REPRESENTATION('',(#4103),#4122);
#4103 = B_SPLINE_CURVE_WITH_KNOTS('',5,(#4104,#4105,#4106,#4107,#4108,
    #4109,#4110,#4111,#4112,#4113,#4114,#4115,#4116,#4117,#4118,#4119,
    #4120,#4121),.UNSPECIFIED.,.F.,.F.,(6,4,4,4,6),(0.,0.307364367758,
    0.557233008483,0.79753281592,1.),.UNSPECIFIED.);
#4104 = CARTESIAN_POINT('',(1.,-5.E-02));
#4105 = CARTESIAN_POINT('',(0.944947004291,-5.E-02));
#4106 = CARTESIAN_POINT('',(0.88860824201,-5.E-02));
#4107 = CARTESIAN_POINT('',(0.830969818165,-5.E-02));
#4108 = CARTESIAN_POINT('',(0.772064714346,-5.E-02));
#4109 = CARTESIAN_POINT('',(0.66317102012,-5.E-02));
#4110 = CARTESIAN_POINT('',(0.613575949443,-5.E-02));
#4111 = CARTESIAN_POINT('',(0.56327766134,-5.E-02));
#4112 = CARTESIAN_POINT('',(0.512372267186,-5.E-02));
#4113 = CARTESIAN_POINT('',(0.411595057161,-5.E-02));
#4114 = CARTESIAN_POINT('',(0.361755191483,-5.E-02));
#4115 = CARTESIAN_POINT('',(0.311609566798,-5.E-02));
#4116 = CARTESIAN_POINT('',(0.261303438835,-5.E-02));
#4117 = CARTESIAN_POINT('',(0.168616297245,-5.E-02));
#4118 = CARTESIAN_POINT('',(0.126231801109,-5.E-02));
#4119 = CARTESIAN_POINT('',(8.394297324328E-02,-5.E-02));
#4120 = CARTESIAN_POINT('',(4.183852443246E-02,-5.E-02));
#4121 = CARTESIAN_POINT('',(0.,-5.E-02));
#4122 = ( GEOMETRIC_REPRESENTATION_CONTEXT(2) 
PARAMETRIC_REPRESENTATION_CONTEXT() REPRESENTATION_CONTEXT('2D SPACE',''
  ) );
#4123 = ORIENTED_EDGE('',*,*,#4124,.F.);
#4124 = EDGE_CURVE('',#4125,#4050,#4127,.T.);
#4125 = VERTEX_POINT('',#4126);
#4126 = CARTESIAN_POINT('',(17.12377734375,-3.9540703125,1.5));
#4127 = SURFACE_CURVE('',#4128,(#4147,#4169),.PCURVE_S1.);
#4128 = B_SPLINE_CURVE_WITH_KNOTS('',5,(#4129,#4130,#4131,#4132,#4133,
    #4134,#4135,#4136,#4137,#4138,#4139,#4140,#4141,#4142,#4143,#4144,
    #4145,#4146),.UNSPECIFIED.,.F.,.F.,(6,4,4,4,6),(0.,0.281008111017,
    0.566924605491,0.712781038609,1.),.UNSPECIFIED.);
#4129 = CARTESIAN_POINT('',(17.12377734375,-3.9540703125,1.5));
#4130 = CARTESIAN_POINT('',(17.22862027978,-3.873366471707,1.5));
#4131 = CARTESIAN_POINT('',(17.327768245197,-3.785897636967,1.5));
#4132 = CARTESIAN_POINT('',(17.420248493063,-3.691656086892,1.5));
#4133 = CARTESIAN_POINT('',(17.505210584082,-3.590906307749,1.5));
#4134 = CARTESIAN_POINT('',(17.660401516447,-3.375988545006,1.5));
#4135 = CARTESIAN_POINT('',(17.730372328468,-3.261581951887,1.5));
#4136 = CARTESIAN_POINT('',(17.791487066251,-3.141920577041,1.5));
#4137 = CARTESIAN_POINT('',(17.843772721068,-3.017944759633,1.5));
#4138 = CARTESIAN_POINT('',(17.909912265748,-2.825671632405,1.5));
#4139 = CARTESIAN_POINT('',(17.930048127184,-2.759842386615,1.5));
#4140 = CARTESIAN_POINT('',(17.948024750229,-2.693255050255,1.5));
#4141 = CARTESIAN_POINT('',(17.963911600045,-2.626020611167,1.5));
#4142 = CARTESIAN_POINT('',(18.005110480644,-2.424757857507,1.5));
#4143 = CARTESIAN_POINT('',(18.024632084268,-2.289156726761,1.5));
#4144 = CARTESIAN_POINT('',(18.036962286895,-2.152158633318,1.5));
#4145 = CARTESIAN_POINT('',(18.042814453125,-2.014316187849,1.5));
#4146 = CARTESIAN_POINT('',(18.042814453125,-1.87597265625,1.5));
#4147 = PCURVE('',#44,#4148);
#4148 = DEFINITIONAL_REPRESENTATION('',(#4149),#4168);
#4149 = B_SPLINE_CURVE_WITH_KNOTS('',5,(#4150,#4151,#4152,#4153,#4154,
    #4155,#4156,#4157,#4158,#4159,#4160,#4161,#4162,#4163,#4164,#4165,
    #4166,#4167),.UNSPECIFIED.,.F.,.F.,(6,4,4,4,6),(0.,0.281008111017,
    0.566924605491,0.712781038609,1.),.UNSPECIFIED.);
#4150 = CARTESIAN_POINT('',(57.12377734375,11.0459296875));
#4151 = CARTESIAN_POINT('',(57.22862027978,11.126633528293));
#4152 = CARTESIAN_POINT('',(57.327768245197,11.214102363033));
#4153 = CARTESIAN_POINT('',(57.420248493063,11.308343913108));
#4154 = CARTESIAN_POINT('',(57.505210584082,11.409093692251));
#4155 = CARTESIAN_POINT('',(57.660401516447,11.624011454994));
#4156 = CARTESIAN_POINT('',(57.730372328468,11.738418048113));
#4157 = CARTESIAN_POINT('',(57.791487066251,11.858079422959));
#4158 = CARTESIAN_POINT('',(57.843772721068,11.982055240367));
#4159 = CARTESIAN_POINT('',(57.909912265748,12.174328367595));
#4160 = CARTESIAN_POINT('',(57.930048127184,12.240157613385));
#4161 = CARTESIAN_POINT('',(57.948024750229,12.306744949745));
#4162 = CARTESIAN_POINT('',(57.963911600045,12.373979388833));
#4163 = CARTESIAN_POINT('',(58.005110480644,12.575242142493));
#4164 = CARTESIAN_POINT('',(58.024632084268,12.710843273239));
#4165 = CARTESIAN_POINT('',(58.036962286895,12.847841366682));
#4166 = CARTESIAN_POINT('',(58.042814453125,12.985683812151));
#4167 = CARTESIAN_POINT('',(58.042814453125,13.12402734375));
#4168 = ( GEOMETRIC_REPRESENTATION_CONTEXT(2) 
PARAMETRIC_REPRESENTATION_CONTEXT() REPRESENTATION_CONTEXT('2D SPACE',''
  ) );
#4169 = PCURVE('',#4170,#4177);
#4170 = SURFACE_OF_LINEAR_EXTRUSION('',#4171,#4175);
#4171 = B_SPLINE_CURVE_WITH_KNOTS('',2,(#4172,#4173,#4174),
  .UNSPECIFIED.,.F.,.F.,(3,3),(0.,1.),.PIECEWISE_BEZIER_KNOTS.);
#4172 = CARTESIAN_POINT('',(18.042814453125,-1.87597265625,1.45));
#4173 = CARTESIAN_POINT('',(18.042814453125,-3.2466328125,1.45));
#4174 = CARTESIAN_POINT('',(17.12377734375,-3.9540703125,1.45));
#4175 = VECTOR('',#4176,1.);
#4176 = DIRECTION('',(-0.,-0.,-1.));
#4177 = DEFINITIONAL_REPRESENTATION('',(#4178),#4197);
#4178 = B_SPLINE_CURVE_WITH_KNOTS('',5,(#4179,#4180,#4181,#4182,#4183,
    #4184,#4185,#4186,#4187,#4188,#4189,#4190,#4191,#4192,#4193,#4194,
    #4195,#4196),.UNSPECIFIED.,.F.,.F.,(6,4,4,4,6),(0.,0.281008111017,
    0.566924605491,0.712781038609,1.),.UNSPECIFIED.);
#4179 = CARTESIAN_POINT('',(1.,-5.E-02));
#4180 = CARTESIAN_POINT('',(0.942960444709,-5.E-02));
#4181 = CARTESIAN_POINT('',(0.884952297266,-5.E-02));
#4182 = CARTESIAN_POINT('',(0.826228815539,-5.E-02));
#4183 = CARTESIAN_POINT('',(0.76711035806,-5.E-02));
#4184 = CARTESIAN_POINT('',(0.647857158206,-5.E-02));
#4185 = CARTESIAN_POINT('',(0.587703299938,-5.E-02));
#4186 = CARTESIAN_POINT('',(0.527963913366,-5.E-02));
#4187 = CARTESIAN_POINT('',(0.468974917255,-5.E-02));
#4188 = CARTESIAN_POINT('',(0.381424879975,-5.E-02));
#4189 = CARTESIAN_POINT('',(0.352110436329,-5.E-02));
#4190 = CARTESIAN_POINT('',(0.323087867624,-5.E-02));
#4191 = CARTESIAN_POINT('',(0.294379374235,-5.E-02));
#4192 = CARTESIAN_POINT('',(0.210115633309,-5.E-02));
#4193 = CARTESIAN_POINT('',(0.155510965165,-5.E-02));
#4194 = CARTESIAN_POINT('',(0.10228983039,-5.E-02));
#4195 = CARTESIAN_POINT('',(5.046602214579E-02,-5.E-02));
#4196 = CARTESIAN_POINT('',(0.,-5.E-02));
#4197 = ( GEOMETRIC_REPRESENTATION_CONTEXT(2) 
PARAMETRIC_REPRESENTATION_CONTEXT() REPRESENTATION_CONTEXT('2D SPACE',''
  ) );
#4198 = ORIENTED_EDGE('',*,*,#4199,.F.);
#4199 = EDGE_CURVE('',#4200,#4125,#4202,.T.);
#4200 = VERTEX_POINT('',#4201);
#4201 = CARTESIAN_POINT('',(14.429830078125,-4.6615078125,1.5));
#4202 = SURFACE_CURVE('',#4203,(#4221,#4242),.PCURVE_S1.);
#4203 = B_SPLINE_CURVE_WITH_KNOTS('',6,(#4204,#4205,#4206,#4207,#4208,
    #4209,#4210,#4211,#4212,#4213,#4214,#4215,#4216,#4217,#4218,#4219,
    #4220),.UNSPECIFIED.,.F.,.F.,(7,5,5,7),(0.,0.317197034688,
    0.598186519263,1.),.UNSPECIFIED.);
#4204 = CARTESIAN_POINT('',(14.429830078125,-4.6615078125,1.5));
#4205 = CARTESIAN_POINT('',(14.582905306416,-4.6615078125,1.5));
#4206 = CARTESIAN_POINT('',(14.735693150327,-4.658350767568,1.5));
#4207 = CARTESIAN_POINT('',(14.888099061853,-4.651762958159,1.5));
#4208 = CARTESIAN_POINT('',(15.039977384147,-4.641429181851,1.5));
#4209 = CARTESIAN_POINT('',(15.191130047428,-4.626984811193,1.5));
#4210 = CARTESIAN_POINT('',(15.474338213933,-4.591197082475,1.5));
#4211 = CARTESIAN_POINT('',(15.606591972615,-4.570830716565,1.5));
#4212 = CARTESIAN_POINT('',(15.737895720423,-4.546616387331,1.5));
#4213 = CARTESIAN_POINT('',(15.868006152168,-4.518227648284,1.5));
#4214 = CARTESIAN_POINT('',(15.996610516318,-4.485313508594,1.5));
#4215 = CARTESIAN_POINT('',(16.304537350796,-4.393446246195,1.5));
#4216 = CARTESIAN_POINT('',(16.481897199088,-4.32938092642,1.5));
#4217 = CARTESIAN_POINT('',(16.65425862698,-4.254251826456,1.5));
#4218 = CARTESIAN_POINT('',(16.82000345232,-4.16703670786,1.5));
#4219 = CARTESIAN_POINT('',(16.977152008517,-4.06693654993,1.5));
#4220 = CARTESIAN_POINT('',(17.12377734375,-3.9540703125,1.5));
#4221 = PCURVE('',#44,#4222);
#4222 = DEFINITIONAL_REPRESENTATION('',(#4223),#4241);
#4223 = B_SPLINE_CURVE_WITH_KNOTS('',6,(#4224,#4225,#4226,#4227,#4228,
    #4229,#4230,#4231,#4232,#4233,#4234,#4235,#4236,#4237,#4238,#4239,
    #4240),.UNSPECIFIED.,.F.,.F.,(7,5,5,7),(0.,0.317197034688,
    0.598186519263,1.),.UNSPECIFIED.);
#4224 = CARTESIAN_POINT('',(54.429830078125,10.3384921875));
#4225 = CARTESIAN_POINT('',(54.582905306416,10.3384921875));
#4226 = CARTESIAN_POINT('',(54.735693150327,10.341649232432));
#4227 = CARTESIAN_POINT('',(54.888099061853,10.348237041841));
#4228 = CARTESIAN_POINT('',(55.039977384147,10.358570818149));
#4229 = CARTESIAN_POINT('',(55.191130047428,10.373015188807));
#4230 = CARTESIAN_POINT('',(55.474338213933,10.408802917525));
#4231 = CARTESIAN_POINT('',(55.606591972615,10.429169283435));
#4232 = CARTESIAN_POINT('',(55.737895720423,10.453383612669));
#4233 = CARTESIAN_POINT('',(55.868006152168,10.481772351716));
#4234 = CARTESIAN_POINT('',(55.996610516318,10.514686491406));
#4235 = CARTESIAN_POINT('',(56.304537350796,10.606553753805));
#4236 = CARTESIAN_POINT('',(56.481897199088,10.67061907358));
#4237 = CARTESIAN_POINT('',(56.65425862698,10.745748173544));
#4238 = CARTESIAN_POINT('',(56.82000345232,10.83296329214));
#4239 = CARTESIAN_POINT('',(56.977152008517,10.93306345007));
#4240 = CARTESIAN_POINT('',(57.12377734375,11.0459296875));
#4241 = ( GEOMETRIC_REPRESENTATION_CONTEXT(2) 
PARAMETRIC_REPRESENTATION_CONTEXT() REPRESENTATION_CONTEXT('2D SPACE',''
  ) );
#4242 = PCURVE('',#4243,#4250);
#4243 = SURFACE_OF_LINEAR_EXTRUSION('',#4244,#4248);
#4244 = B_SPLINE_CURVE_WITH_KNOTS('',2,(#4245,#4246,#4247),
  .UNSPECIFIED.,.F.,.F.,(3,3),(0.,1.),.PIECEWISE_BEZIER_KNOTS.);
#4245 = CARTESIAN_POINT('',(17.12377734375,-3.9540703125,1.45));
#4246 = CARTESIAN_POINT('',(16.204740234375,-4.6615078125,1.45));
#4247 = CARTESIAN_POINT('',(14.429830078125,-4.6615078125,1.45));
#4248 = VECTOR('',#4249,1.);
#4249 = DIRECTION('',(-0.,-0.,-1.));
#4250 = DEFINITIONAL_REPRESENTATION('',(#4251),#4269);
#4251 = B_SPLINE_CURVE_WITH_KNOTS('',6,(#4252,#4253,#4254,#4255,#4256,
    #4257,#4258,#4259,#4260,#4261,#4262,#4263,#4264,#4265,#4266,#4267,
    #4268),.UNSPECIFIED.,.F.,.F.,(7,5,5,7),(0.,0.317197034688,
    0.598186519263,1.),.UNSPECIFIED.);
#4252 = CARTESIAN_POINT('',(1.,-5.E-02));
#4253 = CARTESIAN_POINT('',(0.956878034713,-5.E-02));
#4254 = CARTESIAN_POINT('',(0.912761068012,-5.E-02));
#4255 = CARTESIAN_POINT('',(0.867582447576,-5.E-02));
#4256 = CARTESIAN_POINT('',(0.821275780804,-5.E-02));
#4257 = CARTESIAN_POINT('',(0.773772595409,-5.E-02));
#4258 = CARTESIAN_POINT('',(0.681794720799,-5.E-02));
#4259 = CARTESIAN_POINT('',(0.637597152818,-5.E-02));
#4260 = CARTESIAN_POINT('',(0.59235577493,-5.E-02));
#4261 = CARTESIAN_POINT('',(0.546027870389,-5.E-02));
#4262 = CARTESIAN_POINT('',(0.498581920786,-5.E-02));
#4263 = CARTESIAN_POINT('',(0.380528109544,-5.E-02));
#4264 = CARTESIAN_POINT('',(0.308730828964,-5.E-02));
#4265 = CARTESIAN_POINT('',(0.234570956136,-5.E-02));
#4266 = CARTESIAN_POINT('',(0.158155948944,-5.E-02));
#4267 = CARTESIAN_POINT('',(7.977117231571E-02,-5.E-02));
#4268 = CARTESIAN_POINT('',(0.,-5.E-02));
#4269 = ( GEOMETRIC_REPRESENTATION_CONTEXT(2) 
PARAMETRIC_REPRESENTATION_CONTEXT() REPRESENTATION_CONTEXT('2D SPACE',''
  ) );
#4270 = ORIENTED_EDGE('',*,*,#4271,.F.);
#4271 = EDGE_CURVE('',#4272,#4200,#4274,.T.);
#4272 = VERTEX_POINT('',#4273);
#4273 = CARTESIAN_POINT('',(13.00548046875,-4.5099140625,1.5));
#4274 = SURFACE_CURVE('',#4275,(#4283,#4294),.PCURVE_S1.);
#4275 = B_SPLINE_CURVE_WITH_KNOTS('',6,(#4276,#4277,#4278,#4279,#4280,
    #4281,#4282),.UNSPECIFIED.,.F.,.F.,(7,7),(0.,1.),
  .PIECEWISE_BEZIER_KNOTS.);
#4276 = CARTESIAN_POINT('',(13.00548046875,-4.5099140625,1.5));
#4277 = CARTESIAN_POINT('',(13.245185284354,-4.558055615425,1.5));
#4278 = CARTESIAN_POINT('',(13.484459117592,-4.59797394577,1.5));
#4279 = CARTESIAN_POINT('',(13.723010349296,-4.62900833449,1.5));
#4280 = CARTESIAN_POINT('',(13.960440036135,-4.650437241024,1.5));
#4281 = CARTESIAN_POINT('',(14.196245584684,-4.6615078125,1.5));
#4282 = CARTESIAN_POINT('',(14.429830078125,-4.6615078125,1.5));
#4283 = PCURVE('',#44,#4284);
#4284 = DEFINITIONAL_REPRESENTATION('',(#4285),#4293);
#4285 = B_SPLINE_CURVE_WITH_KNOTS('',6,(#4286,#4287,#4288,#4289,#4290,
    #4291,#4292),.UNSPECIFIED.,.F.,.F.,(7,7),(0.,1.),
  .PIECEWISE_BEZIER_KNOTS.);
#4286 = CARTESIAN_POINT('',(53.00548046875,10.4900859375));
#4287 = CARTESIAN_POINT('',(53.245185284354,10.441944384575));
#4288 = CARTESIAN_POINT('',(53.484459117592,10.40202605423));
#4289 = CARTESIAN_POINT('',(53.723010349296,10.37099166551));
#4290 = CARTESIAN_POINT('',(53.960440036135,10.349562758976));
#4291 = CARTESIAN_POINT('',(54.196245584684,10.3384921875));
#4292 = CARTESIAN_POINT('',(54.429830078125,10.3384921875));
#4293 = ( GEOMETRIC_REPRESENTATION_CONTEXT(2) 
PARAMETRIC_REPRESENTATION_CONTEXT() REPRESENTATION_CONTEXT('2D SPACE',''
  ) );
#4294 = PCURVE('',#4295,#4302);
#4295 = SURFACE_OF_LINEAR_EXTRUSION('',#4296,#4300);
#4296 = B_SPLINE_CURVE_WITH_KNOTS('',2,(#4297,#4298,#4299),
  .UNSPECIFIED.,.F.,.F.,(3,3),(0.,1.),.PIECEWISE_BEZIER_KNOTS.);
#4297 = CARTESIAN_POINT('',(14.429830078125,-4.6615078125,1.45));
#4298 = CARTESIAN_POINT('',(13.760291015625,-4.6615078125,1.45));
#4299 = CARTESIAN_POINT('',(13.00548046875,-4.5099140625,1.45));
#4300 = VECTOR('',#4301,1.);
#4301 = DIRECTION('',(-0.,-0.,-1.));
#4302 = DEFINITIONAL_REPRESENTATION('',(#4303),#4311);
#4303 = B_SPLINE_CURVE_WITH_KNOTS('',6,(#4304,#4305,#4306,#4307,#4308,
    #4309,#4310),.UNSPECIFIED.,.F.,.F.,(7,7),(0.,1.),
  .PIECEWISE_BEZIER_KNOTS.);
#4304 = CARTESIAN_POINT('',(1.,-5.E-02));
#4305 = CARTESIAN_POINT('',(0.841215244941,-5.E-02));
#4306 = CARTESIAN_POINT('',(0.679298051036,-5.E-02));
#4307 = CARTESIAN_POINT('',(0.514188649336,-5.E-02));
#4308 = CARTESIAN_POINT('',(0.345881869689,-5.E-02));
#4309 = CARTESIAN_POINT('',(0.174436792806,-5.E-02));
#4310 = CARTESIAN_POINT('',(0.,-5.E-02));
#4311 = ( GEOMETRIC_REPRESENTATION_CONTEXT(2) 
PARAMETRIC_REPRESENTATION_CONTEXT() REPRESENTATION_CONTEXT('2D SPACE',''
  ) );
#4312 = ORIENTED_EDGE('',*,*,#4313,.F.);
#4313 = EDGE_CURVE('',#4314,#4272,#4316,.T.);
#4314 = VERTEX_POINT('',#4315);
#4315 = CARTESIAN_POINT('',(11.442169921875,-4.06144921875,1.5));
#4316 = SURFACE_CURVE('',#4317,(#4324,#4334),.PCURVE_S1.);
#4317 = B_SPLINE_CURVE_WITH_KNOTS('',5,(#4318,#4319,#4320,#4321,#4322,
    #4323),.UNSPECIFIED.,.F.,.F.,(6,6),(0.,1.),
  .PIECEWISE_BEZIER_KNOTS.);
#4318 = CARTESIAN_POINT('',(11.442169921875,-4.06144921875,1.5));
#4319 = CARTESIAN_POINT('',(11.752415739331,-4.175367604847,1.5));
#4320 = CARTESIAN_POINT('',(12.064207366411,-4.278297584024,1.5));
#4321 = CARTESIAN_POINT('',(12.377296792782,-4.369183880208,1.5));
#4322 = CARTESIAN_POINT('',(12.691258552412,-4.446806732022,1.5));
#4323 = CARTESIAN_POINT('',(13.00548046875,-4.5099140625,1.5));
#4324 = PCURVE('',#44,#4325);
#4325 = DEFINITIONAL_REPRESENTATION('',(#4326),#4333);
#4326 = B_SPLINE_CURVE_WITH_KNOTS('',5,(#4327,#4328,#4329,#4330,#4331,
    #4332),.UNSPECIFIED.,.F.,.F.,(6,6),(0.,1.),
  .PIECEWISE_BEZIER_KNOTS.);
#4327 = CARTESIAN_POINT('',(51.442169921875,10.93855078125));
#4328 = CARTESIAN_POINT('',(51.752415739331,10.824632395153));
#4329 = CARTESIAN_POINT('',(52.064207366411,10.721702415976));
#4330 = CARTESIAN_POINT('',(52.377296792782,10.630816119792));
#4331 = CARTESIAN_POINT('',(52.691258552412,10.553193267978));
#4332 = CARTESIAN_POINT('',(53.00548046875,10.4900859375));
#4333 = ( GEOMETRIC_REPRESENTATION_CONTEXT(2) 
PARAMETRIC_REPRESENTATION_CONTEXT() REPRESENTATION_CONTEXT('2D SPACE',''
  ) );
#4334 = PCURVE('',#4335,#4342);
#4335 = SURFACE_OF_LINEAR_EXTRUSION('',#4336,#4340);
#4336 = B_SPLINE_CURVE_WITH_KNOTS('',2,(#4337,#4338,#4339),
  .UNSPECIFIED.,.F.,.F.,(3,3),(0.,1.),.PIECEWISE_BEZIER_KNOTS.);
#4337 = CARTESIAN_POINT('',(13.00548046875,-4.5099140625,1.45));
#4338 = CARTESIAN_POINT('',(12.250669921875,-4.3583203125,1.45));
#4339 = CARTESIAN_POINT('',(11.442169921875,-4.06144921875,1.45));
#4340 = VECTOR('',#4341,1.);
#4341 = DIRECTION('',(-0.,-0.,-1.));
#4342 = DEFINITIONAL_REPRESENTATION('',(#4343),#4350);
#4343 = B_SPLINE_CURVE_WITH_KNOTS('',5,(#4344,#4345,#4346,#4347,#4348,
    #4349),.UNSPECIFIED.,.F.,.F.,(6,6),(0.,1.),
  .PIECEWISE_BEZIER_KNOTS.);
#4344 = CARTESIAN_POINT('',(1.,-5.E-02));
#4345 = CARTESIAN_POINT('',(0.808134930454,-5.E-02));
#4346 = CARTESIAN_POINT('',(0.61225809161,-5.E-02));
#4347 = CARTESIAN_POINT('',(0.412267890964,-5.E-02));
#4348 = CARTESIAN_POINT('',(0.208146214728,-5.E-02));
#4349 = CARTESIAN_POINT('',(0.,-5.E-02));
#4350 = ( GEOMETRIC_REPRESENTATION_CONTEXT(2) 
PARAMETRIC_REPRESENTATION_CONTEXT() REPRESENTATION_CONTEXT('2D SPACE',''
  ) );
#4351 = ORIENTED_EDGE('',*,*,#4352,.F.);
#4352 = EDGE_CURVE('',#4353,#4314,#4355,.T.);
#4353 = VERTEX_POINT('',#4354);
#4354 = CARTESIAN_POINT('',(11.442169921875,-2.74763671875,1.5));
#4355 = SURFACE_CURVE('',#4356,(#4360,#4366),.PCURVE_S1.);
#4356 = LINE('',#4357,#4358);
#4357 = CARTESIAN_POINT('',(11.442169921875,-9.530724609375,1.5));
#4358 = VECTOR('',#4359,1.);
#4359 = DIRECTION('',(0.,-1.,0.));
#4360 = PCURVE('',#44,#4361);
#4361 = DEFINITIONAL_REPRESENTATION('',(#4362),#4365);
#4362 = B_SPLINE_CURVE_WITH_KNOTS('',1,(#4363,#4364),.UNSPECIFIED.,.F.,
  .F.,(2,2),(-6.783087890625,-5.469275390625),.PIECEWISE_BEZIER_KNOTS.);
#4363 = CARTESIAN_POINT('',(51.442169921875,12.25236328125));
#4364 = CARTESIAN_POINT('',(51.442169921875,10.93855078125));
#4365 = ( GEOMETRIC_REPRESENTATION_CONTEXT(2) 
PARAMETRIC_REPRESENTATION_CONTEXT() REPRESENTATION_CONTEXT('2D SPACE',''
  ) );
#4366 = PCURVE('',#4367,#4372);
#4367 = PLANE('',#4368);
#4368 = AXIS2_PLACEMENT_3D('',#4369,#4370,#4371);
#4369 = CARTESIAN_POINT('',(11.442169921875,-4.06144921875,1.45));
#4370 = DIRECTION('',(-1.,0.,0.));
#4371 = DIRECTION('',(0.,1.,0.));
#4372 = DEFINITIONAL_REPRESENTATION('',(#4373),#4376);
#4373 = B_SPLINE_CURVE_WITH_KNOTS('',1,(#4374,#4375),.UNSPECIFIED.,.F.,
  .F.,(2,2),(-6.783087890625,-5.469275390625),.PIECEWISE_BEZIER_KNOTS.);
#4374 = CARTESIAN_POINT('',(1.3138125,-5.E-02));
#4375 = CARTESIAN_POINT('',(0.,-5.E-02));
#4376 = ( GEOMETRIC_REPRESENTATION_CONTEXT(2) 
PARAMETRIC_REPRESENTATION_CONTEXT() REPRESENTATION_CONTEXT('2D SPACE',''
  ) );
#4377 = ORIENTED_EDGE('',*,*,#4378,.F.);
#4378 = EDGE_CURVE('',#4379,#4353,#4381,.T.);
#4379 = VERTEX_POINT('',#4380);
#4380 = CARTESIAN_POINT('',(12.964423828125,-3.40454296875,1.5));
#4381 = SURFACE_CURVE('',#4382,(#4393,#4407),.PCURVE_S1.);
#4382 = B_SPLINE_CURVE_WITH_KNOTS('',5,(#4383,#4384,#4385,#4386,#4387,
    #4388,#4389,#4390,#4391,#4392),.UNSPECIFIED.,.F.,.F.,(6,4,6),(0.,
    0.489434910011,1.),.UNSPECIFIED.);
#4383 = CARTESIAN_POINT('',(12.964423828125,-3.40454296875,1.5));
#4384 = CARTESIAN_POINT('',(12.811344322886,-3.359138030755,1.5));
#4385 = CARTESIAN_POINT('',(12.659065817196,-3.308555748642,1.5));
#4386 = CARTESIAN_POINT('',(12.507715629982,-3.253065265332,1.5));
#4387 = CARTESIAN_POINT('',(12.35738784915,-3.192945859695,1.5));
#4388 = CARTESIAN_POINT('',(12.052464564306,-3.06119956814,1.5));
#4389 = CARTESIAN_POINT('',(11.897965800677,-2.989188283046,1.5));
#4390 = CARTESIAN_POINT('',(11.744724401032,-2.912734030413,1.5));
#4391 = CARTESIAN_POINT('',(11.592785377247,-2.832128315666,1.5));
#4392 = CARTESIAN_POINT('',(11.442169921875,-2.74763671875,1.5));
#4393 = PCURVE('',#44,#4394);
#4394 = DEFINITIONAL_REPRESENTATION('',(#4395),#4406);
#4395 = B_SPLINE_CURVE_WITH_KNOTS('',5,(#4396,#4397,#4398,#4399,#4400,
    #4401,#4402,#4403,#4404,#4405),.UNSPECIFIED.,.F.,.F.,(6,4,6),(0.,
    0.489434910011,1.),.UNSPECIFIED.);
#4396 = CARTESIAN_POINT('',(52.964423828125,11.59545703125));
#4397 = CARTESIAN_POINT('',(52.811344322886,11.640861969245));
#4398 = CARTESIAN_POINT('',(52.659065817196,11.691444251358));
#4399 = CARTESIAN_POINT('',(52.507715629982,11.746934734668));
#4400 = CARTESIAN_POINT('',(52.35738784915,11.807054140305));
#4401 = CARTESIAN_POINT('',(52.052464564306,11.93880043186));
#4402 = CARTESIAN_POINT('',(51.897965800677,12.010811716954));
#4403 = CARTESIAN_POINT('',(51.744724401032,12.087265969587));
#4404 = CARTESIAN_POINT('',(51.592785377247,12.167871684334));
#4405 = CARTESIAN_POINT('',(51.442169921875,12.25236328125));
#4406 = ( GEOMETRIC_REPRESENTATION_CONTEXT(2) 
PARAMETRIC_REPRESENTATION_CONTEXT() REPRESENTATION_CONTEXT('2D SPACE',''
  ) );
#4407 = PCURVE('',#4408,#4415);
#4408 = SURFACE_OF_LINEAR_EXTRUSION('',#4409,#4413);
#4409 = B_SPLINE_CURVE_WITH_KNOTS('',2,(#4410,#4411,#4412),
  .UNSPECIFIED.,.F.,.F.,(3,3),(0.,1.),.PIECEWISE_BEZIER_KNOTS.);
#4410 = CARTESIAN_POINT('',(11.442169921875,-2.74763671875,1.45));
#4411 = CARTESIAN_POINT('',(12.219087890625,-3.18346875,1.45));
#4412 = CARTESIAN_POINT('',(12.964423828125,-3.40454296875,1.45));
#4413 = VECTOR('',#4414,1.);
#4414 = DIRECTION('',(-0.,-0.,-1.));
#4415 = DEFINITIONAL_REPRESENTATION('',(#4416),#4427);
#4416 = B_SPLINE_CURVE_WITH_KNOTS('',5,(#4417,#4418,#4419,#4420,#4421,
    #4422,#4423,#4424,#4425,#4426),.UNSPECIFIED.,.F.,.F.,(6,4,6),(0.,
    0.489434910011,1.),.UNSPECIFIED.);
#4417 = CARTESIAN_POINT('',(1.,-5.E-02));
#4418 = CARTESIAN_POINT('',(0.897308383014,-5.E-02));
#4419 = CARTESIAN_POINT('',(0.795712668693,-5.E-02));
#4420 = CARTESIAN_POINT('',(0.69527440025,-5.E-02));
#4421 = CARTESIAN_POINT('',(0.596030765973,-5.E-02));
#4422 = CARTESIAN_POINT('',(0.395736990503,-5.E-02));
#4423 = CARTESIAN_POINT('',(0.294794357933,-5.E-02));
#4424 = CARTESIAN_POINT('',(0.195191985246,-5.E-02));
#4425 = CARTESIAN_POINT('',(9.693137591774E-02,-5.E-02));
#4426 = CARTESIAN_POINT('',(0.,-5.E-02));
#4427 = ( GEOMETRIC_REPRESENTATION_CONTEXT(2) 
PARAMETRIC_REPRESENTATION_CONTEXT() REPRESENTATION_CONTEXT('2D SPACE',''
  ) );
#4428 = ORIENTED_EDGE('',*,*,#4429,.F.);
#4429 = EDGE_CURVE('',#4430,#4379,#4432,.T.);
#4430 = VERTEX_POINT('',#4431);
#4431 = CARTESIAN_POINT('',(14.429830078125,-3.6256171875,1.5));
#4432 = SURFACE_CURVE('',#4433,(#4444,#4458),.PCURVE_S1.);
#4433 = B_SPLINE_CURVE_WITH_KNOTS('',5,(#4434,#4435,#4436,#4437,#4438,
    #4439,#4440,#4441,#4442,#4443),.UNSPECIFIED.,.F.,.F.,(6,4,6),(0.,
    0.495317219911,1.),.UNSPECIFIED.);
#4434 = CARTESIAN_POINT('',(14.429830078125,-3.6256171875,1.5));
#4435 = CARTESIAN_POINT('',(14.283997496731,-3.6256171875,1.5));
#4436 = CARTESIAN_POINT('',(14.137953108419,-3.619949866148,1.5));
#4437 = CARTESIAN_POINT('',(13.991901905847,-3.608683013851,1.5));
#4438 = CARTESIAN_POINT('',(13.846031508666,-3.591945200229,1.5));
#4439 = CARTESIAN_POINT('',(13.552241878498,-3.547449270621,1.5));
#4440 = CARTESIAN_POINT('',(13.404334325457,-3.519488482972,1.5));
#4441 = CARTESIAN_POINT('',(13.256968115185,-3.486201824387,1.5));
#4442 = CARTESIAN_POINT('',(13.110291136991,-3.447808695956,1.5));
#4443 = CARTESIAN_POINT('',(12.964423828125,-3.40454296875,1.5));
#4444 = PCURVE('',#44,#4445);
#4445 = DEFINITIONAL_REPRESENTATION('',(#4446),#4457);
#4446 = B_SPLINE_CURVE_WITH_KNOTS('',5,(#4447,#4448,#4449,#4450,#4451,
    #4452,#4453,#4454,#4455,#4456),.UNSPECIFIED.,.F.,.F.,(6,4,6),(0.,
    0.495317219911,1.),.UNSPECIFIED.);
#4447 = CARTESIAN_POINT('',(54.429830078125,11.3743828125));
#4448 = CARTESIAN_POINT('',(54.283997496731,11.3743828125));
#4449 = CARTESIAN_POINT('',(54.137953108419,11.380050133852));
#4450 = CARTESIAN_POINT('',(53.991901905847,11.391316986149));
#4451 = CARTESIAN_POINT('',(53.846031508666,11.408054799771));
#4452 = CARTESIAN_POINT('',(53.552241878498,11.452550729379));
#4453 = CARTESIAN_POINT('',(53.404334325457,11.480511517028));
#4454 = CARTESIAN_POINT('',(53.256968115185,11.513798175613));
#4455 = CARTESIAN_POINT('',(53.110291136991,11.552191304044));
#4456 = CARTESIAN_POINT('',(52.964423828125,11.59545703125));
#4457 = ( GEOMETRIC_REPRESENTATION_CONTEXT(2) 
PARAMETRIC_REPRESENTATION_CONTEXT() REPRESENTATION_CONTEXT('2D SPACE',''
  ) );
#4458 = PCURVE('',#4459,#4466);
#4459 = SURFACE_OF_LINEAR_EXTRUSION('',#4460,#4464);
#4460 = B_SPLINE_CURVE_WITH_KNOTS('',2,(#4461,#4462,#4463),
  .UNSPECIFIED.,.F.,.F.,(3,3),(0.,1.),.PIECEWISE_BEZIER_KNOTS.);
#4461 = CARTESIAN_POINT('',(12.964423828125,-3.40454296875,1.45));
#4462 = CARTESIAN_POINT('',(13.709759765625,-3.6256171875,1.45));
#4463 = CARTESIAN_POINT('',(14.429830078125,-3.6256171875,1.45));
#4464 = VECTOR('',#4465,1.);
#4465 = DIRECTION('',(-0.,-0.,-1.));
#4466 = DEFINITIONAL_REPRESENTATION('',(#4467),#4478);
#4467 = B_SPLINE_CURVE_WITH_KNOTS('',5,(#4468,#4469,#4470,#4471,#4472,
    #4473,#4474,#4475,#4476,#4477),.UNSPECIFIED.,.F.,.F.,(6,4,6),(0.,
    0.495317219911,1.),.UNSPECIFIED.);
#4468 = CARTESIAN_POINT('',(1.,-5.E-02));
#4469 = CARTESIAN_POINT('',(0.898737262971,-5.E-02));
#4470 = CARTESIAN_POINT('',(0.797777195656,-5.E-02));
#4471 = CARTESIAN_POINT('',(0.697256760501,-5.E-02));
#4472 = CARTESIAN_POINT('',(0.597296033266,-5.E-02));
#4473 = CARTESIAN_POINT('',(0.396826456852,-5.E-02));
#4474 = CARTESIAN_POINT('',(0.296341801437,-5.E-02));
#4475 = CARTESIAN_POINT('',(0.196655688687,-5.E-02));
#4476 = CARTESIAN_POINT('',(9.785339839841E-02,-5.E-02));
#4477 = CARTESIAN_POINT('',(0.,-5.E-02));
#4478 = ( GEOMETRIC_REPRESENTATION_CONTEXT(2) 
PARAMETRIC_REPRESENTATION_CONTEXT() REPRESENTATION_CONTEXT('2D SPACE',''
  ) );
#4479 = ORIENTED_EDGE('',*,*,#4480,.F.);
#4480 = EDGE_CURVE('',#4481,#4430,#4483,.T.);
#4481 = VERTEX_POINT('',#4482);
#4482 = CARTESIAN_POINT('',(16.116310546875,-3.1961015625,1.5));
#4483 = SURFACE_CURVE('',#4484,(#4502,#4523),.PCURVE_S1.);
#4484 = B_SPLINE_CURVE_WITH_KNOTS('',6,(#4485,#4486,#4487,#4488,#4489,
    #4490,#4491,#4492,#4493,#4494,#4495,#4496,#4497,#4498,#4499,#4500,
    #4501),.UNSPECIFIED.,.F.,.F.,(7,5,5,7),(0.,0.216653732733,
    0.444796260539,1.),.UNSPECIFIED.);
#4485 = CARTESIAN_POINT('',(16.116310546875,-3.1961015625,1.5));
#4486 = CARTESIAN_POINT('',(16.067143713867,-3.231669058719,1.5));
#4487 = CARTESIAN_POINT('',(16.016270412176,-3.26521860952,1.5));
#4488 = CARTESIAN_POINT('',(15.963817727666,-3.296744562584,1.5));
#4489 = CARTESIAN_POINT('',(15.909917122855,-3.326268231002,1.5));
#4490 = CARTESIAN_POINT('',(15.854698893205,-3.353830375743,1.5));
#4491 = CARTESIAN_POINT('',(15.7388829027,-3.406497353907,1.5));
#4492 = CARTESIAN_POINT('',(15.678154797402,-3.431394519206,1.5));
#4493 = CARTESIAN_POINT('',(15.61624421851,-3.45423841783,1.5));
#4494 = CARTESIAN_POINT('',(15.553283746055,-3.475106442857,1.5));
#4495 = CARTESIAN_POINT('',(15.489393044885,-3.494083619043,1.5));
#4496 = CARTESIAN_POINT('',(15.267179239799,-3.553046669898,1.5));
#4497 = CARTESIAN_POINT('',(15.104844094959,-3.58413364365,1.5));
#4498 = CARTESIAN_POINT('',(14.939053009926,-3.605808706554,1.5));
#4499 = CARTESIAN_POINT('',(14.7708732091,-3.619292854737,1.5));
#4500 = CARTESIAN_POINT('',(14.601014854802,-3.6256171875,1.5));
#4501 = CARTESIAN_POINT('',(14.429830078125,-3.6256171875,1.5));
#4502 = PCURVE('',#44,#4503);
#4503 = DEFINITIONAL_REPRESENTATION('',(#4504),#4522);
#4504 = B_SPLINE_CURVE_WITH_KNOTS('',6,(#4505,#4506,#4507,#4508,#4509,
    #4510,#4511,#4512,#4513,#4514,#4515,#4516,#4517,#4518,#4519,#4520,
    #4521),.UNSPECIFIED.,.F.,.F.,(7,5,5,7),(0.,0.216653732733,
    0.444796260539,1.),.UNSPECIFIED.);
#4505 = CARTESIAN_POINT('',(56.116310546875,11.8038984375));
#4506 = CARTESIAN_POINT('',(56.067143713867,11.768330941281));
#4507 = CARTESIAN_POINT('',(56.016270412176,11.73478139048));
#4508 = CARTESIAN_POINT('',(55.963817727666,11.703255437416));
#4509 = CARTESIAN_POINT('',(55.909917122855,11.673731768998));
#4510 = CARTESIAN_POINT('',(55.854698893205,11.646169624257));
#4511 = CARTESIAN_POINT('',(55.7388829027,11.593502646093));
#4512 = CARTESIAN_POINT('',(55.678154797402,11.568605480794));
#4513 = CARTESIAN_POINT('',(55.61624421851,11.54576158217));
#4514 = CARTESIAN_POINT('',(55.553283746055,11.524893557143));
#4515 = CARTESIAN_POINT('',(55.489393044885,11.505916380957));
#4516 = CARTESIAN_POINT('',(55.267179239799,11.446953330102));
#4517 = CARTESIAN_POINT('',(55.104844094959,11.41586635635));
#4518 = CARTESIAN_POINT('',(54.939053009926,11.394191293446));
#4519 = CARTESIAN_POINT('',(54.7708732091,11.380707145263));
#4520 = CARTESIAN_POINT('',(54.601014854802,11.3743828125));
#4521 = CARTESIAN_POINT('',(54.429830078125,11.3743828125));
#4522 = ( GEOMETRIC_REPRESENTATION_CONTEXT(2) 
PARAMETRIC_REPRESENTATION_CONTEXT() REPRESENTATION_CONTEXT('2D SPACE',''
  ) );
#4523 = PCURVE('',#4524,#4531);
#4524 = SURFACE_OF_LINEAR_EXTRUSION('',#4525,#4529);
#4525 = B_SPLINE_CURVE_WITH_KNOTS('',2,(#4526,#4527,#4528),
  .UNSPECIFIED.,.F.,.F.,(3,3),(0.,1.),.PIECEWISE_BEZIER_KNOTS.);
#4526 = CARTESIAN_POINT('',(14.429830078125,-3.6256171875,1.45));
#4527 = CARTESIAN_POINT('',(15.522568359375,-3.6256171875,1.45));
#4528 = CARTESIAN_POINT('',(16.116310546875,-3.1961015625,1.45));
#4529 = VECTOR('',#4530,1.);
#4530 = DIRECTION('',(-0.,-0.,-1.));
#4531 = DEFINITIONAL_REPRESENTATION('',(#4532),#4550);
#4532 = B_SPLINE_CURVE_WITH_KNOTS('',6,(#4533,#4534,#4535,#4536,#4537,
    #4538,#4539,#4540,#4541,#4542,#4543,#4544,#4545,#4546,#4547,#4548,
    #4549),.UNSPECIFIED.,.F.,.F.,(7,5,5,7),(0.,0.216653732733,
    0.444796260539,1.),.UNSPECIFIED.);
#4533 = CARTESIAN_POINT('',(1.,-5.E-02));
#4534 = CARTESIAN_POINT('',(0.958595806359,-5.E-02));
#4535 = CARTESIAN_POINT('',(0.917483498292,-5.E-02));
#4536 = CARTESIAN_POINT('',(0.876724230668,-5.E-02));
#4537 = CARTESIAN_POINT('',(0.836366826575,-5.E-02));
#4538 = CARTESIAN_POINT('',(0.796449236917,-5.E-02));
#4539 = CARTESIAN_POINT('',(0.715458834211,-5.E-02));
#4540 = CARTESIAN_POINT('',(0.674436773047,-5.E-02));
#4541 = CARTESIAN_POINT('',(0.633965136071,-5.E-02));
#4542 = CARTESIAN_POINT('',(0.594063446476,-5.E-02));
#4543 = CARTESIAN_POINT('',(0.554741261029,-5.E-02));
#4544 = CARTESIAN_POINT('',(0.421719932176,-5.E-02));
#4545 = CARTESIAN_POINT('',(0.330915529529,-5.E-02));
#4546 = CARTESIAN_POINT('',(0.243533028436,-5.E-02));
#4547 = CARTESIAN_POINT('',(0.159411692418,-5.E-02));
#4548 = CARTESIAN_POINT('',(7.832835163493E-02,-5.E-02));
#4549 = CARTESIAN_POINT('',(0.,-5.E-02));
#4550 = ( GEOMETRIC_REPRESENTATION_CONTEXT(2) 
PARAMETRIC_REPRESENTATION_CONTEXT() REPRESENTATION_CONTEXT('2D SPACE',''
  ) );
#4551 = ORIENTED_EDGE('',*,*,#4552,.F.);
#4552 = EDGE_CURVE('',#4553,#4481,#4555,.T.);
#4553 = VERTEX_POINT('',#4554);
#4554 = CARTESIAN_POINT('',(16.710052734375,-1.97071875,1.5));
#4555 = SURFACE_CURVE('',#4556,(#4575,#4597),.PCURVE_S1.);
#4556 = B_SPLINE_CURVE_WITH_KNOTS('',5,(#4557,#4558,#4559,#4560,#4561,
    #4562,#4563,#4564,#4565,#4566,#4567,#4568,#4569,#4570,#4571,#4572,
    #4573,#4574),.UNSPECIFIED.,.F.,.F.,(6,4,4,4,6),(0.,0.216229261617,
    0.604024654848,0.871047940631,1.),.UNSPECIFIED.);
#4557 = CARTESIAN_POINT('',(16.710052734375,-1.97071875,1.5));
#4558 = CARTESIAN_POINT('',(16.710052734375,-2.034284179467,1.5));
#4559 = CARTESIAN_POINT('',(16.707685455984,-2.097436285093,1.5));
#4560 = CARTESIAN_POINT('',(16.702795254368,-2.160054962718,1.5));
#4561 = CARTESIAN_POINT('',(16.695226882159,-2.22199015952,1.5));
#4562 = CARTESIAN_POINT('',(16.666258318212,-2.392612069008,1.5));
#4563 = CARTESIAN_POINT('',(16.638640706416,-2.499443460139,1.5));
#4564 = CARTESIAN_POINT('',(16.601299612324,-2.602464278336,1.5));
#4565 = CARTESIAN_POINT('',(16.553896778838,-2.700533100304,1.5));
#4566 = CARTESIAN_POINT('',(16.457852184935,-2.856197462012,1.5));
#4567 = CARTESIAN_POINT('',(16.414183438905,-2.916903260145,1.5));
#4568 = CARTESIAN_POINT('',(16.366189997955,-2.974544322098,1.5));
#4569 = CARTESIAN_POINT('',(16.314190191843,-3.028973384796,1.5));
#4570 = CARTESIAN_POINT('',(16.231725482405,-3.104854438922,1.5));
#4571 = CARTESIAN_POINT('',(16.204027019804,-3.128806618129,1.5));
#4572 = CARTESIAN_POINT('',(16.175528753437,-3.151996170532,1.5));
#4573 = CARTESIAN_POINT('',(16.146274924072,-3.174425204528,1.5));
#4574 = CARTESIAN_POINT('',(16.116310546875,-3.1961015625,1.5));
#4575 = PCURVE('',#44,#4576);
#4576 = DEFINITIONAL_REPRESENTATION('',(#4577),#4596);
#4577 = B_SPLINE_CURVE_WITH_KNOTS('',5,(#4578,#4579,#4580,#4581,#4582,
    #4583,#4584,#4585,#4586,#4587,#4588,#4589,#4590,#4591,#4592,#4593,
    #4594,#4595),.UNSPECIFIED.,.F.,.F.,(6,4,4,4,6),(0.,0.216229261617,
    0.604024654848,0.871047940631,1.),.UNSPECIFIED.);
#4578 = CARTESIAN_POINT('',(56.710052734375,13.02928125));
#4579 = CARTESIAN_POINT('',(56.710052734375,12.965715820533));
#4580 = CARTESIAN_POINT('',(56.707685455984,12.902563714907));
#4581 = CARTESIAN_POINT('',(56.702795254368,12.839945037282));
#4582 = CARTESIAN_POINT('',(56.695226882159,12.77800984048));
#4583 = CARTESIAN_POINT('',(56.666258318212,12.607387930992));
#4584 = CARTESIAN_POINT('',(56.638640706416,12.500556539861));
#4585 = CARTESIAN_POINT('',(56.601299612324,12.397535721664));
#4586 = CARTESIAN_POINT('',(56.553896778838,12.299466899696));
#4587 = CARTESIAN_POINT('',(56.457852184935,12.143802537988));
#4588 = CARTESIAN_POINT('',(56.414183438905,12.083096739855));
#4589 = CARTESIAN_POINT('',(56.366189997955,12.025455677902));
#4590 = CARTESIAN_POINT('',(56.314190191843,11.971026615204));
#4591 = CARTESIAN_POINT('',(56.231725482405,11.895145561078));
#4592 = CARTESIAN_POINT('',(56.204027019804,11.871193381871));
#4593 = CARTESIAN_POINT('',(56.175528753437,11.848003829468));
#4594 = CARTESIAN_POINT('',(56.146274924072,11.825574795472));
#4595 = CARTESIAN_POINT('',(56.116310546875,11.8038984375));
#4596 = ( GEOMETRIC_REPRESENTATION_CONTEXT(2) 
PARAMETRIC_REPRESENTATION_CONTEXT() REPRESENTATION_CONTEXT('2D SPACE',''
  ) );
#4597 = PCURVE('',#4598,#4605);
#4598 = SURFACE_OF_LINEAR_EXTRUSION('',#4599,#4603);
#4599 = B_SPLINE_CURVE_WITH_KNOTS('',2,(#4600,#4601,#4602),
  .UNSPECIFIED.,.F.,.F.,(3,3),(0.,1.),.PIECEWISE_BEZIER_KNOTS.);
#4600 = CARTESIAN_POINT('',(16.116310546875,-3.1961015625,1.45));
#4601 = CARTESIAN_POINT('',(16.710052734375,-2.7665859375,1.45));
#4602 = CARTESIAN_POINT('',(16.710052734375,-1.97071875,1.45));
#4603 = VECTOR('',#4604,1.);
#4604 = DIRECTION('',(-0.,-0.,-1.));
#4605 = DEFINITIONAL_REPRESENTATION('',(#4606),#4625);
#4606 = B_SPLINE_CURVE_WITH_KNOTS('',5,(#4607,#4608,#4609,#4610,#4611,
    #4612,#4613,#4614,#4615,#4616,#4617,#4618,#4619,#4620,#4621,#4622,
    #4623,#4624),.UNSPECIFIED.,.F.,.F.,(6,4,4,4,6),(0.,0.216229261617,
    0.604024654848,0.871047940631,1.),.UNSPECIFIED.);
#4607 = CARTESIAN_POINT('',(1.,-5.E-02));
#4608 = CARTESIAN_POINT('',(0.960065303316,-5.E-02));
#4609 = CARTESIAN_POINT('',(0.919472621662,-5.E-02));
#4610 = CARTESIAN_POINT('',(0.878237075645,-5.E-02));
#4611 = CARTESIAN_POINT('',(0.836392755053,-5.E-02));
#4612 = CARTESIAN_POINT('',(0.717970904802,-5.E-02));
#4613 = CARTESIAN_POINT('',(0.640148846572,-5.E-02));
#4614 = CARTESIAN_POINT('',(0.560951544734,-5.E-02));
#4615 = CARTESIAN_POINT('',(0.480964971095,-5.E-02));
#4616 = CARTESIAN_POINT('',(0.345938723611,-5.E-02));
#4617 = CARTESIAN_POINT('',(0.290872787401,-5.E-02));
#4618 = CARTESIAN_POINT('',(0.236055829542,-5.E-02));
#4619 = CARTESIAN_POINT('',(0.181703765023,-5.E-02));
#4620 = CARTESIAN_POINT('',(0.10206514164,-5.E-02));
#4621 = CARTESIAN_POINT('',(7.62802364409E-02,-5.E-02));
#4622 = CARTESIAN_POINT('',(5.066441150314E-02,-5.E-02));
#4623 = CARTESIAN_POINT('',(2.523349176424E-02,-5.E-02));
#4624 = CARTESIAN_POINT('',(0.,-5.E-02));
#4625 = ( GEOMETRIC_REPRESENTATION_CONTEXT(2) 
PARAMETRIC_REPRESENTATION_CONTEXT() REPRESENTATION_CONTEXT('2D SPACE',''
  ) );
#4626 = ORIENTED_EDGE('',*,*,#4627,.F.);
#4627 = EDGE_CURVE('',#4628,#4553,#4630,.T.);
#4628 = VERTEX_POINT('',#4629);
#4629 = CARTESIAN_POINT('',(16.2836953125,-0.884296875,1.5));
#4630 = SURFACE_CURVE('',#4631,(#4649,#4670),.PCURVE_S1.);
#4631 = B_SPLINE_CURVE_WITH_KNOTS('',6,(#4632,#4633,#4634,#4635,#4636,
    #4637,#4638,#4639,#4640,#4641,#4642,#4643,#4644,#4645,#4646,#4647,
    #4648),.UNSPECIFIED.,.F.,.F.,(7,5,5,7),(0.,0.222942520287,
    0.714998169053,1.),.UNSPECIFIED.);
#4632 = CARTESIAN_POINT('',(16.2836953125,-0.884296875,1.5));
#4633 = CARTESIAN_POINT('',(16.316110946949,-0.914071235531,1.5));
#4634 = CARTESIAN_POINT('',(16.347207846012,-0.945044077041,1.5));
#4635 = CARTESIAN_POINT('',(16.376921765498,-0.977201012606,1.5));
#4636 = CARTESIAN_POINT('',(16.405197393525,-1.0105178919,1.5));
#4637 = CARTESIAN_POINT('',(16.431989722143,-1.044959690632,1.5));
#4638 = CARTESIAN_POINT('',(16.513051320046,-1.158874825039,1.5));
#4639 = CARTESIAN_POINT('',(16.561465166693,-1.242543289259,1.5));
#4640 = CARTESIAN_POINT('',(16.602112211128,-1.330946061129,1.5));
#4641 = CARTESIAN_POINT('',(16.635019634367,-1.423410339497,1.5));
#4642 = CARTESIAN_POINT('',(16.660487590215,-1.519209188665,1.5));
#4643 = CARTESIAN_POINT('',(16.689677150646,-1.674630584783,1.5));
#4644 = CARTESIAN_POINT('',(16.698042431856,-1.732526631458,1.5));
#4645 = CARTESIAN_POINT('',(16.704156579279,-1.791190461793,1.5));
#4646 = CARTESIAN_POINT('',(16.708123360344,-1.850508291745,1.5));
#4647 = CARTESIAN_POINT('',(16.710052734375,-1.910379406831,1.5));
#4648 = CARTESIAN_POINT('',(16.710052734375,-1.97071875,1.5));
#4649 = PCURVE('',#44,#4650);
#4650 = DEFINITIONAL_REPRESENTATION('',(#4651),#4669);
#4651 = B_SPLINE_CURVE_WITH_KNOTS('',6,(#4652,#4653,#4654,#4655,#4656,
    #4657,#4658,#4659,#4660,#4661,#4662,#4663,#4664,#4665,#4666,#4667,
    #4668),.UNSPECIFIED.,.F.,.F.,(7,5,5,7),(0.,0.222942520287,
    0.714998169053,1.),.UNSPECIFIED.);
#4652 = CARTESIAN_POINT('',(56.2836953125,14.115703125));
#4653 = CARTESIAN_POINT('',(56.316110946949,14.085928764469));
#4654 = CARTESIAN_POINT('',(56.347207846012,14.054955922959));
#4655 = CARTESIAN_POINT('',(56.376921765498,14.022798987394));
#4656 = CARTESIAN_POINT('',(56.405197393525,13.9894821081));
#4657 = CARTESIAN_POINT('',(56.431989722143,13.955040309368));
#4658 = CARTESIAN_POINT('',(56.513051320046,13.841125174961));
#4659 = CARTESIAN_POINT('',(56.561465166693,13.757456710741));
#4660 = CARTESIAN_POINT('',(56.602112211128,13.669053938871));
#4661 = CARTESIAN_POINT('',(56.635019634367,13.576589660503));
#4662 = CARTESIAN_POINT('',(56.660487590215,13.480790811335));
#4663 = CARTESIAN_POINT('',(56.689677150646,13.325369415217));
#4664 = CARTESIAN_POINT('',(56.698042431856,13.267473368542));
#4665 = CARTESIAN_POINT('',(56.704156579279,13.208809538207));
#4666 = CARTESIAN_POINT('',(56.708123360344,13.149491708255));
#4667 = CARTESIAN_POINT('',(56.710052734375,13.089620593169));
#4668 = CARTESIAN_POINT('',(56.710052734375,13.02928125));
#4669 = ( GEOMETRIC_REPRESENTATION_CONTEXT(2) 
PARAMETRIC_REPRESENTATION_CONTEXT() REPRESENTATION_CONTEXT('2D SPACE',''
  ) );
#4670 = PCURVE('',#4671,#4678);
#4671 = SURFACE_OF_LINEAR_EXTRUSION('',#4672,#4676);
#4672 = B_SPLINE_CURVE_WITH_KNOTS('',2,(#4673,#4674,#4675),
  .UNSPECIFIED.,.F.,.F.,(3,3),(0.,1.),.PIECEWISE_BEZIER_KNOTS.);
#4673 = CARTESIAN_POINT('',(16.710052734375,-1.97071875,1.45));
#4674 = CARTESIAN_POINT('',(16.710052734375,-1.2759140625,1.45));
#4675 = CARTESIAN_POINT('',(16.2836953125,-0.884296875,1.45));
#4676 = VECTOR('',#4677,1.);
#4677 = DIRECTION('',(-0.,-0.,-1.));
#4678 = DEFINITIONAL_REPRESENTATION('',(#4679),#4697);
#4679 = B_SPLINE_CURVE_WITH_KNOTS('',6,(#4680,#4681,#4682,#4683,#4684,
    #4685,#4686,#4687,#4688,#4689,#4690,#4691,#4692,#4693,#4694,#4695,
    #4696),.UNSPECIFIED.,.F.,.F.,(7,5,5,7),(0.,0.222942520287,
    0.714998169053,1.),.UNSPECIFIED.);
#4680 = CARTESIAN_POINT('',(1.,-5.E-02));
#4681 = CARTESIAN_POINT('',(0.961985375666,-5.E-02));
#4682 = CARTESIAN_POINT('',(0.923783134871,-5.E-02));
#4683 = CARTESIAN_POINT('',(0.885436506801,-5.E-02));
#4684 = CARTESIAN_POINT('',(0.846991175675,-5.E-02));
#4685 = CARTESIAN_POINT('',(0.80849537803,-5.E-02));
#4686 = CARTESIAN_POINT('',(0.685036987171,-5.E-02));
#4687 = CARTESIAN_POINT('',(0.600051889469,-5.E-02));
#4688 = CARTESIAN_POINT('',(0.515634398545,-5.E-02));
#4689 = CARTESIAN_POINT('',(0.432254770604,-5.E-02));
#4690 = CARTESIAN_POINT('',(0.35028252891,-5.E-02));
#4691 = CARTESIAN_POINT('',(0.223499837285,-5.E-02));
#4692 = CARTESIAN_POINT('',(0.177555493328,-5.E-02));
#4693 = CARTESIAN_POINT('',(0.132210614662,-5.E-02));
#4694 = CARTESIAN_POINT('',(8.749398194452E-02,-5.E-02));
#4695 = CARTESIAN_POINT('',(4.342180202182E-02,-5.E-02));
#4696 = CARTESIAN_POINT('',(0.,-5.E-02));
#4697 = ( GEOMETRIC_REPRESENTATION_CONTEXT(2) 
PARAMETRIC_REPRESENTATION_CONTEXT() REPRESENTATION_CONTEXT('2D SPACE',''
  ) );
#4698 = ORIENTED_EDGE('',*,*,#4699,.F.);
#4699 = EDGE_CURVE('',#4700,#4628,#4702,.T.);
#4700 = VERTEX_POINT('',#4701);
#4701 = CARTESIAN_POINT('',(14.884611328125,-0.29687109375,1.5));
#4702 = SURFACE_CURVE('',#4703,(#4721,#4742),.PCURVE_S1.);
#4703 = B_SPLINE_CURVE_WITH_KNOTS('',6,(#4704,#4705,#4706,#4707,#4708,
    #4709,#4710,#4711,#4712,#4713,#4714,#4715,#4716,#4717,#4718,#4719,
    #4720),.UNSPECIFIED.,.F.,.F.,(7,5,5,7),(0.,0.553817403084,
    0.980784997882,1.),.UNSPECIFIED.);
#4704 = CARTESIAN_POINT('',(14.884611328125,-0.29687109375,1.5));
#4705 = CARTESIAN_POINT('',(15.033042997739,-0.326750196075,1.5));
#4706 = CARTESIAN_POINT('',(15.179221781932,-0.360448114287,1.5));
#4707 = CARTESIAN_POINT('',(15.32276615984,-0.398467822132,1.5));
#4708 = CARTESIAN_POINT('',(15.462989780693,-0.441415811777,1.5));
#4709 = CARTESIAN_POINT('',(15.598896835206,-0.490009996352,1.5));
#4710 = CARTESIAN_POINT('',(15.829516814508,-0.587684192846,1.5));
#4711 = CARTESIAN_POINT('',(15.92648914127,-0.634083948328,1.5));
#4712 = CARTESIAN_POINT('',(16.019414361435,-0.684775797174,1.5));
#4713 = CARTESIAN_POINT('',(16.107388500344,-0.740169655642,1.5));
#4714 = CARTESIAN_POINT('',(16.18925466824,-0.800645454063,1.5));
#4715 = CARTESIAN_POINT('',(16.267148359575,-0.869344619561,1.5));
#4716 = CARTESIAN_POINT('',(16.270487987551,-0.872313789617,1.5));
#4717 = CARTESIAN_POINT('',(16.273812611464,-0.875293589603,1.5));
#4718 = CARTESIAN_POINT('',(16.277122116796,-0.878284030681,1.5));
#4719 = CARTESIAN_POINT('',(16.2804163888,-0.881285122861,1.5));
#4720 = CARTESIAN_POINT('',(16.2836953125,-0.884296875,1.5));
#4721 = PCURVE('',#44,#4722);
#4722 = DEFINITIONAL_REPRESENTATION('',(#4723),#4741);
#4723 = B_SPLINE_CURVE_WITH_KNOTS('',6,(#4724,#4725,#4726,#4727,#4728,
    #4729,#4730,#4731,#4732,#4733,#4734,#4735,#4736,#4737,#4738,#4739,
    #4740),.UNSPECIFIED.,.F.,.F.,(7,5,5,7),(0.,0.553817403084,
    0.980784997882,1.),.UNSPECIFIED.);
#4724 = CARTESIAN_POINT('',(54.884611328125,14.70312890625));
#4725 = CARTESIAN_POINT('',(55.033042997739,14.673249803925));
#4726 = CARTESIAN_POINT('',(55.179221781932,14.639551885713));
#4727 = CARTESIAN_POINT('',(55.32276615984,14.601532177868));
#4728 = CARTESIAN_POINT('',(55.462989780693,14.558584188223));
#4729 = CARTESIAN_POINT('',(55.598896835206,14.509990003648));
#4730 = CARTESIAN_POINT('',(55.829516814508,14.412315807154));
#4731 = CARTESIAN_POINT('',(55.92648914127,14.365916051672));
#4732 = CARTESIAN_POINT('',(56.019414361435,14.315224202826));
#4733 = CARTESIAN_POINT('',(56.107388500344,14.259830344358));
#4734 = CARTESIAN_POINT('',(56.18925466824,14.199354545937));
#4735 = CARTESIAN_POINT('',(56.267148359575,14.130655380439));
#4736 = CARTESIAN_POINT('',(56.270487987551,14.127686210383));
#4737 = CARTESIAN_POINT('',(56.273812611464,14.124706410397));
#4738 = CARTESIAN_POINT('',(56.277122116796,14.121715969319));
#4739 = CARTESIAN_POINT('',(56.2804163888,14.118714877139));
#4740 = CARTESIAN_POINT('',(56.2836953125,14.115703125));
#4741 = ( GEOMETRIC_REPRESENTATION_CONTEXT(2) 
PARAMETRIC_REPRESENTATION_CONTEXT() REPRESENTATION_CONTEXT('2D SPACE',''
  ) );
#4742 = PCURVE('',#4743,#4750);
#4743 = SURFACE_OF_LINEAR_EXTRUSION('',#4744,#4748);
#4744 = B_SPLINE_CURVE_WITH_KNOTS('',2,(#4745,#4746,#4747),
  .UNSPECIFIED.,.F.,.F.,(3,3),(0.,1.),.PIECEWISE_BEZIER_KNOTS.);
#4745 = CARTESIAN_POINT('',(16.2836953125,-0.884296875,1.45));
#4746 = CARTESIAN_POINT('',(15.857337890625,-0.4926796875,1.45));
#4747 = CARTESIAN_POINT('',(14.884611328125,-0.29687109375,1.45));
#4748 = VECTOR('',#4749,1.);
#4749 = DIRECTION('',(-0.,-0.,-1.));
#4750 = DEFINITIONAL_REPRESENTATION('',(#4751),#4769);
#4751 = B_SPLINE_CURVE_WITH_KNOTS('',6,(#4752,#4753,#4754,#4755,#4756,
    #4757,#4758,#4759,#4760,#4761,#4762,#4763,#4764,#4765,#4766,#4767,
    #4768),.UNSPECIFIED.,.F.,.F.,(7,5,5,7),(0.,0.553817403084,
    0.980784997882,1.),.UNSPECIFIED.);
#4752 = CARTESIAN_POINT('',(1.,-5.E-02));
#4753 = CARTESIAN_POINT('',(0.923703291687,-5.E-02));
#4754 = CARTESIAN_POINT('',(0.844640844928,-5.E-02));
#4755 = CARTESIAN_POINT('',(0.762476295748,-5.E-02));
#4756 = CARTESIAN_POINT('',(0.676878539919,-5.E-02));
#4757 = CARTESIAN_POINT('',(0.587515998618,-5.E-02));
#4758 = CARTESIAN_POINT('',(0.421903491687,-5.E-02));
#4759 = CARTESIAN_POINT('',(0.347371448791,-5.E-02));
#4760 = CARTESIAN_POINT('',(0.270229557673,-5.E-02));
#4761 = CARTESIAN_POINT('',(0.190398881922,-5.E-02));
#4762 = CARTESIAN_POINT('',(0.107911269951,-5.E-02));
#4763 = CARTESIAN_POINT('',(1.917870243113E-02,-5.E-02));
#4764 = CARTESIAN_POINT('',(1.535255434639E-02,-5.E-02));
#4765 = CARTESIAN_POINT('',(1.152158205279E-02,-5.E-02));
#4766 = CARTESIAN_POINT('',(7.685812991396E-03,-5.E-02));
#4767 = CARTESIAN_POINT('',(3.845275737386E-03,-5.E-02));
#4768 = CARTESIAN_POINT('',(0.,-5.E-02));
#4769 = ( GEOMETRIC_REPRESENTATION_CONTEXT(2) 
PARAMETRIC_REPRESENTATION_CONTEXT() REPRESENTATION_CONTEXT('2D SPACE',''
  ) );
#4770 = ORIENTED_EDGE('',*,*,#4771,.F.);
#4771 = EDGE_CURVE('',#4772,#4700,#4774,.T.);
#4772 = VERTEX_POINT('',#4773);
#4773 = CARTESIAN_POINT('',(14.107693359375,-0.14527734375,1.5));
#4774 = SURFACE_CURVE('',#4775,(#4779,#4785),.PCURVE_S1.);
#4775 = LINE('',#4776,#4777);
#4776 = CARTESIAN_POINT('',(-10.16937301609,4.591711217317,1.5));
#4777 = VECTOR('',#4778,1.);
#4778 = DIRECTION('',(0.981490592026,-0.19151035942,0.));
#4779 = PCURVE('',#44,#4780);
#4780 = DEFINITIONAL_REPRESENTATION('',(#4781),#4784);
#4781 = B_SPLINE_CURVE_WITH_KNOTS('',1,(#4782,#4783),.UNSPECIFIED.,.F.,
  .F.,(2,2),(24.734894631404,25.526464082056),.PIECEWISE_BEZIER_KNOTS.);
#4782 = CARTESIAN_POINT('',(54.107693359375,14.85472265625));
#4783 = CARTESIAN_POINT('',(54.884611328125,14.70312890625));
#4784 = ( GEOMETRIC_REPRESENTATION_CONTEXT(2) 
PARAMETRIC_REPRESENTATION_CONTEXT() REPRESENTATION_CONTEXT('2D SPACE',''
  ) );
#4785 = PCURVE('',#4786,#4791);
#4786 = PLANE('',#4787);
#4787 = AXIS2_PLACEMENT_3D('',#4788,#4789,#4790);
#4788 = CARTESIAN_POINT('',(14.884611328125,-0.29687109375,1.45));
#4789 = DIRECTION('',(-0.19151035942,-0.981490592026,0.));
#4790 = DIRECTION('',(-0.981490592026,0.19151035942,0.));
#4791 = DEFINITIONAL_REPRESENTATION('',(#4792),#4795);
#4792 = B_SPLINE_CURVE_WITH_KNOTS('',1,(#4793,#4794),.UNSPECIFIED.,.F.,
  .F.,(2,2),(24.734894631404,25.526464082056),.PIECEWISE_BEZIER_KNOTS.);
#4793 = CARTESIAN_POINT('',(0.791569450652,-5.E-02));
#4794 = CARTESIAN_POINT('',(0.,-5.E-02));
#4795 = ( GEOMETRIC_REPRESENTATION_CONTEXT(2) 
PARAMETRIC_REPRESENTATION_CONTEXT() REPRESENTATION_CONTEXT('2D SPACE',''
  ) );
#4796 = ORIENTED_EDGE('',*,*,#4797,.F.);
#4797 = EDGE_CURVE('',#4798,#4772,#4800,.T.);
#4798 = VERTEX_POINT('',#4799);
#4799 = CARTESIAN_POINT('',(12.042228515625,0.7453359375,1.5));
#4800 = SURFACE_CURVE('',#4801,(#4819,#4840),.PCURVE_S1.);
#4801 = B_SPLINE_CURVE_WITH_KNOTS('',6,(#4802,#4803,#4804,#4805,#4806,
    #4807,#4808,#4809,#4810,#4811,#4812,#4813,#4814,#4815,#4816,#4817,
    #4818),.UNSPECIFIED.,.F.,.F.,(7,5,5,7),(0.,0.387662608117,
    0.85792884375,1.),.UNSPECIFIED.);
#4802 = CARTESIAN_POINT('',(12.042228515625,0.7453359375,1.5));
#4803 = CARTESIAN_POINT('',(12.143681405616,0.648905467806,1.5));
#4804 = CARTESIAN_POINT('',(12.254161104422,0.560171280036,1.5));
#4805 = CARTESIAN_POINT('',(12.372032109056,0.478905904968,1.5));
#4806 = CARTESIAN_POINT('',(12.495759385354,0.404547893916,1.5));
#4807 = CARTESIAN_POINT('',(12.624170278382,0.336484375884,1.5));
#4808 = CARTESIAN_POINT('',(12.916999557377,0.198404108173,1.5));
#4809 = CARTESIAN_POINT('',(13.083171188945,0.131103905705,1.5));
#4810 = CARTESIAN_POINT('',(13.253599727492,7.10690036813E-02,1.5));
#4811 = CARTESIAN_POINT('',(13.42726041741,1.740707782855E-02,1.5));
#4812 = CARTESIAN_POINT('',(13.603452647416,-3.064099650093E-02,1.5));
#4813 = CARTESIAN_POINT('',(13.835673925309,-8.672367179334E-02,1.5));
#4814 = CARTESIAN_POINT('',(13.889744110555,-9.928027456547E-02,1.5));
#4815 = CARTESIAN_POINT('',(13.943992538928,-0.111398475877,1.5));
#4816 = CARTESIAN_POINT('',(13.998407203027,-0.123094250527,1.5));
#4817 = CARTESIAN_POINT('',(14.052977325566,-0.134382558257,1.5));
#4818 = CARTESIAN_POINT('',(14.107693359375,-0.14527734375,1.5));
#4819 = PCURVE('',#44,#4820);
#4820 = DEFINITIONAL_REPRESENTATION('',(#4821),#4839);
#4821 = B_SPLINE_CURVE_WITH_KNOTS('',6,(#4822,#4823,#4824,#4825,#4826,
    #4827,#4828,#4829,#4830,#4831,#4832,#4833,#4834,#4835,#4836,#4837,
    #4838),.UNSPECIFIED.,.F.,.F.,(7,5,5,7),(0.,0.387662608117,
    0.85792884375,1.),.UNSPECIFIED.);
#4822 = CARTESIAN_POINT('',(52.042228515625,15.7453359375));
#4823 = CARTESIAN_POINT('',(52.143681405616,15.648905467806));
#4824 = CARTESIAN_POINT('',(52.254161104422,15.560171280036));
#4825 = CARTESIAN_POINT('',(52.372032109056,15.478905904968));
#4826 = CARTESIAN_POINT('',(52.495759385354,15.404547893916));
#4827 = CARTESIAN_POINT('',(52.624170278382,15.336484375884));
#4828 = CARTESIAN_POINT('',(52.916999557377,15.198404108173));
#4829 = CARTESIAN_POINT('',(53.083171188945,15.131103905705));
#4830 = CARTESIAN_POINT('',(53.253599727492,15.071069003681));
#4831 = CARTESIAN_POINT('',(53.42726041741,15.017407077829));
#4832 = CARTESIAN_POINT('',(53.603452647416,14.969359003499));
#4833 = CARTESIAN_POINT('',(53.835673925309,14.913276328207));
#4834 = CARTESIAN_POINT('',(53.889744110555,14.900719725435));
#4835 = CARTESIAN_POINT('',(53.943992538928,14.888601524123));
#4836 = CARTESIAN_POINT('',(53.998407203027,14.876905749473));
#4837 = CARTESIAN_POINT('',(54.052977325566,14.865617441743));
#4838 = CARTESIAN_POINT('',(54.107693359375,14.85472265625));
#4839 = ( GEOMETRIC_REPRESENTATION_CONTEXT(2) 
PARAMETRIC_REPRESENTATION_CONTEXT() REPRESENTATION_CONTEXT('2D SPACE',''
  ) );
#4840 = PCURVE('',#4841,#4848);
#4841 = SURFACE_OF_LINEAR_EXTRUSION('',#4842,#4846);
#4842 = B_SPLINE_CURVE_WITH_KNOTS('',2,(#4843,#4844,#4845),
  .UNSPECIFIED.,.F.,.F.,(3,3),(0.,1.),.PIECEWISE_BEZIER_KNOTS.);
#4843 = CARTESIAN_POINT('',(14.107693359375,-0.14527734375,1.45));
#4844 = CARTESIAN_POINT('',(12.680185546875,0.1389609375,1.45));
#4845 = CARTESIAN_POINT('',(12.042228515625,0.7453359375,1.45));
#4846 = VECTOR('',#4847,1.);
#4847 = DIRECTION('',(-0.,-0.,-1.));
#4848 = DEFINITIONAL_REPRESENTATION('',(#4849),#4867);
#4849 = B_SPLINE_CURVE_WITH_KNOTS('',6,(#4850,#4851,#4852,#4853,#4854,
    #4855,#4856,#4857,#4858,#4859,#4860,#4861,#4862,#4863,#4864,#4865,
    #4866),.UNSPECIFIED.,.F.,.F.,(7,5,5,7),(0.,0.387662608117,
    0.85792884375,1.),.UNSPECIFIED.);
#4850 = CARTESIAN_POINT('',(1.,-5.E-02));
#4851 = CARTESIAN_POINT('',(0.920486110332,-5.E-02));
#4852 = CARTESIAN_POINT('',(0.843287625279,-5.E-02));
#4853 = CARTESIAN_POINT('',(0.768658286361,-5.E-02));
#4854 = CARTESIAN_POINT('',(0.696635504523,-5.E-02));
#4855 = CARTESIAN_POINT('',(0.627141724811,-5.E-02));
#4856 = CARTESIAN_POINT('',(0.478551633509,-5.E-02));
#4857 = CARTESIAN_POINT('',(0.400609880575,-5.E-02));
#4858 = CARTESIAN_POINT('',(0.325857655847,-5.E-02));
#4859 = CARTESIAN_POINT('',(0.254021366922,-5.E-02));
#4860 = CARTESIAN_POINT('',(0.184827968751,-5.E-02));
#4861 = CARTESIAN_POINT('',(9.781074108459E-02,-5.E-02));
#4862 = CARTESIAN_POINT('',(7.783913763793E-02,-5.E-02));
#4863 = CARTESIAN_POINT('',(5.807850368646E-02,-5.E-02));
#4864 = CARTESIAN_POINT('',(3.852244931878E-02,-5.E-02));
#4865 = CARTESIAN_POINT('',(1.916488068566E-02,-5.E-02));
#4866 = CARTESIAN_POINT('',(0.,-5.E-02));
#4867 = ( GEOMETRIC_REPRESENTATION_CONTEXT(2) 
PARAMETRIC_REPRESENTATION_CONTEXT() REPRESENTATION_CONTEXT('2D SPACE',''
  ) );
#4868 = ORIENTED_EDGE('',*,*,#4869,.F.);
#4869 = EDGE_CURVE('',#4870,#4798,#4872,.T.);
#4870 = VERTEX_POINT('',#4871);
#4871 = CARTESIAN_POINT('',(11.404271484375,2.43181640625,1.5));
#4872 = SURFACE_CURVE('',#4873,(#4892,#4914),.PCURVE_S1.);
#4873 = B_SPLINE_CURVE_WITH_KNOTS('',5,(#4874,#4875,#4876,#4877,#4878,
    #4879,#4880,#4881,#4882,#4883,#4884,#4885,#4886,#4887,#4888,#4889,
    #4890,#4891),.UNSPECIFIED.,.F.,.F.,(6,4,4,4,6),(0.,0.324022839317,
    0.576272123452,0.818984652845,1.),.UNSPECIFIED.);
#4874 = CARTESIAN_POINT('',(11.404271484375,2.43181640625,1.5));
#4875 = CARTESIAN_POINT('',(11.404271484375,2.307777647669,1.5));
#4876 = CARTESIAN_POINT('',(11.409530381704,2.184431791427,1.5));
#4877 = CARTESIAN_POINT('',(11.420589758615,2.062104217048,1.5));
#4878 = CARTESIAN_POINT('',(11.438059117957,1.941294496268,1.5));
#4879 = CARTESIAN_POINT('',(11.481448282209,1.730266284452,1.5));
#4880 = CARTESIAN_POINT('',(11.504638588587,1.6392008109,1.5));
#4881 = CARTESIAN_POINT('',(11.532265348393,1.549753617631,1.5));
#4882 = CARTESIAN_POINT('',(11.56452624314,1.462288872037,1.5));
#4883 = CARTESIAN_POINT('',(11.637050326039,1.295301125068,1.5));
#4884 = CARTESIAN_POINT('',(11.676967324716,1.215596816227,1.5));
#4885 = CARTESIAN_POINT('',(11.72129278403,1.138421592519,1.5));
#4886 = CARTESIAN_POINT('',(11.769979202477,1.064090542377,1.5));
#4887 = CARTESIAN_POINT('',(11.862255090054,0.939736348448,1.5));
#4888 = CARTESIAN_POINT('',(11.903996615796,0.888334004479,1.5));
#4889 = CARTESIAN_POINT('',(11.947982430288,0.838757815767,1.5));
#4890 = CARTESIAN_POINT('',(11.994104062685,0.79107799178,1.5));
#4891 = CARTESIAN_POINT('',(12.042228515625,0.7453359375,1.5));
#4892 = PCURVE('',#44,#4893);
#4893 = DEFINITIONAL_REPRESENTATION('',(#4894),#4913);
#4894 = B_SPLINE_CURVE_WITH_KNOTS('',5,(#4895,#4896,#4897,#4898,#4899,
    #4900,#4901,#4902,#4903,#4904,#4905,#4906,#4907,#4908,#4909,#4910,
    #4911,#4912),.UNSPECIFIED.,.F.,.F.,(6,4,4,4,6),(0.,0.324022839317,
    0.576272123452,0.818984652845,1.),.UNSPECIFIED.);
#4895 = CARTESIAN_POINT('',(51.404271484375,17.43181640625));
#4896 = CARTESIAN_POINT('',(51.404271484375,17.307777647669));
#4897 = CARTESIAN_POINT('',(51.409530381704,17.184431791427));
#4898 = CARTESIAN_POINT('',(51.420589758615,17.062104217048));
#4899 = CARTESIAN_POINT('',(51.438059117957,16.941294496268));
#4900 = CARTESIAN_POINT('',(51.481448282209,16.730266284452));
#4901 = CARTESIAN_POINT('',(51.504638588587,16.6392008109));
#4902 = CARTESIAN_POINT('',(51.532265348393,16.549753617631));
#4903 = CARTESIAN_POINT('',(51.56452624314,16.462288872037));
#4904 = CARTESIAN_POINT('',(51.637050326039,16.295301125068));
#4905 = CARTESIAN_POINT('',(51.676967324716,16.215596816227));
#4906 = CARTESIAN_POINT('',(51.72129278403,16.138421592519));
#4907 = CARTESIAN_POINT('',(51.769979202477,16.064090542377));
#4908 = CARTESIAN_POINT('',(51.862255090054,15.939736348448));
#4909 = CARTESIAN_POINT('',(51.903996615796,15.888334004479));
#4910 = CARTESIAN_POINT('',(51.947982430288,15.838757815767));
#4911 = CARTESIAN_POINT('',(51.994104062685,15.79107799178));
#4912 = CARTESIAN_POINT('',(52.042228515625,15.7453359375));
#4913 = ( GEOMETRIC_REPRESENTATION_CONTEXT(2) 
PARAMETRIC_REPRESENTATION_CONTEXT() REPRESENTATION_CONTEXT('2D SPACE',''
  ) );
#4914 = PCURVE('',#4915,#4922);
#4915 = SURFACE_OF_LINEAR_EXTRUSION('',#4916,#4920);
#4916 = B_SPLINE_CURVE_WITH_KNOTS('',2,(#4917,#4918,#4919),
  .UNSPECIFIED.,.F.,.F.,(3,3),(0.,1.),.PIECEWISE_BEZIER_KNOTS.);
#4917 = CARTESIAN_POINT('',(12.042228515625,0.7453359375,1.45));
#4918 = CARTESIAN_POINT('',(11.404271484375,1.3517109375,1.45));
#4919 = CARTESIAN_POINT('',(11.404271484375,2.43181640625,1.45));
#4920 = VECTOR('',#4921,1.);
#4921 = DIRECTION('',(-0.,-0.,-1.));
#4922 = DEFINITIONAL_REPRESENTATION('',(#4923),#4942);
#4923 = B_SPLINE_CURVE_WITH_KNOTS('',5,(#4924,#4925,#4926,#4927,#4928,
    #4929,#4930,#4931,#4932,#4933,#4934,#4935,#4936,#4937,#4938,#4939,
    #4940,#4941),.UNSPECIFIED.,.F.,.F.,(6,4,4,4,6),(0.,0.324022839317,
    0.576272123452,0.818984652845,1.),.UNSPECIFIED.);
#4924 = CARTESIAN_POINT('',(1.,-5.E-02));
#4925 = CARTESIAN_POINT('',(0.942580256202,-5.E-02));
#4926 = CARTESIAN_POINT('',(0.883673518989,-5.E-02));
#4927 = CARTESIAN_POINT('',(0.823244242981,-5.E-02));
#4928 = CARTESIAN_POINT('',(0.76131417171,-5.E-02));
#4929 = CARTESIAN_POINT('',(0.648710405097,-5.E-02));
#4930 = CARTESIAN_POINT('',(0.598582893838,-5.E-02));
#4931 = CARTESIAN_POINT('',(0.547679478802,-5.E-02));
#4932 = CARTESIAN_POINT('',(0.496100786361,-5.E-02));
#4933 = CARTESIAN_POINT('',(0.393868981059,-5.E-02));
#4934 = CARTESIAN_POINT('',(0.343250940665,-5.E-02));
#4935 = CARTESIAN_POINT('',(0.292288246777,-5.E-02));
#4936 = CARTESIAN_POINT('',(0.241143088103,-5.E-02));
#4937 = CARTESIAN_POINT('',(0.151857412674,-5.E-02));
#4938 = CARTESIAN_POINT('',(0.113713671699,-5.E-02));
#4939 = CARTESIAN_POINT('',(7.564381434469E-02,-5.E-02));
#4940 = CARTESIAN_POINT('',(3.771762876084E-02,-5.E-02));
#4941 = CARTESIAN_POINT('',(0.,-5.E-02));
#4942 = ( GEOMETRIC_REPRESENTATION_CONTEXT(2) 
PARAMETRIC_REPRESENTATION_CONTEXT() REPRESENTATION_CONTEXT('2D SPACE',''
  ) );
#4943 = ORIENTED_EDGE('',*,*,#4944,.F.);
#4944 = EDGE_CURVE('',#4945,#4870,#4947,.T.);
#4945 = VERTEX_POINT('',#4946);
#4946 = CARTESIAN_POINT('',(12.28541015625,4.40253515625,1.5));
#4947 = SURFACE_CURVE('',#4948,(#4967,#4989),.PCURVE_S1.);
#4948 = B_SPLINE_CURVE_WITH_KNOTS('',5,(#4949,#4950,#4951,#4952,#4953,
    #4954,#4955,#4956,#4957,#4958,#4959,#4960,#4961,#4962,#4963,#4964,
    #4965,#4966),.UNSPECIFIED.,.F.,.F.,(6,4,4,4,6),(0.,0.366133236087,
    0.63500832246,0.764904466294,1.),.UNSPECIFIED.);
#4949 = CARTESIAN_POINT('',(12.28541015625,4.40253515625,1.5));
#4950 = CARTESIAN_POINT('',(12.158211238141,4.298587653279,1.5));
#4951 = CARTESIAN_POINT('',(12.039510603115,4.185295211498,1.5));
#4952 = CARTESIAN_POINT('',(11.931076376932,4.062582415216,1.5));
#4953 = CARTESIAN_POINT('',(11.834519991954,3.930862403983,1.5));
#4954 = CARTESIAN_POINT('',(11.689098175121,3.689233397632,1.5));
#4955 = CARTESIAN_POINT('',(11.634358844362,3.582794506077,1.5));
#4956 = CARTESIAN_POINT('',(11.586779336407,3.472760855276,1.5));
#4957 = CARTESIAN_POINT('',(11.546344030648,3.359750235441,1.5));
#4958 = CARTESIAN_POINT('',(11.496637046648,3.188678905893,1.5));
#4959 = CARTESIAN_POINT('',(11.482059810676,3.132405329181,1.5));
#4960 = CARTESIAN_POINT('',(11.46906976636,3.075651678234,1.5));
#4961 = CARTESIAN_POINT('',(11.457630732576,3.018481893276,1.5));
#4962 = CARTESIAN_POINT('',(11.429719673506,2.856839468068,1.5));
#4963 = CARTESIAN_POINT('',(11.416675588693,2.751555536284,1.5));
#4964 = CARTESIAN_POINT('',(11.40830148046,2.645448363875,1.5));
#4965 = CARTESIAN_POINT('',(11.404271484375,2.538799824403,1.5));
#4966 = CARTESIAN_POINT('',(11.404271484375,2.43181640625,1.5));
#4967 = PCURVE('',#44,#4968);
#4968 = DEFINITIONAL_REPRESENTATION('',(#4969),#4988);
#4969 = B_SPLINE_CURVE_WITH_KNOTS('',5,(#4970,#4971,#4972,#4973,#4974,
    #4975,#4976,#4977,#4978,#4979,#4980,#4981,#4982,#4983,#4984,#4985,
    #4986,#4987),.UNSPECIFIED.,.F.,.F.,(6,4,4,4,6),(0.,0.366133236087,
    0.63500832246,0.764904466294,1.),.UNSPECIFIED.);
#4970 = CARTESIAN_POINT('',(52.28541015625,19.40253515625));
#4971 = CARTESIAN_POINT('',(52.158211238141,19.298587653279));
#4972 = CARTESIAN_POINT('',(52.039510603115,19.185295211498));
#4973 = CARTESIAN_POINT('',(51.931076376932,19.062582415216));
#4974 = CARTESIAN_POINT('',(51.834519991954,18.930862403983));
#4975 = CARTESIAN_POINT('',(51.689098175121,18.689233397632));
#4976 = CARTESIAN_POINT('',(51.634358844362,18.582794506077));
#4977 = CARTESIAN_POINT('',(51.586779336407,18.472760855276));
#4978 = CARTESIAN_POINT('',(51.546344030648,18.359750235441));
#4979 = CARTESIAN_POINT('',(51.496637046648,18.188678905893));
#4980 = CARTESIAN_POINT('',(51.482059810676,18.132405329181));
#4981 = CARTESIAN_POINT('',(51.46906976636,18.075651678234));
#4982 = CARTESIAN_POINT('',(51.457630732576,18.018481893276));
#4983 = CARTESIAN_POINT('',(51.429719673506,17.856839468068));
#4984 = CARTESIAN_POINT('',(51.416675588693,17.751555536284));
#4985 = CARTESIAN_POINT('',(51.40830148046,17.645448363875));
#4986 = CARTESIAN_POINT('',(51.404271484375,17.538799824403));
#4987 = CARTESIAN_POINT('',(51.404271484375,17.43181640625));
#4988 = ( GEOMETRIC_REPRESENTATION_CONTEXT(2) 
PARAMETRIC_REPRESENTATION_CONTEXT() REPRESENTATION_CONTEXT('2D SPACE',''
  ) );
#4989 = PCURVE('',#4990,#4997);
#4990 = SURFACE_OF_LINEAR_EXTRUSION('',#4991,#4995);
#4991 = B_SPLINE_CURVE_WITH_KNOTS('',2,(#4992,#4993,#4994),
  .UNSPECIFIED.,.F.,.F.,(3,3),(0.,1.),.PIECEWISE_BEZIER_KNOTS.);
#4992 = CARTESIAN_POINT('',(11.404271484375,2.43181640625,1.45));
#4993 = CARTESIAN_POINT('',(11.404271484375,3.68246484375,1.45));
#4994 = CARTESIAN_POINT('',(12.28541015625,4.40253515625,1.45));
#4995 = VECTOR('',#4996,1.);
#4996 = DIRECTION('',(-0.,-0.,-1.));
#4997 = DEFINITIONAL_REPRESENTATION('',(#4998),#5017);
#4998 = B_SPLINE_CURVE_WITH_KNOTS('',5,(#4999,#5000,#5001,#5002,#5003,
    #5004,#5005,#5006,#5007,#5008,#5009,#5010,#5011,#5012,#5013,#5014,
    #5015,#5016),.UNSPECIFIED.,.F.,.F.,(6,4,4,4,6),(0.,0.366133236087,
    0.63500832246,0.764904466294,1.),.UNSPECIFIED.);
#4999 = CARTESIAN_POINT('',(1.,-5.E-02));
#5000 = CARTESIAN_POINT('',(0.927821282751,-5.E-02));
#5001 = CARTESIAN_POINT('',(0.85395236506,-5.E-02));
#5002 = CARTESIAN_POINT('',(0.778788746637,-5.E-02));
#5003 = CARTESIAN_POINT('',(0.702883526326,-5.E-02));
#5004 = CARTESIAN_POINT('',(0.571273866221,-5.E-02));
#5005 = CARTESIAN_POINT('',(0.515542693166,-5.E-02));
#5006 = CARTESIAN_POINT('',(0.460097984271,-5.E-02));
#5007 = CARTESIAN_POINT('',(0.405182967061,-5.E-02));
#5008 = CARTESIAN_POINT('',(0.324823686762,-5.E-02));
#5009 = CARTESIAN_POINT('',(0.298816671026,-5.E-02));
#5010 = CARTESIAN_POINT('',(0.272999818272,-5.E-02));
#5011 = CARTESIAN_POINT('',(0.247389981254,-5.E-02));
#5012 = CARTESIAN_POINT('',(0.176047356468,-5.E-02));
#5013 = CARTESIAN_POINT('',(0.130815446734,-5.E-02));
#5014 = CARTESIAN_POINT('',(8.637863985446E-02,-5.E-02));
#5015 = CARTESIAN_POINT('',(4.277117971167E-02,-5.E-02));
#5016 = CARTESIAN_POINT('',(0.,-5.E-02));
#5017 = ( GEOMETRIC_REPRESENTATION_CONTEXT(2) 
PARAMETRIC_REPRESENTATION_CONTEXT() REPRESENTATION_CONTEXT('2D SPACE',''
  ) );
#5018 = ORIENTED_EDGE('',*,*,#5019,.F.);
#5019 = EDGE_CURVE('',#5020,#4945,#5022,.T.);
#5020 = VERTEX_POINT('',#5021);
#5021 = CARTESIAN_POINT('',(14.714068359375,5.12260546875,1.5));
#5022 = SURFACE_CURVE('',#5023,(#5041,#5062),.PCURVE_S1.);
#5023 = B_SPLINE_CURVE_WITH_KNOTS('',6,(#5024,#5025,#5026,#5027,#5028,
    #5029,#5030,#5031,#5032,#5033,#5034,#5035,#5036,#5037,#5038,#5039,
    #5040),.UNSPECIFIED.,.F.,.F.,(7,5,5,7),(0.,0.481017495169,
    0.747219280642,1.),.UNSPECIFIED.);
#5024 = CARTESIAN_POINT('',(14.714068359375,5.12260546875,1.5));
#5025 = CARTESIAN_POINT('',(14.502592049625,5.12260546875,1.5));
#5026 = CARTESIAN_POINT('',(14.291859802373,5.114537477711,1.5));
#5027 = CARTESIAN_POINT('',(14.082244580645,5.097438226727,1.5));
#5028 = CARTESIAN_POINT('',(13.874450759999,5.070168257584,1.5));
#5029 = CARTESIAN_POINT('',(13.669509417051,5.031440480406,1.5));
#5030 = CARTESIAN_POINT('',(13.357625264778,4.951553162423,1.5));
#5031 = CARTESIAN_POINT('',(13.247806160941,4.919207143783,1.5));
#5032 = CARTESIAN_POINT('',(13.139518588891,4.88277315364,1.5));
#5033 = CARTESIAN_POINT('',(13.033045952242,4.842059577906,1.5));
#5034 = CARTESIAN_POINT('',(12.928703035608,4.796912776516,1.5));
#5035 = CARTESIAN_POINT('',(12.730081069073,4.700080023721,1.5));
#5036 = CARTESIAN_POINT('',(12.635554599688,4.648836165665,1.5));
#5037 = CARTESIAN_POINT('',(12.543541338591,4.593442933296,1.5));
#5038 = CARTESIAN_POINT('',(12.454334161624,4.533880516407,1.5));
#5039 = CARTESIAN_POINT('',(12.368208704304,4.470198485842,1.5));
#5040 = CARTESIAN_POINT('',(12.28541015625,4.40253515625,1.5));
#5041 = PCURVE('',#44,#5042);
#5042 = DEFINITIONAL_REPRESENTATION('',(#5043),#5061);
#5043 = B_SPLINE_CURVE_WITH_KNOTS('',6,(#5044,#5045,#5046,#5047,#5048,
    #5049,#5050,#5051,#5052,#5053,#5054,#5055,#5056,#5057,#5058,#5059,
    #5060),.UNSPECIFIED.,.F.,.F.,(7,5,5,7),(0.,0.481017495169,
    0.747219280642,1.),.UNSPECIFIED.);
#5044 = CARTESIAN_POINT('',(54.714068359375,20.12260546875));
#5045 = CARTESIAN_POINT('',(54.502592049625,20.12260546875));
#5046 = CARTESIAN_POINT('',(54.291859802373,20.114537477711));
#5047 = CARTESIAN_POINT('',(54.082244580645,20.097438226727));
#5048 = CARTESIAN_POINT('',(53.874450759999,20.070168257584));
#5049 = CARTESIAN_POINT('',(53.669509417051,20.031440480406));
#5050 = CARTESIAN_POINT('',(53.357625264778,19.951553162423));
#5051 = CARTESIAN_POINT('',(53.247806160941,19.919207143783));
#5052 = CARTESIAN_POINT('',(53.139518588891,19.88277315364));
#5053 = CARTESIAN_POINT('',(53.033045952242,19.842059577906));
#5054 = CARTESIAN_POINT('',(52.928703035608,19.796912776516));
#5055 = CARTESIAN_POINT('',(52.730081069073,19.700080023721));
#5056 = CARTESIAN_POINT('',(52.635554599688,19.648836165665));
#5057 = CARTESIAN_POINT('',(52.543541338591,19.593442933296));
#5058 = CARTESIAN_POINT('',(52.454334161624,19.533880516407));
#5059 = CARTESIAN_POINT('',(52.368208704304,19.470198485842));
#5060 = CARTESIAN_POINT('',(52.28541015625,19.40253515625));
#5061 = ( GEOMETRIC_REPRESENTATION_CONTEXT(2) 
PARAMETRIC_REPRESENTATION_CONTEXT() REPRESENTATION_CONTEXT('2D SPACE',''
  ) );
#5062 = PCURVE('',#5063,#5070);
#5063 = SURFACE_OF_LINEAR_EXTRUSION('',#5064,#5068);
#5064 = B_SPLINE_CURVE_WITH_KNOTS('',2,(#5065,#5066,#5067),
  .UNSPECIFIED.,.F.,.F.,(3,3),(0.,1.),.PIECEWISE_BEZIER_KNOTS.);
#5065 = CARTESIAN_POINT('',(12.28541015625,4.40253515625,1.45));
#5066 = CARTESIAN_POINT('',(13.166548828125,5.12260546875,1.45));
#5067 = CARTESIAN_POINT('',(14.714068359375,5.12260546875,1.45));
#5068 = VECTOR('',#5069,1.);
#5069 = DIRECTION('',(-0.,-0.,-1.));
#5070 = DEFINITIONAL_REPRESENTATION('',(#5071),#5089);
#5071 = B_SPLINE_CURVE_WITH_KNOTS('',6,(#5072,#5073,#5074,#5075,#5076,
    #5077,#5078,#5079,#5080,#5081,#5082,#5083,#5084,#5085,#5086,#5087,
    #5088),.UNSPECIFIED.,.F.,.F.,(7,5,5,7),(0.,0.481017495169,
    0.747219280642,1.),.UNSPECIFIED.);
#5072 = CARTESIAN_POINT('',(1.,-5.E-02));
#5073 = CARTESIAN_POINT('',(0.931672490886,-5.E-02));
#5074 = CARTESIAN_POINT('',(0.861173000202,-5.E-02));
#5075 = CARTESIAN_POINT('',(0.788334007217,-5.E-02));
#5076 = CARTESIAN_POINT('',(0.713042387981,-5.E-02));
#5077 = CARTESIAN_POINT('',(0.635246431987,-5.E-02));
#5078 = CARTESIAN_POINT('',(0.510590506193,-5.E-02));
#5079 = CARTESIAN_POINT('',(0.465436517792,-5.E-02));
#5080 = CARTESIAN_POINT('',(0.41955503136,-5.E-02));
#5081 = CARTESIAN_POINT('',(0.372980319984,-5.E-02));
#5082 = CARTESIAN_POINT('',(0.32576815038,-5.E-02));
#5083 = CARTESIAN_POINT('',(0.2326401712,-5.E-02));
#5084 = CARTESIAN_POINT('',(0.186776609998,-5.E-02));
#5085 = CARTESIAN_POINT('',(0.14048436831,-5.E-02));
#5086 = CARTESIAN_POINT('',(9.385215025326E-02,-5.E-02));
#5087 = CARTESIAN_POINT('',(4.69838350629E-02,-5.E-02));
#5088 = CARTESIAN_POINT('',(0.,-5.E-02));
#5089 = ( GEOMETRIC_REPRESENTATION_CONTEXT(2) 
PARAMETRIC_REPRESENTATION_CONTEXT() REPRESENTATION_CONTEXT('2D SPACE',''
  ) );
#5090 = ORIENTED_EDGE('',*,*,#5091,.F.);
#5091 = EDGE_CURVE('',#5092,#5020,#5094,.T.);
#5092 = VERTEX_POINT('',#5093);
#5093 = CARTESIAN_POINT('',(16.065779296875,5.00259375,1.5));
#5094 = SURFACE_CURVE('',#5095,(#5102,#5112),.PCURVE_S1.);
#5095 = B_SPLINE_CURVE_WITH_KNOTS('',5,(#5096,#5097,#5098,#5099,#5100,
    #5101),.UNSPECIFIED.,.F.,.F.,(6,6),(0.,1.),
  .PIECEWISE_BEZIER_KNOTS.);
#5096 = CARTESIAN_POINT('',(16.065779296875,5.00259375,1.5));
#5097 = CARTESIAN_POINT('',(15.795438723394,5.049717336203,1.5));
#5098 = CARTESIAN_POINT('',(15.524672751606,5.08577472074,1.5));
#5099 = CARTESIAN_POINT('',(15.253872972946,5.110226727894,1.5));
#5100 = CARTESIAN_POINT('',(14.983497369195,5.12260546875,1.5));
#5101 = CARTESIAN_POINT('',(14.714068359375,5.12260546875,1.5));
#5102 = PCURVE('',#44,#5103);
#5103 = DEFINITIONAL_REPRESENTATION('',(#5104),#5111);
#5104 = B_SPLINE_CURVE_WITH_KNOTS('',5,(#5105,#5106,#5107,#5108,#5109,
    #5110),.UNSPECIFIED.,.F.,.F.,(6,6),(0.,1.),
  .PIECEWISE_BEZIER_KNOTS.);
#5105 = CARTESIAN_POINT('',(56.065779296875,20.00259375));
#5106 = CARTESIAN_POINT('',(55.795438723394,20.049717336203));
#5107 = CARTESIAN_POINT('',(55.524672751606,20.08577472074));
#5108 = CARTESIAN_POINT('',(55.253872972946,20.110226727894));
#5109 = CARTESIAN_POINT('',(54.983497369195,20.12260546875));
#5110 = CARTESIAN_POINT('',(54.714068359375,20.12260546875));
#5111 = ( GEOMETRIC_REPRESENTATION_CONTEXT(2) 
PARAMETRIC_REPRESENTATION_CONTEXT() REPRESENTATION_CONTEXT('2D SPACE',''
  ) );
#5112 = PCURVE('',#5113,#5120);
#5113 = SURFACE_OF_LINEAR_EXTRUSION('',#5114,#5118);
#5114 = B_SPLINE_CURVE_WITH_KNOTS('',2,(#5115,#5116,#5117),
  .UNSPECIFIED.,.F.,.F.,(3,3),(0.,1.),.PIECEWISE_BEZIER_KNOTS.);
#5115 = CARTESIAN_POINT('',(14.714068359375,5.12260546875,1.45));
#5116 = CARTESIAN_POINT('',(15.377291015625,5.12260546875,1.45));
#5117 = CARTESIAN_POINT('',(16.065779296875,5.00259375,1.45));
#5118 = VECTOR('',#5119,1.);
#5119 = DIRECTION('',(-0.,-0.,-1.));
#5120 = DEFINITIONAL_REPRESENTATION('',(#5121),#5128);
#5121 = B_SPLINE_CURVE_WITH_KNOTS('',5,(#5122,#5123,#5124,#5125,#5126,
    #5127),.UNSPECIFIED.,.F.,.F.,(6,6),(0.,1.),
  .PIECEWISE_BEZIER_KNOTS.);
#5122 = CARTESIAN_POINT('',(1.,-5.E-02));
#5123 = CARTESIAN_POINT('',(0.803670896918,-5.E-02));
#5124 = CARTESIAN_POINT('',(0.605264719909,-5.E-02));
#5125 = CARTESIAN_POINT('',(0.404991112564,-5.E-02));
#5126 = CARTESIAN_POINT('',(0.203121084059,-5.E-02));
#5127 = CARTESIAN_POINT('',(0.,-5.E-02));
#5128 = ( GEOMETRIC_REPRESENTATION_CONTEXT(2) 
PARAMETRIC_REPRESENTATION_CONTEXT() REPRESENTATION_CONTEXT('2D SPACE',''
  ) );
#5129 = ORIENTED_EDGE('',*,*,#5130,.F.);
#5130 = EDGE_CURVE('',#3551,#5092,#5131,.T.);
#5131 = SURFACE_CURVE('',#5132,(#5139,#5149),.PCURVE_S1.);
#5132 = B_SPLINE_CURVE_WITH_KNOTS('',5,(#5133,#5134,#5135,#5136,#5137,
    #5138),.UNSPECIFIED.,.F.,.F.,(6,6),(0.,1.),
  .PIECEWISE_BEZIER_KNOTS.);
#5133 = CARTESIAN_POINT('',(17.474337890625,4.64255859375,1.5));
#5134 = CARTESIAN_POINT('',(17.194554789283,4.735819627531,1.5));
#5135 = CARTESIAN_POINT('',(16.913512573916,4.819169602915,1.5));
#5136 = CARTESIAN_POINT('',(16.631457071096,4.89190155511,1.5));
#5137 = CARTESIAN_POINT('',(16.34873080757,4.953271927035,1.5));
#5138 = CARTESIAN_POINT('',(16.065779296875,5.00259375,1.5));
#5139 = PCURVE('',#44,#5140);
#5140 = DEFINITIONAL_REPRESENTATION('',(#5141),#5148);
#5141 = B_SPLINE_CURVE_WITH_KNOTS('',5,(#5142,#5143,#5144,#5145,#5146,
    #5147),.UNSPECIFIED.,.F.,.F.,(6,6),(0.,1.),
  .PIECEWISE_BEZIER_KNOTS.);
#5142 = CARTESIAN_POINT('',(57.474337890625,19.64255859375));
#5143 = CARTESIAN_POINT('',(57.194554789283,19.735819627531));
#5144 = CARTESIAN_POINT('',(56.913512573916,19.819169602915));
#5145 = CARTESIAN_POINT('',(56.631457071096,19.89190155511));
#5146 = CARTESIAN_POINT('',(56.34873080757,19.953271927035));
#5147 = CARTESIAN_POINT('',(56.065779296875,20.00259375));
#5148 = ( GEOMETRIC_REPRESENTATION_CONTEXT(2) 
PARAMETRIC_REPRESENTATION_CONTEXT() REPRESENTATION_CONTEXT('2D SPACE',''
  ) );
#5149 = PCURVE('',#5150,#5157);
#5150 = SURFACE_OF_LINEAR_EXTRUSION('',#5151,#5155);
#5151 = B_SPLINE_CURVE_WITH_KNOTS('',2,(#5152,#5153,#5154),
  .UNSPECIFIED.,.F.,.F.,(3,3),(0.,1.),.PIECEWISE_BEZIER_KNOTS.);
#5152 = CARTESIAN_POINT('',(16.065779296875,5.00259375,1.45));
#5153 = CARTESIAN_POINT('',(16.754267578125,4.88258203125,1.45));
#5154 = CARTESIAN_POINT('',(17.474337890625,4.64255859375,1.45));
#5155 = VECTOR('',#5156,1.);
#5156 = DIRECTION('',(-0.,-0.,-1.));
#5157 = DEFINITIONAL_REPRESENTATION('',(#5158),#5165);
#5158 = B_SPLINE_CURVE_WITH_KNOTS('',5,(#5159,#5160,#5161,#5162,#5163,
    #5164),.UNSPECIFIED.,.F.,.F.,(6,6),(0.,1.),
  .PIECEWISE_BEZIER_KNOTS.);
#5159 = CARTESIAN_POINT('',(1.,-5.E-02));
#5160 = CARTESIAN_POINT('',(0.805725151777,-5.E-02));
#5161 = CARTESIAN_POINT('',(0.608506742515,-5.E-02));
#5162 = CARTESIAN_POINT('',(0.40839027582,-5.E-02));
#5163 = CARTESIAN_POINT('',(0.205487528547,-5.E-02));
#5164 = CARTESIAN_POINT('',(0.,-5.E-02));
#5165 = ( GEOMETRIC_REPRESENTATION_CONTEXT(2) 
PARAMETRIC_REPRESENTATION_CONTEXT() REPRESENTATION_CONTEXT('2D SPACE',''
  ) );
#5166 = FACE_BOUND('',#5167,.T.);
#5167 = EDGE_LOOP('',(#5168,#5196,#5222,#5248,#5274,#5300,#5326,#5352));
#5168 = ORIENTED_EDGE('',*,*,#5169,.F.);
#5169 = EDGE_CURVE('',#5170,#5172,#5174,.T.);
#5170 = VERTEX_POINT('',#5171);
#5171 = CARTESIAN_POINT('',(18.724986328125,4.9520625,1.5));
#5172 = VERTEX_POINT('',#5173);
#5173 = CARTESIAN_POINT('',(18.724986328125,3.8782734375,1.5));
#5174 = SURFACE_CURVE('',#5175,(#5179,#5185),.PCURVE_S1.);
#5175 = LINE('',#5176,#5177);
#5176 = CARTESIAN_POINT('',(18.724986328125,-5.56086328125,1.5));
#5177 = VECTOR('',#5178,1.);
#5178 = DIRECTION('',(0.,-1.,0.));
#5179 = PCURVE('',#44,#5180);
#5180 = DEFINITIONAL_REPRESENTATION('',(#5181),#5184);
#5181 = B_SPLINE_CURVE_WITH_KNOTS('',1,(#5182,#5183),.UNSPECIFIED.,.F.,
  .F.,(2,2),(-10.51292578125,-9.43913671875),.PIECEWISE_BEZIER_KNOTS.);
#5182 = CARTESIAN_POINT('',(58.724986328125,19.9520625));
#5183 = CARTESIAN_POINT('',(58.724986328125,18.8782734375));
#5184 = ( GEOMETRIC_REPRESENTATION_CONTEXT(2) 
PARAMETRIC_REPRESENTATION_CONTEXT() REPRESENTATION_CONTEXT('2D SPACE',''
  ) );
#5185 = PCURVE('',#5186,#5191);
#5186 = PLANE('',#5187);
#5187 = AXIS2_PLACEMENT_3D('',#5188,#5189,#5190);
#5188 = CARTESIAN_POINT('',(18.724986328125,3.8782734375,1.45));
#5189 = DIRECTION('',(-1.,0.,0.));
#5190 = DIRECTION('',(0.,1.,0.));
#5191 = DEFINITIONAL_REPRESENTATION('',(#5192),#5195);
#5192 = B_SPLINE_CURVE_WITH_KNOTS('',1,(#5193,#5194),.UNSPECIFIED.,.F.,
  .F.,(2,2),(-10.51292578125,-9.43913671875),.PIECEWISE_BEZIER_KNOTS.);
#5193 = CARTESIAN_POINT('',(1.0737890625,-5.E-02));
#5194 = CARTESIAN_POINT('',(0.,-5.E-02));
#5195 = ( GEOMETRIC_REPRESENTATION_CONTEXT(2) 
PARAMETRIC_REPRESENTATION_CONTEXT() REPRESENTATION_CONTEXT('2D SPACE',''
  ) );
#5196 = ORIENTED_EDGE('',*,*,#5197,.F.);
#5197 = EDGE_CURVE('',#5198,#5170,#5200,.T.);
#5198 = VERTEX_POINT('',#5199);
#5199 = CARTESIAN_POINT('',(26.702607421875,4.9520625,1.5));
#5200 = SURFACE_CURVE('',#5201,(#5205,#5211),.PCURVE_S1.);
#5201 = LINE('',#5202,#5203);
#5202 = CARTESIAN_POINT('',(-10.63750683593,4.9520625,1.5));
#5203 = VECTOR('',#5204,1.);
#5204 = DIRECTION('',(-1.,0.,0.));
#5205 = PCURVE('',#44,#5206);
#5206 = DEFINITIONAL_REPRESENTATION('',(#5207),#5210);
#5207 = B_SPLINE_CURVE_WITH_KNOTS('',1,(#5208,#5209),.UNSPECIFIED.,.F.,
  .F.,(2,2),(-37.34011425781,-29.36249316406),.PIECEWISE_BEZIER_KNOTS.);
#5208 = CARTESIAN_POINT('',(66.702607421875,19.9520625));
#5209 = CARTESIAN_POINT('',(58.724986328125,19.9520625));
#5210 = ( GEOMETRIC_REPRESENTATION_CONTEXT(2) 
PARAMETRIC_REPRESENTATION_CONTEXT() REPRESENTATION_CONTEXT('2D SPACE',''
  ) );
#5211 = PCURVE('',#5212,#5217);
#5212 = PLANE('',#5213);
#5213 = AXIS2_PLACEMENT_3D('',#5214,#5215,#5216);
#5214 = CARTESIAN_POINT('',(18.724986328125,4.9520625,1.45));
#5215 = DIRECTION('',(0.,1.,0.));
#5216 = DIRECTION('',(1.,0.,0.));
#5217 = DEFINITIONAL_REPRESENTATION('',(#5218),#5221);
#5218 = B_SPLINE_CURVE_WITH_KNOTS('',1,(#5219,#5220),.UNSPECIFIED.,.F.,
  .F.,(2,2),(-37.34011425781,-29.36249316406),.PIECEWISE_BEZIER_KNOTS.);
#5219 = CARTESIAN_POINT('',(7.97762109375,-5.E-02));
#5220 = CARTESIAN_POINT('',(0.,-5.E-02));
#5221 = ( GEOMETRIC_REPRESENTATION_CONTEXT(2) 
PARAMETRIC_REPRESENTATION_CONTEXT() REPRESENTATION_CONTEXT('2D SPACE',''
  ) );
#5222 = ORIENTED_EDGE('',*,*,#5223,.F.);
#5223 = EDGE_CURVE('',#5224,#5198,#5226,.T.);
#5224 = VERTEX_POINT('',#5225);
#5225 = CARTESIAN_POINT('',(26.702607421875,3.8782734375,1.5));
#5226 = SURFACE_CURVE('',#5227,(#5231,#5237),.PCURVE_S1.);
#5227 = LINE('',#5228,#5229);
#5228 = CARTESIAN_POINT('',(26.702607421875,-5.02396875,1.5));
#5229 = VECTOR('',#5230,1.);
#5230 = DIRECTION('',(0.,1.,0.));
#5231 = PCURVE('',#44,#5232);
#5232 = DEFINITIONAL_REPRESENTATION('',(#5233),#5236);
#5233 = B_SPLINE_CURVE_WITH_KNOTS('',1,(#5234,#5235),.UNSPECIFIED.,.F.,
  .F.,(2,2),(8.9022421875,9.97603125),.PIECEWISE_BEZIER_KNOTS.);
#5234 = CARTESIAN_POINT('',(66.702607421875,18.8782734375));
#5235 = CARTESIAN_POINT('',(66.702607421875,19.9520625));
#5236 = ( GEOMETRIC_REPRESENTATION_CONTEXT(2) 
PARAMETRIC_REPRESENTATION_CONTEXT() REPRESENTATION_CONTEXT('2D SPACE',''
  ) );
#5237 = PCURVE('',#5238,#5243);
#5238 = PLANE('',#5239);
#5239 = AXIS2_PLACEMENT_3D('',#5240,#5241,#5242);
#5240 = CARTESIAN_POINT('',(26.702607421875,4.9520625,1.45));
#5241 = DIRECTION('',(1.,0.,0.));
#5242 = DIRECTION('',(0.,-1.,0.));
#5243 = DEFINITIONAL_REPRESENTATION('',(#5244),#5247);
#5244 = B_SPLINE_CURVE_WITH_KNOTS('',1,(#5245,#5246),.UNSPECIFIED.,.F.,
  .F.,(2,2),(8.9022421875,9.97603125),.PIECEWISE_BEZIER_KNOTS.);
#5245 = CARTESIAN_POINT('',(1.0737890625,-5.E-02));
#5246 = CARTESIAN_POINT('',(0.,-5.E-02));
#5247 = ( GEOMETRIC_REPRESENTATION_CONTEXT(2) 
PARAMETRIC_REPRESENTATION_CONTEXT() REPRESENTATION_CONTEXT('2D SPACE',''
  ) );
#5248 = ORIENTED_EDGE('',*,*,#5249,.F.);
#5249 = EDGE_CURVE('',#5250,#5224,#5252,.T.);
#5250 = VERTEX_POINT('',#5251);
#5251 = CARTESIAN_POINT('',(23.354912109375,3.8782734375,1.5));
#5252 = SURFACE_CURVE('',#5253,(#5257,#5263),.PCURVE_S1.);
#5253 = LINE('',#5254,#5255);
#5254 = CARTESIAN_POINT('',(-6.648696289062,3.8782734375,1.5));
#5255 = VECTOR('',#5256,1.);
#5256 = DIRECTION('',(1.,0.,-0.));
#5257 = PCURVE('',#44,#5258);
#5258 = DEFINITIONAL_REPRESENTATION('',(#5259),#5262);
#5259 = B_SPLINE_CURVE_WITH_KNOTS('',1,(#5260,#5261),.UNSPECIFIED.,.F.,
  .F.,(2,2),(30.003608398437,33.351303710938),.PIECEWISE_BEZIER_KNOTS.);
#5260 = CARTESIAN_POINT('',(63.354912109375,18.8782734375));
#5261 = CARTESIAN_POINT('',(66.702607421875,18.8782734375));
#5262 = ( GEOMETRIC_REPRESENTATION_CONTEXT(2) 
PARAMETRIC_REPRESENTATION_CONTEXT() REPRESENTATION_CONTEXT('2D SPACE',''
  ) );
#5263 = PCURVE('',#5264,#5269);
#5264 = PLANE('',#5265);
#5265 = AXIS2_PLACEMENT_3D('',#5266,#5267,#5268);
#5266 = CARTESIAN_POINT('',(26.702607421875,3.8782734375,1.45));
#5267 = DIRECTION('',(0.,-1.,0.));
#5268 = DIRECTION('',(-1.,0.,0.));
#5269 = DEFINITIONAL_REPRESENTATION('',(#5270),#5273);
#5270 = B_SPLINE_CURVE_WITH_KNOTS('',1,(#5271,#5272),.UNSPECIFIED.,.F.,
  .F.,(2,2),(30.003608398437,33.351303710938),.PIECEWISE_BEZIER_KNOTS.);
#5271 = CARTESIAN_POINT('',(3.3476953125,-5.E-02));
#5272 = CARTESIAN_POINT('',(0.,-5.E-02));
#5273 = ( GEOMETRIC_REPRESENTATION_CONTEXT(2) 
PARAMETRIC_REPRESENTATION_CONTEXT() REPRESENTATION_CONTEXT('2D SPACE',''
  ) );
#5274 = ORIENTED_EDGE('',*,*,#5275,.F.);
#5275 = EDGE_CURVE('',#5276,#5250,#5278,.T.);
#5276 = VERTEX_POINT('',#5277);
#5277 = CARTESIAN_POINT('',(23.354912109375,-4.47833203125,1.5));
#5278 = SURFACE_CURVE('',#5279,(#5283,#5289),.PCURVE_S1.);
#5279 = LINE('',#5280,#5281);
#5280 = CARTESIAN_POINT('',(23.354912109375,-5.56086328125,1.5));
#5281 = VECTOR('',#5282,1.);
#5282 = DIRECTION('',(0.,1.,0.));
#5283 = PCURVE('',#44,#5284);
#5284 = DEFINITIONAL_REPRESENTATION('',(#5285),#5288);
#5285 = B_SPLINE_CURVE_WITH_KNOTS('',1,(#5286,#5287),.UNSPECIFIED.,.F.,
  .F.,(2,2),(1.08253125,9.43913671875),.PIECEWISE_BEZIER_KNOTS.);
#5286 = CARTESIAN_POINT('',(63.354912109375,10.52166796875));
#5287 = CARTESIAN_POINT('',(63.354912109375,18.8782734375));
#5288 = ( GEOMETRIC_REPRESENTATION_CONTEXT(2) 
PARAMETRIC_REPRESENTATION_CONTEXT() REPRESENTATION_CONTEXT('2D SPACE',''
  ) );
#5289 = PCURVE('',#5290,#5295);
#5290 = PLANE('',#5291);
#5291 = AXIS2_PLACEMENT_3D('',#5292,#5293,#5294);
#5292 = CARTESIAN_POINT('',(23.354912109375,3.8782734375,1.45));
#5293 = DIRECTION('',(1.,0.,0.));
#5294 = DIRECTION('',(0.,-1.,0.));
#5295 = DEFINITIONAL_REPRESENTATION('',(#5296),#5299);
#5296 = B_SPLINE_CURVE_WITH_KNOTS('',1,(#5297,#5298),.UNSPECIFIED.,.F.,
  .F.,(2,2),(1.08253125,9.43913671875),.PIECEWISE_BEZIER_KNOTS.);
#5297 = CARTESIAN_POINT('',(8.35660546875,-5.E-02));
#5298 = CARTESIAN_POINT('',(0.,-5.E-02));
#5299 = ( GEOMETRIC_REPRESENTATION_CONTEXT(2) 
PARAMETRIC_REPRESENTATION_CONTEXT() REPRESENTATION_CONTEXT('2D SPACE',''
  ) );
#5300 = ORIENTED_EDGE('',*,*,#5301,.F.);
#5301 = EDGE_CURVE('',#5302,#5276,#5304,.T.);
#5302 = VERTEX_POINT('',#5303);
#5303 = CARTESIAN_POINT('',(22.072681640625,-4.47833203125,1.5));
#5304 = SURFACE_CURVE('',#5305,(#5309,#5315),.PCURVE_S1.);
#5305 = LINE('',#5306,#5307);
#5306 = CARTESIAN_POINT('',(-8.322543945312,-4.47833203125,1.5));
#5307 = VECTOR('',#5308,1.);
#5308 = DIRECTION('',(1.,0.,-0.));
#5309 = PCURVE('',#44,#5310);
#5310 = DEFINITIONAL_REPRESENTATION('',(#5311),#5314);
#5311 = B_SPLINE_CURVE_WITH_KNOTS('',1,(#5312,#5313),.UNSPECIFIED.,.F.,
  .F.,(2,2),(30.395225585937,31.677456054688),.PIECEWISE_BEZIER_KNOTS.);
#5312 = CARTESIAN_POINT('',(62.072681640625,10.52166796875));
#5313 = CARTESIAN_POINT('',(63.354912109375,10.52166796875));
#5314 = ( GEOMETRIC_REPRESENTATION_CONTEXT(2) 
PARAMETRIC_REPRESENTATION_CONTEXT() REPRESENTATION_CONTEXT('2D SPACE',''
  ) );
#5315 = PCURVE('',#5316,#5321);
#5316 = PLANE('',#5317);
#5317 = AXIS2_PLACEMENT_3D('',#5318,#5319,#5320);
#5318 = CARTESIAN_POINT('',(23.354912109375,-4.47833203125,1.45));
#5319 = DIRECTION('',(0.,-1.,0.));
#5320 = DIRECTION('',(-1.,0.,0.));
#5321 = DEFINITIONAL_REPRESENTATION('',(#5322),#5325);
#5322 = B_SPLINE_CURVE_WITH_KNOTS('',1,(#5323,#5324),.UNSPECIFIED.,.F.,
  .F.,(2,2),(30.395225585937,31.677456054688),.PIECEWISE_BEZIER_KNOTS.);
#5323 = CARTESIAN_POINT('',(1.28223046875,-5.E-02));
#5324 = CARTESIAN_POINT('',(0.,-5.E-02));
#5325 = ( GEOMETRIC_REPRESENTATION_CONTEXT(2) 
PARAMETRIC_REPRESENTATION_CONTEXT() REPRESENTATION_CONTEXT('2D SPACE',''
  ) );
#5326 = ORIENTED_EDGE('',*,*,#5327,.F.);
#5327 = EDGE_CURVE('',#5328,#5302,#5330,.T.);
#5328 = VERTEX_POINT('',#5329);
#5329 = CARTESIAN_POINT('',(22.072681640625,3.8782734375,1.5));
#5330 = SURFACE_CURVE('',#5331,(#5335,#5341),.PCURVE_S1.);
#5331 = LINE('',#5332,#5333);
#5332 = CARTESIAN_POINT('',(22.072681640625,-9.739166015625,1.5));
#5333 = VECTOR('',#5334,1.);
#5334 = DIRECTION('',(0.,-1.,0.));
#5335 = PCURVE('',#44,#5336);
#5336 = DEFINITIONAL_REPRESENTATION('',(#5337),#5340);
#5337 = B_SPLINE_CURVE_WITH_KNOTS('',1,(#5338,#5339),.UNSPECIFIED.,.F.,
  .F.,(2,2),(-13.61743945312,-5.260833984375),.PIECEWISE_BEZIER_KNOTS.);
#5338 = CARTESIAN_POINT('',(62.072681640625,18.8782734375));
#5339 = CARTESIAN_POINT('',(62.072681640625,10.52166796875));
#5340 = ( GEOMETRIC_REPRESENTATION_CONTEXT(2) 
PARAMETRIC_REPRESENTATION_CONTEXT() REPRESENTATION_CONTEXT('2D SPACE',''
  ) );
#5341 = PCURVE('',#5342,#5347);
#5342 = PLANE('',#5343);
#5343 = AXIS2_PLACEMENT_3D('',#5344,#5345,#5346);
#5344 = CARTESIAN_POINT('',(22.072681640625,-4.47833203125,1.45));
#5345 = DIRECTION('',(-1.,0.,0.));
#5346 = DIRECTION('',(0.,1.,0.));
#5347 = DEFINITIONAL_REPRESENTATION('',(#5348),#5351);
#5348 = B_SPLINE_CURVE_WITH_KNOTS('',1,(#5349,#5350),.UNSPECIFIED.,.F.,
  .F.,(2,2),(-13.61743945312,-5.260833984375),.PIECEWISE_BEZIER_KNOTS.);
#5349 = CARTESIAN_POINT('',(8.35660546875,-5.E-02));
#5350 = CARTESIAN_POINT('',(0.,-5.E-02));
#5351 = ( GEOMETRIC_REPRESENTATION_CONTEXT(2) 
PARAMETRIC_REPRESENTATION_CONTEXT() REPRESENTATION_CONTEXT('2D SPACE',''
  ) );
#5352 = ORIENTED_EDGE('',*,*,#5353,.F.);
#5353 = EDGE_CURVE('',#5172,#5328,#5354,.T.);
#5354 = SURFACE_CURVE('',#5355,(#5359,#5365),.PCURVE_S1.);
#5355 = LINE('',#5356,#5357);
#5356 = CARTESIAN_POINT('',(-8.963659179688,3.8782734375,1.5));
#5357 = VECTOR('',#5358,1.);
#5358 = DIRECTION('',(1.,0.,-0.));
#5359 = PCURVE('',#44,#5360);
#5360 = DEFINITIONAL_REPRESENTATION('',(#5361),#5364);
#5361 = B_SPLINE_CURVE_WITH_KNOTS('',1,(#5362,#5363),.UNSPECIFIED.,.F.,
  .F.,(2,2),(27.688645507812,31.036340820312),.PIECEWISE_BEZIER_KNOTS.);
#5362 = CARTESIAN_POINT('',(58.724986328125,18.8782734375));
#5363 = CARTESIAN_POINT('',(62.072681640625,18.8782734375));
#5364 = ( GEOMETRIC_REPRESENTATION_CONTEXT(2) 
PARAMETRIC_REPRESENTATION_CONTEXT() REPRESENTATION_CONTEXT('2D SPACE',''
  ) );
#5365 = PCURVE('',#5366,#5371);
#5366 = PLANE('',#5367);
#5367 = AXIS2_PLACEMENT_3D('',#5368,#5369,#5370);
#5368 = CARTESIAN_POINT('',(22.072681640625,3.8782734375,1.45));
#5369 = DIRECTION('',(0.,-1.,0.));
#5370 = DIRECTION('',(-1.,0.,0.));
#5371 = DEFINITIONAL_REPRESENTATION('',(#5372),#5375);
#5372 = B_SPLINE_CURVE_WITH_KNOTS('',1,(#5373,#5374),.UNSPECIFIED.,.F.,
  .F.,(2,2),(27.688645507812,31.036340820312),.PIECEWISE_BEZIER_KNOTS.);
#5373 = CARTESIAN_POINT('',(3.3476953125,-5.E-02));
#5374 = CARTESIAN_POINT('',(0.,-5.E-02));
#5375 = ( GEOMETRIC_REPRESENTATION_CONTEXT(2) 
PARAMETRIC_REPRESENTATION_CONTEXT() REPRESENTATION_CONTEXT('2D SPACE',''
  ) );
#5376 = ADVANCED_FACE('',(#5377),#72,.T.);
#5377 = FACE_BOUND('',#5378,.T.);
#5378 = EDGE_LOOP('',(#5379,#5403,#5424,#5425));
#5379 = ORIENTED_EDGE('',*,*,#5380,.T.);
#5380 = EDGE_CURVE('',#57,#5381,#5383,.T.);
#5381 = VERTEX_POINT('',#5382);
#5382 = CARTESIAN_POINT('',(-38.,-15.,-1.5));
#5383 = SURFACE_CURVE('',#5384,(#5389,#5396),.PCURVE_S1.);
#5384 = CIRCLE('',#5385,2.);
#5385 = AXIS2_PLACEMENT_3D('',#5386,#5387,#5388);
#5386 = CARTESIAN_POINT('',(-38.,-13.,-1.5));
#5387 = DIRECTION('',(0.,0.,1.));
#5388 = DIRECTION('',(0.,-1.,0.));
#5389 = PCURVE('',#72,#5390);
#5390 = DEFINITIONAL_REPRESENTATION('',(#5391),#5395);
#5391 = LINE('',#5392,#5393);
#5392 = CARTESIAN_POINT('',(-4.712388980385,0.));
#5393 = VECTOR('',#5394,1.);
#5394 = DIRECTION('',(1.,0.));
#5395 = ( GEOMETRIC_REPRESENTATION_CONTEXT(2) 
PARAMETRIC_REPRESENTATION_CONTEXT() REPRESENTATION_CONTEXT('2D SPACE',''
  ) );
#5396 = PCURVE('',#100,#5397);
#5397 = DEFINITIONAL_REPRESENTATION('',(#5398),#5402);
#5398 = CIRCLE('',#5399,2.);
#5399 = AXIS2_PLACEMENT_2D('',#5400,#5401);
#5400 = CARTESIAN_POINT('',(2.,2.));
#5401 = DIRECTION('',(0.,-1.));
#5402 = ( GEOMETRIC_REPRESENTATION_CONTEXT(2) 
PARAMETRIC_REPRESENTATION_CONTEXT() REPRESENTATION_CONTEXT('2D SPACE',''
  ) );
#5403 = ORIENTED_EDGE('',*,*,#5404,.T.);
#5404 = EDGE_CURVE('',#5381,#143,#5405,.T.);
#5405 = SURFACE_CURVE('',#5406,(#5410,#5417),.PCURVE_S1.);
#5406 = LINE('',#5407,#5408);
#5407 = CARTESIAN_POINT('',(-38.,-15.,-1.5));
#5408 = VECTOR('',#5409,1.);
#5409 = DIRECTION('',(0.,0.,1.));
#5410 = PCURVE('',#72,#5411);
#5411 = DEFINITIONAL_REPRESENTATION('',(#5412),#5416);
#5412 = LINE('',#5413,#5414);
#5413 = CARTESIAN_POINT('',(1.570796326795,0.));
#5414 = VECTOR('',#5415,1.);
#5415 = DIRECTION('',(0.,1.));
#5416 = ( GEOMETRIC_REPRESENTATION_CONTEXT(2) 
PARAMETRIC_REPRESENTATION_CONTEXT() REPRESENTATION_CONTEXT('2D SPACE',''
  ) );
#5417 = PCURVE('',#182,#5418);
#5418 = DEFINITIONAL_REPRESENTATION('',(#5419),#5423);
#5419 = LINE('',#5420,#5421);
#5420 = CARTESIAN_POINT('',(0.,2.));
#5421 = VECTOR('',#5422,1.);
#5422 = DIRECTION('',(1.,0.));
#5423 = ( GEOMETRIC_REPRESENTATION_CONTEXT(2) 
PARAMETRIC_REPRESENTATION_CONTEXT() REPRESENTATION_CONTEXT('2D SPACE',''
  ) );
#5424 = ORIENTED_EDGE('',*,*,#142,.F.);
#5425 = ORIENTED_EDGE('',*,*,#56,.F.);
#5426 = ADVANCED_FACE('',(#5427),#126,.T.);
#5427 = FACE_BOUND('',#5428,.F.);
#5428 = EDGE_LOOP('',(#5429,#5457,#5478,#5479));
#5429 = ORIENTED_EDGE('',*,*,#5430,.T.);
#5430 = EDGE_CURVE('',#85,#5431,#5433,.T.);
#5431 = VERTEX_POINT('',#5432);
#5432 = CARTESIAN_POINT('',(-38.,15.,-1.5));
#5433 = SURFACE_CURVE('',#5434,(#5439,#5446),.PCURVE_S1.);
#5434 = CIRCLE('',#5435,2.);
#5435 = AXIS2_PLACEMENT_3D('',#5436,#5437,#5438);
#5436 = CARTESIAN_POINT('',(-38.,13.,-1.5));
#5437 = DIRECTION('',(-0.,-0.,-1.));
#5438 = DIRECTION('',(0.,-1.,0.));
#5439 = PCURVE('',#126,#5440);
#5440 = DEFINITIONAL_REPRESENTATION('',(#5441),#5445);
#5441 = LINE('',#5442,#5443);
#5442 = CARTESIAN_POINT('',(1.570796326795,-0.));
#5443 = VECTOR('',#5444,1.);
#5444 = DIRECTION('',(-1.,0.));
#5445 = ( GEOMETRIC_REPRESENTATION_CONTEXT(2) 
PARAMETRIC_REPRESENTATION_CONTEXT() REPRESENTATION_CONTEXT('2D SPACE',''
  ) );
#5446 = PCURVE('',#100,#5447);
#5447 = DEFINITIONAL_REPRESENTATION('',(#5448),#5456);
#5448 = ( BOUNDED_CURVE() B_SPLINE_CURVE(2,(#5449,#5450,#5451,#5452,
#5453,#5454,#5455),.UNSPECIFIED.,.T.,.F.) B_SPLINE_CURVE_WITH_KNOTS((1,2
    ,2,2,2,1),(-2.094395102393,0.,2.094395102393,4.188790204786,
6.28318530718,8.377580409573),.UNSPECIFIED.) CURVE() 
GEOMETRIC_REPRESENTATION_ITEM() RATIONAL_B_SPLINE_CURVE((1.,0.5,1.,0.5,
1.,0.5,1.)) REPRESENTATION_ITEM('') );
#5449 = CARTESIAN_POINT('',(2.,26.));
#5450 = CARTESIAN_POINT('',(-1.464101615138,26.));
#5451 = CARTESIAN_POINT('',(0.267949192431,29.));
#5452 = CARTESIAN_POINT('',(2.,32.));
#5453 = CARTESIAN_POINT('',(3.732050807569,29.));
#5454 = CARTESIAN_POINT('',(5.464101615138,26.));
#5455 = CARTESIAN_POINT('',(2.,26.));
#5456 = ( GEOMETRIC_REPRESENTATION_CONTEXT(2) 
PARAMETRIC_REPRESENTATION_CONTEXT() REPRESENTATION_CONTEXT('2D SPACE',''
  ) );
#5457 = ORIENTED_EDGE('',*,*,#5458,.T.);
#5458 = EDGE_CURVE('',#5431,#285,#5459,.T.);
#5459 = SURFACE_CURVE('',#5460,(#5464,#5471),.PCURVE_S1.);
#5460 = LINE('',#5461,#5462);
#5461 = CARTESIAN_POINT('',(-38.,15.,-1.5));
#5462 = VECTOR('',#5463,1.);
#5463 = DIRECTION('',(0.,0.,1.));
#5464 = PCURVE('',#126,#5465);
#5465 = DEFINITIONAL_REPRESENTATION('',(#5466),#5470);
#5466 = LINE('',#5467,#5468);
#5467 = CARTESIAN_POINT('',(-1.570796326795,0.));
#5468 = VECTOR('',#5469,1.);
#5469 = DIRECTION('',(-0.,1.));
#5470 = ( GEOMETRIC_REPRESENTATION_CONTEXT(2) 
PARAMETRIC_REPRESENTATION_CONTEXT() REPRESENTATION_CONTEXT('2D SPACE',''
  ) );
#5471 = PCURVE('',#300,#5472);
#5472 = DEFINITIONAL_REPRESENTATION('',(#5473),#5477);
#5473 = LINE('',#5474,#5475);
#5474 = CARTESIAN_POINT('',(0.,2.));
#5475 = VECTOR('',#5476,1.);
#5476 = DIRECTION('',(1.,0.));
#5477 = ( GEOMETRIC_REPRESENTATION_CONTEXT(2) 
PARAMETRIC_REPRESENTATION_CONTEXT() REPRESENTATION_CONTEXT('2D SPACE',''
  ) );
#5478 = ORIENTED_EDGE('',*,*,#312,.F.);
#5479 = ORIENTED_EDGE('',*,*,#112,.F.);
#5480 = ADVANCED_FACE('',(#5481),#100,.F.);
#5481 = FACE_BOUND('',#5482,.F.);
#5482 = EDGE_LOOP('',(#5483,#5484,#5485,#5508,#5536,#5559,#5583,#5604));
#5483 = ORIENTED_EDGE('',*,*,#84,.F.);
#5484 = ORIENTED_EDGE('',*,*,#5380,.T.);
#5485 = ORIENTED_EDGE('',*,*,#5486,.T.);
#5486 = EDGE_CURVE('',#5381,#5487,#5489,.T.);
#5487 = VERTEX_POINT('',#5488);
#5488 = CARTESIAN_POINT('',(38.,-15.,-1.5));
#5489 = SURFACE_CURVE('',#5490,(#5494,#5501),.PCURVE_S1.);
#5490 = LINE('',#5491,#5492);
#5491 = CARTESIAN_POINT('',(-40.,-15.,-1.5));
#5492 = VECTOR('',#5493,1.);
#5493 = DIRECTION('',(1.,0.,0.));
#5494 = PCURVE('',#100,#5495);
#5495 = DEFINITIONAL_REPRESENTATION('',(#5496),#5500);
#5496 = LINE('',#5497,#5498);
#5497 = CARTESIAN_POINT('',(0.,0.));
#5498 = VECTOR('',#5499,1.);
#5499 = DIRECTION('',(1.,0.));
#5500 = ( GEOMETRIC_REPRESENTATION_CONTEXT(2) 
PARAMETRIC_REPRESENTATION_CONTEXT() REPRESENTATION_CONTEXT('2D SPACE',''
  ) );
#5501 = PCURVE('',#182,#5502);
#5502 = DEFINITIONAL_REPRESENTATION('',(#5503),#5507);
#5503 = LINE('',#5504,#5505);
#5504 = CARTESIAN_POINT('',(0.,0.));
#5505 = VECTOR('',#5506,1.);
#5506 = DIRECTION('',(0.,1.));
#5507 = ( GEOMETRIC_REPRESENTATION_CONTEXT(2) 
PARAMETRIC_REPRESENTATION_CONTEXT() REPRESENTATION_CONTEXT('2D SPACE',''
  ) );
#5508 = ORIENTED_EDGE('',*,*,#5509,.F.);
#5509 = EDGE_CURVE('',#5510,#5487,#5512,.T.);
#5510 = VERTEX_POINT('',#5511);
#5511 = CARTESIAN_POINT('',(40.,-13.,-1.5));
#5512 = SURFACE_CURVE('',#5513,(#5518,#5529),.PCURVE_S1.);
#5513 = CIRCLE('',#5514,2.);
#5514 = AXIS2_PLACEMENT_3D('',#5515,#5516,#5517);
#5515 = CARTESIAN_POINT('',(38.,-13.,-1.5));
#5516 = DIRECTION('',(-0.,-0.,-1.));
#5517 = DIRECTION('',(0.,-1.,0.));
#5518 = PCURVE('',#100,#5519);
#5519 = DEFINITIONAL_REPRESENTATION('',(#5520),#5528);
#5520 = ( BOUNDED_CURVE() B_SPLINE_CURVE(2,(#5521,#5522,#5523,#5524,
#5525,#5526,#5527),.UNSPECIFIED.,.T.,.F.) B_SPLINE_CURVE_WITH_KNOTS((1,2
    ,2,2,2,1),(-2.094395102393,0.,2.094395102393,4.188790204786,
6.28318530718,8.377580409573),.UNSPECIFIED.) CURVE() 
GEOMETRIC_REPRESENTATION_ITEM() RATIONAL_B_SPLINE_CURVE((1.,0.5,1.,0.5,
1.,0.5,1.)) REPRESENTATION_ITEM('') );
#5521 = CARTESIAN_POINT('',(78.,0.));
#5522 = CARTESIAN_POINT('',(74.535898384862,0.));
#5523 = CARTESIAN_POINT('',(76.267949192431,3.));
#5524 = CARTESIAN_POINT('',(78.,6.));
#5525 = CARTESIAN_POINT('',(79.732050807569,3.));
#5526 = CARTESIAN_POINT('',(81.464101615138,3.10862446895E-15));
#5527 = CARTESIAN_POINT('',(78.,0.));
#5528 = ( GEOMETRIC_REPRESENTATION_CONTEXT(2) 
PARAMETRIC_REPRESENTATION_CONTEXT() REPRESENTATION_CONTEXT('2D SPACE',''
  ) );
#5529 = PCURVE('',#215,#5530);
#5530 = DEFINITIONAL_REPRESENTATION('',(#5531),#5535);
#5531 = LINE('',#5532,#5533);
#5532 = CARTESIAN_POINT('',(4.712388980385,-0.));
#5533 = VECTOR('',#5534,1.);
#5534 = DIRECTION('',(-1.,0.));
#5535 = ( GEOMETRIC_REPRESENTATION_CONTEXT(2) 
PARAMETRIC_REPRESENTATION_CONTEXT() REPRESENTATION_CONTEXT('2D SPACE',''
  ) );
#5536 = ORIENTED_EDGE('',*,*,#5537,.T.);
#5537 = EDGE_CURVE('',#5510,#5538,#5540,.T.);
#5538 = VERTEX_POINT('',#5539);
#5539 = CARTESIAN_POINT('',(40.,13.,-1.5));
#5540 = SURFACE_CURVE('',#5541,(#5545,#5552),.PCURVE_S1.);
#5541 = LINE('',#5542,#5543);
#5542 = CARTESIAN_POINT('',(40.,-15.,-1.5));
#5543 = VECTOR('',#5544,1.);
#5544 = DIRECTION('',(0.,1.,0.));
#5545 = PCURVE('',#100,#5546);
#5546 = DEFINITIONAL_REPRESENTATION('',(#5547),#5551);
#5547 = LINE('',#5548,#5549);
#5548 = CARTESIAN_POINT('',(80.,0.));
#5549 = VECTOR('',#5550,1.);
#5550 = DIRECTION('',(0.,1.));
#5551 = ( GEOMETRIC_REPRESENTATION_CONTEXT(2) 
PARAMETRIC_REPRESENTATION_CONTEXT() REPRESENTATION_CONTEXT('2D SPACE',''
  ) );
#5552 = PCURVE('',#243,#5553);
#5553 = DEFINITIONAL_REPRESENTATION('',(#5554),#5558);
#5554 = LINE('',#5555,#5556);
#5555 = CARTESIAN_POINT('',(0.,0.));
#5556 = VECTOR('',#5557,1.);
#5557 = DIRECTION('',(0.,-1.));
#5558 = ( GEOMETRIC_REPRESENTATION_CONTEXT(2) 
PARAMETRIC_REPRESENTATION_CONTEXT() REPRESENTATION_CONTEXT('2D SPACE',''
  ) );
#5559 = ORIENTED_EDGE('',*,*,#5560,.T.);
#5560 = EDGE_CURVE('',#5538,#5561,#5563,.T.);
#5561 = VERTEX_POINT('',#5562);
#5562 = CARTESIAN_POINT('',(38.,15.,-1.5));
#5563 = SURFACE_CURVE('',#5564,(#5569,#5576),.PCURVE_S1.);
#5564 = CIRCLE('',#5565,2.);
#5565 = AXIS2_PLACEMENT_3D('',#5566,#5567,#5568);
#5566 = CARTESIAN_POINT('',(38.,13.,-1.5));
#5567 = DIRECTION('',(0.,0.,1.));
#5568 = DIRECTION('',(0.,-1.,0.));
#5569 = PCURVE('',#100,#5570);
#5570 = DEFINITIONAL_REPRESENTATION('',(#5571),#5575);
#5571 = CIRCLE('',#5572,2.);
#5572 = AXIS2_PLACEMENT_2D('',#5573,#5574);
#5573 = CARTESIAN_POINT('',(78.,28.));
#5574 = DIRECTION('',(0.,-1.));
#5575 = ( GEOMETRIC_REPRESENTATION_CONTEXT(2) 
PARAMETRIC_REPRESENTATION_CONTEXT() REPRESENTATION_CONTEXT('2D SPACE',''
  ) );
#5576 = PCURVE('',#272,#5577);
#5577 = DEFINITIONAL_REPRESENTATION('',(#5578),#5582);
#5578 = LINE('',#5579,#5580);
#5579 = CARTESIAN_POINT('',(-1.570796326795,0.));
#5580 = VECTOR('',#5581,1.);
#5581 = DIRECTION('',(1.,0.));
#5582 = ( GEOMETRIC_REPRESENTATION_CONTEXT(2) 
PARAMETRIC_REPRESENTATION_CONTEXT() REPRESENTATION_CONTEXT('2D SPACE',''
  ) );
#5583 = ORIENTED_EDGE('',*,*,#5584,.F.);
#5584 = EDGE_CURVE('',#5431,#5561,#5585,.T.);
#5585 = SURFACE_CURVE('',#5586,(#5590,#5597),.PCURVE_S1.);
#5586 = LINE('',#5587,#5588);
#5587 = CARTESIAN_POINT('',(-40.,15.,-1.5));
#5588 = VECTOR('',#5589,1.);
#5589 = DIRECTION('',(1.,0.,0.));
#5590 = PCURVE('',#100,#5591);
#5591 = DEFINITIONAL_REPRESENTATION('',(#5592),#5596);
#5592 = LINE('',#5593,#5594);
#5593 = CARTESIAN_POINT('',(0.,30.));
#5594 = VECTOR('',#5595,1.);
#5595 = DIRECTION('',(1.,0.));
#5596 = ( GEOMETRIC_REPRESENTATION_CONTEXT(2) 
PARAMETRIC_REPRESENTATION_CONTEXT() REPRESENTATION_CONTEXT('2D SPACE',''
  ) );
#5597 = PCURVE('',#300,#5598);
#5598 = DEFINITIONAL_REPRESENTATION('',(#5599),#5603);
#5599 = LINE('',#5600,#5601);
#5600 = CARTESIAN_POINT('',(0.,0.));
#5601 = VECTOR('',#5602,1.);
#5602 = DIRECTION('',(0.,1.));
#5603 = ( GEOMETRIC_REPRESENTATION_CONTEXT(2) 
PARAMETRIC_REPRESENTATION_CONTEXT() REPRESENTATION_CONTEXT('2D SPACE',''
  ) );
#5604 = ORIENTED_EDGE('',*,*,#5430,.F.);
#5605 = ADVANCED_FACE('',(#5606),#182,.F.);
#5606 = FACE_BOUND('',#5607,.F.);
#5607 = EDGE_LOOP('',(#5608,#5609,#5610,#5611));
#5608 = ORIENTED_EDGE('',*,*,#5486,.F.);
#5609 = ORIENTED_EDGE('',*,*,#5404,.T.);
#5610 = ORIENTED_EDGE('',*,*,#166,.T.);
#5611 = ORIENTED_EDGE('',*,*,#5612,.F.);
#5612 = EDGE_CURVE('',#5487,#167,#5613,.T.);
#5613 = SURFACE_CURVE('',#5614,(#5618,#5625),.PCURVE_S1.);
#5614 = LINE('',#5615,#5616);
#5615 = CARTESIAN_POINT('',(38.,-15.,-1.5));
#5616 = VECTOR('',#5617,1.);
#5617 = DIRECTION('',(0.,0.,1.));
#5618 = PCURVE('',#182,#5619);
#5619 = DEFINITIONAL_REPRESENTATION('',(#5620),#5624);
#5620 = LINE('',#5621,#5622);
#5621 = CARTESIAN_POINT('',(0.,78.));
#5622 = VECTOR('',#5623,1.);
#5623 = DIRECTION('',(1.,0.));
#5624 = ( GEOMETRIC_REPRESENTATION_CONTEXT(2) 
PARAMETRIC_REPRESENTATION_CONTEXT() REPRESENTATION_CONTEXT('2D SPACE',''
  ) );
#5625 = PCURVE('',#215,#5626);
#5626 = DEFINITIONAL_REPRESENTATION('',(#5627),#5631);
#5627 = LINE('',#5628,#5629);
#5628 = CARTESIAN_POINT('',(-1.570796326795,0.));
#5629 = VECTOR('',#5630,1.);
#5630 = DIRECTION('',(-0.,1.));
#5631 = ( GEOMETRIC_REPRESENTATION_CONTEXT(2) 
PARAMETRIC_REPRESENTATION_CONTEXT() REPRESENTATION_CONTEXT('2D SPACE',''
  ) );
#5632 = ADVANCED_FACE('',(#5633),#300,.T.);
#5633 = FACE_BOUND('',#5634,.T.);
#5634 = EDGE_LOOP('',(#5635,#5636,#5637,#5638));
#5635 = ORIENTED_EDGE('',*,*,#5584,.F.);
#5636 = ORIENTED_EDGE('',*,*,#5458,.T.);
#5637 = ORIENTED_EDGE('',*,*,#284,.T.);
#5638 = ORIENTED_EDGE('',*,*,#5639,.F.);
#5639 = EDGE_CURVE('',#5561,#256,#5640,.T.);
#5640 = SURFACE_CURVE('',#5641,(#5645,#5652),.PCURVE_S1.);
#5641 = LINE('',#5642,#5643);
#5642 = CARTESIAN_POINT('',(38.,15.,-1.5));
#5643 = VECTOR('',#5644,1.);
#5644 = DIRECTION('',(0.,0.,1.));
#5645 = PCURVE('',#300,#5646);
#5646 = DEFINITIONAL_REPRESENTATION('',(#5647),#5651);
#5647 = LINE('',#5648,#5649);
#5648 = CARTESIAN_POINT('',(0.,78.));
#5649 = VECTOR('',#5650,1.);
#5650 = DIRECTION('',(1.,0.));
#5651 = ( GEOMETRIC_REPRESENTATION_CONTEXT(2) 
PARAMETRIC_REPRESENTATION_CONTEXT() REPRESENTATION_CONTEXT('2D SPACE',''
  ) );
#5652 = PCURVE('',#272,#5653);
#5653 = DEFINITIONAL_REPRESENTATION('',(#5654),#5658);
#5654 = LINE('',#5655,#5656);
#5655 = CARTESIAN_POINT('',(1.570796326795,0.));
#5656 = VECTOR('',#5657,1.);
#5657 = DIRECTION('',(0.,1.));
#5658 = ( GEOMETRIC_REPRESENTATION_CONTEXT(2) 
PARAMETRIC_REPRESENTATION_CONTEXT() REPRESENTATION_CONTEXT('2D SPACE',''
  ) );
#5659 = ADVANCED_FACE('',(#5660),#215,.T.);
#5660 = FACE_BOUND('',#5661,.F.);
#5661 = EDGE_LOOP('',(#5662,#5663,#5664,#5665));
#5662 = ORIENTED_EDGE('',*,*,#5509,.T.);
#5663 = ORIENTED_EDGE('',*,*,#5612,.T.);
#5664 = ORIENTED_EDGE('',*,*,#194,.F.);
#5665 = ORIENTED_EDGE('',*,*,#5666,.F.);
#5666 = EDGE_CURVE('',#5510,#195,#5667,.T.);
#5667 = SURFACE_CURVE('',#5668,(#5672,#5679),.PCURVE_S1.);
#5668 = LINE('',#5669,#5670);
#5669 = CARTESIAN_POINT('',(40.,-13.,-1.5));
#5670 = VECTOR('',#5671,1.);
#5671 = DIRECTION('',(0.,0.,1.));
#5672 = PCURVE('',#215,#5673);
#5673 = DEFINITIONAL_REPRESENTATION('',(#5674),#5678);
#5674 = LINE('',#5675,#5676);
#5675 = CARTESIAN_POINT('',(-0.,0.));
#5676 = VECTOR('',#5677,1.);
#5677 = DIRECTION('',(-0.,1.));
#5678 = ( GEOMETRIC_REPRESENTATION_CONTEXT(2) 
PARAMETRIC_REPRESENTATION_CONTEXT() REPRESENTATION_CONTEXT('2D SPACE',''
  ) );
#5679 = PCURVE('',#243,#5680);
#5680 = DEFINITIONAL_REPRESENTATION('',(#5681),#5685);
#5681 = LINE('',#5682,#5683);
#5682 = CARTESIAN_POINT('',(0.,-2.));
#5683 = VECTOR('',#5684,1.);
#5684 = DIRECTION('',(1.,0.));
#5685 = ( GEOMETRIC_REPRESENTATION_CONTEXT(2) 
PARAMETRIC_REPRESENTATION_CONTEXT() REPRESENTATION_CONTEXT('2D SPACE',''
  ) );
#5686 = ADVANCED_FACE('',(#5687),#272,.T.);
#5687 = FACE_BOUND('',#5688,.T.);
#5688 = EDGE_LOOP('',(#5689,#5690,#5691,#5692));
#5689 = ORIENTED_EDGE('',*,*,#5560,.T.);
#5690 = ORIENTED_EDGE('',*,*,#5639,.T.);
#5691 = ORIENTED_EDGE('',*,*,#255,.F.);
#5692 = ORIENTED_EDGE('',*,*,#5693,.F.);
#5693 = EDGE_CURVE('',#5538,#228,#5694,.T.);
#5694 = SURFACE_CURVE('',#5695,(#5699,#5706),.PCURVE_S1.);
#5695 = LINE('',#5696,#5697);
#5696 = CARTESIAN_POINT('',(40.,13.,-1.5));
#5697 = VECTOR('',#5698,1.);
#5698 = DIRECTION('',(0.,0.,1.));
#5699 = PCURVE('',#272,#5700);
#5700 = DEFINITIONAL_REPRESENTATION('',(#5701),#5705);
#5701 = LINE('',#5702,#5703);
#5702 = CARTESIAN_POINT('',(0.,0.));
#5703 = VECTOR('',#5704,1.);
#5704 = DIRECTION('',(0.,1.));
#5705 = ( GEOMETRIC_REPRESENTATION_CONTEXT(2) 
PARAMETRIC_REPRESENTATION_CONTEXT() REPRESENTATION_CONTEXT('2D SPACE',''
  ) );
#5706 = PCURVE('',#243,#5707);
#5707 = DEFINITIONAL_REPRESENTATION('',(#5708),#5712);
#5708 = LINE('',#5709,#5710);
#5709 = CARTESIAN_POINT('',(0.,-28.));
#5710 = VECTOR('',#5711,1.);
#5711 = DIRECTION('',(1.,0.));
#5712 = ( GEOMETRIC_REPRESENTATION_CONTEXT(2) 
PARAMETRIC_REPRESENTATION_CONTEXT() REPRESENTATION_CONTEXT('2D SPACE',''
  ) );
#5713 = ADVANCED_FACE('',(#5714),#243,.T.);
#5714 = FACE_BOUND('',#5715,.T.);
#5715 = EDGE_LOOP('',(#5716,#5717,#5718,#5719));
#5716 = ORIENTED_EDGE('',*,*,#227,.F.);
#5717 = ORIENTED_EDGE('',*,*,#5666,.F.);
#5718 = ORIENTED_EDGE('',*,*,#5537,.T.);
#5719 = ORIENTED_EDGE('',*,*,#5693,.T.);
#5720 = ADVANCED_FACE('',(#5721),#357,.T.);
#5721 = FACE_BOUND('',#5722,.T.);
#5722 = EDGE_LOOP('',(#5723,#5724,#5747,#5775));
#5723 = ORIENTED_EDGE('',*,*,#340,.T.);
#5724 = ORIENTED_EDGE('',*,*,#5725,.T.);
#5725 = EDGE_CURVE('',#343,#5726,#5728,.T.);
#5726 = VERTEX_POINT('',#5727);
#5727 = CARTESIAN_POINT('',(-25.16772070312,-4.47833203125,2.7));
#5728 = SURFACE_CURVE('',#5729,(#5733,#5740),.PCURVE_S1.);
#5729 = LINE('',#5730,#5731);
#5730 = CARTESIAN_POINT('',(-25.16772070312,-4.47833203125,1.45));
#5731 = VECTOR('',#5732,1.);
#5732 = DIRECTION('',(0.,0.,1.));
#5733 = PCURVE('',#357,#5734);
#5734 = DEFINITIONAL_REPRESENTATION('',(#5735),#5739);
#5735 = LINE('',#5736,#5737);
#5736 = CARTESIAN_POINT('',(0.,0.));
#5737 = VECTOR('',#5738,1.);
#5738 = DIRECTION('',(0.,-1.));
#5739 = ( GEOMETRIC_REPRESENTATION_CONTEXT(2) 
PARAMETRIC_REPRESENTATION_CONTEXT() REPRESENTATION_CONTEXT('2D SPACE',''
  ) );
#5740 = PCURVE('',#783,#5741);
#5741 = DEFINITIONAL_REPRESENTATION('',(#5742),#5746);
#5742 = LINE('',#5743,#5744);
#5743 = CARTESIAN_POINT('',(1.2759140625,0.));
#5744 = VECTOR('',#5745,1.);
#5745 = DIRECTION('',(0.,-1.));
#5746 = ( GEOMETRIC_REPRESENTATION_CONTEXT(2) 
PARAMETRIC_REPRESENTATION_CONTEXT() REPRESENTATION_CONTEXT('2D SPACE',''
  ) );
#5747 = ORIENTED_EDGE('',*,*,#5748,.T.);
#5748 = EDGE_CURVE('',#5726,#5749,#5751,.T.);
#5749 = VERTEX_POINT('',#5750);
#5750 = CARTESIAN_POINT('',(-25.16772070312,4.9520625,2.7));
#5751 = SURFACE_CURVE('',#5752,(#5756,#5763),.PCURVE_S1.);
#5752 = LINE('',#5753,#5754);
#5753 = CARTESIAN_POINT('',(-25.16772070312,-4.47833203125,2.7));
#5754 = VECTOR('',#5755,1.);
#5755 = DIRECTION('',(0.,1.,0.));
#5756 = PCURVE('',#357,#5757);
#5757 = DEFINITIONAL_REPRESENTATION('',(#5758),#5762);
#5758 = LINE('',#5759,#5760);
#5759 = CARTESIAN_POINT('',(0.,-1.25));
#5760 = VECTOR('',#5761,1.);
#5761 = DIRECTION('',(1.,0.));
#5762 = ( GEOMETRIC_REPRESENTATION_CONTEXT(2) 
PARAMETRIC_REPRESENTATION_CONTEXT() REPRESENTATION_CONTEXT('2D SPACE',''
  ) );
#5763 = PCURVE('',#5764,#5769);
#5764 = PLANE('',#5765);
#5765 = AXIS2_PLACEMENT_3D('',#5766,#5767,#5768);
#5766 = CARTESIAN_POINT('',(-26.43731835937,-4.47833203125,2.7));
#5767 = DIRECTION('',(0.,0.,1.));
#5768 = DIRECTION('',(1.,0.,0.));
#5769 = DEFINITIONAL_REPRESENTATION('',(#5770),#5774);
#5770 = LINE('',#5771,#5772);
#5771 = CARTESIAN_POINT('',(1.26959765625,0.));
#5772 = VECTOR('',#5773,1.);
#5773 = DIRECTION('',(0.,1.));
#5774 = ( GEOMETRIC_REPRESENTATION_CONTEXT(2) 
PARAMETRIC_REPRESENTATION_CONTEXT() REPRESENTATION_CONTEXT('2D SPACE',''
  ) );
#5775 = ORIENTED_EDGE('',*,*,#5776,.F.);
#5776 = EDGE_CURVE('',#341,#5749,#5777,.T.);
#5777 = SURFACE_CURVE('',#5778,(#5782,#5789),.PCURVE_S1.);
#5778 = LINE('',#5779,#5780);
#5779 = CARTESIAN_POINT('',(-25.16772070312,4.9520625,1.45));
#5780 = VECTOR('',#5781,1.);
#5781 = DIRECTION('',(0.,0.,1.));
#5782 = PCURVE('',#357,#5783);
#5783 = DEFINITIONAL_REPRESENTATION('',(#5784),#5788);
#5784 = LINE('',#5785,#5786);
#5785 = CARTESIAN_POINT('',(9.43039453125,0.));
#5786 = VECTOR('',#5787,1.);
#5787 = DIRECTION('',(0.,-1.));
#5788 = ( GEOMETRIC_REPRESENTATION_CONTEXT(2) 
PARAMETRIC_REPRESENTATION_CONTEXT() REPRESENTATION_CONTEXT('2D SPACE',''
  ) );
#5789 = PCURVE('',#383,#5790);
#5790 = DEFINITIONAL_REPRESENTATION('',(#5791),#5795);
#5791 = LINE('',#5792,#5793);
#5792 = CARTESIAN_POINT('',(0.,0.));
#5793 = VECTOR('',#5794,1.);
#5794 = DIRECTION('',(0.,-1.));
#5795 = ( GEOMETRIC_REPRESENTATION_CONTEXT(2) 
PARAMETRIC_REPRESENTATION_CONTEXT() REPRESENTATION_CONTEXT('2D SPACE',''
  ) );
#5796 = ADVANCED_FACE('',(#5797),#783,.T.);
#5797 = FACE_BOUND('',#5798,.T.);
#5798 = EDGE_LOOP('',(#5799,#5800,#5823,#5844));
#5799 = ORIENTED_EDGE('',*,*,#770,.T.);
#5800 = ORIENTED_EDGE('',*,*,#5801,.T.);
#5801 = EDGE_CURVE('',#745,#5802,#5804,.T.);
#5802 = VERTEX_POINT('',#5803);
#5803 = CARTESIAN_POINT('',(-23.89180664062,-4.47833203125,2.7));
#5804 = SURFACE_CURVE('',#5805,(#5809,#5816),.PCURVE_S1.);
#5805 = LINE('',#5806,#5807);
#5806 = CARTESIAN_POINT('',(-23.89180664062,-4.47833203125,1.45));
#5807 = VECTOR('',#5808,1.);
#5808 = DIRECTION('',(0.,0.,1.));
#5809 = PCURVE('',#783,#5810);
#5810 = DEFINITIONAL_REPRESENTATION('',(#5811),#5815);
#5811 = LINE('',#5812,#5813);
#5812 = CARTESIAN_POINT('',(0.,-0.));
#5813 = VECTOR('',#5814,1.);
#5814 = DIRECTION('',(0.,-1.));
#5815 = ( GEOMETRIC_REPRESENTATION_CONTEXT(2) 
PARAMETRIC_REPRESENTATION_CONTEXT() REPRESENTATION_CONTEXT('2D SPACE',''
  ) );
#5816 = PCURVE('',#759,#5817);
#5817 = DEFINITIONAL_REPRESENTATION('',(#5818),#5822);
#5818 = LINE('',#5819,#5820);
#5819 = CARTESIAN_POINT('',(3.78984375,0.));
#5820 = VECTOR('',#5821,1.);
#5821 = DIRECTION('',(0.,-1.));
#5822 = ( GEOMETRIC_REPRESENTATION_CONTEXT(2) 
PARAMETRIC_REPRESENTATION_CONTEXT() REPRESENTATION_CONTEXT('2D SPACE',''
  ) );
#5823 = ORIENTED_EDGE('',*,*,#5824,.T.);
#5824 = EDGE_CURVE('',#5802,#5726,#5825,.T.);
#5825 = SURFACE_CURVE('',#5826,(#5830,#5837),.PCURVE_S1.);
#5826 = LINE('',#5827,#5828);
#5827 = CARTESIAN_POINT('',(-23.89180664062,-4.47833203125,2.7));
#5828 = VECTOR('',#5829,1.);
#5829 = DIRECTION('',(-1.,0.,0.));
#5830 = PCURVE('',#783,#5831);
#5831 = DEFINITIONAL_REPRESENTATION('',(#5832),#5836);
#5832 = LINE('',#5833,#5834);
#5833 = CARTESIAN_POINT('',(0.,-1.25));
#5834 = VECTOR('',#5835,1.);
#5835 = DIRECTION('',(1.,0.));
#5836 = ( GEOMETRIC_REPRESENTATION_CONTEXT(2) 
PARAMETRIC_REPRESENTATION_CONTEXT() REPRESENTATION_CONTEXT('2D SPACE',''
  ) );
#5837 = PCURVE('',#5764,#5838);
#5838 = DEFINITIONAL_REPRESENTATION('',(#5839),#5843);
#5839 = LINE('',#5840,#5841);
#5840 = CARTESIAN_POINT('',(2.54551171875,0.));
#5841 = VECTOR('',#5842,1.);
#5842 = DIRECTION('',(-1.,0.));
#5843 = ( GEOMETRIC_REPRESENTATION_CONTEXT(2) 
PARAMETRIC_REPRESENTATION_CONTEXT() REPRESENTATION_CONTEXT('2D SPACE',''
  ) );
#5844 = ORIENTED_EDGE('',*,*,#5725,.F.);
#5845 = ADVANCED_FACE('',(#5846),#759,.T.);
#5846 = FACE_BOUND('',#5847,.T.);
#5847 = EDGE_LOOP('',(#5848,#5849,#5872,#5893));
#5848 = ORIENTED_EDGE('',*,*,#744,.T.);
#5849 = ORIENTED_EDGE('',*,*,#5850,.T.);
#5850 = EDGE_CURVE('',#719,#5851,#5853,.T.);
#5851 = VERTEX_POINT('',#5852);
#5852 = CARTESIAN_POINT('',(-23.89180664062,-0.68848828125,2.7));
#5853 = SURFACE_CURVE('',#5854,(#5858,#5865),.PCURVE_S1.);
#5854 = LINE('',#5855,#5856);
#5855 = CARTESIAN_POINT('',(-23.89180664062,-0.68848828125,1.45));
#5856 = VECTOR('',#5857,1.);
#5857 = DIRECTION('',(0.,0.,1.));
#5858 = PCURVE('',#759,#5859);
#5859 = DEFINITIONAL_REPRESENTATION('',(#5860),#5864);
#5860 = LINE('',#5861,#5862);
#5861 = CARTESIAN_POINT('',(0.,0.));
#5862 = VECTOR('',#5863,1.);
#5863 = DIRECTION('',(0.,-1.));
#5864 = ( GEOMETRIC_REPRESENTATION_CONTEXT(2) 
PARAMETRIC_REPRESENTATION_CONTEXT() REPRESENTATION_CONTEXT('2D SPACE',''
  ) );
#5865 = PCURVE('',#733,#5866);
#5866 = DEFINITIONAL_REPRESENTATION('',(#5867),#5871);
#5867 = LINE('',#5868,#5869);
#5868 = CARTESIAN_POINT('',(1.6043671875,0.));
#5869 = VECTOR('',#5870,1.);
#5870 = DIRECTION('',(0.,-1.));
#5871 = ( GEOMETRIC_REPRESENTATION_CONTEXT(2) 
PARAMETRIC_REPRESENTATION_CONTEXT() REPRESENTATION_CONTEXT('2D SPACE',''
  ) );
#5872 = ORIENTED_EDGE('',*,*,#5873,.T.);
#5873 = EDGE_CURVE('',#5851,#5802,#5874,.T.);
#5874 = SURFACE_CURVE('',#5875,(#5879,#5886),.PCURVE_S1.);
#5875 = LINE('',#5876,#5877);
#5876 = CARTESIAN_POINT('',(-23.89180664062,-0.68848828125,2.7));
#5877 = VECTOR('',#5878,1.);
#5878 = DIRECTION('',(0.,-1.,0.));
#5879 = PCURVE('',#759,#5880);
#5880 = DEFINITIONAL_REPRESENTATION('',(#5881),#5885);
#5881 = LINE('',#5882,#5883);
#5882 = CARTESIAN_POINT('',(0.,-1.25));
#5883 = VECTOR('',#5884,1.);
#5884 = DIRECTION('',(1.,0.));
#5885 = ( GEOMETRIC_REPRESENTATION_CONTEXT(2) 
PARAMETRIC_REPRESENTATION_CONTEXT() REPRESENTATION_CONTEXT('2D SPACE',''
  ) );
#5886 = PCURVE('',#5764,#5887);
#5887 = DEFINITIONAL_REPRESENTATION('',(#5888),#5892);
#5888 = LINE('',#5889,#5890);
#5889 = CARTESIAN_POINT('',(2.54551171875,3.78984375));
#5890 = VECTOR('',#5891,1.);
#5891 = DIRECTION('',(0.,-1.));
#5892 = ( GEOMETRIC_REPRESENTATION_CONTEXT(2) 
PARAMETRIC_REPRESENTATION_CONTEXT() REPRESENTATION_CONTEXT('2D SPACE',''
  ) );
#5893 = ORIENTED_EDGE('',*,*,#5801,.F.);
#5894 = ADVANCED_FACE('',(#5895),#733,.T.);
#5895 = FACE_BOUND('',#5896,.T.);
#5896 = EDGE_LOOP('',(#5897,#5898,#5921,#5942));
#5897 = ORIENTED_EDGE('',*,*,#718,.T.);
#5898 = ORIENTED_EDGE('',*,*,#5899,.T.);
#5899 = EDGE_CURVE('',#644,#5900,#5902,.T.);
#5900 = VERTEX_POINT('',#5901);
#5901 = CARTESIAN_POINT('',(-22.28743945312,-0.68848828125,2.7));
#5902 = SURFACE_CURVE('',#5903,(#5907,#5914),.PCURVE_S1.);
#5903 = LINE('',#5904,#5905);
#5904 = CARTESIAN_POINT('',(-22.28743945312,-0.68848828125,1.45));
#5905 = VECTOR('',#5906,1.);
#5906 = DIRECTION('',(0.,0.,1.));
#5907 = PCURVE('',#733,#5908);
#5908 = DEFINITIONAL_REPRESENTATION('',(#5909),#5913);
#5909 = LINE('',#5910,#5911);
#5910 = CARTESIAN_POINT('',(0.,-0.));
#5911 = VECTOR('',#5912,1.);
#5912 = DIRECTION('',(0.,-1.));
#5913 = ( GEOMETRIC_REPRESENTATION_CONTEXT(2) 
PARAMETRIC_REPRESENTATION_CONTEXT() REPRESENTATION_CONTEXT('2D SPACE',''
  ) );
#5914 = PCURVE('',#689,#5915);
#5915 = DEFINITIONAL_REPRESENTATION('',(#5916),#5920);
#5916 = LINE('',#5917,#5918);
#5917 = CARTESIAN_POINT('',(1.,0.));
#5918 = VECTOR('',#5919,1.);
#5919 = DIRECTION('',(0.,-1.));
#5920 = ( GEOMETRIC_REPRESENTATION_CONTEXT(2) 
PARAMETRIC_REPRESENTATION_CONTEXT() REPRESENTATION_CONTEXT('2D SPACE',''
  ) );
#5921 = ORIENTED_EDGE('',*,*,#5922,.T.);
#5922 = EDGE_CURVE('',#5900,#5851,#5923,.T.);
#5923 = SURFACE_CURVE('',#5924,(#5928,#5935),.PCURVE_S1.);
#5924 = LINE('',#5925,#5926);
#5925 = CARTESIAN_POINT('',(-22.28743945312,-0.68848828125,2.7));
#5926 = VECTOR('',#5927,1.);
#5927 = DIRECTION('',(-1.,0.,0.));
#5928 = PCURVE('',#733,#5929);
#5929 = DEFINITIONAL_REPRESENTATION('',(#5930),#5934);
#5930 = LINE('',#5931,#5932);
#5931 = CARTESIAN_POINT('',(0.,-1.25));
#5932 = VECTOR('',#5933,1.);
#5933 = DIRECTION('',(1.,0.));
#5934 = ( GEOMETRIC_REPRESENTATION_CONTEXT(2) 
PARAMETRIC_REPRESENTATION_CONTEXT() REPRESENTATION_CONTEXT('2D SPACE',''
  ) );
#5935 = PCURVE('',#5764,#5936);
#5936 = DEFINITIONAL_REPRESENTATION('',(#5937),#5941);
#5937 = LINE('',#5938,#5939);
#5938 = CARTESIAN_POINT('',(4.14987890625,3.78984375));
#5939 = VECTOR('',#5940,1.);
#5940 = DIRECTION('',(-1.,0.));
#5941 = ( GEOMETRIC_REPRESENTATION_CONTEXT(2) 
PARAMETRIC_REPRESENTATION_CONTEXT() REPRESENTATION_CONTEXT('2D SPACE',''
  ) );
#5942 = ORIENTED_EDGE('',*,*,#5850,.F.);
#5943 = ADVANCED_FACE('',(#5944),#689,.T.);
#5944 = FACE_BOUND('',#5945,.T.);
#5945 = EDGE_LOOP('',(#5946,#5947,#5970,#5991));
#5946 = ORIENTED_EDGE('',*,*,#643,.T.);
#5947 = ORIENTED_EDGE('',*,*,#5948,.T.);
#5948 = EDGE_CURVE('',#557,#5949,#5951,.T.);
#5949 = VERTEX_POINT('',#5950);
#5950 = CARTESIAN_POINT('',(-19.89036328125,2.5265625E-02,2.7));
#5951 = SURFACE_CURVE('',#5952,(#5956,#5963),.PCURVE_S1.);
#5952 = LINE('',#5953,#5954);
#5953 = CARTESIAN_POINT('',(-19.89036328125,2.5265625E-02,1.45));
#5954 = VECTOR('',#5955,1.);
#5955 = DIRECTION('',(0.,0.,1.));
#5956 = PCURVE('',#689,#5957);
#5957 = DEFINITIONAL_REPRESENTATION('',(#5958),#5962);
#5958 = LINE('',#5959,#5960);
#5959 = CARTESIAN_POINT('',(0.,0.));
#5960 = VECTOR('',#5961,1.);
#5961 = DIRECTION('',(0.,-1.));
#5962 = ( GEOMETRIC_REPRESENTATION_CONTEXT(2) 
PARAMETRIC_REPRESENTATION_CONTEXT() REPRESENTATION_CONTEXT('2D SPACE',''
  ) );
#5963 = PCURVE('',#610,#5964);
#5964 = DEFINITIONAL_REPRESENTATION('',(#5965),#5969);
#5965 = LINE('',#5966,#5967);
#5966 = CARTESIAN_POINT('',(1.,0.));
#5967 = VECTOR('',#5968,1.);
#5968 = DIRECTION('',(0.,-1.));
#5969 = ( GEOMETRIC_REPRESENTATION_CONTEXT(2) 
PARAMETRIC_REPRESENTATION_CONTEXT() REPRESENTATION_CONTEXT('2D SPACE',''
  ) );
#5970 = ORIENTED_EDGE('',*,*,#5971,.T.);
#5971 = EDGE_CURVE('',#5949,#5900,#5972,.T.);
#5972 = SURFACE_CURVE('',#5973,(#5977,#5984),.PCURVE_S1.);
#5973 = B_SPLINE_CURVE_WITH_KNOTS('',2,(#5974,#5975,#5976),
  .UNSPECIFIED.,.F.,.F.,(3,3),(0.,1.),.PIECEWISE_BEZIER_KNOTS.);
#5974 = CARTESIAN_POINT('',(-19.89036328125,2.5265625E-02,2.7));
#5975 = CARTESIAN_POINT('',(-20.70202148437,-0.68848828125,2.7));
#5976 = CARTESIAN_POINT('',(-22.28743945312,-0.68848828125,2.7));
#5977 = PCURVE('',#689,#5978);
#5978 = DEFINITIONAL_REPRESENTATION('',(#5979),#5983);
#5979 = LINE('',#5980,#5981);
#5980 = CARTESIAN_POINT('',(0.,-1.25));
#5981 = VECTOR('',#5982,1.);
#5982 = DIRECTION('',(1.,0.));
#5983 = ( GEOMETRIC_REPRESENTATION_CONTEXT(2) 
PARAMETRIC_REPRESENTATION_CONTEXT() REPRESENTATION_CONTEXT('2D SPACE',''
  ) );
#5984 = PCURVE('',#5764,#5985);
#5985 = DEFINITIONAL_REPRESENTATION('',(#5986),#5990);
#5986 = B_SPLINE_CURVE_WITH_KNOTS('',2,(#5987,#5988,#5989),
  .UNSPECIFIED.,.F.,.F.,(3,3),(0.,1.),.PIECEWISE_BEZIER_KNOTS.);
#5987 = CARTESIAN_POINT('',(6.546955078125,4.50359765625));
#5988 = CARTESIAN_POINT('',(5.735296875,3.78984375));
#5989 = CARTESIAN_POINT('',(4.14987890625,3.78984375));
#5990 = ( GEOMETRIC_REPRESENTATION_CONTEXT(2) 
PARAMETRIC_REPRESENTATION_CONTEXT() REPRESENTATION_CONTEXT('2D SPACE',''
  ) );
#5991 = ORIENTED_EDGE('',*,*,#5899,.F.);
#5992 = ADVANCED_FACE('',(#5993),#610,.T.);
#5993 = FACE_BOUND('',#5994,.T.);
#5994 = EDGE_LOOP('',(#5995,#5996,#6019,#6040));
#5995 = ORIENTED_EDGE('',*,*,#556,.T.);
#5996 = ORIENTED_EDGE('',*,*,#5997,.T.);
#5997 = EDGE_CURVE('',#470,#5998,#6000,.T.);
#5998 = VERTEX_POINT('',#5999);
#5999 = CARTESIAN_POINT('',(-19.07870507812,2.1349453125,2.7));
#6000 = SURFACE_CURVE('',#6001,(#6005,#6012),.PCURVE_S1.);
#6001 = LINE('',#6002,#6003);
#6002 = CARTESIAN_POINT('',(-19.07870507812,2.1349453125,1.45));
#6003 = VECTOR('',#6004,1.);
#6004 = DIRECTION('',(0.,0.,1.));
#6005 = PCURVE('',#610,#6006);
#6006 = DEFINITIONAL_REPRESENTATION('',(#6007),#6011);
#6007 = LINE('',#6008,#6009);
#6008 = CARTESIAN_POINT('',(0.,0.));
#6009 = VECTOR('',#6010,1.);
#6010 = DIRECTION('',(0.,-1.));
#6011 = ( GEOMETRIC_REPRESENTATION_CONTEXT(2) 
PARAMETRIC_REPRESENTATION_CONTEXT() REPRESENTATION_CONTEXT('2D SPACE',''
  ) );
#6012 = PCURVE('',#523,#6013);
#6013 = DEFINITIONAL_REPRESENTATION('',(#6014),#6018);
#6014 = LINE('',#6015,#6016);
#6015 = CARTESIAN_POINT('',(1.,0.));
#6016 = VECTOR('',#6017,1.);
#6017 = DIRECTION('',(0.,-1.));
#6018 = ( GEOMETRIC_REPRESENTATION_CONTEXT(2) 
PARAMETRIC_REPRESENTATION_CONTEXT() REPRESENTATION_CONTEXT('2D SPACE',''
  ) );
#6019 = ORIENTED_EDGE('',*,*,#6020,.T.);
#6020 = EDGE_CURVE('',#5998,#5949,#6021,.T.);
#6021 = SURFACE_CURVE('',#6022,(#6026,#6033),.PCURVE_S1.);
#6022 = B_SPLINE_CURVE_WITH_KNOTS('',2,(#6023,#6024,#6025),
  .UNSPECIFIED.,.F.,.F.,(3,3),(0.,1.),.PIECEWISE_BEZIER_KNOTS.);
#6023 = CARTESIAN_POINT('',(-19.07870507812,2.1349453125,2.7));
#6024 = CARTESIAN_POINT('',(-19.07870507812,0.73901953125,2.7));
#6025 = CARTESIAN_POINT('',(-19.89036328125,2.5265625E-02,2.7));
#6026 = PCURVE('',#610,#6027);
#6027 = DEFINITIONAL_REPRESENTATION('',(#6028),#6032);
#6028 = LINE('',#6029,#6030);
#6029 = CARTESIAN_POINT('',(0.,-1.25));
#6030 = VECTOR('',#6031,1.);
#6031 = DIRECTION('',(1.,0.));
#6032 = ( GEOMETRIC_REPRESENTATION_CONTEXT(2) 
PARAMETRIC_REPRESENTATION_CONTEXT() REPRESENTATION_CONTEXT('2D SPACE',''
  ) );
#6033 = PCURVE('',#5764,#6034);
#6034 = DEFINITIONAL_REPRESENTATION('',(#6035),#6039);
#6035 = B_SPLINE_CURVE_WITH_KNOTS('',2,(#6036,#6037,#6038),
  .UNSPECIFIED.,.F.,.F.,(3,3),(0.,1.),.PIECEWISE_BEZIER_KNOTS.);
#6036 = CARTESIAN_POINT('',(7.35861328125,6.61327734375));
#6037 = CARTESIAN_POINT('',(7.35861328125,5.2173515625));
#6038 = CARTESIAN_POINT('',(6.546955078125,4.50359765625));
#6039 = ( GEOMETRIC_REPRESENTATION_CONTEXT(2) 
PARAMETRIC_REPRESENTATION_CONTEXT() REPRESENTATION_CONTEXT('2D SPACE',''
  ) );
#6040 = ORIENTED_EDGE('',*,*,#5948,.F.);
#6041 = ADVANCED_FACE('',(#6042),#523,.T.);
#6042 = FACE_BOUND('',#6043,.T.);
#6043 = EDGE_LOOP('',(#6044,#6045,#6068,#6089));
#6044 = ORIENTED_EDGE('',*,*,#469,.T.);
#6045 = ORIENTED_EDGE('',*,*,#6046,.T.);
#6046 = EDGE_CURVE('',#395,#6047,#6049,.T.);
#6047 = VERTEX_POINT('',#6048);
#6048 = CARTESIAN_POINT('',(-19.89036328125,4.235150390625,2.7));
#6049 = SURFACE_CURVE('',#6050,(#6054,#6061),.PCURVE_S1.);
#6050 = LINE('',#6051,#6052);
#6051 = CARTESIAN_POINT('',(-19.89036328125,4.235150390625,1.45));
#6052 = VECTOR('',#6053,1.);
#6053 = DIRECTION('',(0.,0.,1.));
#6054 = PCURVE('',#523,#6055);
#6055 = DEFINITIONAL_REPRESENTATION('',(#6056),#6060);
#6056 = LINE('',#6057,#6058);
#6057 = CARTESIAN_POINT('',(0.,0.));
#6058 = VECTOR('',#6059,1.);
#6059 = DIRECTION('',(0.,-1.));
#6060 = ( GEOMETRIC_REPRESENTATION_CONTEXT(2) 
PARAMETRIC_REPRESENTATION_CONTEXT() REPRESENTATION_CONTEXT('2D SPACE',''
  ) );
#6061 = PCURVE('',#440,#6062);
#6062 = DEFINITIONAL_REPRESENTATION('',(#6063),#6067);
#6063 = LINE('',#6064,#6065);
#6064 = CARTESIAN_POINT('',(1.,0.));
#6065 = VECTOR('',#6066,1.);
#6066 = DIRECTION('',(0.,-1.));
#6067 = ( GEOMETRIC_REPRESENTATION_CONTEXT(2) 
PARAMETRIC_REPRESENTATION_CONTEXT() REPRESENTATION_CONTEXT('2D SPACE',''
  ) );
#6068 = ORIENTED_EDGE('',*,*,#6069,.T.);
#6069 = EDGE_CURVE('',#6047,#5998,#6070,.T.);
#6070 = SURFACE_CURVE('',#6071,(#6075,#6082),.PCURVE_S1.);
#6071 = B_SPLINE_CURVE_WITH_KNOTS('',2,(#6072,#6073,#6074),
  .UNSPECIFIED.,.F.,.F.,(3,3),(0.,1.),.PIECEWISE_BEZIER_KNOTS.);
#6072 = CARTESIAN_POINT('',(-19.89036328125,4.235150390625,2.7));
#6073 = CARTESIAN_POINT('',(-19.07870507812,3.51823828125,2.7));
#6074 = CARTESIAN_POINT('',(-19.07870507812,2.1349453125,2.7));
#6075 = PCURVE('',#523,#6076);
#6076 = DEFINITIONAL_REPRESENTATION('',(#6077),#6081);
#6077 = LINE('',#6078,#6079);
#6078 = CARTESIAN_POINT('',(0.,-1.25));
#6079 = VECTOR('',#6080,1.);
#6080 = DIRECTION('',(1.,0.));
#6081 = ( GEOMETRIC_REPRESENTATION_CONTEXT(2) 
PARAMETRIC_REPRESENTATION_CONTEXT() REPRESENTATION_CONTEXT('2D SPACE',''
  ) );
#6082 = PCURVE('',#5764,#6083);
#6083 = DEFINITIONAL_REPRESENTATION('',(#6084),#6088);
#6084 = B_SPLINE_CURVE_WITH_KNOTS('',2,(#6085,#6086,#6087),
  .UNSPECIFIED.,.F.,.F.,(3,3),(0.,1.),.PIECEWISE_BEZIER_KNOTS.);
#6085 = CARTESIAN_POINT('',(6.546955078125,8.713482421875));
#6086 = CARTESIAN_POINT('',(7.35861328125,7.9965703125));
#6087 = CARTESIAN_POINT('',(7.35861328125,6.61327734375));
#6088 = ( GEOMETRIC_REPRESENTATION_CONTEXT(2) 
PARAMETRIC_REPRESENTATION_CONTEXT() REPRESENTATION_CONTEXT('2D SPACE',''
  ) );
#6089 = ORIENTED_EDGE('',*,*,#5997,.F.);
#6090 = ADVANCED_FACE('',(#6091),#440,.T.);
#6091 = FACE_BOUND('',#6092,.T.);
#6092 = EDGE_LOOP('',(#6093,#6094,#6117,#6138));
#6093 = ORIENTED_EDGE('',*,*,#394,.T.);
#6094 = ORIENTED_EDGE('',*,*,#6095,.T.);
#6095 = EDGE_CURVE('',#369,#6096,#6098,.T.);
#6096 = VERTEX_POINT('',#6097);
#6097 = CARTESIAN_POINT('',(-22.28743945312,4.9520625,2.7));
#6098 = SURFACE_CURVE('',#6099,(#6103,#6110),.PCURVE_S1.);
#6099 = LINE('',#6100,#6101);
#6100 = CARTESIAN_POINT('',(-22.28743945312,4.9520625,1.45));
#6101 = VECTOR('',#6102,1.);
#6102 = DIRECTION('',(0.,0.,1.));
#6103 = PCURVE('',#440,#6104);
#6104 = DEFINITIONAL_REPRESENTATION('',(#6105),#6109);
#6105 = LINE('',#6106,#6107);
#6106 = CARTESIAN_POINT('',(0.,0.));
#6107 = VECTOR('',#6108,1.);
#6108 = DIRECTION('',(0.,-1.));
#6109 = ( GEOMETRIC_REPRESENTATION_CONTEXT(2) 
PARAMETRIC_REPRESENTATION_CONTEXT() REPRESENTATION_CONTEXT('2D SPACE',''
  ) );
#6110 = PCURVE('',#383,#6111);
#6111 = DEFINITIONAL_REPRESENTATION('',(#6112),#6116);
#6112 = LINE('',#6113,#6114);
#6113 = CARTESIAN_POINT('',(2.88028125,0.));
#6114 = VECTOR('',#6115,1.);
#6115 = DIRECTION('',(0.,-1.));
#6116 = ( GEOMETRIC_REPRESENTATION_CONTEXT(2) 
PARAMETRIC_REPRESENTATION_CONTEXT() REPRESENTATION_CONTEXT('2D SPACE',''
  ) );
#6117 = ORIENTED_EDGE('',*,*,#6118,.T.);
#6118 = EDGE_CURVE('',#6096,#6047,#6119,.T.);
#6119 = SURFACE_CURVE('',#6120,(#6124,#6131),.PCURVE_S1.);
#6120 = B_SPLINE_CURVE_WITH_KNOTS('',2,(#6121,#6122,#6123),
  .UNSPECIFIED.,.F.,.F.,(3,3),(0.,1.),.PIECEWISE_BEZIER_KNOTS.);
#6121 = CARTESIAN_POINT('',(-22.28743945312,4.9520625,2.7));
#6122 = CARTESIAN_POINT('',(-20.70202148437,4.9520625,2.7));
#6123 = CARTESIAN_POINT('',(-19.89036328125,4.235150390625,2.7));
#6124 = PCURVE('',#440,#6125);
#6125 = DEFINITIONAL_REPRESENTATION('',(#6126),#6130);
#6126 = LINE('',#6127,#6128);
#6127 = CARTESIAN_POINT('',(0.,-1.25));
#6128 = VECTOR('',#6129,1.);
#6129 = DIRECTION('',(1.,0.));
#6130 = ( GEOMETRIC_REPRESENTATION_CONTEXT(2) 
PARAMETRIC_REPRESENTATION_CONTEXT() REPRESENTATION_CONTEXT('2D SPACE',''
  ) );
#6131 = PCURVE('',#5764,#6132);
#6132 = DEFINITIONAL_REPRESENTATION('',(#6133),#6137);
#6133 = B_SPLINE_CURVE_WITH_KNOTS('',2,(#6134,#6135,#6136),
  .UNSPECIFIED.,.F.,.F.,(3,3),(0.,1.),.PIECEWISE_BEZIER_KNOTS.);
#6134 = CARTESIAN_POINT('',(4.14987890625,9.43039453125));
#6135 = CARTESIAN_POINT('',(5.735296875,9.43039453125));
#6136 = CARTESIAN_POINT('',(6.546955078125,8.713482421875));
#6137 = ( GEOMETRIC_REPRESENTATION_CONTEXT(2) 
PARAMETRIC_REPRESENTATION_CONTEXT() REPRESENTATION_CONTEXT('2D SPACE',''
  ) );
#6138 = ORIENTED_EDGE('',*,*,#6046,.F.);
#6139 = ADVANCED_FACE('',(#6140),#383,.T.);
#6140 = FACE_BOUND('',#6141,.T.);
#6141 = EDGE_LOOP('',(#6142,#6143,#6144,#6165));
#6142 = ORIENTED_EDGE('',*,*,#368,.T.);
#6143 = ORIENTED_EDGE('',*,*,#5776,.T.);
#6144 = ORIENTED_EDGE('',*,*,#6145,.T.);
#6145 = EDGE_CURVE('',#5749,#6096,#6146,.T.);
#6146 = SURFACE_CURVE('',#6147,(#6151,#6158),.PCURVE_S1.);
#6147 = LINE('',#6148,#6149);
#6148 = CARTESIAN_POINT('',(-25.16772070312,4.9520625,2.7));
#6149 = VECTOR('',#6150,1.);
#6150 = DIRECTION('',(1.,0.,0.));
#6151 = PCURVE('',#383,#6152);
#6152 = DEFINITIONAL_REPRESENTATION('',(#6153),#6157);
#6153 = LINE('',#6154,#6155);
#6154 = CARTESIAN_POINT('',(0.,-1.25));
#6155 = VECTOR('',#6156,1.);
#6156 = DIRECTION('',(1.,0.));
#6157 = ( GEOMETRIC_REPRESENTATION_CONTEXT(2) 
PARAMETRIC_REPRESENTATION_CONTEXT() REPRESENTATION_CONTEXT('2D SPACE',''
  ) );
#6158 = PCURVE('',#5764,#6159);
#6159 = DEFINITIONAL_REPRESENTATION('',(#6160),#6164);
#6160 = LINE('',#6161,#6162);
#6161 = CARTESIAN_POINT('',(1.26959765625,9.43039453125));
#6162 = VECTOR('',#6163,1.);
#6163 = DIRECTION('',(1.,0.));
#6164 = ( GEOMETRIC_REPRESENTATION_CONTEXT(2) 
PARAMETRIC_REPRESENTATION_CONTEXT() REPRESENTATION_CONTEXT('2D SPACE',''
  ) );
#6165 = ORIENTED_EDGE('',*,*,#6095,.F.);
#6166 = ADVANCED_FACE('',(#6167),#813,.T.);
#6167 = FACE_BOUND('',#6168,.T.);
#6168 = EDGE_LOOP('',(#6169,#6170,#6193,#6221));
#6169 = ORIENTED_EDGE('',*,*,#796,.T.);
#6170 = ORIENTED_EDGE('',*,*,#6171,.T.);
#6171 = EDGE_CURVE('',#799,#6172,#6174,.T.);
#6172 = VERTEX_POINT('',#6173);
#6173 = CARTESIAN_POINT('',(-17.36695898437,-4.47833203125,2.7));
#6174 = SURFACE_CURVE('',#6175,(#6179,#6186),.PCURVE_S1.);
#6175 = LINE('',#6176,#6177);
#6176 = CARTESIAN_POINT('',(-17.36695898437,-4.47833203125,1.45));
#6177 = VECTOR('',#6178,1.);
#6178 = DIRECTION('',(0.,0.,1.));
#6179 = PCURVE('',#813,#6180);
#6180 = DEFINITIONAL_REPRESENTATION('',(#6181),#6185);
#6181 = LINE('',#6182,#6183);
#6182 = CARTESIAN_POINT('',(0.,0.));
#6183 = VECTOR('',#6184,1.);
#6184 = DIRECTION('',(0.,-1.));
#6185 = ( GEOMETRIC_REPRESENTATION_CONTEXT(2) 
PARAMETRIC_REPRESENTATION_CONTEXT() REPRESENTATION_CONTEXT('2D SPACE',''
  ) );
#6186 = PCURVE('',#1097,#6187);
#6187 = DEFINITIONAL_REPRESENTATION('',(#6188),#6192);
#6188 = LINE('',#6189,#6190);
#6189 = CARTESIAN_POINT('',(6.0763828125,0.));
#6190 = VECTOR('',#6191,1.);
#6191 = DIRECTION('',(0.,-1.));
#6192 = ( GEOMETRIC_REPRESENTATION_CONTEXT(2) 
PARAMETRIC_REPRESENTATION_CONTEXT() REPRESENTATION_CONTEXT('2D SPACE',''
  ) );
#6193 = ORIENTED_EDGE('',*,*,#6194,.T.);
#6194 = EDGE_CURVE('',#6172,#6195,#6197,.T.);
#6195 = VERTEX_POINT('',#6196);
#6196 = CARTESIAN_POINT('',(-17.36695898437,4.9520625,2.7));
#6197 = SURFACE_CURVE('',#6198,(#6202,#6209),.PCURVE_S1.);
#6198 = LINE('',#6199,#6200);
#6199 = CARTESIAN_POINT('',(-17.36695898437,-4.47833203125,2.7));
#6200 = VECTOR('',#6201,1.);
#6201 = DIRECTION('',(0.,1.,0.));
#6202 = PCURVE('',#813,#6203);
#6203 = DEFINITIONAL_REPRESENTATION('',(#6204),#6208);
#6204 = LINE('',#6205,#6206);
#6205 = CARTESIAN_POINT('',(0.,-1.25));
#6206 = VECTOR('',#6207,1.);
#6207 = DIRECTION('',(1.,0.));
#6208 = ( GEOMETRIC_REPRESENTATION_CONTEXT(2) 
PARAMETRIC_REPRESENTATION_CONTEXT() REPRESENTATION_CONTEXT('2D SPACE',''
  ) );
#6209 = PCURVE('',#6210,#6215);
#6210 = PLANE('',#6211);
#6211 = AXIS2_PLACEMENT_3D('',#6212,#6213,#6214);
#6212 = CARTESIAN_POINT('',(-18.63655664062,-4.47833203125,2.7));
#6213 = DIRECTION('',(0.,0.,1.));
#6214 = DIRECTION('',(1.,0.,0.));
#6215 = DEFINITIONAL_REPRESENTATION('',(#6216),#6220);
#6216 = LINE('',#6217,#6218);
#6217 = CARTESIAN_POINT('',(1.26959765625,0.));
#6218 = VECTOR('',#6219,1.);
#6219 = DIRECTION('',(0.,1.));
#6220 = ( GEOMETRIC_REPRESENTATION_CONTEXT(2) 
PARAMETRIC_REPRESENTATION_CONTEXT() REPRESENTATION_CONTEXT('2D SPACE',''
  ) );
#6221 = ORIENTED_EDGE('',*,*,#6222,.F.);
#6222 = EDGE_CURVE('',#797,#6195,#6223,.T.);
#6223 = SURFACE_CURVE('',#6224,(#6228,#6235),.PCURVE_S1.);
#6224 = LINE('',#6225,#6226);
#6225 = CARTESIAN_POINT('',(-17.36695898437,4.9520625,1.45));
#6226 = VECTOR('',#6227,1.);
#6227 = DIRECTION('',(0.,0.,1.));
#6228 = PCURVE('',#813,#6229);
#6229 = DEFINITIONAL_REPRESENTATION('',(#6230),#6234);
#6230 = LINE('',#6231,#6232);
#6231 = CARTESIAN_POINT('',(9.43039453125,0.));
#6232 = VECTOR('',#6233,1.);
#6233 = DIRECTION('',(0.,-1.));
#6234 = ( GEOMETRIC_REPRESENTATION_CONTEXT(2) 
PARAMETRIC_REPRESENTATION_CONTEXT() REPRESENTATION_CONTEXT('2D SPACE',''
  ) );
#6235 = PCURVE('',#839,#6236);
#6236 = DEFINITIONAL_REPRESENTATION('',(#6237),#6241);
#6237 = LINE('',#6238,#6239);
#6238 = CARTESIAN_POINT('',(0.,0.));
#6239 = VECTOR('',#6240,1.);
#6240 = DIRECTION('',(0.,-1.));
#6241 = ( GEOMETRIC_REPRESENTATION_CONTEXT(2) 
PARAMETRIC_REPRESENTATION_CONTEXT() REPRESENTATION_CONTEXT('2D SPACE',''
  ) );
#6242 = ADVANCED_FACE('',(#6243),#1097,.T.);
#6243 = FACE_BOUND('',#6244,.T.);
#6244 = EDGE_LOOP('',(#6245,#6246,#6269,#6290));
#6245 = ORIENTED_EDGE('',*,*,#1084,.T.);
#6246 = ORIENTED_EDGE('',*,*,#6247,.T.);
#6247 = EDGE_CURVE('',#1059,#6248,#6250,.T.);
#6248 = VERTEX_POINT('',#6249);
#6249 = CARTESIAN_POINT('',(-11.29057617187,-4.47833203125,2.7));
#6250 = SURFACE_CURVE('',#6251,(#6255,#6262),.PCURVE_S1.);
#6251 = LINE('',#6252,#6253);
#6252 = CARTESIAN_POINT('',(-11.29057617187,-4.47833203125,1.45));
#6253 = VECTOR('',#6254,1.);
#6254 = DIRECTION('',(0.,0.,1.));
#6255 = PCURVE('',#1097,#6256);
#6256 = DEFINITIONAL_REPRESENTATION('',(#6257),#6261);
#6257 = LINE('',#6258,#6259);
#6258 = CARTESIAN_POINT('',(0.,-0.));
#6259 = VECTOR('',#6260,1.);
#6260 = DIRECTION('',(0.,-1.));
#6261 = ( GEOMETRIC_REPRESENTATION_CONTEXT(2) 
PARAMETRIC_REPRESENTATION_CONTEXT() REPRESENTATION_CONTEXT('2D SPACE',''
  ) );
#6262 = PCURVE('',#1073,#6263);
#6263 = DEFINITIONAL_REPRESENTATION('',(#6264),#6268);
#6264 = LINE('',#6265,#6266);
#6265 = CARTESIAN_POINT('',(1.0737890625,0.));
#6266 = VECTOR('',#6267,1.);
#6267 = DIRECTION('',(0.,-1.));
#6268 = ( GEOMETRIC_REPRESENTATION_CONTEXT(2) 
PARAMETRIC_REPRESENTATION_CONTEXT() REPRESENTATION_CONTEXT('2D SPACE',''
  ) );
#6269 = ORIENTED_EDGE('',*,*,#6270,.T.);
#6270 = EDGE_CURVE('',#6248,#6172,#6271,.T.);
#6271 = SURFACE_CURVE('',#6272,(#6276,#6283),.PCURVE_S1.);
#6272 = LINE('',#6273,#6274);
#6273 = CARTESIAN_POINT('',(-11.29057617187,-4.47833203125,2.7));
#6274 = VECTOR('',#6275,1.);
#6275 = DIRECTION('',(-1.,0.,0.));
#6276 = PCURVE('',#1097,#6277);
#6277 = DEFINITIONAL_REPRESENTATION('',(#6278),#6282);
#6278 = LINE('',#6279,#6280);
#6279 = CARTESIAN_POINT('',(0.,-1.25));
#6280 = VECTOR('',#6281,1.);
#6281 = DIRECTION('',(1.,0.));
#6282 = ( GEOMETRIC_REPRESENTATION_CONTEXT(2) 
PARAMETRIC_REPRESENTATION_CONTEXT() REPRESENTATION_CONTEXT('2D SPACE',''
  ) );
#6283 = PCURVE('',#6210,#6284);
#6284 = DEFINITIONAL_REPRESENTATION('',(#6285),#6289);
#6285 = LINE('',#6286,#6287);
#6286 = CARTESIAN_POINT('',(7.34598046875,0.));
#6287 = VECTOR('',#6288,1.);
#6288 = DIRECTION('',(-1.,0.));
#6289 = ( GEOMETRIC_REPRESENTATION_CONTEXT(2) 
PARAMETRIC_REPRESENTATION_CONTEXT() REPRESENTATION_CONTEXT('2D SPACE',''
  ) );
#6290 = ORIENTED_EDGE('',*,*,#6171,.F.);
#6291 = ADVANCED_FACE('',(#6292),#1073,.T.);
#6292 = FACE_BOUND('',#6293,.T.);
#6293 = EDGE_LOOP('',(#6294,#6295,#6318,#6339));
#6294 = ORIENTED_EDGE('',*,*,#1058,.T.);
#6295 = ORIENTED_EDGE('',*,*,#6296,.T.);
#6296 = EDGE_CURVE('',#1033,#6297,#6299,.T.);
#6297 = VERTEX_POINT('',#6298);
#6298 = CARTESIAN_POINT('',(-11.29057617187,-3.40454296875,2.7));
#6299 = SURFACE_CURVE('',#6300,(#6304,#6311),.PCURVE_S1.);
#6300 = LINE('',#6301,#6302);
#6301 = CARTESIAN_POINT('',(-11.29057617187,-3.40454296875,1.45));
#6302 = VECTOR('',#6303,1.);
#6303 = DIRECTION('',(0.,0.,1.));
#6304 = PCURVE('',#1073,#6305);
#6305 = DEFINITIONAL_REPRESENTATION('',(#6306),#6310);
#6306 = LINE('',#6307,#6308);
#6307 = CARTESIAN_POINT('',(0.,0.));
#6308 = VECTOR('',#6309,1.);
#6309 = DIRECTION('',(0.,-1.));
#6310 = ( GEOMETRIC_REPRESENTATION_CONTEXT(2) 
PARAMETRIC_REPRESENTATION_CONTEXT() REPRESENTATION_CONTEXT('2D SPACE',''
  ) );
#6311 = PCURVE('',#1047,#6312);
#6312 = DEFINITIONAL_REPRESENTATION('',(#6313),#6317);
#6313 = LINE('',#6314,#6315);
#6314 = CARTESIAN_POINT('',(4.80046875,0.));
#6315 = VECTOR('',#6316,1.);
#6316 = DIRECTION('',(0.,-1.));
#6317 = ( GEOMETRIC_REPRESENTATION_CONTEXT(2) 
PARAMETRIC_REPRESENTATION_CONTEXT() REPRESENTATION_CONTEXT('2D SPACE',''
  ) );
#6318 = ORIENTED_EDGE('',*,*,#6319,.T.);
#6319 = EDGE_CURVE('',#6297,#6248,#6320,.T.);
#6320 = SURFACE_CURVE('',#6321,(#6325,#6332),.PCURVE_S1.);
#6321 = LINE('',#6322,#6323);
#6322 = CARTESIAN_POINT('',(-11.29057617187,-3.40454296875,2.7));
#6323 = VECTOR('',#6324,1.);
#6324 = DIRECTION('',(0.,-1.,0.));
#6325 = PCURVE('',#1073,#6326);
#6326 = DEFINITIONAL_REPRESENTATION('',(#6327),#6331);
#6327 = LINE('',#6328,#6329);
#6328 = CARTESIAN_POINT('',(0.,-1.25));
#6329 = VECTOR('',#6330,1.);
#6330 = DIRECTION('',(1.,0.));
#6331 = ( GEOMETRIC_REPRESENTATION_CONTEXT(2) 
PARAMETRIC_REPRESENTATION_CONTEXT() REPRESENTATION_CONTEXT('2D SPACE',''
  ) );
#6332 = PCURVE('',#6210,#6333);
#6333 = DEFINITIONAL_REPRESENTATION('',(#6334),#6338);
#6334 = LINE('',#6335,#6336);
#6335 = CARTESIAN_POINT('',(7.34598046875,1.0737890625));
#6336 = VECTOR('',#6337,1.);
#6337 = DIRECTION('',(0.,-1.));
#6338 = ( GEOMETRIC_REPRESENTATION_CONTEXT(2) 
PARAMETRIC_REPRESENTATION_CONTEXT() REPRESENTATION_CONTEXT('2D SPACE',''
  ) );
#6339 = ORIENTED_EDGE('',*,*,#6247,.F.);
#6340 = ADVANCED_FACE('',(#6341),#1047,.T.);
#6341 = FACE_BOUND('',#6342,.T.);
#6342 = EDGE_LOOP('',(#6343,#6344,#6367,#6388));
#6343 = ORIENTED_EDGE('',*,*,#1032,.T.);
#6344 = ORIENTED_EDGE('',*,*,#6345,.T.);
#6345 = EDGE_CURVE('',#1007,#6346,#6348,.T.);
#6346 = VERTEX_POINT('',#6347);
#6347 = CARTESIAN_POINT('',(-16.09104492187,-3.40454296875,2.7));
#6348 = SURFACE_CURVE('',#6349,(#6353,#6360),.PCURVE_S1.);
#6349 = LINE('',#6350,#6351);
#6350 = CARTESIAN_POINT('',(-16.09104492187,-3.40454296875,1.45));
#6351 = VECTOR('',#6352,1.);
#6352 = DIRECTION('',(0.,0.,1.));
#6353 = PCURVE('',#1047,#6354);
#6354 = DEFINITIONAL_REPRESENTATION('',(#6355),#6359);
#6355 = LINE('',#6356,#6357);
#6356 = CARTESIAN_POINT('',(0.,0.));
#6357 = VECTOR('',#6358,1.);
#6358 = DIRECTION('',(0.,-1.));
#6359 = ( GEOMETRIC_REPRESENTATION_CONTEXT(2) 
PARAMETRIC_REPRESENTATION_CONTEXT() REPRESENTATION_CONTEXT('2D SPACE',''
  ) );
#6360 = PCURVE('',#1021,#6361);
#6361 = DEFINITIONAL_REPRESENTATION('',(#6362),#6366);
#6362 = LINE('',#6363,#6364);
#6363 = CARTESIAN_POINT('',(3.41717578125,0.));
#6364 = VECTOR('',#6365,1.);
#6365 = DIRECTION('',(0.,-1.));
#6366 = ( GEOMETRIC_REPRESENTATION_CONTEXT(2) 
PARAMETRIC_REPRESENTATION_CONTEXT() REPRESENTATION_CONTEXT('2D SPACE',''
  ) );
#6367 = ORIENTED_EDGE('',*,*,#6368,.T.);
#6368 = EDGE_CURVE('',#6346,#6297,#6369,.T.);
#6369 = SURFACE_CURVE('',#6370,(#6374,#6381),.PCURVE_S1.);
#6370 = LINE('',#6371,#6372);
#6371 = CARTESIAN_POINT('',(-16.09104492187,-3.40454296875,2.7));
#6372 = VECTOR('',#6373,1.);
#6373 = DIRECTION('',(1.,0.,0.));
#6374 = PCURVE('',#1047,#6375);
#6375 = DEFINITIONAL_REPRESENTATION('',(#6376),#6380);
#6376 = LINE('',#6377,#6378);
#6377 = CARTESIAN_POINT('',(0.,-1.25));
#6378 = VECTOR('',#6379,1.);
#6379 = DIRECTION('',(1.,0.));
#6380 = ( GEOMETRIC_REPRESENTATION_CONTEXT(2) 
PARAMETRIC_REPRESENTATION_CONTEXT() REPRESENTATION_CONTEXT('2D SPACE',''
  ) );
#6381 = PCURVE('',#6210,#6382);
#6382 = DEFINITIONAL_REPRESENTATION('',(#6383),#6387);
#6383 = LINE('',#6384,#6385);
#6384 = CARTESIAN_POINT('',(2.54551171875,1.0737890625));
#6385 = VECTOR('',#6386,1.);
#6386 = DIRECTION('',(1.,0.));
#6387 = ( GEOMETRIC_REPRESENTATION_CONTEXT(2) 
PARAMETRIC_REPRESENTATION_CONTEXT() REPRESENTATION_CONTEXT('2D SPACE',''
  ) );
#6388 = ORIENTED_EDGE('',*,*,#6296,.F.);
#6389 = ADVANCED_FACE('',(#6390),#1021,.T.);
#6390 = FACE_BOUND('',#6391,.T.);
#6391 = EDGE_LOOP('',(#6392,#6393,#6416,#6437));
#6392 = ORIENTED_EDGE('',*,*,#1006,.T.);
#6393 = ORIENTED_EDGE('',*,*,#6394,.T.);
#6394 = EDGE_CURVE('',#981,#6395,#6397,.T.);
#6395 = VERTEX_POINT('',#6396);
#6396 = CARTESIAN_POINT('',(-16.09104492187,1.26328125E-02,2.7));
#6397 = SURFACE_CURVE('',#6398,(#6402,#6409),.PCURVE_S1.);
#6398 = LINE('',#6399,#6400);
#6399 = CARTESIAN_POINT('',(-16.09104492187,1.26328125E-02,1.45));
#6400 = VECTOR('',#6401,1.);
#6401 = DIRECTION('',(0.,0.,1.));
#6402 = PCURVE('',#1021,#6403);
#6403 = DEFINITIONAL_REPRESENTATION('',(#6404),#6408);
#6404 = LINE('',#6405,#6406);
#6405 = CARTESIAN_POINT('',(0.,0.));
#6406 = VECTOR('',#6407,1.);
#6407 = DIRECTION('',(0.,-1.));
#6408 = ( GEOMETRIC_REPRESENTATION_CONTEXT(2) 
PARAMETRIC_REPRESENTATION_CONTEXT() REPRESENTATION_CONTEXT('2D SPACE',''
  ) );
#6409 = PCURVE('',#995,#6410);
#6410 = DEFINITIONAL_REPRESENTATION('',(#6411),#6415);
#6411 = LINE('',#6412,#6413);
#6412 = CARTESIAN_POINT('',(4.49096484375,0.));
#6413 = VECTOR('',#6414,1.);
#6414 = DIRECTION('',(0.,-1.));
#6415 = ( GEOMETRIC_REPRESENTATION_CONTEXT(2) 
PARAMETRIC_REPRESENTATION_CONTEXT() REPRESENTATION_CONTEXT('2D SPACE',''
  ) );
#6416 = ORIENTED_EDGE('',*,*,#6417,.T.);
#6417 = EDGE_CURVE('',#6395,#6346,#6418,.T.);
#6418 = SURFACE_CURVE('',#6419,(#6423,#6430),.PCURVE_S1.);
#6419 = LINE('',#6420,#6421);
#6420 = CARTESIAN_POINT('',(-16.09104492187,1.26328125E-02,2.7));
#6421 = VECTOR('',#6422,1.);
#6422 = DIRECTION('',(0.,-1.,0.));
#6423 = PCURVE('',#1021,#6424);
#6424 = DEFINITIONAL_REPRESENTATION('',(#6425),#6429);
#6425 = LINE('',#6426,#6427);
#6426 = CARTESIAN_POINT('',(0.,-1.25));
#6427 = VECTOR('',#6428,1.);
#6428 = DIRECTION('',(1.,0.));
#6429 = ( GEOMETRIC_REPRESENTATION_CONTEXT(2) 
PARAMETRIC_REPRESENTATION_CONTEXT() REPRESENTATION_CONTEXT('2D SPACE',''
  ) );
#6430 = PCURVE('',#6210,#6431);
#6431 = DEFINITIONAL_REPRESENTATION('',(#6432),#6436);
#6432 = LINE('',#6433,#6434);
#6433 = CARTESIAN_POINT('',(2.54551171875,4.49096484375));
#6434 = VECTOR('',#6435,1.);
#6435 = DIRECTION('',(0.,-1.));
#6436 = ( GEOMETRIC_REPRESENTATION_CONTEXT(2) 
PARAMETRIC_REPRESENTATION_CONTEXT() REPRESENTATION_CONTEXT('2D SPACE',''
  ) );
#6437 = ORIENTED_EDGE('',*,*,#6345,.F.);
#6438 = ADVANCED_FACE('',(#6439),#995,.T.);
#6439 = FACE_BOUND('',#6440,.T.);
#6440 = EDGE_LOOP('',(#6441,#6442,#6465,#6486));
#6441 = ORIENTED_EDGE('',*,*,#980,.T.);
#6442 = ORIENTED_EDGE('',*,*,#6443,.T.);
#6443 = EDGE_CURVE('',#955,#6444,#6446,.T.);
#6444 = VERTEX_POINT('',#6445);
#6445 = CARTESIAN_POINT('',(-11.60008007812,1.26328125E-02,2.7));
#6446 = SURFACE_CURVE('',#6447,(#6451,#6458),.PCURVE_S1.);
#6447 = LINE('',#6448,#6449);
#6448 = CARTESIAN_POINT('',(-11.60008007812,1.26328125E-02,1.45));
#6449 = VECTOR('',#6450,1.);
#6450 = DIRECTION('',(0.,0.,1.));
#6451 = PCURVE('',#995,#6452);
#6452 = DEFINITIONAL_REPRESENTATION('',(#6453),#6457);
#6453 = LINE('',#6454,#6455);
#6454 = CARTESIAN_POINT('',(0.,-0.));
#6455 = VECTOR('',#6456,1.);
#6456 = DIRECTION('',(0.,-1.));
#6457 = ( GEOMETRIC_REPRESENTATION_CONTEXT(2) 
PARAMETRIC_REPRESENTATION_CONTEXT() REPRESENTATION_CONTEXT('2D SPACE',''
  ) );
#6458 = PCURVE('',#969,#6459);
#6459 = DEFINITIONAL_REPRESENTATION('',(#6460),#6464);
#6460 = LINE('',#6461,#6462);
#6461 = CARTESIAN_POINT('',(1.0737890625,0.));
#6462 = VECTOR('',#6463,1.);
#6463 = DIRECTION('',(0.,-1.));
#6464 = ( GEOMETRIC_REPRESENTATION_CONTEXT(2) 
PARAMETRIC_REPRESENTATION_CONTEXT() REPRESENTATION_CONTEXT('2D SPACE',''
  ) );
#6465 = ORIENTED_EDGE('',*,*,#6466,.T.);
#6466 = EDGE_CURVE('',#6444,#6395,#6467,.T.);
#6467 = SURFACE_CURVE('',#6468,(#6472,#6479),.PCURVE_S1.);
#6468 = LINE('',#6469,#6470);
#6469 = CARTESIAN_POINT('',(-11.60008007812,1.26328125E-02,2.7));
#6470 = VECTOR('',#6471,1.);
#6471 = DIRECTION('',(-1.,0.,0.));
#6472 = PCURVE('',#995,#6473);
#6473 = DEFINITIONAL_REPRESENTATION('',(#6474),#6478);
#6474 = LINE('',#6475,#6476);
#6475 = CARTESIAN_POINT('',(0.,-1.25));
#6476 = VECTOR('',#6477,1.);
#6477 = DIRECTION('',(1.,0.));
#6478 = ( GEOMETRIC_REPRESENTATION_CONTEXT(2) 
PARAMETRIC_REPRESENTATION_CONTEXT() REPRESENTATION_CONTEXT('2D SPACE',''
  ) );
#6479 = PCURVE('',#6210,#6480);
#6480 = DEFINITIONAL_REPRESENTATION('',(#6481),#6485);
#6481 = LINE('',#6482,#6483);
#6482 = CARTESIAN_POINT('',(7.0364765625,4.49096484375));
#6483 = VECTOR('',#6484,1.);
#6484 = DIRECTION('',(-1.,0.));
#6485 = ( GEOMETRIC_REPRESENTATION_CONTEXT(2) 
PARAMETRIC_REPRESENTATION_CONTEXT() REPRESENTATION_CONTEXT('2D SPACE',''
  ) );
#6486 = ORIENTED_EDGE('',*,*,#6394,.F.);
#6487 = ADVANCED_FACE('',(#6488),#969,.T.);
#6488 = FACE_BOUND('',#6489,.T.);
#6489 = EDGE_LOOP('',(#6490,#6491,#6514,#6535));
#6490 = ORIENTED_EDGE('',*,*,#954,.T.);
#6491 = ORIENTED_EDGE('',*,*,#6492,.T.);
#6492 = EDGE_CURVE('',#929,#6493,#6495,.T.);
#6493 = VERTEX_POINT('',#6494);
#6494 = CARTESIAN_POINT('',(-11.60008007812,1.086421875,2.7));
#6495 = SURFACE_CURVE('',#6496,(#6500,#6507),.PCURVE_S1.);
#6496 = LINE('',#6497,#6498);
#6497 = CARTESIAN_POINT('',(-11.60008007812,1.086421875,1.45));
#6498 = VECTOR('',#6499,1.);
#6499 = DIRECTION('',(0.,0.,1.));
#6500 = PCURVE('',#969,#6501);
#6501 = DEFINITIONAL_REPRESENTATION('',(#6502),#6506);
#6502 = LINE('',#6503,#6504);
#6503 = CARTESIAN_POINT('',(0.,0.));
#6504 = VECTOR('',#6505,1.);
#6505 = DIRECTION('',(0.,-1.));
#6506 = ( GEOMETRIC_REPRESENTATION_CONTEXT(2) 
PARAMETRIC_REPRESENTATION_CONTEXT() REPRESENTATION_CONTEXT('2D SPACE',''
  ) );
#6507 = PCURVE('',#943,#6508);
#6508 = DEFINITIONAL_REPRESENTATION('',(#6509),#6513);
#6509 = LINE('',#6510,#6511);
#6510 = CARTESIAN_POINT('',(4.49096484375,0.));
#6511 = VECTOR('',#6512,1.);
#6512 = DIRECTION('',(0.,-1.));
#6513 = ( GEOMETRIC_REPRESENTATION_CONTEXT(2) 
PARAMETRIC_REPRESENTATION_CONTEXT() REPRESENTATION_CONTEXT('2D SPACE',''
  ) );
#6514 = ORIENTED_EDGE('',*,*,#6515,.T.);
#6515 = EDGE_CURVE('',#6493,#6444,#6516,.T.);
#6516 = SURFACE_CURVE('',#6517,(#6521,#6528),.PCURVE_S1.);
#6517 = LINE('',#6518,#6519);
#6518 = CARTESIAN_POINT('',(-11.60008007812,1.086421875,2.7));
#6519 = VECTOR('',#6520,1.);
#6520 = DIRECTION('',(0.,-1.,0.));
#6521 = PCURVE('',#969,#6522);
#6522 = DEFINITIONAL_REPRESENTATION('',(#6523),#6527);
#6523 = LINE('',#6524,#6525);
#6524 = CARTESIAN_POINT('',(0.,-1.25));
#6525 = VECTOR('',#6526,1.);
#6526 = DIRECTION('',(1.,0.));
#6527 = ( GEOMETRIC_REPRESENTATION_CONTEXT(2) 
PARAMETRIC_REPRESENTATION_CONTEXT() REPRESENTATION_CONTEXT('2D SPACE',''
  ) );
#6528 = PCURVE('',#6210,#6529);
#6529 = DEFINITIONAL_REPRESENTATION('',(#6530),#6534);
#6530 = LINE('',#6531,#6532);
#6531 = CARTESIAN_POINT('',(7.0364765625,5.56475390625));
#6532 = VECTOR('',#6533,1.);
#6533 = DIRECTION('',(0.,-1.));
#6534 = ( GEOMETRIC_REPRESENTATION_CONTEXT(2) 
PARAMETRIC_REPRESENTATION_CONTEXT() REPRESENTATION_CONTEXT('2D SPACE',''
  ) );
#6535 = ORIENTED_EDGE('',*,*,#6443,.F.);
#6536 = ADVANCED_FACE('',(#6537),#943,.T.);
#6537 = FACE_BOUND('',#6538,.T.);
#6538 = EDGE_LOOP('',(#6539,#6540,#6563,#6584));
#6539 = ORIENTED_EDGE('',*,*,#928,.T.);
#6540 = ORIENTED_EDGE('',*,*,#6541,.T.);
#6541 = EDGE_CURVE('',#903,#6542,#6544,.T.);
#6542 = VERTEX_POINT('',#6543);
#6543 = CARTESIAN_POINT('',(-16.09104492187,1.086421875,2.7));
#6544 = SURFACE_CURVE('',#6545,(#6549,#6556),.PCURVE_S1.);
#6545 = LINE('',#6546,#6547);
#6546 = CARTESIAN_POINT('',(-16.09104492187,1.086421875,1.45));
#6547 = VECTOR('',#6548,1.);
#6548 = DIRECTION('',(0.,0.,1.));
#6549 = PCURVE('',#943,#6550);
#6550 = DEFINITIONAL_REPRESENTATION('',(#6551),#6555);
#6551 = LINE('',#6552,#6553);
#6552 = CARTESIAN_POINT('',(0.,0.));
#6553 = VECTOR('',#6554,1.);
#6554 = DIRECTION('',(0.,-1.));
#6555 = ( GEOMETRIC_REPRESENTATION_CONTEXT(2) 
PARAMETRIC_REPRESENTATION_CONTEXT() REPRESENTATION_CONTEXT('2D SPACE',''
  ) );
#6556 = PCURVE('',#917,#6557);
#6557 = DEFINITIONAL_REPRESENTATION('',(#6558),#6562);
#6558 = LINE('',#6559,#6560);
#6559 = CARTESIAN_POINT('',(2.7918515625,0.));
#6560 = VECTOR('',#6561,1.);
#6561 = DIRECTION('',(0.,-1.));
#6562 = ( GEOMETRIC_REPRESENTATION_CONTEXT(2) 
PARAMETRIC_REPRESENTATION_CONTEXT() REPRESENTATION_CONTEXT('2D SPACE',''
  ) );
#6563 = ORIENTED_EDGE('',*,*,#6564,.T.);
#6564 = EDGE_CURVE('',#6542,#6493,#6565,.T.);
#6565 = SURFACE_CURVE('',#6566,(#6570,#6577),.PCURVE_S1.);
#6566 = LINE('',#6567,#6568);
#6567 = CARTESIAN_POINT('',(-16.09104492187,1.086421875,2.7));
#6568 = VECTOR('',#6569,1.);
#6569 = DIRECTION('',(1.,0.,0.));
#6570 = PCURVE('',#943,#6571);
#6571 = DEFINITIONAL_REPRESENTATION('',(#6572),#6576);
#6572 = LINE('',#6573,#6574);
#6573 = CARTESIAN_POINT('',(0.,-1.25));
#6574 = VECTOR('',#6575,1.);
#6575 = DIRECTION('',(1.,0.));
#6576 = ( GEOMETRIC_REPRESENTATION_CONTEXT(2) 
PARAMETRIC_REPRESENTATION_CONTEXT() REPRESENTATION_CONTEXT('2D SPACE',''
  ) );
#6577 = PCURVE('',#6210,#6578);
#6578 = DEFINITIONAL_REPRESENTATION('',(#6579),#6583);
#6579 = LINE('',#6580,#6581);
#6580 = CARTESIAN_POINT('',(2.54551171875,5.56475390625));
#6581 = VECTOR('',#6582,1.);
#6582 = DIRECTION('',(1.,0.));
#6583 = ( GEOMETRIC_REPRESENTATION_CONTEXT(2) 
PARAMETRIC_REPRESENTATION_CONTEXT() REPRESENTATION_CONTEXT('2D SPACE',''
  ) );
#6584 = ORIENTED_EDGE('',*,*,#6492,.F.);
#6585 = ADVANCED_FACE('',(#6586),#917,.T.);
#6586 = FACE_BOUND('',#6587,.T.);
#6587 = EDGE_LOOP('',(#6588,#6589,#6612,#6633));
#6588 = ORIENTED_EDGE('',*,*,#902,.T.);
#6589 = ORIENTED_EDGE('',*,*,#6590,.T.);
#6590 = EDGE_CURVE('',#877,#6591,#6593,.T.);
#6591 = VERTEX_POINT('',#6592);
#6592 = CARTESIAN_POINT('',(-16.09104492187,3.8782734375,2.7));
#6593 = SURFACE_CURVE('',#6594,(#6598,#6605),.PCURVE_S1.);
#6594 = LINE('',#6595,#6596);
#6595 = CARTESIAN_POINT('',(-16.09104492187,3.8782734375,1.45));
#6596 = VECTOR('',#6597,1.);
#6597 = DIRECTION('',(0.,0.,1.));
#6598 = PCURVE('',#917,#6599);
#6599 = DEFINITIONAL_REPRESENTATION('',(#6600),#6604);
#6600 = LINE('',#6601,#6602);
#6601 = CARTESIAN_POINT('',(0.,0.));
#6602 = VECTOR('',#6603,1.);
#6603 = DIRECTION('',(0.,-1.));
#6604 = ( GEOMETRIC_REPRESENTATION_CONTEXT(2) 
PARAMETRIC_REPRESENTATION_CONTEXT() REPRESENTATION_CONTEXT('2D SPACE',''
  ) );
#6605 = PCURVE('',#891,#6606);
#6606 = DEFINITIONAL_REPRESENTATION('',(#6607),#6611);
#6607 = LINE('',#6608,#6609);
#6608 = CARTESIAN_POINT('',(4.6867734375,0.));
#6609 = VECTOR('',#6610,1.);
#6610 = DIRECTION('',(0.,-1.));
#6611 = ( GEOMETRIC_REPRESENTATION_CONTEXT(2) 
PARAMETRIC_REPRESENTATION_CONTEXT() REPRESENTATION_CONTEXT('2D SPACE',''
  ) );
#6612 = ORIENTED_EDGE('',*,*,#6613,.T.);
#6613 = EDGE_CURVE('',#6591,#6542,#6614,.T.);
#6614 = SURFACE_CURVE('',#6615,(#6619,#6626),.PCURVE_S1.);
#6615 = LINE('',#6616,#6617);
#6616 = CARTESIAN_POINT('',(-16.09104492187,3.8782734375,2.7));
#6617 = VECTOR('',#6618,1.);
#6618 = DIRECTION('',(0.,-1.,0.));
#6619 = PCURVE('',#917,#6620);
#6620 = DEFINITIONAL_REPRESENTATION('',(#6621),#6625);
#6621 = LINE('',#6622,#6623);
#6622 = CARTESIAN_POINT('',(0.,-1.25));
#6623 = VECTOR('',#6624,1.);
#6624 = DIRECTION('',(1.,0.));
#6625 = ( GEOMETRIC_REPRESENTATION_CONTEXT(2) 
PARAMETRIC_REPRESENTATION_CONTEXT() REPRESENTATION_CONTEXT('2D SPACE',''
  ) );
#6626 = PCURVE('',#6210,#6627);
#6627 = DEFINITIONAL_REPRESENTATION('',(#6628),#6632);
#6628 = LINE('',#6629,#6630);
#6629 = CARTESIAN_POINT('',(2.54551171875,8.35660546875));
#6630 = VECTOR('',#6631,1.);
#6631 = DIRECTION('',(0.,-1.));
#6632 = ( GEOMETRIC_REPRESENTATION_CONTEXT(2) 
PARAMETRIC_REPRESENTATION_CONTEXT() REPRESENTATION_CONTEXT('2D SPACE',''
  ) );
#6633 = ORIENTED_EDGE('',*,*,#6541,.F.);
#6634 = ADVANCED_FACE('',(#6635),#891,.T.);
#6635 = FACE_BOUND('',#6636,.T.);
#6636 = EDGE_LOOP('',(#6637,#6638,#6661,#6682));
#6637 = ORIENTED_EDGE('',*,*,#876,.T.);
#6638 = ORIENTED_EDGE('',*,*,#6639,.T.);
#6639 = EDGE_CURVE('',#851,#6640,#6642,.T.);
#6640 = VERTEX_POINT('',#6641);
#6641 = CARTESIAN_POINT('',(-11.40427148437,3.8782734375,2.7));
#6642 = SURFACE_CURVE('',#6643,(#6647,#6654),.PCURVE_S1.);
#6643 = LINE('',#6644,#6645);
#6644 = CARTESIAN_POINT('',(-11.40427148437,3.8782734375,1.45));
#6645 = VECTOR('',#6646,1.);
#6646 = DIRECTION('',(0.,0.,1.));
#6647 = PCURVE('',#891,#6648);
#6648 = DEFINITIONAL_REPRESENTATION('',(#6649),#6653);
#6649 = LINE('',#6650,#6651);
#6650 = CARTESIAN_POINT('',(0.,-0.));
#6651 = VECTOR('',#6652,1.);
#6652 = DIRECTION('',(0.,-1.));
#6653 = ( GEOMETRIC_REPRESENTATION_CONTEXT(2) 
PARAMETRIC_REPRESENTATION_CONTEXT() REPRESENTATION_CONTEXT('2D SPACE',''
  ) );
#6654 = PCURVE('',#865,#6655);
#6655 = DEFINITIONAL_REPRESENTATION('',(#6656),#6660);
#6656 = LINE('',#6657,#6658);
#6657 = CARTESIAN_POINT('',(1.0737890625,0.));
#6658 = VECTOR('',#6659,1.);
#6659 = DIRECTION('',(0.,-1.));
#6660 = ( GEOMETRIC_REPRESENTATION_CONTEXT(2) 
PARAMETRIC_REPRESENTATION_CONTEXT() REPRESENTATION_CONTEXT('2D SPACE',''
  ) );
#6661 = ORIENTED_EDGE('',*,*,#6662,.T.);
#6662 = EDGE_CURVE('',#6640,#6591,#6663,.T.);
#6663 = SURFACE_CURVE('',#6664,(#6668,#6675),.PCURVE_S1.);
#6664 = LINE('',#6665,#6666);
#6665 = CARTESIAN_POINT('',(-11.40427148437,3.8782734375,2.7));
#6666 = VECTOR('',#6667,1.);
#6667 = DIRECTION('',(-1.,0.,0.));
#6668 = PCURVE('',#891,#6669);
#6669 = DEFINITIONAL_REPRESENTATION('',(#6670),#6674);
#6670 = LINE('',#6671,#6672);
#6671 = CARTESIAN_POINT('',(0.,-1.25));
#6672 = VECTOR('',#6673,1.);
#6673 = DIRECTION('',(1.,0.));
#6674 = ( GEOMETRIC_REPRESENTATION_CONTEXT(2) 
PARAMETRIC_REPRESENTATION_CONTEXT() REPRESENTATION_CONTEXT('2D SPACE',''
  ) );
#6675 = PCURVE('',#6210,#6676);
#6676 = DEFINITIONAL_REPRESENTATION('',(#6677),#6681);
#6677 = LINE('',#6678,#6679);
#6678 = CARTESIAN_POINT('',(7.23228515625,8.35660546875));
#6679 = VECTOR('',#6680,1.);
#6680 = DIRECTION('',(-1.,0.));
#6681 = ( GEOMETRIC_REPRESENTATION_CONTEXT(2) 
PARAMETRIC_REPRESENTATION_CONTEXT() REPRESENTATION_CONTEXT('2D SPACE',''
  ) );
#6682 = ORIENTED_EDGE('',*,*,#6590,.F.);
#6683 = ADVANCED_FACE('',(#6684),#865,.T.);
#6684 = FACE_BOUND('',#6685,.T.);
#6685 = EDGE_LOOP('',(#6686,#6687,#6710,#6731));
#6686 = ORIENTED_EDGE('',*,*,#850,.T.);
#6687 = ORIENTED_EDGE('',*,*,#6688,.T.);
#6688 = EDGE_CURVE('',#825,#6689,#6691,.T.);
#6689 = VERTEX_POINT('',#6690);
#6690 = CARTESIAN_POINT('',(-11.40427148437,4.9520625,2.7));
#6691 = SURFACE_CURVE('',#6692,(#6696,#6703),.PCURVE_S1.);
#6692 = LINE('',#6693,#6694);
#6693 = CARTESIAN_POINT('',(-11.40427148437,4.9520625,1.45));
#6694 = VECTOR('',#6695,1.);
#6695 = DIRECTION('',(0.,0.,1.));
#6696 = PCURVE('',#865,#6697);
#6697 = DEFINITIONAL_REPRESENTATION('',(#6698),#6702);
#6698 = LINE('',#6699,#6700);
#6699 = CARTESIAN_POINT('',(0.,0.));
#6700 = VECTOR('',#6701,1.);
#6701 = DIRECTION('',(0.,-1.));
#6702 = ( GEOMETRIC_REPRESENTATION_CONTEXT(2) 
PARAMETRIC_REPRESENTATION_CONTEXT() REPRESENTATION_CONTEXT('2D SPACE',''
  ) );
#6703 = PCURVE('',#839,#6704);
#6704 = DEFINITIONAL_REPRESENTATION('',(#6705),#6709);
#6705 = LINE('',#6706,#6707);
#6706 = CARTESIAN_POINT('',(5.9626875,0.));
#6707 = VECTOR('',#6708,1.);
#6708 = DIRECTION('',(0.,-1.));
#6709 = ( GEOMETRIC_REPRESENTATION_CONTEXT(2) 
PARAMETRIC_REPRESENTATION_CONTEXT() REPRESENTATION_CONTEXT('2D SPACE',''
  ) );
#6710 = ORIENTED_EDGE('',*,*,#6711,.T.);
#6711 = EDGE_CURVE('',#6689,#6640,#6712,.T.);
#6712 = SURFACE_CURVE('',#6713,(#6717,#6724),.PCURVE_S1.);
#6713 = LINE('',#6714,#6715);
#6714 = CARTESIAN_POINT('',(-11.40427148437,4.9520625,2.7));
#6715 = VECTOR('',#6716,1.);
#6716 = DIRECTION('',(0.,-1.,0.));
#6717 = PCURVE('',#865,#6718);
#6718 = DEFINITIONAL_REPRESENTATION('',(#6719),#6723);
#6719 = LINE('',#6720,#6721);
#6720 = CARTESIAN_POINT('',(0.,-1.25));
#6721 = VECTOR('',#6722,1.);
#6722 = DIRECTION('',(1.,0.));
#6723 = ( GEOMETRIC_REPRESENTATION_CONTEXT(2) 
PARAMETRIC_REPRESENTATION_CONTEXT() REPRESENTATION_CONTEXT('2D SPACE',''
  ) );
#6724 = PCURVE('',#6210,#6725);
#6725 = DEFINITIONAL_REPRESENTATION('',(#6726),#6730);
#6726 = LINE('',#6727,#6728);
#6727 = CARTESIAN_POINT('',(7.23228515625,9.43039453125));
#6728 = VECTOR('',#6729,1.);
#6729 = DIRECTION('',(0.,-1.));
#6730 = ( GEOMETRIC_REPRESENTATION_CONTEXT(2) 
PARAMETRIC_REPRESENTATION_CONTEXT() REPRESENTATION_CONTEXT('2D SPACE',''
  ) );
#6731 = ORIENTED_EDGE('',*,*,#6639,.F.);
#6732 = ADVANCED_FACE('',(#6733),#839,.T.);
#6733 = FACE_BOUND('',#6734,.T.);
#6734 = EDGE_LOOP('',(#6735,#6736,#6737,#6758));
#6735 = ORIENTED_EDGE('',*,*,#824,.T.);
#6736 = ORIENTED_EDGE('',*,*,#6222,.T.);
#6737 = ORIENTED_EDGE('',*,*,#6738,.T.);
#6738 = EDGE_CURVE('',#6195,#6689,#6739,.T.);
#6739 = SURFACE_CURVE('',#6740,(#6744,#6751),.PCURVE_S1.);
#6740 = LINE('',#6741,#6742);
#6741 = CARTESIAN_POINT('',(-17.36695898437,4.9520625,2.7));
#6742 = VECTOR('',#6743,1.);
#6743 = DIRECTION('',(1.,0.,0.));
#6744 = PCURVE('',#839,#6745);
#6745 = DEFINITIONAL_REPRESENTATION('',(#6746),#6750);
#6746 = LINE('',#6747,#6748);
#6747 = CARTESIAN_POINT('',(0.,-1.25));
#6748 = VECTOR('',#6749,1.);
#6749 = DIRECTION('',(1.,0.));
#6750 = ( GEOMETRIC_REPRESENTATION_CONTEXT(2) 
PARAMETRIC_REPRESENTATION_CONTEXT() REPRESENTATION_CONTEXT('2D SPACE',''
  ) );
#6751 = PCURVE('',#6210,#6752);
#6752 = DEFINITIONAL_REPRESENTATION('',(#6753),#6757);
#6753 = LINE('',#6754,#6755);
#6754 = CARTESIAN_POINT('',(1.26959765625,9.43039453125));
#6755 = VECTOR('',#6756,1.);
#6756 = DIRECTION('',(1.,0.));
#6757 = ( GEOMETRIC_REPRESENTATION_CONTEXT(2) 
PARAMETRIC_REPRESENTATION_CONTEXT() REPRESENTATION_CONTEXT('2D SPACE',''
  ) );
#6758 = ORIENTED_EDGE('',*,*,#6688,.F.);
#6759 = ADVANCED_FACE('',(#6760),#1142,.T.);
#6760 = FACE_BOUND('',#6761,.T.);
#6761 = EDGE_LOOP('',(#6762,#6763,#6786,#6814));
#6762 = ORIENTED_EDGE('',*,*,#1110,.T.);
#6763 = ORIENTED_EDGE('',*,*,#6764,.T.);
#6764 = EDGE_CURVE('',#1113,#6765,#6767,.T.);
#6765 = VERTEX_POINT('',#6766);
#6766 = CARTESIAN_POINT('',(-4.721513671875,-5.684765625E-02,2.7));
#6767 = SURFACE_CURVE('',#6768,(#6772,#6779),.PCURVE_S1.);
#6768 = LINE('',#6769,#6770);
#6769 = CARTESIAN_POINT('',(-4.721513671875,-5.684765625E-02,1.45));
#6770 = VECTOR('',#6771,1.);
#6771 = DIRECTION('',(0.,0.,1.));
#6772 = PCURVE('',#1142,#6773);
#6773 = DEFINITIONAL_REPRESENTATION('',(#6774),#6778);
#6774 = LINE('',#6775,#6776);
#6775 = CARTESIAN_POINT('',(0.,0.));
#6776 = VECTOR('',#6777,1.);
#6777 = DIRECTION('',(0.,-1.));
#6778 = ( GEOMETRIC_REPRESENTATION_CONTEXT(2) 
PARAMETRIC_REPRESENTATION_CONTEXT() REPRESENTATION_CONTEXT('2D SPACE',''
  ) );
#6779 = PCURVE('',#1791,#6780);
#6780 = DEFINITIONAL_REPRESENTATION('',(#6781),#6785);
#6781 = LINE('',#6782,#6783);
#6782 = CARTESIAN_POINT('',(1.,0.));
#6783 = VECTOR('',#6784,1.);
#6784 = DIRECTION('',(0.,-1.));
#6785 = ( GEOMETRIC_REPRESENTATION_CONTEXT(2) 
PARAMETRIC_REPRESENTATION_CONTEXT() REPRESENTATION_CONTEXT('2D SPACE',''
  ) );
#6786 = ORIENTED_EDGE('',*,*,#6787,.T.);
#6787 = EDGE_CURVE('',#6765,#6788,#6790,.T.);
#6788 = VERTEX_POINT('',#6789);
#6789 = CARTESIAN_POINT('',(-3.92248828125,-0.65058984375,2.7));
#6790 = SURFACE_CURVE('',#6791,(#6795,#6802),.PCURVE_S1.);
#6791 = B_SPLINE_CURVE_WITH_KNOTS('',2,(#6792,#6793,#6794),
  .UNSPECIFIED.,.F.,.F.,(3,3),(0.,1.),.PIECEWISE_BEZIER_KNOTS.);
#6792 = CARTESIAN_POINT('',(-4.721513671875,-5.684765625E-02,2.7));
#6793 = CARTESIAN_POINT('',(-4.310947265625,-0.19580859375,2.7));
#6794 = CARTESIAN_POINT('',(-3.92248828125,-0.65058984375,2.7));
#6795 = PCURVE('',#1142,#6796);
#6796 = DEFINITIONAL_REPRESENTATION('',(#6797),#6801);
#6797 = LINE('',#6798,#6799);
#6798 = CARTESIAN_POINT('',(0.,-1.25));
#6799 = VECTOR('',#6800,1.);
#6800 = DIRECTION('',(1.,0.));
#6801 = ( GEOMETRIC_REPRESENTATION_CONTEXT(2) 
PARAMETRIC_REPRESENTATION_CONTEXT() REPRESENTATION_CONTEXT('2D SPACE',''
  ) );
#6802 = PCURVE('',#6803,#6808);
#6803 = PLANE('',#6804);
#6804 = AXIS2_PLACEMENT_3D('',#6805,#6806,#6807);
#6805 = CARTESIAN_POINT('',(-10.46312695312,-4.47833203125,2.7));
#6806 = DIRECTION('',(0.,0.,1.));
#6807 = DIRECTION('',(1.,0.,0.));
#6808 = DEFINITIONAL_REPRESENTATION('',(#6809),#6813);
#6809 = B_SPLINE_CURVE_WITH_KNOTS('',2,(#6810,#6811,#6812),
  .UNSPECIFIED.,.F.,.F.,(3,3),(0.,1.),.PIECEWISE_BEZIER_KNOTS.);
#6810 = CARTESIAN_POINT('',(5.74161328125,4.421484375));
#6811 = CARTESIAN_POINT('',(6.1521796875,4.2825234375));
#6812 = CARTESIAN_POINT('',(6.540638671875,3.8277421875));
#6813 = ( GEOMETRIC_REPRESENTATION_CONTEXT(2) 
PARAMETRIC_REPRESENTATION_CONTEXT() REPRESENTATION_CONTEXT('2D SPACE',''
  ) );
#6814 = ORIENTED_EDGE('',*,*,#6815,.F.);
#6815 = EDGE_CURVE('',#1111,#6788,#6816,.T.);
#6816 = SURFACE_CURVE('',#6817,(#6821,#6828),.PCURVE_S1.);
#6817 = LINE('',#6818,#6819);
#6818 = CARTESIAN_POINT('',(-3.92248828125,-0.65058984375,1.45));
#6819 = VECTOR('',#6820,1.);
#6820 = DIRECTION('',(0.,0.,1.));
#6821 = PCURVE('',#1142,#6822);
#6822 = DEFINITIONAL_REPRESENTATION('',(#6823),#6827);
#6823 = LINE('',#6824,#6825);
#6824 = CARTESIAN_POINT('',(1.,0.));
#6825 = VECTOR('',#6826,1.);
#6826 = DIRECTION('',(0.,-1.));
#6827 = ( GEOMETRIC_REPRESENTATION_CONTEXT(2) 
PARAMETRIC_REPRESENTATION_CONTEXT() REPRESENTATION_CONTEXT('2D SPACE',''
  ) );
#6828 = PCURVE('',#1189,#6829);
#6829 = DEFINITIONAL_REPRESENTATION('',(#6830),#6834);
#6830 = LINE('',#6831,#6832);
#6831 = CARTESIAN_POINT('',(0.,0.));
#6832 = VECTOR('',#6833,1.);
#6833 = DIRECTION('',(0.,-1.));
#6834 = ( GEOMETRIC_REPRESENTATION_CONTEXT(2) 
PARAMETRIC_REPRESENTATION_CONTEXT() REPRESENTATION_CONTEXT('2D SPACE',''
  ) );
#6835 = ADVANCED_FACE('',(#6836),#1791,.T.);
#6836 = FACE_BOUND('',#6837,.T.);
#6837 = EDGE_LOOP('',(#6838,#6839,#6862,#6883));
#6838 = ORIENTED_EDGE('',*,*,#1749,.T.);
#6839 = ORIENTED_EDGE('',*,*,#6840,.T.);
#6840 = EDGE_CURVE('',#1693,#6841,#6843,.T.);
#6841 = VERTEX_POINT('',#6842);
#6842 = CARTESIAN_POINT('',(-3.51823828125,0.75796875,2.7));
#6843 = SURFACE_CURVE('',#6844,(#6848,#6855),.PCURVE_S1.);
#6844 = LINE('',#6845,#6846);
#6845 = CARTESIAN_POINT('',(-3.51823828125,0.75796875,1.45));
#6846 = VECTOR('',#6847,1.);
#6847 = DIRECTION('',(0.,0.,1.));
#6848 = PCURVE('',#1791,#6849);
#6849 = DEFINITIONAL_REPRESENTATION('',(#6850),#6854);
#6850 = LINE('',#6851,#6852);
#6851 = CARTESIAN_POINT('',(0.,0.));
#6852 = VECTOR('',#6853,1.);
#6853 = DIRECTION('',(0.,-1.));
#6854 = ( GEOMETRIC_REPRESENTATION_CONTEXT(2) 
PARAMETRIC_REPRESENTATION_CONTEXT() REPRESENTATION_CONTEXT('2D SPACE',''
  ) );
#6855 = PCURVE('',#1726,#6856);
#6856 = DEFINITIONAL_REPRESENTATION('',(#6857),#6861);
#6857 = LINE('',#6858,#6859);
#6858 = CARTESIAN_POINT('',(1.,0.));
#6859 = VECTOR('',#6860,1.);
#6860 = DIRECTION('',(0.,-1.));
#6861 = ( GEOMETRIC_REPRESENTATION_CONTEXT(2) 
PARAMETRIC_REPRESENTATION_CONTEXT() REPRESENTATION_CONTEXT('2D SPACE',''
  ) );
#6862 = ORIENTED_EDGE('',*,*,#6863,.T.);
#6863 = EDGE_CURVE('',#6841,#6765,#6864,.T.);
#6864 = SURFACE_CURVE('',#6865,(#6869,#6876),.PCURVE_S1.);
#6865 = B_SPLINE_CURVE_WITH_KNOTS('',2,(#6866,#6867,#6868),
  .UNSPECIFIED.,.F.,.F.,(3,3),(0.,1.),.PIECEWISE_BEZIER_KNOTS.);
#6866 = CARTESIAN_POINT('',(-3.51823828125,0.75796875,2.7));
#6867 = CARTESIAN_POINT('',(-3.931962890625,0.17054296875,2.7));
#6868 = CARTESIAN_POINT('',(-4.721513671875,-5.684765625E-02,2.7));
#6869 = PCURVE('',#1791,#6870);
#6870 = DEFINITIONAL_REPRESENTATION('',(#6871),#6875);
#6871 = LINE('',#6872,#6873);
#6872 = CARTESIAN_POINT('',(0.,-1.25));
#6873 = VECTOR('',#6874,1.);
#6874 = DIRECTION('',(1.,0.));
#6875 = ( GEOMETRIC_REPRESENTATION_CONTEXT(2) 
PARAMETRIC_REPRESENTATION_CONTEXT() REPRESENTATION_CONTEXT('2D SPACE',''
  ) );
#6876 = PCURVE('',#6803,#6877);
#6877 = DEFINITIONAL_REPRESENTATION('',(#6878),#6882);
#6878 = B_SPLINE_CURVE_WITH_KNOTS('',2,(#6879,#6880,#6881),
  .UNSPECIFIED.,.F.,.F.,(3,3),(0.,1.),.PIECEWISE_BEZIER_KNOTS.);
#6879 = CARTESIAN_POINT('',(6.944888671875,5.23630078125));
#6880 = CARTESIAN_POINT('',(6.5311640625,4.648875));
#6881 = CARTESIAN_POINT('',(5.74161328125,4.421484375));
#6882 = ( GEOMETRIC_REPRESENTATION_CONTEXT(2) 
PARAMETRIC_REPRESENTATION_CONTEXT() REPRESENTATION_CONTEXT('2D SPACE',''
  ) );
#6883 = ORIENTED_EDGE('',*,*,#6764,.F.);
#6884 = ADVANCED_FACE('',(#6885),#1726,.T.);
#6885 = FACE_BOUND('',#6886,.T.);
#6886 = EDGE_LOOP('',(#6887,#6888,#6911,#6932));
#6887 = ORIENTED_EDGE('',*,*,#1692,.T.);
#6888 = ORIENTED_EDGE('',*,*,#6889,.T.);
#6889 = EDGE_CURVE('',#1606,#6890,#6892,.T.);
#6890 = VERTEX_POINT('',#6891);
#6891 = CARTESIAN_POINT('',(-3.104513671875,2.2360078125,2.7));
#6892 = SURFACE_CURVE('',#6893,(#6897,#6904),.PCURVE_S1.);
#6893 = LINE('',#6894,#6895);
#6894 = CARTESIAN_POINT('',(-3.104513671875,2.2360078125,1.45));
#6895 = VECTOR('',#6896,1.);
#6896 = DIRECTION('',(0.,0.,1.));
#6897 = PCURVE('',#1726,#6898);
#6898 = DEFINITIONAL_REPRESENTATION('',(#6899),#6903);
#6899 = LINE('',#6900,#6901);
#6900 = CARTESIAN_POINT('',(0.,0.));
#6901 = VECTOR('',#6902,1.);
#6902 = DIRECTION('',(0.,-1.));
#6903 = ( GEOMETRIC_REPRESENTATION_CONTEXT(2) 
PARAMETRIC_REPRESENTATION_CONTEXT() REPRESENTATION_CONTEXT('2D SPACE',''
  ) );
#6904 = PCURVE('',#1659,#6905);
#6905 = DEFINITIONAL_REPRESENTATION('',(#6906),#6910);
#6906 = LINE('',#6907,#6908);
#6907 = CARTESIAN_POINT('',(1.,0.));
#6908 = VECTOR('',#6909,1.);
#6909 = DIRECTION('',(0.,-1.));
#6910 = ( GEOMETRIC_REPRESENTATION_CONTEXT(2) 
PARAMETRIC_REPRESENTATION_CONTEXT() REPRESENTATION_CONTEXT('2D SPACE',''
  ) );
#6911 = ORIENTED_EDGE('',*,*,#6912,.T.);
#6912 = EDGE_CURVE('',#6890,#6841,#6913,.T.);
#6913 = SURFACE_CURVE('',#6914,(#6918,#6925),.PCURVE_S1.);
#6914 = B_SPLINE_CURVE_WITH_KNOTS('',2,(#6915,#6916,#6917),
  .UNSPECIFIED.,.F.,.F.,(3,3),(0.,1.),.PIECEWISE_BEZIER_KNOTS.);
#6915 = CARTESIAN_POINT('',(-3.104513671875,2.2360078125,2.7));
#6916 = CARTESIAN_POINT('',(-3.104513671875,1.34539453125,2.7));
#6917 = CARTESIAN_POINT('',(-3.51823828125,0.75796875,2.7));
#6918 = PCURVE('',#1726,#6919);
#6919 = DEFINITIONAL_REPRESENTATION('',(#6920),#6924);
#6920 = LINE('',#6921,#6922);
#6921 = CARTESIAN_POINT('',(0.,-1.25));
#6922 = VECTOR('',#6923,1.);
#6923 = DIRECTION('',(1.,0.));
#6924 = ( GEOMETRIC_REPRESENTATION_CONTEXT(2) 
PARAMETRIC_REPRESENTATION_CONTEXT() REPRESENTATION_CONTEXT('2D SPACE',''
  ) );
#6925 = PCURVE('',#6803,#6926);
#6926 = DEFINITIONAL_REPRESENTATION('',(#6927),#6931);
#6927 = B_SPLINE_CURVE_WITH_KNOTS('',2,(#6928,#6929,#6930),
  .UNSPECIFIED.,.F.,.F.,(3,3),(0.,1.),.PIECEWISE_BEZIER_KNOTS.);
#6928 = CARTESIAN_POINT('',(7.35861328125,6.71433984375));
#6929 = CARTESIAN_POINT('',(7.35861328125,5.8237265625));
#6930 = CARTESIAN_POINT('',(6.944888671875,5.23630078125));
#6931 = ( GEOMETRIC_REPRESENTATION_CONTEXT(2) 
PARAMETRIC_REPRESENTATION_CONTEXT() REPRESENTATION_CONTEXT('2D SPACE',''
  ) );
#6932 = ORIENTED_EDGE('',*,*,#6840,.F.);
#6933 = ADVANCED_FACE('',(#6934),#1659,.T.);
#6934 = FACE_BOUND('',#6935,.T.);
#6935 = EDGE_LOOP('',(#6936,#6937,#6960,#6981));
#6936 = ORIENTED_EDGE('',*,*,#1605,.T.);
#6937 = ORIENTED_EDGE('',*,*,#6938,.T.);
#6938 = EDGE_CURVE('',#1531,#6939,#6941,.T.);
#6939 = VERTEX_POINT('',#6940);
#6940 = CARTESIAN_POINT('',(-3.900380859375,4.27620703125,2.7));
#6941 = SURFACE_CURVE('',#6942,(#6946,#6953),.PCURVE_S1.);
#6942 = LINE('',#6943,#6944);
#6943 = CARTESIAN_POINT('',(-3.900380859375,4.27620703125,1.45));
#6944 = VECTOR('',#6945,1.);
#6945 = DIRECTION('',(0.,0.,1.));
#6946 = PCURVE('',#1659,#6947);
#6947 = DEFINITIONAL_REPRESENTATION('',(#6948),#6952);
#6948 = LINE('',#6949,#6950);
#6949 = CARTESIAN_POINT('',(0.,0.));
#6950 = VECTOR('',#6951,1.);
#6951 = DIRECTION('',(0.,-1.));
#6952 = ( GEOMETRIC_REPRESENTATION_CONTEXT(2) 
PARAMETRIC_REPRESENTATION_CONTEXT() REPRESENTATION_CONTEXT('2D SPACE',''
  ) );
#6953 = PCURVE('',#1576,#6954);
#6954 = DEFINITIONAL_REPRESENTATION('',(#6955),#6959);
#6955 = LINE('',#6956,#6957);
#6956 = CARTESIAN_POINT('',(1.,0.));
#6957 = VECTOR('',#6958,1.);
#6958 = DIRECTION('',(0.,-1.));
#6959 = ( GEOMETRIC_REPRESENTATION_CONTEXT(2) 
PARAMETRIC_REPRESENTATION_CONTEXT() REPRESENTATION_CONTEXT('2D SPACE',''
  ) );
#6960 = ORIENTED_EDGE('',*,*,#6961,.T.);
#6961 = EDGE_CURVE('',#6939,#6890,#6962,.T.);
#6962 = SURFACE_CURVE('',#6963,(#6967,#6974),.PCURVE_S1.);
#6963 = B_SPLINE_CURVE_WITH_KNOTS('',2,(#6964,#6965,#6966),
  .UNSPECIFIED.,.F.,.F.,(3,3),(0.,1.),.PIECEWISE_BEZIER_KNOTS.);
#6964 = CARTESIAN_POINT('',(-3.900380859375,4.27620703125,2.7));
#6965 = CARTESIAN_POINT('',(-3.104513671875,3.6003515625,2.7));
#6966 = CARTESIAN_POINT('',(-3.104513671875,2.2360078125,2.7));
#6967 = PCURVE('',#1659,#6968);
#6968 = DEFINITIONAL_REPRESENTATION('',(#6969),#6973);
#6969 = LINE('',#6970,#6971);
#6970 = CARTESIAN_POINT('',(0.,-1.25));
#6971 = VECTOR('',#6972,1.);
#6972 = DIRECTION('',(1.,0.));
#6973 = ( GEOMETRIC_REPRESENTATION_CONTEXT(2) 
PARAMETRIC_REPRESENTATION_CONTEXT() REPRESENTATION_CONTEXT('2D SPACE',''
  ) );
#6974 = PCURVE('',#6803,#6975);
#6975 = DEFINITIONAL_REPRESENTATION('',(#6976),#6980);
#6976 = B_SPLINE_CURVE_WITH_KNOTS('',2,(#6977,#6978,#6979),
  .UNSPECIFIED.,.F.,.F.,(3,3),(0.,1.),.PIECEWISE_BEZIER_KNOTS.);
#6977 = CARTESIAN_POINT('',(6.56274609375,8.7545390625));
#6978 = CARTESIAN_POINT('',(7.35861328125,8.07868359375));
#6979 = CARTESIAN_POINT('',(7.35861328125,6.71433984375));
#6980 = ( GEOMETRIC_REPRESENTATION_CONTEXT(2) 
PARAMETRIC_REPRESENTATION_CONTEXT() REPRESENTATION_CONTEXT('2D SPACE',''
  ) );
#6981 = ORIENTED_EDGE('',*,*,#6889,.F.);
#6982 = ADVANCED_FACE('',(#6983),#1576,.T.);
#6983 = FACE_BOUND('',#6984,.T.);
#6984 = EDGE_LOOP('',(#6985,#6986,#7009,#7030));
#6985 = ORIENTED_EDGE('',*,*,#1530,.T.);
#6986 = ORIENTED_EDGE('',*,*,#6987,.T.);
#6987 = EDGE_CURVE('',#1505,#6988,#6990,.T.);
#6988 = VERTEX_POINT('',#6989);
#6989 = CARTESIAN_POINT('',(-6.313248046875,4.9520625,2.7));
#6990 = SURFACE_CURVE('',#6991,(#6995,#7002),.PCURVE_S1.);
#6991 = LINE('',#6992,#6993);
#6992 = CARTESIAN_POINT('',(-6.313248046875,4.9520625,1.45));
#6993 = VECTOR('',#6994,1.);
#6994 = DIRECTION('',(0.,0.,1.));
#6995 = PCURVE('',#1576,#6996);
#6996 = DEFINITIONAL_REPRESENTATION('',(#6997),#7001);
#6997 = LINE('',#6998,#6999);
#6998 = CARTESIAN_POINT('',(0.,0.));
#6999 = VECTOR('',#7000,1.);
#7000 = DIRECTION('',(0.,-1.));
#7001 = ( GEOMETRIC_REPRESENTATION_CONTEXT(2) 
PARAMETRIC_REPRESENTATION_CONTEXT() REPRESENTATION_CONTEXT('2D SPACE',''
  ) );
#7002 = PCURVE('',#1519,#7003);
#7003 = DEFINITIONAL_REPRESENTATION('',(#7004),#7008);
#7004 = LINE('',#7005,#7006);
#7005 = CARTESIAN_POINT('',(2.88028125,0.));
#7006 = VECTOR('',#7007,1.);
#7007 = DIRECTION('',(0.,-1.));
#7008 = ( GEOMETRIC_REPRESENTATION_CONTEXT(2) 
PARAMETRIC_REPRESENTATION_CONTEXT() REPRESENTATION_CONTEXT('2D SPACE',''
  ) );
#7009 = ORIENTED_EDGE('',*,*,#7010,.T.);
#7010 = EDGE_CURVE('',#6988,#6939,#7011,.T.);
#7011 = SURFACE_CURVE('',#7012,(#7016,#7023),.PCURVE_S1.);
#7012 = B_SPLINE_CURVE_WITH_KNOTS('',2,(#7013,#7014,#7015),
  .UNSPECIFIED.,.F.,.F.,(3,3),(0.,1.),.PIECEWISE_BEZIER_KNOTS.);
#7013 = CARTESIAN_POINT('',(-6.313248046875,4.9520625,2.7));
#7014 = CARTESIAN_POINT('',(-4.696248046875,4.9520625,2.7));
#7015 = CARTESIAN_POINT('',(-3.900380859375,4.27620703125,2.7));
#7016 = PCURVE('',#1576,#7017);
#7017 = DEFINITIONAL_REPRESENTATION('',(#7018),#7022);
#7018 = LINE('',#7019,#7020);
#7019 = CARTESIAN_POINT('',(0.,-1.25));
#7020 = VECTOR('',#7021,1.);
#7021 = DIRECTION('',(1.,0.));
#7022 = ( GEOMETRIC_REPRESENTATION_CONTEXT(2) 
PARAMETRIC_REPRESENTATION_CONTEXT() REPRESENTATION_CONTEXT('2D SPACE',''
  ) );
#7023 = PCURVE('',#6803,#7024);
#7024 = DEFINITIONAL_REPRESENTATION('',(#7025),#7029);
#7025 = B_SPLINE_CURVE_WITH_KNOTS('',2,(#7026,#7027,#7028),
  .UNSPECIFIED.,.F.,.F.,(3,3),(0.,1.),.PIECEWISE_BEZIER_KNOTS.);
#7026 = CARTESIAN_POINT('',(4.14987890625,9.43039453125));
#7027 = CARTESIAN_POINT('',(5.76687890625,9.43039453125));
#7028 = CARTESIAN_POINT('',(6.56274609375,8.7545390625));
#7029 = ( GEOMETRIC_REPRESENTATION_CONTEXT(2) 
PARAMETRIC_REPRESENTATION_CONTEXT() REPRESENTATION_CONTEXT('2D SPACE',''
  ) );
#7030 = ORIENTED_EDGE('',*,*,#6938,.F.);
#7031 = ADVANCED_FACE('',(#7032),#1519,.T.);
#7032 = FACE_BOUND('',#7033,.T.);
#7033 = EDGE_LOOP('',(#7034,#7035,#7058,#7079));
#7034 = ORIENTED_EDGE('',*,*,#1504,.T.);
#7035 = ORIENTED_EDGE('',*,*,#7036,.T.);
#7036 = EDGE_CURVE('',#1479,#7037,#7039,.T.);
#7037 = VERTEX_POINT('',#7038);
#7038 = CARTESIAN_POINT('',(-9.193529296875,4.9520625,2.7));
#7039 = SURFACE_CURVE('',#7040,(#7044,#7051),.PCURVE_S1.);
#7040 = LINE('',#7041,#7042);
#7041 = CARTESIAN_POINT('',(-9.193529296875,4.9520625,1.45));
#7042 = VECTOR('',#7043,1.);
#7043 = DIRECTION('',(0.,0.,1.));
#7044 = PCURVE('',#1519,#7045);
#7045 = DEFINITIONAL_REPRESENTATION('',(#7046),#7050);
#7046 = LINE('',#7047,#7048);
#7047 = CARTESIAN_POINT('',(0.,0.));
#7048 = VECTOR('',#7049,1.);
#7049 = DIRECTION('',(0.,-1.));
#7050 = ( GEOMETRIC_REPRESENTATION_CONTEXT(2) 
PARAMETRIC_REPRESENTATION_CONTEXT() REPRESENTATION_CONTEXT('2D SPACE',''
  ) );
#7051 = PCURVE('',#1493,#7052);
#7052 = DEFINITIONAL_REPRESENTATION('',(#7053),#7057);
#7053 = LINE('',#7054,#7055);
#7054 = CARTESIAN_POINT('',(9.43039453125,0.));
#7055 = VECTOR('',#7056,1.);
#7056 = DIRECTION('',(0.,-1.));
#7057 = ( GEOMETRIC_REPRESENTATION_CONTEXT(2) 
PARAMETRIC_REPRESENTATION_CONTEXT() REPRESENTATION_CONTEXT('2D SPACE',''
  ) );
#7058 = ORIENTED_EDGE('',*,*,#7059,.T.);
#7059 = EDGE_CURVE('',#7037,#6988,#7060,.T.);
#7060 = SURFACE_CURVE('',#7061,(#7065,#7072),.PCURVE_S1.);
#7061 = LINE('',#7062,#7063);
#7062 = CARTESIAN_POINT('',(-9.193529296875,4.9520625,2.7));
#7063 = VECTOR('',#7064,1.);
#7064 = DIRECTION('',(1.,0.,0.));
#7065 = PCURVE('',#1519,#7066);
#7066 = DEFINITIONAL_REPRESENTATION('',(#7067),#7071);
#7067 = LINE('',#7068,#7069);
#7068 = CARTESIAN_POINT('',(0.,-1.25));
#7069 = VECTOR('',#7070,1.);
#7070 = DIRECTION('',(1.,0.));
#7071 = ( GEOMETRIC_REPRESENTATION_CONTEXT(2) 
PARAMETRIC_REPRESENTATION_CONTEXT() REPRESENTATION_CONTEXT('2D SPACE',''
  ) );
#7072 = PCURVE('',#6803,#7073);
#7073 = DEFINITIONAL_REPRESENTATION('',(#7074),#7078);
#7074 = LINE('',#7075,#7076);
#7075 = CARTESIAN_POINT('',(1.26959765625,9.43039453125));
#7076 = VECTOR('',#7077,1.);
#7077 = DIRECTION('',(1.,0.));
#7078 = ( GEOMETRIC_REPRESENTATION_CONTEXT(2) 
PARAMETRIC_REPRESENTATION_CONTEXT() REPRESENTATION_CONTEXT('2D SPACE',''
  ) );
#7079 = ORIENTED_EDGE('',*,*,#6987,.F.);
#7080 = ADVANCED_FACE('',(#7081),#1493,.T.);
#7081 = FACE_BOUND('',#7082,.T.);
#7082 = EDGE_LOOP('',(#7083,#7084,#7107,#7128));
#7083 = ORIENTED_EDGE('',*,*,#1478,.T.);
#7084 = ORIENTED_EDGE('',*,*,#7085,.T.);
#7085 = EDGE_CURVE('',#1453,#7086,#7088,.T.);
#7086 = VERTEX_POINT('',#7087);
#7087 = CARTESIAN_POINT('',(-9.193529296875,-4.47833203125,2.7));
#7088 = SURFACE_CURVE('',#7089,(#7093,#7100),.PCURVE_S1.);
#7089 = LINE('',#7090,#7091);
#7090 = CARTESIAN_POINT('',(-9.193529296875,-4.47833203125,1.45));
#7091 = VECTOR('',#7092,1.);
#7092 = DIRECTION('',(0.,0.,1.));
#7093 = PCURVE('',#1493,#7094);
#7094 = DEFINITIONAL_REPRESENTATION('',(#7095),#7099);
#7095 = LINE('',#7096,#7097);
#7096 = CARTESIAN_POINT('',(0.,0.));
#7097 = VECTOR('',#7098,1.);
#7098 = DIRECTION('',(0.,-1.));
#7099 = ( GEOMETRIC_REPRESENTATION_CONTEXT(2) 
PARAMETRIC_REPRESENTATION_CONTEXT() REPRESENTATION_CONTEXT('2D SPACE',''
  ) );
#7100 = PCURVE('',#1467,#7101);
#7101 = DEFINITIONAL_REPRESENTATION('',(#7102),#7106);
#7102 = LINE('',#7103,#7104);
#7103 = CARTESIAN_POINT('',(1.2759140625,0.));
#7104 = VECTOR('',#7105,1.);
#7105 = DIRECTION('',(0.,-1.));
#7106 = ( GEOMETRIC_REPRESENTATION_CONTEXT(2) 
PARAMETRIC_REPRESENTATION_CONTEXT() REPRESENTATION_CONTEXT('2D SPACE',''
  ) );
#7107 = ORIENTED_EDGE('',*,*,#7108,.T.);
#7108 = EDGE_CURVE('',#7086,#7037,#7109,.T.);
#7109 = SURFACE_CURVE('',#7110,(#7114,#7121),.PCURVE_S1.);
#7110 = LINE('',#7111,#7112);
#7111 = CARTESIAN_POINT('',(-9.193529296875,-4.47833203125,2.7));
#7112 = VECTOR('',#7113,1.);
#7113 = DIRECTION('',(0.,1.,0.));
#7114 = PCURVE('',#1493,#7115);
#7115 = DEFINITIONAL_REPRESENTATION('',(#7116),#7120);
#7116 = LINE('',#7117,#7118);
#7117 = CARTESIAN_POINT('',(0.,-1.25));
#7118 = VECTOR('',#7119,1.);
#7119 = DIRECTION('',(1.,0.));
#7120 = ( GEOMETRIC_REPRESENTATION_CONTEXT(2) 
PARAMETRIC_REPRESENTATION_CONTEXT() REPRESENTATION_CONTEXT('2D SPACE',''
  ) );
#7121 = PCURVE('',#6803,#7122);
#7122 = DEFINITIONAL_REPRESENTATION('',(#7123),#7127);
#7123 = LINE('',#7124,#7125);
#7124 = CARTESIAN_POINT('',(1.26959765625,0.));
#7125 = VECTOR('',#7126,1.);
#7126 = DIRECTION('',(0.,1.));
#7127 = ( GEOMETRIC_REPRESENTATION_CONTEXT(2) 
PARAMETRIC_REPRESENTATION_CONTEXT() REPRESENTATION_CONTEXT('2D SPACE',''
  ) );
#7128 = ORIENTED_EDGE('',*,*,#7036,.F.);
#7129 = ADVANCED_FACE('',(#7130),#1467,.T.);
#7130 = FACE_BOUND('',#7131,.T.);
#7131 = EDGE_LOOP('',(#7132,#7133,#7156,#7177));
#7132 = ORIENTED_EDGE('',*,*,#1452,.T.);
#7133 = ORIENTED_EDGE('',*,*,#7134,.T.);
#7134 = EDGE_CURVE('',#1427,#7135,#7137,.T.);
#7135 = VERTEX_POINT('',#7136);
#7136 = CARTESIAN_POINT('',(-7.917615234375,-4.47833203125,2.7));
#7137 = SURFACE_CURVE('',#7138,(#7142,#7149),.PCURVE_S1.);
#7138 = LINE('',#7139,#7140);
#7139 = CARTESIAN_POINT('',(-7.917615234375,-4.47833203125,1.45));
#7140 = VECTOR('',#7141,1.);
#7141 = DIRECTION('',(0.,0.,1.));
#7142 = PCURVE('',#1467,#7143);
#7143 = DEFINITIONAL_REPRESENTATION('',(#7144),#7148);
#7144 = LINE('',#7145,#7146);
#7145 = CARTESIAN_POINT('',(0.,-0.));
#7146 = VECTOR('',#7147,1.);
#7147 = DIRECTION('',(0.,-1.));
#7148 = ( GEOMETRIC_REPRESENTATION_CONTEXT(2) 
PARAMETRIC_REPRESENTATION_CONTEXT() REPRESENTATION_CONTEXT('2D SPACE',''
  ) );
#7149 = PCURVE('',#1441,#7150);
#7150 = DEFINITIONAL_REPRESENTATION('',(#7151),#7155);
#7151 = LINE('',#7152,#7153);
#7152 = CARTESIAN_POINT('',(3.98565234375,0.));
#7153 = VECTOR('',#7154,1.);
#7154 = DIRECTION('',(0.,-1.));
#7155 = ( GEOMETRIC_REPRESENTATION_CONTEXT(2) 
PARAMETRIC_REPRESENTATION_CONTEXT() REPRESENTATION_CONTEXT('2D SPACE',''
  ) );
#7156 = ORIENTED_EDGE('',*,*,#7157,.T.);
#7157 = EDGE_CURVE('',#7135,#7086,#7158,.T.);
#7158 = SURFACE_CURVE('',#7159,(#7163,#7170),.PCURVE_S1.);
#7159 = LINE('',#7160,#7161);
#7160 = CARTESIAN_POINT('',(-7.917615234375,-4.47833203125,2.7));
#7161 = VECTOR('',#7162,1.);
#7162 = DIRECTION('',(-1.,0.,0.));
#7163 = PCURVE('',#1467,#7164);
#7164 = DEFINITIONAL_REPRESENTATION('',(#7165),#7169);
#7165 = LINE('',#7166,#7167);
#7166 = CARTESIAN_POINT('',(0.,-1.25));
#7167 = VECTOR('',#7168,1.);
#7168 = DIRECTION('',(1.,0.));
#7169 = ( GEOMETRIC_REPRESENTATION_CONTEXT(2) 
PARAMETRIC_REPRESENTATION_CONTEXT() REPRESENTATION_CONTEXT('2D SPACE',''
  ) );
#7170 = PCURVE('',#6803,#7171);
#7171 = DEFINITIONAL_REPRESENTATION('',(#7172),#7176);
#7172 = LINE('',#7173,#7174);
#7173 = CARTESIAN_POINT('',(2.54551171875,0.));
#7174 = VECTOR('',#7175,1.);
#7175 = DIRECTION('',(-1.,0.));
#7176 = ( GEOMETRIC_REPRESENTATION_CONTEXT(2) 
PARAMETRIC_REPRESENTATION_CONTEXT() REPRESENTATION_CONTEXT('2D SPACE',''
  ) );
#7177 = ORIENTED_EDGE('',*,*,#7085,.F.);
#7178 = ADVANCED_FACE('',(#7179),#1441,.T.);
#7179 = FACE_BOUND('',#7180,.T.);
#7180 = EDGE_LOOP('',(#7181,#7182,#7205,#7226));
#7181 = ORIENTED_EDGE('',*,*,#1426,.T.);
#7182 = ORIENTED_EDGE('',*,*,#7183,.T.);
#7183 = EDGE_CURVE('',#1401,#7184,#7186,.T.);
#7184 = VERTEX_POINT('',#7185);
#7185 = CARTESIAN_POINT('',(-7.917615234375,-0.4926796875,2.7));
#7186 = SURFACE_CURVE('',#7187,(#7191,#7198),.PCURVE_S1.);
#7187 = LINE('',#7188,#7189);
#7188 = CARTESIAN_POINT('',(-7.917615234375,-0.4926796875,1.45));
#7189 = VECTOR('',#7190,1.);
#7190 = DIRECTION('',(0.,0.,1.));
#7191 = PCURVE('',#1441,#7192);
#7192 = DEFINITIONAL_REPRESENTATION('',(#7193),#7197);
#7193 = LINE('',#7194,#7195);
#7194 = CARTESIAN_POINT('',(0.,0.));
#7195 = VECTOR('',#7196,1.);
#7196 = DIRECTION('',(0.,-1.));
#7197 = ( GEOMETRIC_REPRESENTATION_CONTEXT(2) 
PARAMETRIC_REPRESENTATION_CONTEXT() REPRESENTATION_CONTEXT('2D SPACE',''
  ) );
#7198 = PCURVE('',#1415,#7199);
#7199 = DEFINITIONAL_REPRESENTATION('',(#7200),#7204);
#7200 = LINE('',#7201,#7202);
#7201 = CARTESIAN_POINT('',(1.389609375,0.));
#7202 = VECTOR('',#7203,1.);
#7203 = DIRECTION('',(0.,-1.));
#7204 = ( GEOMETRIC_REPRESENTATION_CONTEXT(2) 
PARAMETRIC_REPRESENTATION_CONTEXT() REPRESENTATION_CONTEXT('2D SPACE',''
  ) );
#7205 = ORIENTED_EDGE('',*,*,#7206,.T.);
#7206 = EDGE_CURVE('',#7184,#7135,#7207,.T.);
#7207 = SURFACE_CURVE('',#7208,(#7212,#7219),.PCURVE_S1.);
#7208 = LINE('',#7209,#7210);
#7209 = CARTESIAN_POINT('',(-7.917615234375,-0.4926796875,2.7));
#7210 = VECTOR('',#7211,1.);
#7211 = DIRECTION('',(0.,-1.,0.));
#7212 = PCURVE('',#1441,#7213);
#7213 = DEFINITIONAL_REPRESENTATION('',(#7214),#7218);
#7214 = LINE('',#7215,#7216);
#7215 = CARTESIAN_POINT('',(0.,-1.25));
#7216 = VECTOR('',#7217,1.);
#7217 = DIRECTION('',(1.,0.));
#7218 = ( GEOMETRIC_REPRESENTATION_CONTEXT(2) 
PARAMETRIC_REPRESENTATION_CONTEXT() REPRESENTATION_CONTEXT('2D SPACE',''
  ) );
#7219 = PCURVE('',#6803,#7220);
#7220 = DEFINITIONAL_REPRESENTATION('',(#7221),#7225);
#7221 = LINE('',#7222,#7223);
#7222 = CARTESIAN_POINT('',(2.54551171875,3.98565234375));
#7223 = VECTOR('',#7224,1.);
#7224 = DIRECTION('',(0.,-1.));
#7225 = ( GEOMETRIC_REPRESENTATION_CONTEXT(2) 
PARAMETRIC_REPRESENTATION_CONTEXT() REPRESENTATION_CONTEXT('2D SPACE',''
  ) );
#7226 = ORIENTED_EDGE('',*,*,#7134,.F.);
#7227 = ADVANCED_FACE('',(#7228),#1415,.T.);
#7228 = FACE_BOUND('',#7229,.T.);
#7229 = EDGE_LOOP('',(#7230,#7231,#7254,#7275));
#7230 = ORIENTED_EDGE('',*,*,#1400,.T.);
#7231 = ORIENTED_EDGE('',*,*,#7232,.T.);
#7232 = EDGE_CURVE('',#1344,#7233,#7235,.T.);
#7233 = VERTEX_POINT('',#7234);
#7234 = CARTESIAN_POINT('',(-6.528005859375,-0.4926796875,2.7));
#7235 = SURFACE_CURVE('',#7236,(#7240,#7247),.PCURVE_S1.);
#7236 = LINE('',#7237,#7238);
#7237 = CARTESIAN_POINT('',(-6.528005859375,-0.4926796875,1.45));
#7238 = VECTOR('',#7239,1.);
#7239 = DIRECTION('',(0.,0.,1.));
#7240 = PCURVE('',#1415,#7241);
#7241 = DEFINITIONAL_REPRESENTATION('',(#7242),#7246);
#7242 = LINE('',#7243,#7244);
#7243 = CARTESIAN_POINT('',(0.,-0.));
#7244 = VECTOR('',#7245,1.);
#7245 = DIRECTION('',(0.,-1.));
#7246 = ( GEOMETRIC_REPRESENTATION_CONTEXT(2) 
PARAMETRIC_REPRESENTATION_CONTEXT() REPRESENTATION_CONTEXT('2D SPACE',''
  ) );
#7247 = PCURVE('',#1377,#7248);
#7248 = DEFINITIONAL_REPRESENTATION('',(#7249),#7253);
#7249 = LINE('',#7250,#7251);
#7250 = CARTESIAN_POINT('',(1.,0.));
#7251 = VECTOR('',#7252,1.);
#7252 = DIRECTION('',(0.,-1.));
#7253 = ( GEOMETRIC_REPRESENTATION_CONTEXT(2) 
PARAMETRIC_REPRESENTATION_CONTEXT() REPRESENTATION_CONTEXT('2D SPACE',''
  ) );
#7254 = ORIENTED_EDGE('',*,*,#7255,.T.);
#7255 = EDGE_CURVE('',#7233,#7184,#7256,.T.);
#7256 = SURFACE_CURVE('',#7257,(#7261,#7268),.PCURVE_S1.);
#7257 = LINE('',#7258,#7259);
#7258 = CARTESIAN_POINT('',(-6.528005859375,-0.4926796875,2.7));
#7259 = VECTOR('',#7260,1.);
#7260 = DIRECTION('',(-1.,0.,0.));
#7261 = PCURVE('',#1415,#7262);
#7262 = DEFINITIONAL_REPRESENTATION('',(#7263),#7267);
#7263 = LINE('',#7264,#7265);
#7264 = CARTESIAN_POINT('',(0.,-1.25));
#7265 = VECTOR('',#7266,1.);
#7266 = DIRECTION('',(1.,0.));
#7267 = ( GEOMETRIC_REPRESENTATION_CONTEXT(2) 
PARAMETRIC_REPRESENTATION_CONTEXT() REPRESENTATION_CONTEXT('2D SPACE',''
  ) );
#7268 = PCURVE('',#6803,#7269);
#7269 = DEFINITIONAL_REPRESENTATION('',(#7270),#7274);
#7270 = LINE('',#7271,#7272);
#7271 = CARTESIAN_POINT('',(3.93512109375,3.98565234375));
#7272 = VECTOR('',#7273,1.);
#7273 = DIRECTION('',(-1.,0.));
#7274 = ( GEOMETRIC_REPRESENTATION_CONTEXT(2) 
PARAMETRIC_REPRESENTATION_CONTEXT() REPRESENTATION_CONTEXT('2D SPACE',''
  ) );
#7275 = ORIENTED_EDGE('',*,*,#7183,.F.);
#7276 = ADVANCED_FACE('',(#7277),#1377,.T.);
#7277 = FACE_BOUND('',#7278,.T.);
#7278 = EDGE_LOOP('',(#7279,#7280,#7303,#7324));
#7279 = ORIENTED_EDGE('',*,*,#1343,.T.);
#7280 = ORIENTED_EDGE('',*,*,#7281,.T.);
#7281 = EDGE_CURVE('',#1287,#7282,#7284,.T.);
#7282 = VERTEX_POINT('',#7283);
#7283 = CARTESIAN_POINT('',(-5.331046875,-0.80218359375,2.7));
#7284 = SURFACE_CURVE('',#7285,(#7289,#7296),.PCURVE_S1.);
#7285 = LINE('',#7286,#7287);
#7286 = CARTESIAN_POINT('',(-5.331046875,-0.80218359375,1.45));
#7287 = VECTOR('',#7288,1.);
#7288 = DIRECTION('',(0.,0.,1.));
#7289 = PCURVE('',#1377,#7290);
#7290 = DEFINITIONAL_REPRESENTATION('',(#7291),#7295);
#7291 = LINE('',#7292,#7293);
#7292 = CARTESIAN_POINT('',(0.,0.));
#7293 = VECTOR('',#7294,1.);
#7294 = DIRECTION('',(0.,-1.));
#7295 = ( GEOMETRIC_REPRESENTATION_CONTEXT(2) 
PARAMETRIC_REPRESENTATION_CONTEXT() REPRESENTATION_CONTEXT('2D SPACE',''
  ) );
#7296 = PCURVE('',#1320,#7297);
#7297 = DEFINITIONAL_REPRESENTATION('',(#7298),#7302);
#7298 = LINE('',#7299,#7300);
#7299 = CARTESIAN_POINT('',(1.,0.));
#7300 = VECTOR('',#7301,1.);
#7301 = DIRECTION('',(0.,-1.));
#7302 = ( GEOMETRIC_REPRESENTATION_CONTEXT(2) 
PARAMETRIC_REPRESENTATION_CONTEXT() REPRESENTATION_CONTEXT('2D SPACE',''
  ) );
#7303 = ORIENTED_EDGE('',*,*,#7304,.T.);
#7304 = EDGE_CURVE('',#7282,#7233,#7305,.T.);
#7305 = SURFACE_CURVE('',#7306,(#7310,#7317),.PCURVE_S1.);
#7306 = B_SPLINE_CURVE_WITH_KNOTS('',2,(#7307,#7308,#7309),
  .UNSPECIFIED.,.F.,.F.,(3,3),(0.,1.),.PIECEWISE_BEZIER_KNOTS.);
#7307 = CARTESIAN_POINT('',(-5.331046875,-0.80218359375,2.7));
#7308 = CARTESIAN_POINT('',(-5.770037109375,-0.4926796875,2.7));
#7309 = CARTESIAN_POINT('',(-6.528005859375,-0.4926796875,2.7));
#7310 = PCURVE('',#1377,#7311);
#7311 = DEFINITIONAL_REPRESENTATION('',(#7312),#7316);
#7312 = LINE('',#7313,#7314);
#7313 = CARTESIAN_POINT('',(0.,-1.25));
#7314 = VECTOR('',#7315,1.);
#7315 = DIRECTION('',(1.,0.));
#7316 = ( GEOMETRIC_REPRESENTATION_CONTEXT(2) 
PARAMETRIC_REPRESENTATION_CONTEXT() REPRESENTATION_CONTEXT('2D SPACE',''
  ) );
#7317 = PCURVE('',#6803,#7318);
#7318 = DEFINITIONAL_REPRESENTATION('',(#7319),#7323);
#7319 = B_SPLINE_CURVE_WITH_KNOTS('',2,(#7320,#7321,#7322),
  .UNSPECIFIED.,.F.,.F.,(3,3),(0.,1.),.PIECEWISE_BEZIER_KNOTS.);
#7320 = CARTESIAN_POINT('',(5.132080078125,3.6761484375));
#7321 = CARTESIAN_POINT('',(4.69308984375,3.98565234375));
#7322 = CARTESIAN_POINT('',(3.93512109375,3.98565234375));
#7323 = ( GEOMETRIC_REPRESENTATION_CONTEXT(2) 
PARAMETRIC_REPRESENTATION_CONTEXT() REPRESENTATION_CONTEXT('2D SPACE',''
  ) );
#7324 = ORIENTED_EDGE('',*,*,#7232,.F.);
#7325 = ADVANCED_FACE('',(#7326),#1320,.T.);
#7326 = FACE_BOUND('',#7327,.T.);
#7327 = EDGE_LOOP('',(#7328,#7329,#7352,#7373));
#7328 = ORIENTED_EDGE('',*,*,#1286,.T.);
#7329 = ORIENTED_EDGE('',*,*,#7330,.T.);
#7330 = EDGE_CURVE('',#1261,#7331,#7333,.T.);
#7331 = VERTEX_POINT('',#7332);
#7332 = CARTESIAN_POINT('',(-4.424642578125,-2.0591484375,2.7));
#7333 = SURFACE_CURVE('',#7334,(#7338,#7345),.PCURVE_S1.);
#7334 = LINE('',#7335,#7336);
#7335 = CARTESIAN_POINT('',(-4.424642578125,-2.0591484375,1.45));
#7336 = VECTOR('',#7337,1.);
#7337 = DIRECTION('',(0.,0.,1.));
#7338 = PCURVE('',#1320,#7339);
#7339 = DEFINITIONAL_REPRESENTATION('',(#7340),#7344);
#7340 = LINE('',#7341,#7342);
#7341 = CARTESIAN_POINT('',(0.,0.));
#7342 = VECTOR('',#7343,1.);
#7343 = DIRECTION('',(0.,-1.));
#7344 = ( GEOMETRIC_REPRESENTATION_CONTEXT(2) 
PARAMETRIC_REPRESENTATION_CONTEXT() REPRESENTATION_CONTEXT('2D SPACE',''
  ) );
#7345 = PCURVE('',#1275,#7346);
#7346 = DEFINITIONAL_REPRESENTATION('',(#7347),#7351);
#7347 = LINE('',#7348,#7349);
#7348 = CARTESIAN_POINT('',(2.703318567316,0.));
#7349 = VECTOR('',#7350,1.);
#7350 = DIRECTION('',(0.,-1.));
#7351 = ( GEOMETRIC_REPRESENTATION_CONTEXT(2) 
PARAMETRIC_REPRESENTATION_CONTEXT() REPRESENTATION_CONTEXT('2D SPACE',''
  ) );
#7352 = ORIENTED_EDGE('',*,*,#7353,.T.);
#7353 = EDGE_CURVE('',#7331,#7282,#7354,.T.);
#7354 = SURFACE_CURVE('',#7355,(#7359,#7366),.PCURVE_S1.);
#7355 = B_SPLINE_CURVE_WITH_KNOTS('',2,(#7356,#7357,#7358),
  .UNSPECIFIED.,.F.,.F.,(3,3),(0.,1.),.PIECEWISE_BEZIER_KNOTS.);
#7356 = CARTESIAN_POINT('',(-4.424642578125,-2.0591484375,2.7));
#7357 = CARTESIAN_POINT('',(-4.892056640625,-1.1116875,2.7));
#7358 = CARTESIAN_POINT('',(-5.331046875,-0.80218359375,2.7));
#7359 = PCURVE('',#1320,#7360);
#7360 = DEFINITIONAL_REPRESENTATION('',(#7361),#7365);
#7361 = LINE('',#7362,#7363);
#7362 = CARTESIAN_POINT('',(0.,-1.25));
#7363 = VECTOR('',#7364,1.);
#7364 = DIRECTION('',(1.,0.));
#7365 = ( GEOMETRIC_REPRESENTATION_CONTEXT(2) 
PARAMETRIC_REPRESENTATION_CONTEXT() REPRESENTATION_CONTEXT('2D SPACE',''
  ) );
#7366 = PCURVE('',#6803,#7367);
#7367 = DEFINITIONAL_REPRESENTATION('',(#7368),#7372);
#7368 = B_SPLINE_CURVE_WITH_KNOTS('',2,(#7369,#7370,#7371),
  .UNSPECIFIED.,.F.,.F.,(3,3),(0.,1.),.PIECEWISE_BEZIER_KNOTS.);
#7369 = CARTESIAN_POINT('',(6.038484375,2.41918359375));
#7370 = CARTESIAN_POINT('',(5.5710703125,3.36664453125));
#7371 = CARTESIAN_POINT('',(5.132080078125,3.6761484375));
#7372 = ( GEOMETRIC_REPRESENTATION_CONTEXT(2) 
PARAMETRIC_REPRESENTATION_CONTEXT() REPRESENTATION_CONTEXT('2D SPACE',''
  ) );
#7373 = ORIENTED_EDGE('',*,*,#7281,.F.);
#7374 = ADVANCED_FACE('',(#7375),#1275,.T.);
#7375 = FACE_BOUND('',#7376,.T.);
#7376 = EDGE_LOOP('',(#7377,#7378,#7401,#7422));
#7377 = ORIENTED_EDGE('',*,*,#1260,.T.);
#7378 = ORIENTED_EDGE('',*,*,#7379,.T.);
#7379 = EDGE_CURVE('',#1235,#7380,#7382,.T.);
#7380 = VERTEX_POINT('',#7381);
#7381 = CARTESIAN_POINT('',(-3.218208984375,-4.47833203125,2.7));
#7382 = SURFACE_CURVE('',#7383,(#7387,#7394),.PCURVE_S1.);
#7383 = LINE('',#7384,#7385);
#7384 = CARTESIAN_POINT('',(-3.218208984375,-4.47833203125,1.45));
#7385 = VECTOR('',#7386,1.);
#7386 = DIRECTION('',(0.,0.,1.));
#7387 = PCURVE('',#1275,#7388);
#7388 = DEFINITIONAL_REPRESENTATION('',(#7389),#7393);
#7389 = LINE('',#7390,#7391);
#7390 = CARTESIAN_POINT('',(0.,0.));
#7391 = VECTOR('',#7392,1.);
#7392 = DIRECTION('',(0.,-1.));
#7393 = ( GEOMETRIC_REPRESENTATION_CONTEXT(2) 
PARAMETRIC_REPRESENTATION_CONTEXT() REPRESENTATION_CONTEXT('2D SPACE',''
  ) );
#7394 = PCURVE('',#1249,#7395);
#7395 = DEFINITIONAL_REPRESENTATION('',(#7396),#7400);
#7396 = LINE('',#7397,#7398);
#7397 = CARTESIAN_POINT('',(1.37066015625,0.));
#7398 = VECTOR('',#7399,1.);
#7399 = DIRECTION('',(0.,-1.));
#7400 = ( GEOMETRIC_REPRESENTATION_CONTEXT(2) 
PARAMETRIC_REPRESENTATION_CONTEXT() REPRESENTATION_CONTEXT('2D SPACE',''
  ) );
#7401 = ORIENTED_EDGE('',*,*,#7402,.T.);
#7402 = EDGE_CURVE('',#7380,#7331,#7403,.T.);
#7403 = SURFACE_CURVE('',#7404,(#7408,#7415),.PCURVE_S1.);
#7404 = LINE('',#7405,#7406);
#7405 = CARTESIAN_POINT('',(-3.218208984375,-4.47833203125,2.7));
#7406 = VECTOR('',#7407,1.);
#7407 = DIRECTION('',(-0.446278736193,0.894894010273,0.));
#7408 = PCURVE('',#1275,#7409);
#7409 = DEFINITIONAL_REPRESENTATION('',(#7410),#7414);
#7410 = LINE('',#7411,#7412);
#7411 = CARTESIAN_POINT('',(0.,-1.25));
#7412 = VECTOR('',#7413,1.);
#7413 = DIRECTION('',(1.,0.));
#7414 = ( GEOMETRIC_REPRESENTATION_CONTEXT(2) 
PARAMETRIC_REPRESENTATION_CONTEXT() REPRESENTATION_CONTEXT('2D SPACE',''
  ) );
#7415 = PCURVE('',#6803,#7416);
#7416 = DEFINITIONAL_REPRESENTATION('',(#7417),#7421);
#7417 = LINE('',#7418,#7419);
#7418 = CARTESIAN_POINT('',(7.24491796875,0.));
#7419 = VECTOR('',#7420,1.);
#7420 = DIRECTION('',(-0.446278736193,0.894894010273));
#7421 = ( GEOMETRIC_REPRESENTATION_CONTEXT(2) 
PARAMETRIC_REPRESENTATION_CONTEXT() REPRESENTATION_CONTEXT('2D SPACE',''
  ) );
#7422 = ORIENTED_EDGE('',*,*,#7330,.F.);
#7423 = ADVANCED_FACE('',(#7424),#1249,.T.);
#7424 = FACE_BOUND('',#7425,.T.);
#7425 = EDGE_LOOP('',(#7426,#7427,#7450,#7471));
#7426 = ORIENTED_EDGE('',*,*,#1234,.T.);
#7427 = ORIENTED_EDGE('',*,*,#7428,.T.);
#7428 = EDGE_CURVE('',#1209,#7429,#7431,.T.);
#7429 = VERTEX_POINT('',#7430);
#7430 = CARTESIAN_POINT('',(-1.847548828125,-4.47833203125,2.7));
#7431 = SURFACE_CURVE('',#7432,(#7436,#7443),.PCURVE_S1.);
#7432 = LINE('',#7433,#7434);
#7433 = CARTESIAN_POINT('',(-1.847548828125,-4.47833203125,1.45));
#7434 = VECTOR('',#7435,1.);
#7435 = DIRECTION('',(0.,0.,1.));
#7436 = PCURVE('',#1249,#7437);
#7437 = DEFINITIONAL_REPRESENTATION('',(#7438),#7442);
#7438 = LINE('',#7439,#7440);
#7439 = CARTESIAN_POINT('',(0.,-0.));
#7440 = VECTOR('',#7441,1.);
#7441 = DIRECTION('',(0.,-1.));
#7442 = ( GEOMETRIC_REPRESENTATION_CONTEXT(2) 
PARAMETRIC_REPRESENTATION_CONTEXT() REPRESENTATION_CONTEXT('2D SPACE',''
  ) );
#7443 = PCURVE('',#1223,#7444);
#7444 = DEFINITIONAL_REPRESENTATION('',(#7445),#7449);
#7445 = LINE('',#7446,#7447);
#7446 = CARTESIAN_POINT('',(2.884108720804,0.));
#7447 = VECTOR('',#7448,1.);
#7448 = DIRECTION('',(0.,-1.));
#7449 = ( GEOMETRIC_REPRESENTATION_CONTEXT(2) 
PARAMETRIC_REPRESENTATION_CONTEXT() REPRESENTATION_CONTEXT('2D SPACE',''
  ) );
#7450 = ORIENTED_EDGE('',*,*,#7451,.T.);
#7451 = EDGE_CURVE('',#7429,#7380,#7452,.T.);
#7452 = SURFACE_CURVE('',#7453,(#7457,#7464),.PCURVE_S1.);
#7453 = LINE('',#7454,#7455);
#7454 = CARTESIAN_POINT('',(-1.847548828125,-4.47833203125,2.7));
#7455 = VECTOR('',#7456,1.);
#7456 = DIRECTION('',(-1.,0.,0.));
#7457 = PCURVE('',#1249,#7458);
#7458 = DEFINITIONAL_REPRESENTATION('',(#7459),#7463);
#7459 = LINE('',#7460,#7461);
#7460 = CARTESIAN_POINT('',(0.,-1.25));
#7461 = VECTOR('',#7462,1.);
#7462 = DIRECTION('',(1.,0.));
#7463 = ( GEOMETRIC_REPRESENTATION_CONTEXT(2) 
PARAMETRIC_REPRESENTATION_CONTEXT() REPRESENTATION_CONTEXT('2D SPACE',''
  ) );
#7464 = PCURVE('',#6803,#7465);
#7465 = DEFINITIONAL_REPRESENTATION('',(#7466),#7470);
#7466 = LINE('',#7467,#7468);
#7467 = CARTESIAN_POINT('',(8.615578125,0.));
#7468 = VECTOR('',#7469,1.);
#7469 = DIRECTION('',(-1.,0.));
#7470 = ( GEOMETRIC_REPRESENTATION_CONTEXT(2) 
PARAMETRIC_REPRESENTATION_CONTEXT() REPRESENTATION_CONTEXT('2D SPACE',''
  ) );
#7471 = ORIENTED_EDGE('',*,*,#7379,.F.);
#7472 = ADVANCED_FACE('',(#7473),#1223,.T.);
#7473 = FACE_BOUND('',#7474,.T.);
#7474 = EDGE_LOOP('',(#7475,#7476,#7499,#7520));
#7475 = ORIENTED_EDGE('',*,*,#1208,.T.);
#7476 = ORIENTED_EDGE('',*,*,#7477,.T.);
#7477 = EDGE_CURVE('',#1164,#7478,#7480,.T.);
#7478 = VERTEX_POINT('',#7479);
#7479 = CARTESIAN_POINT('',(-3.142412109375,-1.90123828125,2.7));
#7480 = SURFACE_CURVE('',#7481,(#7485,#7492),.PCURVE_S1.);
#7481 = LINE('',#7482,#7483);
#7482 = CARTESIAN_POINT('',(-3.142412109375,-1.90123828125,1.45));
#7483 = VECTOR('',#7484,1.);
#7484 = DIRECTION('',(0.,0.,1.));
#7485 = PCURVE('',#1223,#7486);
#7486 = DEFINITIONAL_REPRESENTATION('',(#7487),#7491);
#7487 = LINE('',#7488,#7489);
#7488 = CARTESIAN_POINT('',(0.,0.));
#7489 = VECTOR('',#7490,1.);
#7490 = DIRECTION('',(0.,-1.));
#7491 = ( GEOMETRIC_REPRESENTATION_CONTEXT(2) 
PARAMETRIC_REPRESENTATION_CONTEXT() REPRESENTATION_CONTEXT('2D SPACE',''
  ) );
#7492 = PCURVE('',#1189,#7493);
#7493 = DEFINITIONAL_REPRESENTATION('',(#7494),#7498);
#7494 = LINE('',#7495,#7496);
#7495 = CARTESIAN_POINT('',(1.,0.));
#7496 = VECTOR('',#7497,1.);
#7497 = DIRECTION('',(0.,-1.));
#7498 = ( GEOMETRIC_REPRESENTATION_CONTEXT(2) 
PARAMETRIC_REPRESENTATION_CONTEXT() REPRESENTATION_CONTEXT('2D SPACE',''
  ) );
#7499 = ORIENTED_EDGE('',*,*,#7500,.T.);
#7500 = EDGE_CURVE('',#7478,#7429,#7501,.T.);
#7501 = SURFACE_CURVE('',#7502,(#7506,#7513),.PCURVE_S1.);
#7502 = LINE('',#7503,#7504);
#7503 = CARTESIAN_POINT('',(-3.142412109375,-1.90123828125,2.7));
#7504 = VECTOR('',#7505,1.);
#7505 = DIRECTION('',(0.448964795228,-0.893549446112,0.));
#7506 = PCURVE('',#1223,#7507);
#7507 = DEFINITIONAL_REPRESENTATION('',(#7508),#7512);
#7508 = LINE('',#7509,#7510);
#7509 = CARTESIAN_POINT('',(0.,-1.25));
#7510 = VECTOR('',#7511,1.);
#7511 = DIRECTION('',(1.,0.));
#7512 = ( GEOMETRIC_REPRESENTATION_CONTEXT(2) 
PARAMETRIC_REPRESENTATION_CONTEXT() REPRESENTATION_CONTEXT('2D SPACE',''
  ) );
#7513 = PCURVE('',#6803,#7514);
#7514 = DEFINITIONAL_REPRESENTATION('',(#7515),#7519);
#7515 = LINE('',#7516,#7517);
#7516 = CARTESIAN_POINT('',(7.32071484375,2.57709375));
#7517 = VECTOR('',#7518,1.);
#7518 = DIRECTION('',(0.448964795228,-0.893549446112));
#7519 = ( GEOMETRIC_REPRESENTATION_CONTEXT(2) 
PARAMETRIC_REPRESENTATION_CONTEXT() REPRESENTATION_CONTEXT('2D SPACE',''
  ) );
#7520 = ORIENTED_EDGE('',*,*,#7428,.F.);
#7521 = ADVANCED_FACE('',(#7522),#1189,.T.);
#7522 = FACE_BOUND('',#7523,.T.);
#7523 = EDGE_LOOP('',(#7524,#7525,#7526,#7547));
#7524 = ORIENTED_EDGE('',*,*,#1163,.T.);
#7525 = ORIENTED_EDGE('',*,*,#6815,.T.);
#7526 = ORIENTED_EDGE('',*,*,#7527,.T.);
#7527 = EDGE_CURVE('',#6788,#7478,#7528,.T.);
#7528 = SURFACE_CURVE('',#7529,(#7533,#7540),.PCURVE_S1.);
#7529 = B_SPLINE_CURVE_WITH_KNOTS('',2,(#7530,#7531,#7532),
  .UNSPECIFIED.,.F.,.F.,(3,3),(0.,1.),.PIECEWISE_BEZIER_KNOTS.);
#7530 = CARTESIAN_POINT('',(-3.92248828125,-0.65058984375,2.7));
#7531 = CARTESIAN_POINT('',(-3.534029296875,-1.10537109375,2.7));
#7532 = CARTESIAN_POINT('',(-3.142412109375,-1.90123828125,2.7));
#7533 = PCURVE('',#1189,#7534);
#7534 = DEFINITIONAL_REPRESENTATION('',(#7535),#7539);
#7535 = LINE('',#7536,#7537);
#7536 = CARTESIAN_POINT('',(0.,-1.25));
#7537 = VECTOR('',#7538,1.);
#7538 = DIRECTION('',(1.,0.));
#7539 = ( GEOMETRIC_REPRESENTATION_CONTEXT(2) 
PARAMETRIC_REPRESENTATION_CONTEXT() REPRESENTATION_CONTEXT('2D SPACE',''
  ) );
#7540 = PCURVE('',#6803,#7541);
#7541 = DEFINITIONAL_REPRESENTATION('',(#7542),#7546);
#7542 = B_SPLINE_CURVE_WITH_KNOTS('',2,(#7543,#7544,#7545),
  .UNSPECIFIED.,.F.,.F.,(3,3),(0.,1.),.PIECEWISE_BEZIER_KNOTS.);
#7543 = CARTESIAN_POINT('',(6.540638671875,3.8277421875));
#7544 = CARTESIAN_POINT('',(6.92909765625,3.3729609375));
#7545 = CARTESIAN_POINT('',(7.32071484375,2.57709375));
#7546 = ( GEOMETRIC_REPRESENTATION_CONTEXT(2) 
PARAMETRIC_REPRESENTATION_CONTEXT() REPRESENTATION_CONTEXT('2D SPACE',''
  ) );
#7547 = ORIENTED_EDGE('',*,*,#7477,.F.);
#7548 = ADVANCED_FACE('',(#7549),#1838,.T.);
#7549 = FACE_BOUND('',#7550,.T.);
#7550 = EDGE_LOOP('',(#7551,#7552,#7575,#7603));
#7551 = ORIENTED_EDGE('',*,*,#1821,.T.);
#7552 = ORIENTED_EDGE('',*,*,#7553,.T.);
#7553 = EDGE_CURVE('',#1824,#7554,#7556,.T.);
#7554 = VERTEX_POINT('',#7555);
#7555 = CARTESIAN_POINT('',(5.447900390625,4.64255859375,2.7));
#7556 = SURFACE_CURVE('',#7557,(#7561,#7568),.PCURVE_S1.);
#7557 = LINE('',#7558,#7559);
#7558 = CARTESIAN_POINT('',(5.447900390625,4.64255859375,1.45));
#7559 = VECTOR('',#7560,1.);
#7560 = DIRECTION('',(0.,0.,1.));
#7561 = PCURVE('',#1838,#7562);
#7562 = DEFINITIONAL_REPRESENTATION('',(#7563),#7567);
#7563 = LINE('',#7564,#7565);
#7564 = CARTESIAN_POINT('',(0.,0.));
#7565 = VECTOR('',#7566,1.);
#7566 = DIRECTION('',(0.,-1.));
#7567 = ( GEOMETRIC_REPRESENTATION_CONTEXT(2) 
PARAMETRIC_REPRESENTATION_CONTEXT() REPRESENTATION_CONTEXT('2D SPACE',''
  ) );
#7568 = PCURVE('',#3423,#7569);
#7569 = DEFINITIONAL_REPRESENTATION('',(#7570),#7574);
#7570 = LINE('',#7571,#7572);
#7571 = CARTESIAN_POINT('',(1.,0.));
#7572 = VECTOR('',#7573,1.);
#7573 = DIRECTION('',(0.,-1.));
#7574 = ( GEOMETRIC_REPRESENTATION_CONTEXT(2) 
PARAMETRIC_REPRESENTATION_CONTEXT() REPRESENTATION_CONTEXT('2D SPACE',''
  ) );
#7575 = ORIENTED_EDGE('',*,*,#7576,.T.);
#7576 = EDGE_CURVE('',#7554,#7577,#7579,.T.);
#7577 = VERTEX_POINT('',#7578);
#7578 = CARTESIAN_POINT('',(5.447900390625,3.3982265625,2.7));
#7579 = SURFACE_CURVE('',#7580,(#7584,#7591),.PCURVE_S1.);
#7580 = LINE('',#7581,#7582);
#7581 = CARTESIAN_POINT('',(5.447900390625,4.64255859375,2.7));
#7582 = VECTOR('',#7583,1.);
#7583 = DIRECTION('',(0.,-1.,0.));
#7584 = PCURVE('',#1838,#7585);
#7585 = DEFINITIONAL_REPRESENTATION('',(#7586),#7590);
#7586 = LINE('',#7587,#7588);
#7587 = CARTESIAN_POINT('',(0.,-1.25));
#7588 = VECTOR('',#7589,1.);
#7589 = DIRECTION('',(1.,0.));
#7590 = ( GEOMETRIC_REPRESENTATION_CONTEXT(2) 
PARAMETRIC_REPRESENTATION_CONTEXT() REPRESENTATION_CONTEXT('2D SPACE',''
  ) );
#7591 = PCURVE('',#7592,#7597);
#7592 = PLANE('',#7593);
#7593 = AXIS2_PLACEMENT_3D('',#7594,#7595,#7596);
#7594 = CARTESIAN_POINT('',(-1.474880859375,-4.47833203125,2.7));
#7595 = DIRECTION('',(0.,0.,1.));
#7596 = DIRECTION('',(1.,0.,0.));
#7597 = DEFINITIONAL_REPRESENTATION('',(#7598),#7602);
#7598 = LINE('',#7599,#7600);
#7599 = CARTESIAN_POINT('',(6.92278125,9.120890625));
#7600 = VECTOR('',#7601,1.);
#7601 = DIRECTION('',(0.,-1.));
#7602 = ( GEOMETRIC_REPRESENTATION_CONTEXT(2) 
PARAMETRIC_REPRESENTATION_CONTEXT() REPRESENTATION_CONTEXT('2D SPACE',''
  ) );
#7603 = ORIENTED_EDGE('',*,*,#7604,.F.);
#7604 = EDGE_CURVE('',#1822,#7577,#7605,.T.);
#7605 = SURFACE_CURVE('',#7606,(#7610,#7617),.PCURVE_S1.);
#7606 = LINE('',#7607,#7608);
#7607 = CARTESIAN_POINT('',(5.447900390625,3.3982265625,1.45));
#7608 = VECTOR('',#7609,1.);
#7609 = DIRECTION('',(0.,0.,1.));
#7610 = PCURVE('',#1838,#7611);
#7611 = DEFINITIONAL_REPRESENTATION('',(#7612),#7616);
#7612 = LINE('',#7613,#7614);
#7613 = CARTESIAN_POINT('',(1.24433203125,0.));
#7614 = VECTOR('',#7615,1.);
#7615 = DIRECTION('',(0.,-1.));
#7616 = ( GEOMETRIC_REPRESENTATION_CONTEXT(2) 
PARAMETRIC_REPRESENTATION_CONTEXT() REPRESENTATION_CONTEXT('2D SPACE',''
  ) );
#7617 = PCURVE('',#1873,#7618);
#7618 = DEFINITIONAL_REPRESENTATION('',(#7619),#7623);
#7619 = LINE('',#7620,#7621);
#7620 = CARTESIAN_POINT('',(0.,0.));
#7621 = VECTOR('',#7622,1.);
#7622 = DIRECTION('',(0.,-1.));
#7623 = ( GEOMETRIC_REPRESENTATION_CONTEXT(2) 
PARAMETRIC_REPRESENTATION_CONTEXT() REPRESENTATION_CONTEXT('2D SPACE',''
  ) );
#7624 = ADVANCED_FACE('',(#7625),#3423,.T.);
#7625 = FACE_BOUND('',#7626,.T.);
#7626 = EDGE_LOOP('',(#7627,#7628,#7651,#7672));
#7627 = ORIENTED_EDGE('',*,*,#3403,.T.);
#7628 = ORIENTED_EDGE('',*,*,#7629,.T.);
#7629 = EDGE_CURVE('',#3365,#7630,#7632,.T.);
#7630 = VERTEX_POINT('',#7631);
#7631 = CARTESIAN_POINT('',(4.039341796875,5.00259375,2.7));
#7632 = SURFACE_CURVE('',#7633,(#7637,#7644),.PCURVE_S1.);
#7633 = LINE('',#7634,#7635);
#7634 = CARTESIAN_POINT('',(4.039341796875,5.00259375,1.45));
#7635 = VECTOR('',#7636,1.);
#7636 = DIRECTION('',(0.,0.,1.));
#7637 = PCURVE('',#3423,#7638);
#7638 = DEFINITIONAL_REPRESENTATION('',(#7639),#7643);
#7639 = LINE('',#7640,#7641);
#7640 = CARTESIAN_POINT('',(0.,0.));
#7641 = VECTOR('',#7642,1.);
#7642 = DIRECTION('',(0.,-1.));
#7643 = ( GEOMETRIC_REPRESENTATION_CONTEXT(2) 
PARAMETRIC_REPRESENTATION_CONTEXT() REPRESENTATION_CONTEXT('2D SPACE',''
  ) );
#7644 = PCURVE('',#3386,#7645);
#7645 = DEFINITIONAL_REPRESENTATION('',(#7646),#7650);
#7646 = LINE('',#7647,#7648);
#7647 = CARTESIAN_POINT('',(1.,0.));
#7648 = VECTOR('',#7649,1.);
#7649 = DIRECTION('',(0.,-1.));
#7650 = ( GEOMETRIC_REPRESENTATION_CONTEXT(2) 
PARAMETRIC_REPRESENTATION_CONTEXT() REPRESENTATION_CONTEXT('2D SPACE',''
  ) );
#7651 = ORIENTED_EDGE('',*,*,#7652,.T.);
#7652 = EDGE_CURVE('',#7630,#7554,#7653,.T.);
#7653 = SURFACE_CURVE('',#7654,(#7658,#7665),.PCURVE_S1.);
#7654 = B_SPLINE_CURVE_WITH_KNOTS('',2,(#7655,#7656,#7657),
  .UNSPECIFIED.,.F.,.F.,(3,3),(0.,1.),.PIECEWISE_BEZIER_KNOTS.);
#7655 = CARTESIAN_POINT('',(4.039341796875,5.00259375,2.7));
#7656 = CARTESIAN_POINT('',(4.727830078125,4.88258203125,2.7));
#7657 = CARTESIAN_POINT('',(5.447900390625,4.64255859375,2.7));
#7658 = PCURVE('',#3423,#7659);
#7659 = DEFINITIONAL_REPRESENTATION('',(#7660),#7664);
#7660 = LINE('',#7661,#7662);
#7661 = CARTESIAN_POINT('',(0.,-1.25));
#7662 = VECTOR('',#7663,1.);
#7663 = DIRECTION('',(1.,0.));
#7664 = ( GEOMETRIC_REPRESENTATION_CONTEXT(2) 
PARAMETRIC_REPRESENTATION_CONTEXT() REPRESENTATION_CONTEXT('2D SPACE',''
  ) );
#7665 = PCURVE('',#7592,#7666);
#7666 = DEFINITIONAL_REPRESENTATION('',(#7667),#7671);
#7667 = B_SPLINE_CURVE_WITH_KNOTS('',2,(#7668,#7669,#7670),
  .UNSPECIFIED.,.F.,.F.,(3,3),(0.,1.),.PIECEWISE_BEZIER_KNOTS.);
#7668 = CARTESIAN_POINT('',(5.51422265625,9.48092578125));
#7669 = CARTESIAN_POINT('',(6.2027109375,9.3609140625));
#7670 = CARTESIAN_POINT('',(6.92278125,9.120890625));
#7671 = ( GEOMETRIC_REPRESENTATION_CONTEXT(2) 
PARAMETRIC_REPRESENTATION_CONTEXT() REPRESENTATION_CONTEXT('2D SPACE',''
  ) );
#7672 = ORIENTED_EDGE('',*,*,#7553,.F.);
#7673 = ADVANCED_FACE('',(#7674),#3386,.T.);
#7674 = FACE_BOUND('',#7675,.T.);
#7675 = EDGE_LOOP('',(#7676,#7677,#7700,#7721));
#7676 = ORIENTED_EDGE('',*,*,#3364,.T.);
#7677 = ORIENTED_EDGE('',*,*,#7678,.T.);
#7678 = EDGE_CURVE('',#3293,#7679,#7681,.T.);
#7679 = VERTEX_POINT('',#7680);
#7680 = CARTESIAN_POINT('',(2.687630859375,5.12260546875,2.7));
#7681 = SURFACE_CURVE('',#7682,(#7686,#7693),.PCURVE_S1.);
#7682 = LINE('',#7683,#7684);
#7683 = CARTESIAN_POINT('',(2.687630859375,5.12260546875,1.45));
#7684 = VECTOR('',#7685,1.);
#7685 = DIRECTION('',(0.,0.,1.));
#7686 = PCURVE('',#3386,#7687);
#7687 = DEFINITIONAL_REPRESENTATION('',(#7688),#7692);
#7688 = LINE('',#7689,#7690);
#7689 = CARTESIAN_POINT('',(0.,0.));
#7690 = VECTOR('',#7691,1.);
#7691 = DIRECTION('',(0.,-1.));
#7692 = ( GEOMETRIC_REPRESENTATION_CONTEXT(2) 
PARAMETRIC_REPRESENTATION_CONTEXT() REPRESENTATION_CONTEXT('2D SPACE',''
  ) );
#7693 = PCURVE('',#3336,#7694);
#7694 = DEFINITIONAL_REPRESENTATION('',(#7695),#7699);
#7695 = LINE('',#7696,#7697);
#7696 = CARTESIAN_POINT('',(1.,0.));
#7697 = VECTOR('',#7698,1.);
#7698 = DIRECTION('',(0.,-1.));
#7699 = ( GEOMETRIC_REPRESENTATION_CONTEXT(2) 
PARAMETRIC_REPRESENTATION_CONTEXT() REPRESENTATION_CONTEXT('2D SPACE',''
  ) );
#7700 = ORIENTED_EDGE('',*,*,#7701,.T.);
#7701 = EDGE_CURVE('',#7679,#7630,#7702,.T.);
#7702 = SURFACE_CURVE('',#7703,(#7707,#7714),.PCURVE_S1.);
#7703 = B_SPLINE_CURVE_WITH_KNOTS('',2,(#7704,#7705,#7706),
  .UNSPECIFIED.,.F.,.F.,(3,3),(0.,1.),.PIECEWISE_BEZIER_KNOTS.);
#7704 = CARTESIAN_POINT('',(2.687630859375,5.12260546875,2.7));
#7705 = CARTESIAN_POINT('',(3.350853515625,5.12260546875,2.7));
#7706 = CARTESIAN_POINT('',(4.039341796875,5.00259375,2.7));
#7707 = PCURVE('',#3386,#7708);
#7708 = DEFINITIONAL_REPRESENTATION('',(#7709),#7713);
#7709 = LINE('',#7710,#7711);
#7710 = CARTESIAN_POINT('',(0.,-1.25));
#7711 = VECTOR('',#7712,1.);
#7712 = DIRECTION('',(1.,0.));
#7713 = ( GEOMETRIC_REPRESENTATION_CONTEXT(2) 
PARAMETRIC_REPRESENTATION_CONTEXT() REPRESENTATION_CONTEXT('2D SPACE',''
  ) );
#7714 = PCURVE('',#7592,#7715);
#7715 = DEFINITIONAL_REPRESENTATION('',(#7716),#7720);
#7716 = B_SPLINE_CURVE_WITH_KNOTS('',2,(#7717,#7718,#7719),
  .UNSPECIFIED.,.F.,.F.,(3,3),(0.,1.),.PIECEWISE_BEZIER_KNOTS.);
#7717 = CARTESIAN_POINT('',(4.16251171875,9.6009375));
#7718 = CARTESIAN_POINT('',(4.825734375,9.6009375));
#7719 = CARTESIAN_POINT('',(5.51422265625,9.48092578125));
#7720 = ( GEOMETRIC_REPRESENTATION_CONTEXT(2) 
PARAMETRIC_REPRESENTATION_CONTEXT() REPRESENTATION_CONTEXT('2D SPACE',''
  ) );
#7721 = ORIENTED_EDGE('',*,*,#7629,.F.);
#7722 = ADVANCED_FACE('',(#7723),#3336,.T.);
#7723 = FACE_BOUND('',#7724,.T.);
#7724 = EDGE_LOOP('',(#7725,#7726,#7749,#7770));
#7725 = ORIENTED_EDGE('',*,*,#3292,.T.);
#7726 = ORIENTED_EDGE('',*,*,#7727,.T.);
#7727 = EDGE_CURVE('',#3218,#7728,#7730,.T.);
#7728 = VERTEX_POINT('',#7729);
#7729 = CARTESIAN_POINT('',(0.25897265625,4.40253515625,2.7));
#7730 = SURFACE_CURVE('',#7731,(#7735,#7742),.PCURVE_S1.);
#7731 = LINE('',#7732,#7733);
#7732 = CARTESIAN_POINT('',(0.25897265625,4.40253515625,1.45));
#7733 = VECTOR('',#7734,1.);
#7734 = DIRECTION('',(0.,0.,1.));
#7735 = PCURVE('',#3336,#7736);
#7736 = DEFINITIONAL_REPRESENTATION('',(#7737),#7741);
#7737 = LINE('',#7738,#7739);
#7738 = CARTESIAN_POINT('',(0.,0.));
#7739 = VECTOR('',#7740,1.);
#7740 = DIRECTION('',(0.,-1.));
#7741 = ( GEOMETRIC_REPRESENTATION_CONTEXT(2) 
PARAMETRIC_REPRESENTATION_CONTEXT() REPRESENTATION_CONTEXT('2D SPACE',''
  ) );
#7742 = PCURVE('',#3263,#7743);
#7743 = DEFINITIONAL_REPRESENTATION('',(#7744),#7748);
#7744 = LINE('',#7745,#7746);
#7745 = CARTESIAN_POINT('',(1.,0.));
#7746 = VECTOR('',#7747,1.);
#7747 = DIRECTION('',(0.,-1.));
#7748 = ( GEOMETRIC_REPRESENTATION_CONTEXT(2) 
PARAMETRIC_REPRESENTATION_CONTEXT() REPRESENTATION_CONTEXT('2D SPACE',''
  ) );
#7749 = ORIENTED_EDGE('',*,*,#7750,.T.);
#7750 = EDGE_CURVE('',#7728,#7679,#7751,.T.);
#7751 = SURFACE_CURVE('',#7752,(#7756,#7763),.PCURVE_S1.);
#7752 = B_SPLINE_CURVE_WITH_KNOTS('',2,(#7753,#7754,#7755),
  .UNSPECIFIED.,.F.,.F.,(3,3),(0.,1.),.PIECEWISE_BEZIER_KNOTS.);
#7753 = CARTESIAN_POINT('',(0.25897265625,4.40253515625,2.7));
#7754 = CARTESIAN_POINT('',(1.140111328125,5.12260546875,2.7));
#7755 = CARTESIAN_POINT('',(2.687630859375,5.12260546875,2.7));
#7756 = PCURVE('',#3336,#7757);
#7757 = DEFINITIONAL_REPRESENTATION('',(#7758),#7762);
#7758 = LINE('',#7759,#7760);
#7759 = CARTESIAN_POINT('',(0.,-1.25));
#7760 = VECTOR('',#7761,1.);
#7761 = DIRECTION('',(1.,0.));
#7762 = ( GEOMETRIC_REPRESENTATION_CONTEXT(2) 
PARAMETRIC_REPRESENTATION_CONTEXT() REPRESENTATION_CONTEXT('2D SPACE',''
  ) );
#7763 = PCURVE('',#7592,#7764);
#7764 = DEFINITIONAL_REPRESENTATION('',(#7765),#7769);
#7765 = B_SPLINE_CURVE_WITH_KNOTS('',2,(#7766,#7767,#7768),
  .UNSPECIFIED.,.F.,.F.,(3,3),(0.,1.),.PIECEWISE_BEZIER_KNOTS.);
#7766 = CARTESIAN_POINT('',(1.733853515625,8.8808671875));
#7767 = CARTESIAN_POINT('',(2.6149921875,9.6009375));
#7768 = CARTESIAN_POINT('',(4.16251171875,9.6009375));
#7769 = ( GEOMETRIC_REPRESENTATION_CONTEXT(2) 
PARAMETRIC_REPRESENTATION_CONTEXT() REPRESENTATION_CONTEXT('2D SPACE',''
  ) );
#7770 = ORIENTED_EDGE('',*,*,#7678,.F.);
#7771 = ADVANCED_FACE('',(#7772),#3263,.T.);
#7772 = FACE_BOUND('',#7773,.T.);
#7773 = EDGE_LOOP('',(#7774,#7775,#7798,#7819));
#7774 = ORIENTED_EDGE('',*,*,#3217,.T.);
#7775 = ORIENTED_EDGE('',*,*,#7776,.T.);
#7776 = EDGE_CURVE('',#3143,#7777,#7779,.T.);
#7777 = VERTEX_POINT('',#7778);
#7778 = CARTESIAN_POINT('',(-0.622166015625,2.43181640625,2.7));
#7779 = SURFACE_CURVE('',#7780,(#7784,#7791),.PCURVE_S1.);
#7780 = LINE('',#7781,#7782);
#7781 = CARTESIAN_POINT('',(-0.622166015625,2.43181640625,1.45));
#7782 = VECTOR('',#7783,1.);
#7783 = DIRECTION('',(0.,0.,1.));
#7784 = PCURVE('',#3263,#7785);
#7785 = DEFINITIONAL_REPRESENTATION('',(#7786),#7790);
#7786 = LINE('',#7787,#7788);
#7787 = CARTESIAN_POINT('',(0.,0.));
#7788 = VECTOR('',#7789,1.);
#7789 = DIRECTION('',(0.,-1.));
#7790 = ( GEOMETRIC_REPRESENTATION_CONTEXT(2) 
PARAMETRIC_REPRESENTATION_CONTEXT() REPRESENTATION_CONTEXT('2D SPACE',''
  ) );
#7791 = PCURVE('',#3188,#7792);
#7792 = DEFINITIONAL_REPRESENTATION('',(#7793),#7797);
#7793 = LINE('',#7794,#7795);
#7794 = CARTESIAN_POINT('',(1.,0.));
#7795 = VECTOR('',#7796,1.);
#7796 = DIRECTION('',(0.,-1.));
#7797 = ( GEOMETRIC_REPRESENTATION_CONTEXT(2) 
PARAMETRIC_REPRESENTATION_CONTEXT() REPRESENTATION_CONTEXT('2D SPACE',''
  ) );
#7798 = ORIENTED_EDGE('',*,*,#7799,.T.);
#7799 = EDGE_CURVE('',#7777,#7728,#7800,.T.);
#7800 = SURFACE_CURVE('',#7801,(#7805,#7812),.PCURVE_S1.);
#7801 = B_SPLINE_CURVE_WITH_KNOTS('',2,(#7802,#7803,#7804),
  .UNSPECIFIED.,.F.,.F.,(3,3),(0.,1.),.PIECEWISE_BEZIER_KNOTS.);
#7802 = CARTESIAN_POINT('',(-0.622166015625,2.43181640625,2.7));
#7803 = CARTESIAN_POINT('',(-0.622166015625,3.68246484375,2.7));
#7804 = CARTESIAN_POINT('',(0.25897265625,4.40253515625,2.7));
#7805 = PCURVE('',#3263,#7806);
#7806 = DEFINITIONAL_REPRESENTATION('',(#7807),#7811);
#7807 = LINE('',#7808,#7809);
#7808 = CARTESIAN_POINT('',(0.,-1.25));
#7809 = VECTOR('',#7810,1.);
#7810 = DIRECTION('',(1.,0.));
#7811 = ( GEOMETRIC_REPRESENTATION_CONTEXT(2) 
PARAMETRIC_REPRESENTATION_CONTEXT() REPRESENTATION_CONTEXT('2D SPACE',''
  ) );
#7812 = PCURVE('',#7592,#7813);
#7813 = DEFINITIONAL_REPRESENTATION('',(#7814),#7818);
#7814 = B_SPLINE_CURVE_WITH_KNOTS('',2,(#7815,#7816,#7817),
  .UNSPECIFIED.,.F.,.F.,(3,3),(0.,1.),.PIECEWISE_BEZIER_KNOTS.);
#7815 = CARTESIAN_POINT('',(0.85271484375,6.9101484375));
#7816 = CARTESIAN_POINT('',(0.85271484375,8.160796875));
#7817 = CARTESIAN_POINT('',(1.733853515625,8.8808671875));
#7818 = ( GEOMETRIC_REPRESENTATION_CONTEXT(2) 
PARAMETRIC_REPRESENTATION_CONTEXT() REPRESENTATION_CONTEXT('2D SPACE',''
  ) );
#7819 = ORIENTED_EDGE('',*,*,#7727,.F.);
#7820 = ADVANCED_FACE('',(#7821),#3188,.T.);
#7821 = FACE_BOUND('',#7822,.T.);
#7822 = EDGE_LOOP('',(#7823,#7824,#7847,#7868));
#7823 = ORIENTED_EDGE('',*,*,#3142,.T.);
#7824 = ORIENTED_EDGE('',*,*,#7825,.T.);
#7825 = EDGE_CURVE('',#3071,#7826,#7828,.T.);
#7826 = VERTEX_POINT('',#7827);
#7827 = CARTESIAN_POINT('',(1.5791015625E-02,0.7453359375,2.7));
#7828 = SURFACE_CURVE('',#7829,(#7833,#7840),.PCURVE_S1.);
#7829 = LINE('',#7830,#7831);
#7830 = CARTESIAN_POINT('',(1.5791015625E-02,0.7453359375,1.45));
#7831 = VECTOR('',#7832,1.);
#7832 = DIRECTION('',(0.,0.,1.));
#7833 = PCURVE('',#3188,#7834);
#7834 = DEFINITIONAL_REPRESENTATION('',(#7835),#7839);
#7835 = LINE('',#7836,#7837);
#7836 = CARTESIAN_POINT('',(0.,0.));
#7837 = VECTOR('',#7838,1.);
#7838 = DIRECTION('',(0.,-1.));
#7839 = ( GEOMETRIC_REPRESENTATION_CONTEXT(2) 
PARAMETRIC_REPRESENTATION_CONTEXT() REPRESENTATION_CONTEXT('2D SPACE',''
  ) );
#7840 = PCURVE('',#3114,#7841);
#7841 = DEFINITIONAL_REPRESENTATION('',(#7842),#7846);
#7842 = LINE('',#7843,#7844);
#7843 = CARTESIAN_POINT('',(1.,0.));
#7844 = VECTOR('',#7845,1.);
#7845 = DIRECTION('',(0.,-1.));
#7846 = ( GEOMETRIC_REPRESENTATION_CONTEXT(2) 
PARAMETRIC_REPRESENTATION_CONTEXT() REPRESENTATION_CONTEXT('2D SPACE',''
  ) );
#7847 = ORIENTED_EDGE('',*,*,#7848,.T.);
#7848 = EDGE_CURVE('',#7826,#7777,#7849,.T.);
#7849 = SURFACE_CURVE('',#7850,(#7854,#7861),.PCURVE_S1.);
#7850 = B_SPLINE_CURVE_WITH_KNOTS('',2,(#7851,#7852,#7853),
  .UNSPECIFIED.,.F.,.F.,(3,3),(0.,1.),.PIECEWISE_BEZIER_KNOTS.);
#7851 = CARTESIAN_POINT('',(1.5791015625E-02,0.7453359375,2.7));
#7852 = CARTESIAN_POINT('',(-0.622166015625,1.3517109375,2.7));
#7853 = CARTESIAN_POINT('',(-0.622166015625,2.43181640625,2.7));
#7854 = PCURVE('',#3188,#7855);
#7855 = DEFINITIONAL_REPRESENTATION('',(#7856),#7860);
#7856 = LINE('',#7857,#7858);
#7857 = CARTESIAN_POINT('',(0.,-1.25));
#7858 = VECTOR('',#7859,1.);
#7859 = DIRECTION('',(1.,0.));
#7860 = ( GEOMETRIC_REPRESENTATION_CONTEXT(2) 
PARAMETRIC_REPRESENTATION_CONTEXT() REPRESENTATION_CONTEXT('2D SPACE',''
  ) );
#7861 = PCURVE('',#7592,#7862);
#7862 = DEFINITIONAL_REPRESENTATION('',(#7863),#7867);
#7863 = B_SPLINE_CURVE_WITH_KNOTS('',2,(#7864,#7865,#7866),
  .UNSPECIFIED.,.F.,.F.,(3,3),(0.,1.),.PIECEWISE_BEZIER_KNOTS.);
#7864 = CARTESIAN_POINT('',(1.490671875,5.22366796875));
#7865 = CARTESIAN_POINT('',(0.85271484375,5.83004296875));
#7866 = CARTESIAN_POINT('',(0.85271484375,6.9101484375));
#7867 = ( GEOMETRIC_REPRESENTATION_CONTEXT(2) 
PARAMETRIC_REPRESENTATION_CONTEXT() REPRESENTATION_CONTEXT('2D SPACE',''
  ) );
#7868 = ORIENTED_EDGE('',*,*,#7776,.F.);
#7869 = ADVANCED_FACE('',(#7870),#3114,.T.);
#7870 = FACE_BOUND('',#7871,.T.);
#7871 = EDGE_LOOP('',(#7872,#7873,#7896,#7917));
#7872 = ORIENTED_EDGE('',*,*,#3070,.T.);
#7873 = ORIENTED_EDGE('',*,*,#7874,.T.);
#7874 = EDGE_CURVE('',#3045,#7875,#7877,.T.);
#7875 = VERTEX_POINT('',#7876);
#7876 = CARTESIAN_POINT('',(2.081255859375,-0.14527734375,2.7));
#7877 = SURFACE_CURVE('',#7878,(#7882,#7889),.PCURVE_S1.);
#7878 = LINE('',#7879,#7880);
#7879 = CARTESIAN_POINT('',(2.081255859375,-0.14527734375,1.45));
#7880 = VECTOR('',#7881,1.);
#7881 = DIRECTION('',(0.,0.,1.));
#7882 = PCURVE('',#3114,#7883);
#7883 = DEFINITIONAL_REPRESENTATION('',(#7884),#7888);
#7884 = LINE('',#7885,#7886);
#7885 = CARTESIAN_POINT('',(0.,0.));
#7886 = VECTOR('',#7887,1.);
#7887 = DIRECTION('',(0.,-1.));
#7888 = ( GEOMETRIC_REPRESENTATION_CONTEXT(2) 
PARAMETRIC_REPRESENTATION_CONTEXT() REPRESENTATION_CONTEXT('2D SPACE',''
  ) );
#7889 = PCURVE('',#3059,#7890);
#7890 = DEFINITIONAL_REPRESENTATION('',(#7891),#7895);
#7891 = LINE('',#7892,#7893);
#7892 = CARTESIAN_POINT('',(0.791569450652,0.));
#7893 = VECTOR('',#7894,1.);
#7894 = DIRECTION('',(0.,-1.));
#7895 = ( GEOMETRIC_REPRESENTATION_CONTEXT(2) 
PARAMETRIC_REPRESENTATION_CONTEXT() REPRESENTATION_CONTEXT('2D SPACE',''
  ) );
#7896 = ORIENTED_EDGE('',*,*,#7897,.T.);
#7897 = EDGE_CURVE('',#7875,#7826,#7898,.T.);
#7898 = SURFACE_CURVE('',#7899,(#7903,#7910),.PCURVE_S1.);
#7899 = B_SPLINE_CURVE_WITH_KNOTS('',2,(#7900,#7901,#7902),
  .UNSPECIFIED.,.F.,.F.,(3,3),(0.,1.),.PIECEWISE_BEZIER_KNOTS.);
#7900 = CARTESIAN_POINT('',(2.081255859375,-0.14527734375,2.7));
#7901 = CARTESIAN_POINT('',(0.653748046875,0.1389609375,2.7));
#7902 = CARTESIAN_POINT('',(1.5791015625E-02,0.7453359375,2.7));
#7903 = PCURVE('',#3114,#7904);
#7904 = DEFINITIONAL_REPRESENTATION('',(#7905),#7909);
#7905 = LINE('',#7906,#7907);
#7906 = CARTESIAN_POINT('',(0.,-1.25));
#7907 = VECTOR('',#7908,1.);
#7908 = DIRECTION('',(1.,0.));
#7909 = ( GEOMETRIC_REPRESENTATION_CONTEXT(2) 
PARAMETRIC_REPRESENTATION_CONTEXT() REPRESENTATION_CONTEXT('2D SPACE',''
  ) );
#7910 = PCURVE('',#7592,#7911);
#7911 = DEFINITIONAL_REPRESENTATION('',(#7912),#7916);
#7912 = B_SPLINE_CURVE_WITH_KNOTS('',2,(#7913,#7914,#7915),
  .UNSPECIFIED.,.F.,.F.,(3,3),(0.,1.),.PIECEWISE_BEZIER_KNOTS.);
#7913 = CARTESIAN_POINT('',(3.55613671875,4.3330546875));
#7914 = CARTESIAN_POINT('',(2.12862890625,4.61729296875));
#7915 = CARTESIAN_POINT('',(1.490671875,5.22366796875));
#7916 = ( GEOMETRIC_REPRESENTATION_CONTEXT(2) 
PARAMETRIC_REPRESENTATION_CONTEXT() REPRESENTATION_CONTEXT('2D SPACE',''
  ) );
#7917 = ORIENTED_EDGE('',*,*,#7825,.F.);
#7918 = ADVANCED_FACE('',(#7919),#3059,.T.);
#7919 = FACE_BOUND('',#7920,.T.);
#7920 = EDGE_LOOP('',(#7921,#7922,#7945,#7966));
#7921 = ORIENTED_EDGE('',*,*,#3044,.T.);
#7922 = ORIENTED_EDGE('',*,*,#7923,.T.);
#7923 = EDGE_CURVE('',#2973,#7924,#7926,.T.);
#7924 = VERTEX_POINT('',#7925);
#7925 = CARTESIAN_POINT('',(2.858173828125,-0.29687109375,2.7));
#7926 = SURFACE_CURVE('',#7927,(#7931,#7938),.PCURVE_S1.);
#7927 = LINE('',#7928,#7929);
#7928 = CARTESIAN_POINT('',(2.858173828125,-0.29687109375,1.45));
#7929 = VECTOR('',#7930,1.);
#7930 = DIRECTION('',(0.,0.,1.));
#7931 = PCURVE('',#3059,#7932);
#7932 = DEFINITIONAL_REPRESENTATION('',(#7933),#7937);
#7933 = LINE('',#7934,#7935);
#7934 = CARTESIAN_POINT('',(0.,0.));
#7935 = VECTOR('',#7936,1.);
#7936 = DIRECTION('',(0.,-1.));
#7937 = ( GEOMETRIC_REPRESENTATION_CONTEXT(2) 
PARAMETRIC_REPRESENTATION_CONTEXT() REPRESENTATION_CONTEXT('2D SPACE',''
  ) );
#7938 = PCURVE('',#3016,#7939);
#7939 = DEFINITIONAL_REPRESENTATION('',(#7940),#7944);
#7940 = LINE('',#7941,#7942);
#7941 = CARTESIAN_POINT('',(1.,0.));
#7942 = VECTOR('',#7943,1.);
#7943 = DIRECTION('',(0.,-1.));
#7944 = ( GEOMETRIC_REPRESENTATION_CONTEXT(2) 
PARAMETRIC_REPRESENTATION_CONTEXT() REPRESENTATION_CONTEXT('2D SPACE',''
  ) );
#7945 = ORIENTED_EDGE('',*,*,#7946,.T.);
#7946 = EDGE_CURVE('',#7924,#7875,#7947,.T.);
#7947 = SURFACE_CURVE('',#7948,(#7952,#7959),.PCURVE_S1.);
#7948 = LINE('',#7949,#7950);
#7949 = CARTESIAN_POINT('',(2.858173828125,-0.29687109375,2.7));
#7950 = VECTOR('',#7951,1.);
#7951 = DIRECTION('',(-0.981490592026,0.19151035942,0.));
#7952 = PCURVE('',#3059,#7953);
#7953 = DEFINITIONAL_REPRESENTATION('',(#7954),#7958);
#7954 = LINE('',#7955,#7956);
#7955 = CARTESIAN_POINT('',(0.,-1.25));
#7956 = VECTOR('',#7957,1.);
#7957 = DIRECTION('',(1.,0.));
#7958 = ( GEOMETRIC_REPRESENTATION_CONTEXT(2) 
PARAMETRIC_REPRESENTATION_CONTEXT() REPRESENTATION_CONTEXT('2D SPACE',''
  ) );
#7959 = PCURVE('',#7592,#7960);
#7960 = DEFINITIONAL_REPRESENTATION('',(#7961),#7965);
#7961 = LINE('',#7962,#7963);
#7962 = CARTESIAN_POINT('',(4.3330546875,4.1814609375));
#7963 = VECTOR('',#7964,1.);
#7964 = DIRECTION('',(-0.981490592026,0.19151035942));
#7965 = ( GEOMETRIC_REPRESENTATION_CONTEXT(2) 
PARAMETRIC_REPRESENTATION_CONTEXT() REPRESENTATION_CONTEXT('2D SPACE',''
  ) );
#7966 = ORIENTED_EDGE('',*,*,#7874,.F.);
#7967 = ADVANCED_FACE('',(#7968),#3016,.T.);
#7968 = FACE_BOUND('',#7969,.T.);
#7969 = EDGE_LOOP('',(#7970,#7971,#7994,#8015));
#7970 = ORIENTED_EDGE('',*,*,#2972,.T.);
#7971 = ORIENTED_EDGE('',*,*,#7972,.T.);
#7972 = EDGE_CURVE('',#2901,#7973,#7975,.T.);
#7973 = VERTEX_POINT('',#7974);
#7974 = CARTESIAN_POINT('',(4.2572578125,-0.884296875,2.7));
#7975 = SURFACE_CURVE('',#7976,(#7980,#7987),.PCURVE_S1.);
#7976 = LINE('',#7977,#7978);
#7977 = CARTESIAN_POINT('',(4.2572578125,-0.884296875,1.45));
#7978 = VECTOR('',#7979,1.);
#7979 = DIRECTION('',(0.,0.,1.));
#7980 = PCURVE('',#3016,#7981);
#7981 = DEFINITIONAL_REPRESENTATION('',(#7982),#7986);
#7982 = LINE('',#7983,#7984);
#7983 = CARTESIAN_POINT('',(0.,0.));
#7984 = VECTOR('',#7985,1.);
#7985 = DIRECTION('',(0.,-1.));
#7986 = ( GEOMETRIC_REPRESENTATION_CONTEXT(2) 
PARAMETRIC_REPRESENTATION_CONTEXT() REPRESENTATION_CONTEXT('2D SPACE',''
  ) );
#7987 = PCURVE('',#2944,#7988);
#7988 = DEFINITIONAL_REPRESENTATION('',(#7989),#7993);
#7989 = LINE('',#7990,#7991);
#7990 = CARTESIAN_POINT('',(1.,0.));
#7991 = VECTOR('',#7992,1.);
#7992 = DIRECTION('',(0.,-1.));
#7993 = ( GEOMETRIC_REPRESENTATION_CONTEXT(2) 
PARAMETRIC_REPRESENTATION_CONTEXT() REPRESENTATION_CONTEXT('2D SPACE',''
  ) );
#7994 = ORIENTED_EDGE('',*,*,#7995,.T.);
#7995 = EDGE_CURVE('',#7973,#7924,#7996,.T.);
#7996 = SURFACE_CURVE('',#7997,(#8001,#8008),.PCURVE_S1.);
#7997 = B_SPLINE_CURVE_WITH_KNOTS('',2,(#7998,#7999,#8000),
  .UNSPECIFIED.,.F.,.F.,(3,3),(0.,1.),.PIECEWISE_BEZIER_KNOTS.);
#7998 = CARTESIAN_POINT('',(4.2572578125,-0.884296875,2.7));
#7999 = CARTESIAN_POINT('',(3.830900390625,-0.4926796875,2.7));
#8000 = CARTESIAN_POINT('',(2.858173828125,-0.29687109375,2.7));
#8001 = PCURVE('',#3016,#8002);
#8002 = DEFINITIONAL_REPRESENTATION('',(#8003),#8007);
#8003 = LINE('',#8004,#8005);
#8004 = CARTESIAN_POINT('',(0.,-1.25));
#8005 = VECTOR('',#8006,1.);
#8006 = DIRECTION('',(1.,0.));
#8007 = ( GEOMETRIC_REPRESENTATION_CONTEXT(2) 
PARAMETRIC_REPRESENTATION_CONTEXT() REPRESENTATION_CONTEXT('2D SPACE',''
  ) );
#8008 = PCURVE('',#7592,#8009);
#8009 = DEFINITIONAL_REPRESENTATION('',(#8010),#8014);
#8010 = B_SPLINE_CURVE_WITH_KNOTS('',2,(#8011,#8012,#8013),
  .UNSPECIFIED.,.F.,.F.,(3,3),(0.,1.),.PIECEWISE_BEZIER_KNOTS.);
#8011 = CARTESIAN_POINT('',(5.732138671875,3.59403515625));
#8012 = CARTESIAN_POINT('',(5.30578125,3.98565234375));
#8013 = CARTESIAN_POINT('',(4.3330546875,4.1814609375));
#8014 = ( GEOMETRIC_REPRESENTATION_CONTEXT(2) 
PARAMETRIC_REPRESENTATION_CONTEXT() REPRESENTATION_CONTEXT('2D SPACE',''
  ) );
#8015 = ORIENTED_EDGE('',*,*,#7923,.F.);
#8016 = ADVANCED_FACE('',(#8017),#2944,.T.);
#8017 = FACE_BOUND('',#8018,.T.);
#8018 = EDGE_LOOP('',(#8019,#8020,#8043,#8064));
#8019 = ORIENTED_EDGE('',*,*,#2900,.T.);
#8020 = ORIENTED_EDGE('',*,*,#8021,.T.);
#8021 = EDGE_CURVE('',#2826,#8022,#8024,.T.);
#8022 = VERTEX_POINT('',#8023);
#8023 = CARTESIAN_POINT('',(4.683615234375,-1.97071875,2.7));
#8024 = SURFACE_CURVE('',#8025,(#8029,#8036),.PCURVE_S1.);
#8025 = LINE('',#8026,#8027);
#8026 = CARTESIAN_POINT('',(4.683615234375,-1.97071875,1.45));
#8027 = VECTOR('',#8028,1.);
#8028 = DIRECTION('',(0.,0.,1.));
#8029 = PCURVE('',#2944,#8030);
#8030 = DEFINITIONAL_REPRESENTATION('',(#8031),#8035);
#8031 = LINE('',#8032,#8033);
#8032 = CARTESIAN_POINT('',(0.,0.));
#8033 = VECTOR('',#8034,1.);
#8034 = DIRECTION('',(0.,-1.));
#8035 = ( GEOMETRIC_REPRESENTATION_CONTEXT(2) 
PARAMETRIC_REPRESENTATION_CONTEXT() REPRESENTATION_CONTEXT('2D SPACE',''
  ) );
#8036 = PCURVE('',#2871,#8037);
#8037 = DEFINITIONAL_REPRESENTATION('',(#8038),#8042);
#8038 = LINE('',#8039,#8040);
#8039 = CARTESIAN_POINT('',(1.,0.));
#8040 = VECTOR('',#8041,1.);
#8041 = DIRECTION('',(0.,-1.));
#8042 = ( GEOMETRIC_REPRESENTATION_CONTEXT(2) 
PARAMETRIC_REPRESENTATION_CONTEXT() REPRESENTATION_CONTEXT('2D SPACE',''
  ) );
#8043 = ORIENTED_EDGE('',*,*,#8044,.T.);
#8044 = EDGE_CURVE('',#8022,#7973,#8045,.T.);
#8045 = SURFACE_CURVE('',#8046,(#8050,#8057),.PCURVE_S1.);
#8046 = B_SPLINE_CURVE_WITH_KNOTS('',2,(#8047,#8048,#8049),
  .UNSPECIFIED.,.F.,.F.,(3,3),(0.,1.),.PIECEWISE_BEZIER_KNOTS.);
#8047 = CARTESIAN_POINT('',(4.683615234375,-1.97071875,2.7));
#8048 = CARTESIAN_POINT('',(4.683615234375,-1.2759140625,2.7));
#8049 = CARTESIAN_POINT('',(4.2572578125,-0.884296875,2.7));
#8050 = PCURVE('',#2944,#8051);
#8051 = DEFINITIONAL_REPRESENTATION('',(#8052),#8056);
#8052 = LINE('',#8053,#8054);
#8053 = CARTESIAN_POINT('',(0.,-1.25));
#8054 = VECTOR('',#8055,1.);
#8055 = DIRECTION('',(1.,0.));
#8056 = ( GEOMETRIC_REPRESENTATION_CONTEXT(2) 
PARAMETRIC_REPRESENTATION_CONTEXT() REPRESENTATION_CONTEXT('2D SPACE',''
  ) );
#8057 = PCURVE('',#7592,#8058);
#8058 = DEFINITIONAL_REPRESENTATION('',(#8059),#8063);
#8059 = B_SPLINE_CURVE_WITH_KNOTS('',2,(#8060,#8061,#8062),
  .UNSPECIFIED.,.F.,.F.,(3,3),(0.,1.),.PIECEWISE_BEZIER_KNOTS.);
#8060 = CARTESIAN_POINT('',(6.15849609375,2.50761328125));
#8061 = CARTESIAN_POINT('',(6.15849609375,3.20241796875));
#8062 = CARTESIAN_POINT('',(5.732138671875,3.59403515625));
#8063 = ( GEOMETRIC_REPRESENTATION_CONTEXT(2) 
PARAMETRIC_REPRESENTATION_CONTEXT() REPRESENTATION_CONTEXT('2D SPACE',''
  ) );
#8064 = ORIENTED_EDGE('',*,*,#7972,.F.);
#8065 = ADVANCED_FACE('',(#8066),#2871,.T.);
#8066 = FACE_BOUND('',#8067,.T.);
#8067 = EDGE_LOOP('',(#8068,#8069,#8092,#8113));
#8068 = ORIENTED_EDGE('',*,*,#2825,.T.);
#8069 = ORIENTED_EDGE('',*,*,#8070,.T.);
#8070 = EDGE_CURVE('',#2754,#8071,#8073,.T.);
#8071 = VERTEX_POINT('',#8072);
#8072 = CARTESIAN_POINT('',(4.089873046875,-3.1961015625,2.7));
#8073 = SURFACE_CURVE('',#8074,(#8078,#8085),.PCURVE_S1.);
#8074 = LINE('',#8075,#8076);
#8075 = CARTESIAN_POINT('',(4.089873046875,-3.1961015625,1.45));
#8076 = VECTOR('',#8077,1.);
#8077 = DIRECTION('',(0.,0.,1.));
#8078 = PCURVE('',#2871,#8079);
#8079 = DEFINITIONAL_REPRESENTATION('',(#8080),#8084);
#8080 = LINE('',#8081,#8082);
#8081 = CARTESIAN_POINT('',(0.,0.));
#8082 = VECTOR('',#8083,1.);
#8083 = DIRECTION('',(0.,-1.));
#8084 = ( GEOMETRIC_REPRESENTATION_CONTEXT(2) 
PARAMETRIC_REPRESENTATION_CONTEXT() REPRESENTATION_CONTEXT('2D SPACE',''
  ) );
#8085 = PCURVE('',#2797,#8086);
#8086 = DEFINITIONAL_REPRESENTATION('',(#8087),#8091);
#8087 = LINE('',#8088,#8089);
#8088 = CARTESIAN_POINT('',(1.,0.));
#8089 = VECTOR('',#8090,1.);
#8090 = DIRECTION('',(0.,-1.));
#8091 = ( GEOMETRIC_REPRESENTATION_CONTEXT(2) 
PARAMETRIC_REPRESENTATION_CONTEXT() REPRESENTATION_CONTEXT('2D SPACE',''
  ) );
#8092 = ORIENTED_EDGE('',*,*,#8093,.T.);
#8093 = EDGE_CURVE('',#8071,#8022,#8094,.T.);
#8094 = SURFACE_CURVE('',#8095,(#8099,#8106),.PCURVE_S1.);
#8095 = B_SPLINE_CURVE_WITH_KNOTS('',2,(#8096,#8097,#8098),
  .UNSPECIFIED.,.F.,.F.,(3,3),(0.,1.),.PIECEWISE_BEZIER_KNOTS.);
#8096 = CARTESIAN_POINT('',(4.089873046875,-3.1961015625,2.7));
#8097 = CARTESIAN_POINT('',(4.683615234375,-2.7665859375,2.7));
#8098 = CARTESIAN_POINT('',(4.683615234375,-1.97071875,2.7));
#8099 = PCURVE('',#2871,#8100);
#8100 = DEFINITIONAL_REPRESENTATION('',(#8101),#8105);
#8101 = LINE('',#8102,#8103);
#8102 = CARTESIAN_POINT('',(0.,-1.25));
#8103 = VECTOR('',#8104,1.);
#8104 = DIRECTION('',(1.,0.));
#8105 = ( GEOMETRIC_REPRESENTATION_CONTEXT(2) 
PARAMETRIC_REPRESENTATION_CONTEXT() REPRESENTATION_CONTEXT('2D SPACE',''
  ) );
#8106 = PCURVE('',#7592,#8107);
#8107 = DEFINITIONAL_REPRESENTATION('',(#8108),#8112);
#8108 = B_SPLINE_CURVE_WITH_KNOTS('',2,(#8109,#8110,#8111),
  .UNSPECIFIED.,.F.,.F.,(3,3),(0.,1.),.PIECEWISE_BEZIER_KNOTS.);
#8109 = CARTESIAN_POINT('',(5.56475390625,1.28223046875));
#8110 = CARTESIAN_POINT('',(6.15849609375,1.71174609375));
#8111 = CARTESIAN_POINT('',(6.15849609375,2.50761328125));
#8112 = ( GEOMETRIC_REPRESENTATION_CONTEXT(2) 
PARAMETRIC_REPRESENTATION_CONTEXT() REPRESENTATION_CONTEXT('2D SPACE',''
  ) );
#8113 = ORIENTED_EDGE('',*,*,#8021,.F.);
#8114 = ADVANCED_FACE('',(#8115),#2797,.T.);
#8115 = FACE_BOUND('',#8116,.T.);
#8116 = EDGE_LOOP('',(#8117,#8118,#8141,#8162));
#8117 = ORIENTED_EDGE('',*,*,#2753,.T.);
#8118 = ORIENTED_EDGE('',*,*,#8119,.T.);
#8119 = EDGE_CURVE('',#2703,#8120,#8122,.T.);
#8120 = VERTEX_POINT('',#8121);
#8121 = CARTESIAN_POINT('',(2.403392578125,-3.6256171875,2.7));
#8122 = SURFACE_CURVE('',#8123,(#8127,#8134),.PCURVE_S1.);
#8123 = LINE('',#8124,#8125);
#8124 = CARTESIAN_POINT('',(2.403392578125,-3.6256171875,1.45));
#8125 = VECTOR('',#8126,1.);
#8126 = DIRECTION('',(0.,0.,1.));
#8127 = PCURVE('',#2797,#8128);
#8128 = DEFINITIONAL_REPRESENTATION('',(#8129),#8133);
#8129 = LINE('',#8130,#8131);
#8130 = CARTESIAN_POINT('',(0.,0.));
#8131 = VECTOR('',#8132,1.);
#8132 = DIRECTION('',(0.,-1.));
#8133 = ( GEOMETRIC_REPRESENTATION_CONTEXT(2) 
PARAMETRIC_REPRESENTATION_CONTEXT() REPRESENTATION_CONTEXT('2D SPACE',''
  ) );
#8134 = PCURVE('',#2732,#8135);
#8135 = DEFINITIONAL_REPRESENTATION('',(#8136),#8140);
#8136 = LINE('',#8137,#8138);
#8137 = CARTESIAN_POINT('',(1.,0.));
#8138 = VECTOR('',#8139,1.);
#8139 = DIRECTION('',(0.,-1.));
#8140 = ( GEOMETRIC_REPRESENTATION_CONTEXT(2) 
PARAMETRIC_REPRESENTATION_CONTEXT() REPRESENTATION_CONTEXT('2D SPACE',''
  ) );
#8141 = ORIENTED_EDGE('',*,*,#8142,.T.);
#8142 = EDGE_CURVE('',#8120,#8071,#8143,.T.);
#8143 = SURFACE_CURVE('',#8144,(#8148,#8155),.PCURVE_S1.);
#8144 = B_SPLINE_CURVE_WITH_KNOTS('',2,(#8145,#8146,#8147),
  .UNSPECIFIED.,.F.,.F.,(3,3),(0.,1.),.PIECEWISE_BEZIER_KNOTS.);
#8145 = CARTESIAN_POINT('',(2.403392578125,-3.6256171875,2.7));
#8146 = CARTESIAN_POINT('',(3.496130859375,-3.6256171875,2.7));
#8147 = CARTESIAN_POINT('',(4.089873046875,-3.1961015625,2.7));
#8148 = PCURVE('',#2797,#8149);
#8149 = DEFINITIONAL_REPRESENTATION('',(#8150),#8154);
#8150 = LINE('',#8151,#8152);
#8151 = CARTESIAN_POINT('',(0.,-1.25));
#8152 = VECTOR('',#8153,1.);
#8153 = DIRECTION('',(1.,0.));
#8154 = ( GEOMETRIC_REPRESENTATION_CONTEXT(2) 
PARAMETRIC_REPRESENTATION_CONTEXT() REPRESENTATION_CONTEXT('2D SPACE',''
  ) );
#8155 = PCURVE('',#7592,#8156);
#8156 = DEFINITIONAL_REPRESENTATION('',(#8157),#8161);
#8157 = B_SPLINE_CURVE_WITH_KNOTS('',2,(#8158,#8159,#8160),
  .UNSPECIFIED.,.F.,.F.,(3,3),(0.,1.),.PIECEWISE_BEZIER_KNOTS.);
#8158 = CARTESIAN_POINT('',(3.8782734375,0.85271484375));
#8159 = CARTESIAN_POINT('',(4.97101171875,0.85271484375));
#8160 = CARTESIAN_POINT('',(5.56475390625,1.28223046875));
#8161 = ( GEOMETRIC_REPRESENTATION_CONTEXT(2) 
PARAMETRIC_REPRESENTATION_CONTEXT() REPRESENTATION_CONTEXT('2D SPACE',''
  ) );
#8162 = ORIENTED_EDGE('',*,*,#8070,.F.);
#8163 = ADVANCED_FACE('',(#8164),#2732,.T.);
#8164 = FACE_BOUND('',#8165,.T.);
#8165 = EDGE_LOOP('',(#8166,#8167,#8190,#8211));
#8166 = ORIENTED_EDGE('',*,*,#2702,.T.);
#8167 = ORIENTED_EDGE('',*,*,#8168,.T.);
#8168 = EDGE_CURVE('',#2652,#8169,#8171,.T.);
#8169 = VERTEX_POINT('',#8170);
#8170 = CARTESIAN_POINT('',(0.937986328125,-3.40454296875,2.7));
#8171 = SURFACE_CURVE('',#8172,(#8176,#8183),.PCURVE_S1.);
#8172 = LINE('',#8173,#8174);
#8173 = CARTESIAN_POINT('',(0.937986328125,-3.40454296875,1.45));
#8174 = VECTOR('',#8175,1.);
#8175 = DIRECTION('',(0.,0.,1.));
#8176 = PCURVE('',#2732,#8177);
#8177 = DEFINITIONAL_REPRESENTATION('',(#8178),#8182);
#8178 = LINE('',#8179,#8180);
#8179 = CARTESIAN_POINT('',(0.,0.));
#8180 = VECTOR('',#8181,1.);
#8181 = DIRECTION('',(0.,-1.));
#8182 = ( GEOMETRIC_REPRESENTATION_CONTEXT(2) 
PARAMETRIC_REPRESENTATION_CONTEXT() REPRESENTATION_CONTEXT('2D SPACE',''
  ) );
#8183 = PCURVE('',#2681,#8184);
#8184 = DEFINITIONAL_REPRESENTATION('',(#8185),#8189);
#8185 = LINE('',#8186,#8187);
#8186 = CARTESIAN_POINT('',(1.,0.));
#8187 = VECTOR('',#8188,1.);
#8188 = DIRECTION('',(0.,-1.));
#8189 = ( GEOMETRIC_REPRESENTATION_CONTEXT(2) 
PARAMETRIC_REPRESENTATION_CONTEXT() REPRESENTATION_CONTEXT('2D SPACE',''
  ) );
#8190 = ORIENTED_EDGE('',*,*,#8191,.T.);
#8191 = EDGE_CURVE('',#8169,#8120,#8192,.T.);
#8192 = SURFACE_CURVE('',#8193,(#8197,#8204),.PCURVE_S1.);
#8193 = B_SPLINE_CURVE_WITH_KNOTS('',2,(#8194,#8195,#8196),
  .UNSPECIFIED.,.F.,.F.,(3,3),(0.,1.),.PIECEWISE_BEZIER_KNOTS.);
#8194 = CARTESIAN_POINT('',(0.937986328125,-3.40454296875,2.7));
#8195 = CARTESIAN_POINT('',(1.683322265625,-3.6256171875,2.7));
#8196 = CARTESIAN_POINT('',(2.403392578125,-3.6256171875,2.7));
#8197 = PCURVE('',#2732,#8198);
#8198 = DEFINITIONAL_REPRESENTATION('',(#8199),#8203);
#8199 = LINE('',#8200,#8201);
#8200 = CARTESIAN_POINT('',(0.,-1.25));
#8201 = VECTOR('',#8202,1.);
#8202 = DIRECTION('',(1.,0.));
#8203 = ( GEOMETRIC_REPRESENTATION_CONTEXT(2) 
PARAMETRIC_REPRESENTATION_CONTEXT() REPRESENTATION_CONTEXT('2D SPACE',''
  ) );
#8204 = PCURVE('',#7592,#8205);
#8205 = DEFINITIONAL_REPRESENTATION('',(#8206),#8210);
#8206 = B_SPLINE_CURVE_WITH_KNOTS('',2,(#8207,#8208,#8209),
  .UNSPECIFIED.,.F.,.F.,(3,3),(0.,1.),.PIECEWISE_BEZIER_KNOTS.);
#8207 = CARTESIAN_POINT('',(2.4128671875,1.0737890625));
#8208 = CARTESIAN_POINT('',(3.158203125,0.85271484375));
#8209 = CARTESIAN_POINT('',(3.8782734375,0.85271484375));
#8210 = ( GEOMETRIC_REPRESENTATION_CONTEXT(2) 
PARAMETRIC_REPRESENTATION_CONTEXT() REPRESENTATION_CONTEXT('2D SPACE',''
  ) );
#8211 = ORIENTED_EDGE('',*,*,#8119,.F.);
#8212 = ADVANCED_FACE('',(#8213),#2681,.T.);
#8213 = FACE_BOUND('',#8214,.T.);
#8214 = EDGE_LOOP('',(#8215,#8216,#8239,#8260));
#8215 = ORIENTED_EDGE('',*,*,#2651,.T.);
#8216 = ORIENTED_EDGE('',*,*,#8217,.T.);
#8217 = EDGE_CURVE('',#2626,#8218,#8220,.T.);
#8218 = VERTEX_POINT('',#8219);
#8219 = CARTESIAN_POINT('',(-0.584267578125,-2.74763671875,2.7));
#8220 = SURFACE_CURVE('',#8221,(#8225,#8232),.PCURVE_S1.);
#8221 = LINE('',#8222,#8223);
#8222 = CARTESIAN_POINT('',(-0.584267578125,-2.74763671875,1.45));
#8223 = VECTOR('',#8224,1.);
#8224 = DIRECTION('',(0.,0.,1.));
#8225 = PCURVE('',#2681,#8226);
#8226 = DEFINITIONAL_REPRESENTATION('',(#8227),#8231);
#8227 = LINE('',#8228,#8229);
#8228 = CARTESIAN_POINT('',(0.,0.));
#8229 = VECTOR('',#8230,1.);
#8230 = DIRECTION('',(0.,-1.));
#8231 = ( GEOMETRIC_REPRESENTATION_CONTEXT(2) 
PARAMETRIC_REPRESENTATION_CONTEXT() REPRESENTATION_CONTEXT('2D SPACE',''
  ) );
#8232 = PCURVE('',#2640,#8233);
#8233 = DEFINITIONAL_REPRESENTATION('',(#8234),#8238);
#8234 = LINE('',#8235,#8236);
#8235 = CARTESIAN_POINT('',(1.3138125,0.));
#8236 = VECTOR('',#8237,1.);
#8237 = DIRECTION('',(0.,-1.));
#8238 = ( GEOMETRIC_REPRESENTATION_CONTEXT(2) 
PARAMETRIC_REPRESENTATION_CONTEXT() REPRESENTATION_CONTEXT('2D SPACE',''
  ) );
#8239 = ORIENTED_EDGE('',*,*,#8240,.T.);
#8240 = EDGE_CURVE('',#8218,#8169,#8241,.T.);
#8241 = SURFACE_CURVE('',#8242,(#8246,#8253),.PCURVE_S1.);
#8242 = B_SPLINE_CURVE_WITH_KNOTS('',2,(#8243,#8244,#8245),
  .UNSPECIFIED.,.F.,.F.,(3,3),(0.,1.),.PIECEWISE_BEZIER_KNOTS.);
#8243 = CARTESIAN_POINT('',(-0.584267578125,-2.74763671875,2.7));
#8244 = CARTESIAN_POINT('',(0.192650390625,-3.18346875,2.7));
#8245 = CARTESIAN_POINT('',(0.937986328125,-3.40454296875,2.7));
#8246 = PCURVE('',#2681,#8247);
#8247 = DEFINITIONAL_REPRESENTATION('',(#8248),#8252);
#8248 = LINE('',#8249,#8250);
#8249 = CARTESIAN_POINT('',(0.,-1.25));
#8250 = VECTOR('',#8251,1.);
#8251 = DIRECTION('',(1.,0.));
#8252 = ( GEOMETRIC_REPRESENTATION_CONTEXT(2) 
PARAMETRIC_REPRESENTATION_CONTEXT() REPRESENTATION_CONTEXT('2D SPACE',''
  ) );
#8253 = PCURVE('',#7592,#8254);
#8254 = DEFINITIONAL_REPRESENTATION('',(#8255),#8259);
#8255 = B_SPLINE_CURVE_WITH_KNOTS('',2,(#8256,#8257,#8258),
  .UNSPECIFIED.,.F.,.F.,(3,3),(0.,1.),.PIECEWISE_BEZIER_KNOTS.);
#8256 = CARTESIAN_POINT('',(0.89061328125,1.7306953125));
#8257 = CARTESIAN_POINT('',(1.66753125,1.29486328125));
#8258 = CARTESIAN_POINT('',(2.4128671875,1.0737890625));
#8259 = ( GEOMETRIC_REPRESENTATION_CONTEXT(2) 
PARAMETRIC_REPRESENTATION_CONTEXT() REPRESENTATION_CONTEXT('2D SPACE',''
  ) );
#8260 = ORIENTED_EDGE('',*,*,#8168,.F.);
#8261 = ADVANCED_FACE('',(#8262),#2640,.T.);
#8262 = FACE_BOUND('',#8263,.T.);
#8263 = EDGE_LOOP('',(#8264,#8265,#8288,#8309));
#8264 = ORIENTED_EDGE('',*,*,#2625,.T.);
#8265 = ORIENTED_EDGE('',*,*,#8266,.T.);
#8266 = EDGE_CURVE('',#2587,#8267,#8269,.T.);
#8267 = VERTEX_POINT('',#8268);
#8268 = CARTESIAN_POINT('',(-0.584267578125,-4.06144921875,2.7));
#8269 = SURFACE_CURVE('',#8270,(#8274,#8281),.PCURVE_S1.);
#8270 = LINE('',#8271,#8272);
#8271 = CARTESIAN_POINT('',(-0.584267578125,-4.06144921875,1.45));
#8272 = VECTOR('',#8273,1.);
#8273 = DIRECTION('',(0.,0.,1.));
#8274 = PCURVE('',#2640,#8275);
#8275 = DEFINITIONAL_REPRESENTATION('',(#8276),#8280);
#8276 = LINE('',#8277,#8278);
#8277 = CARTESIAN_POINT('',(0.,0.));
#8278 = VECTOR('',#8279,1.);
#8279 = DIRECTION('',(0.,-1.));
#8280 = ( GEOMETRIC_REPRESENTATION_CONTEXT(2) 
PARAMETRIC_REPRESENTATION_CONTEXT() REPRESENTATION_CONTEXT('2D SPACE',''
  ) );
#8281 = PCURVE('',#2608,#8282);
#8282 = DEFINITIONAL_REPRESENTATION('',(#8283),#8287);
#8283 = LINE('',#8284,#8285);
#8284 = CARTESIAN_POINT('',(1.,0.));
#8285 = VECTOR('',#8286,1.);
#8286 = DIRECTION('',(0.,-1.));
#8287 = ( GEOMETRIC_REPRESENTATION_CONTEXT(2) 
PARAMETRIC_REPRESENTATION_CONTEXT() REPRESENTATION_CONTEXT('2D SPACE',''
  ) );
#8288 = ORIENTED_EDGE('',*,*,#8289,.T.);
#8289 = EDGE_CURVE('',#8267,#8218,#8290,.T.);
#8290 = SURFACE_CURVE('',#8291,(#8295,#8302),.PCURVE_S1.);
#8291 = LINE('',#8292,#8293);
#8292 = CARTESIAN_POINT('',(-0.584267578125,-4.06144921875,2.7));
#8293 = VECTOR('',#8294,1.);
#8294 = DIRECTION('',(0.,1.,0.));
#8295 = PCURVE('',#2640,#8296);
#8296 = DEFINITIONAL_REPRESENTATION('',(#8297),#8301);
#8297 = LINE('',#8298,#8299);
#8298 = CARTESIAN_POINT('',(0.,-1.25));
#8299 = VECTOR('',#8300,1.);
#8300 = DIRECTION('',(1.,0.));
#8301 = ( GEOMETRIC_REPRESENTATION_CONTEXT(2) 
PARAMETRIC_REPRESENTATION_CONTEXT() REPRESENTATION_CONTEXT('2D SPACE',''
  ) );
#8302 = PCURVE('',#7592,#8303);
#8303 = DEFINITIONAL_REPRESENTATION('',(#8304),#8308);
#8304 = LINE('',#8305,#8306);
#8305 = CARTESIAN_POINT('',(0.89061328125,0.4168828125));
#8306 = VECTOR('',#8307,1.);
#8307 = DIRECTION('',(0.,1.));
#8308 = ( GEOMETRIC_REPRESENTATION_CONTEXT(2) 
PARAMETRIC_REPRESENTATION_CONTEXT() REPRESENTATION_CONTEXT('2D SPACE',''
  ) );
#8309 = ORIENTED_EDGE('',*,*,#8217,.F.);
#8310 = ADVANCED_FACE('',(#8311),#2608,.T.);
#8311 = FACE_BOUND('',#8312,.T.);
#8312 = EDGE_LOOP('',(#8313,#8314,#8337,#8358));
#8313 = ORIENTED_EDGE('',*,*,#2586,.T.);
#8314 = ORIENTED_EDGE('',*,*,#8315,.T.);
#8315 = EDGE_CURVE('',#2545,#8316,#8318,.T.);
#8316 = VERTEX_POINT('',#8317);
#8317 = CARTESIAN_POINT('',(0.97904296875,-4.5099140625,2.7));
#8318 = SURFACE_CURVE('',#8319,(#8323,#8330),.PCURVE_S1.);
#8319 = LINE('',#8320,#8321);
#8320 = CARTESIAN_POINT('',(0.97904296875,-4.5099140625,1.45));
#8321 = VECTOR('',#8322,1.);
#8322 = DIRECTION('',(0.,0.,1.));
#8323 = PCURVE('',#2608,#8324);
#8324 = DEFINITIONAL_REPRESENTATION('',(#8325),#8329);
#8325 = LINE('',#8326,#8327);
#8326 = CARTESIAN_POINT('',(0.,0.));
#8327 = VECTOR('',#8328,1.);
#8328 = DIRECTION('',(0.,-1.));
#8329 = ( GEOMETRIC_REPRESENTATION_CONTEXT(2) 
PARAMETRIC_REPRESENTATION_CONTEXT() REPRESENTATION_CONTEXT('2D SPACE',''
  ) );
#8330 = PCURVE('',#2568,#8331);
#8331 = DEFINITIONAL_REPRESENTATION('',(#8332),#8336);
#8332 = LINE('',#8333,#8334);
#8333 = CARTESIAN_POINT('',(1.,0.));
#8334 = VECTOR('',#8335,1.);
#8335 = DIRECTION('',(0.,-1.));
#8336 = ( GEOMETRIC_REPRESENTATION_CONTEXT(2) 
PARAMETRIC_REPRESENTATION_CONTEXT() REPRESENTATION_CONTEXT('2D SPACE',''
  ) );
#8337 = ORIENTED_EDGE('',*,*,#8338,.T.);
#8338 = EDGE_CURVE('',#8316,#8267,#8339,.T.);
#8339 = SURFACE_CURVE('',#8340,(#8344,#8351),.PCURVE_S1.);
#8340 = B_SPLINE_CURVE_WITH_KNOTS('',2,(#8341,#8342,#8343),
  .UNSPECIFIED.,.F.,.F.,(3,3),(0.,1.),.PIECEWISE_BEZIER_KNOTS.);
#8341 = CARTESIAN_POINT('',(0.97904296875,-4.5099140625,2.7));
#8342 = CARTESIAN_POINT('',(0.224232421875,-4.3583203125,2.7));
#8343 = CARTESIAN_POINT('',(-0.584267578125,-4.06144921875,2.7));
#8344 = PCURVE('',#2608,#8345);
#8345 = DEFINITIONAL_REPRESENTATION('',(#8346),#8350);
#8346 = LINE('',#8347,#8348);
#8347 = CARTESIAN_POINT('',(0.,-1.25));
#8348 = VECTOR('',#8349,1.);
#8349 = DIRECTION('',(1.,0.));
#8350 = ( GEOMETRIC_REPRESENTATION_CONTEXT(2) 
PARAMETRIC_REPRESENTATION_CONTEXT() REPRESENTATION_CONTEXT('2D SPACE',''
  ) );
#8351 = PCURVE('',#7592,#8352);
#8352 = DEFINITIONAL_REPRESENTATION('',(#8353),#8357);
#8353 = B_SPLINE_CURVE_WITH_KNOTS('',2,(#8354,#8355,#8356),
  .UNSPECIFIED.,.F.,.F.,(3,3),(0.,1.),.PIECEWISE_BEZIER_KNOTS.);
#8354 = CARTESIAN_POINT('',(2.453923828125,-3.158203125E-02));
#8355 = CARTESIAN_POINT('',(1.69911328125,0.12001171875));
#8356 = CARTESIAN_POINT('',(0.89061328125,0.4168828125));
#8357 = ( GEOMETRIC_REPRESENTATION_CONTEXT(2) 
PARAMETRIC_REPRESENTATION_CONTEXT() REPRESENTATION_CONTEXT('2D SPACE',''
  ) );
#8358 = ORIENTED_EDGE('',*,*,#8266,.F.);
#8359 = ADVANCED_FACE('',(#8360),#2568,.T.);
#8360 = FACE_BOUND('',#8361,.T.);
#8361 = EDGE_LOOP('',(#8362,#8363,#8386,#8407));
#8362 = ORIENTED_EDGE('',*,*,#2544,.T.);
#8363 = ORIENTED_EDGE('',*,*,#8364,.T.);
#8364 = EDGE_CURVE('',#2473,#8365,#8367,.T.);
#8365 = VERTEX_POINT('',#8366);
#8366 = CARTESIAN_POINT('',(2.403392578125,-4.6615078125,2.7));
#8367 = SURFACE_CURVE('',#8368,(#8372,#8379),.PCURVE_S1.);
#8368 = LINE('',#8369,#8370);
#8369 = CARTESIAN_POINT('',(2.403392578125,-4.6615078125,1.45));
#8370 = VECTOR('',#8371,1.);
#8371 = DIRECTION('',(0.,0.,1.));
#8372 = PCURVE('',#2568,#8373);
#8373 = DEFINITIONAL_REPRESENTATION('',(#8374),#8378);
#8374 = LINE('',#8375,#8376);
#8375 = CARTESIAN_POINT('',(0.,0.));
#8376 = VECTOR('',#8377,1.);
#8377 = DIRECTION('',(0.,-1.));
#8378 = ( GEOMETRIC_REPRESENTATION_CONTEXT(2) 
PARAMETRIC_REPRESENTATION_CONTEXT() REPRESENTATION_CONTEXT('2D SPACE',''
  ) );
#8379 = PCURVE('',#2516,#8380);
#8380 = DEFINITIONAL_REPRESENTATION('',(#8381),#8385);
#8381 = LINE('',#8382,#8383);
#8382 = CARTESIAN_POINT('',(1.,0.));
#8383 = VECTOR('',#8384,1.);
#8384 = DIRECTION('',(0.,-1.));
#8385 = ( GEOMETRIC_REPRESENTATION_CONTEXT(2) 
PARAMETRIC_REPRESENTATION_CONTEXT() REPRESENTATION_CONTEXT('2D SPACE',''
  ) );
#8386 = ORIENTED_EDGE('',*,*,#8387,.T.);
#8387 = EDGE_CURVE('',#8365,#8316,#8388,.T.);
#8388 = SURFACE_CURVE('',#8389,(#8393,#8400),.PCURVE_S1.);
#8389 = B_SPLINE_CURVE_WITH_KNOTS('',2,(#8390,#8391,#8392),
  .UNSPECIFIED.,.F.,.F.,(3,3),(0.,1.),.PIECEWISE_BEZIER_KNOTS.);
#8390 = CARTESIAN_POINT('',(2.403392578125,-4.6615078125,2.7));
#8391 = CARTESIAN_POINT('',(1.733853515625,-4.6615078125,2.7));
#8392 = CARTESIAN_POINT('',(0.97904296875,-4.5099140625,2.7));
#8393 = PCURVE('',#2568,#8394);
#8394 = DEFINITIONAL_REPRESENTATION('',(#8395),#8399);
#8395 = LINE('',#8396,#8397);
#8396 = CARTESIAN_POINT('',(0.,-1.25));
#8397 = VECTOR('',#8398,1.);
#8398 = DIRECTION('',(1.,0.));
#8399 = ( GEOMETRIC_REPRESENTATION_CONTEXT(2) 
PARAMETRIC_REPRESENTATION_CONTEXT() REPRESENTATION_CONTEXT('2D SPACE',''
  ) );
#8400 = PCURVE('',#7592,#8401);
#8401 = DEFINITIONAL_REPRESENTATION('',(#8402),#8406);
#8402 = B_SPLINE_CURVE_WITH_KNOTS('',2,(#8403,#8404,#8405),
  .UNSPECIFIED.,.F.,.F.,(3,3),(0.,1.),.PIECEWISE_BEZIER_KNOTS.);
#8403 = CARTESIAN_POINT('',(3.8782734375,-0.18317578125));
#8404 = CARTESIAN_POINT('',(3.208734375,-0.18317578125));
#8405 = CARTESIAN_POINT('',(2.453923828125,-3.158203125E-02));
#8406 = ( GEOMETRIC_REPRESENTATION_CONTEXT(2) 
PARAMETRIC_REPRESENTATION_CONTEXT() REPRESENTATION_CONTEXT('2D SPACE',''
  ) );
#8407 = ORIENTED_EDGE('',*,*,#8315,.F.);
#8408 = ADVANCED_FACE('',(#8409),#2516,.T.);
#8409 = FACE_BOUND('',#8410,.T.);
#8410 = EDGE_LOOP('',(#8411,#8412,#8435,#8456));
#8411 = ORIENTED_EDGE('',*,*,#2472,.T.);
#8412 = ORIENTED_EDGE('',*,*,#8413,.T.);
#8413 = EDGE_CURVE('',#2398,#8414,#8416,.T.);
#8414 = VERTEX_POINT('',#8415);
#8415 = CARTESIAN_POINT('',(5.09733984375,-3.9540703125,2.7));
#8416 = SURFACE_CURVE('',#8417,(#8421,#8428),.PCURVE_S1.);
#8417 = LINE('',#8418,#8419);
#8418 = CARTESIAN_POINT('',(5.09733984375,-3.9540703125,1.45));
#8419 = VECTOR('',#8420,1.);
#8420 = DIRECTION('',(0.,0.,1.));
#8421 = PCURVE('',#2516,#8422);
#8422 = DEFINITIONAL_REPRESENTATION('',(#8423),#8427);
#8423 = LINE('',#8424,#8425);
#8424 = CARTESIAN_POINT('',(0.,0.));
#8425 = VECTOR('',#8426,1.);
#8426 = DIRECTION('',(0.,-1.));
#8427 = ( GEOMETRIC_REPRESENTATION_CONTEXT(2) 
PARAMETRIC_REPRESENTATION_CONTEXT() REPRESENTATION_CONTEXT('2D SPACE',''
  ) );
#8428 = PCURVE('',#2443,#8429);
#8429 = DEFINITIONAL_REPRESENTATION('',(#8430),#8434);
#8430 = LINE('',#8431,#8432);
#8431 = CARTESIAN_POINT('',(1.,0.));
#8432 = VECTOR('',#8433,1.);
#8433 = DIRECTION('',(0.,-1.));
#8434 = ( GEOMETRIC_REPRESENTATION_CONTEXT(2) 
PARAMETRIC_REPRESENTATION_CONTEXT() REPRESENTATION_CONTEXT('2D SPACE',''
  ) );
#8435 = ORIENTED_EDGE('',*,*,#8436,.T.);
#8436 = EDGE_CURVE('',#8414,#8365,#8437,.T.);
#8437 = SURFACE_CURVE('',#8438,(#8442,#8449),.PCURVE_S1.);
#8438 = B_SPLINE_CURVE_WITH_KNOTS('',2,(#8439,#8440,#8441),
  .UNSPECIFIED.,.F.,.F.,(3,3),(0.,1.),.PIECEWISE_BEZIER_KNOTS.);
#8439 = CARTESIAN_POINT('',(5.09733984375,-3.9540703125,2.7));
#8440 = CARTESIAN_POINT('',(4.178302734375,-4.6615078125,2.7));
#8441 = CARTESIAN_POINT('',(2.403392578125,-4.6615078125,2.7));
#8442 = PCURVE('',#2516,#8443);
#8443 = DEFINITIONAL_REPRESENTATION('',(#8444),#8448);
#8444 = LINE('',#8445,#8446);
#8445 = CARTESIAN_POINT('',(0.,-1.25));
#8446 = VECTOR('',#8447,1.);
#8447 = DIRECTION('',(1.,0.));
#8448 = ( GEOMETRIC_REPRESENTATION_CONTEXT(2) 
PARAMETRIC_REPRESENTATION_CONTEXT() REPRESENTATION_CONTEXT('2D SPACE',''
  ) );
#8449 = PCURVE('',#7592,#8450);
#8450 = DEFINITIONAL_REPRESENTATION('',(#8451),#8455);
#8451 = B_SPLINE_CURVE_WITH_KNOTS('',2,(#8452,#8453,#8454),
  .UNSPECIFIED.,.F.,.F.,(3,3),(0.,1.),.PIECEWISE_BEZIER_KNOTS.);
#8452 = CARTESIAN_POINT('',(6.572220703125,0.52426171875));
#8453 = CARTESIAN_POINT('',(5.65318359375,-0.18317578125));
#8454 = CARTESIAN_POINT('',(3.8782734375,-0.18317578125));
#8455 = ( GEOMETRIC_REPRESENTATION_CONTEXT(2) 
PARAMETRIC_REPRESENTATION_CONTEXT() REPRESENTATION_CONTEXT('2D SPACE',''
  ) );
#8456 = ORIENTED_EDGE('',*,*,#8364,.F.);
#8457 = ADVANCED_FACE('',(#8458),#2443,.T.);
#8458 = FACE_BOUND('',#8459,.T.);
#8459 = EDGE_LOOP('',(#8460,#8461,#8484,#8505));
#8460 = ORIENTED_EDGE('',*,*,#2397,.T.);
#8461 = ORIENTED_EDGE('',*,*,#8462,.T.);
#8462 = EDGE_CURVE('',#2323,#8463,#8465,.T.);
#8463 = VERTEX_POINT('',#8464);
#8464 = CARTESIAN_POINT('',(6.016376953125,-1.87597265625,2.7));
#8465 = SURFACE_CURVE('',#8466,(#8470,#8477),.PCURVE_S1.);
#8466 = LINE('',#8467,#8468);
#8467 = CARTESIAN_POINT('',(6.016376953125,-1.87597265625,1.45));
#8468 = VECTOR('',#8469,1.);
#8469 = DIRECTION('',(0.,0.,1.));
#8470 = PCURVE('',#2443,#8471);
#8471 = DEFINITIONAL_REPRESENTATION('',(#8472),#8476);
#8472 = LINE('',#8473,#8474);
#8473 = CARTESIAN_POINT('',(0.,0.));
#8474 = VECTOR('',#8475,1.);
#8475 = DIRECTION('',(0.,-1.));
#8476 = ( GEOMETRIC_REPRESENTATION_CONTEXT(2) 
PARAMETRIC_REPRESENTATION_CONTEXT() REPRESENTATION_CONTEXT('2D SPACE',''
  ) );
#8477 = PCURVE('',#2368,#8478);
#8478 = DEFINITIONAL_REPRESENTATION('',(#8479),#8483);
#8479 = LINE('',#8480,#8481);
#8480 = CARTESIAN_POINT('',(1.,0.));
#8481 = VECTOR('',#8482,1.);
#8482 = DIRECTION('',(0.,-1.));
#8483 = ( GEOMETRIC_REPRESENTATION_CONTEXT(2) 
PARAMETRIC_REPRESENTATION_CONTEXT() REPRESENTATION_CONTEXT('2D SPACE',''
  ) );
#8484 = ORIENTED_EDGE('',*,*,#8485,.T.);
#8485 = EDGE_CURVE('',#8463,#8414,#8486,.T.);
#8486 = SURFACE_CURVE('',#8487,(#8491,#8498),.PCURVE_S1.);
#8487 = B_SPLINE_CURVE_WITH_KNOTS('',2,(#8488,#8489,#8490),
  .UNSPECIFIED.,.F.,.F.,(3,3),(0.,1.),.PIECEWISE_BEZIER_KNOTS.);
#8488 = CARTESIAN_POINT('',(6.016376953125,-1.87597265625,2.7));
#8489 = CARTESIAN_POINT('',(6.016376953125,-3.2466328125,2.7));
#8490 = CARTESIAN_POINT('',(5.09733984375,-3.9540703125,2.7));
#8491 = PCURVE('',#2443,#8492);
#8492 = DEFINITIONAL_REPRESENTATION('',(#8493),#8497);
#8493 = LINE('',#8494,#8495);
#8494 = CARTESIAN_POINT('',(0.,-1.25));
#8495 = VECTOR('',#8496,1.);
#8496 = DIRECTION('',(1.,0.));
#8497 = ( GEOMETRIC_REPRESENTATION_CONTEXT(2) 
PARAMETRIC_REPRESENTATION_CONTEXT() REPRESENTATION_CONTEXT('2D SPACE',''
  ) );
#8498 = PCURVE('',#7592,#8499);
#8499 = DEFINITIONAL_REPRESENTATION('',(#8500),#8504);
#8500 = B_SPLINE_CURVE_WITH_KNOTS('',2,(#8501,#8502,#8503),
  .UNSPECIFIED.,.F.,.F.,(3,3),(0.,1.),.PIECEWISE_BEZIER_KNOTS.);
#8501 = CARTESIAN_POINT('',(7.4912578125,2.602359375));
#8502 = CARTESIAN_POINT('',(7.4912578125,1.23169921875));
#8503 = CARTESIAN_POINT('',(6.572220703125,0.52426171875));
#8504 = ( GEOMETRIC_REPRESENTATION_CONTEXT(2) 
PARAMETRIC_REPRESENTATION_CONTEXT() REPRESENTATION_CONTEXT('2D SPACE',''
  ) );
#8505 = ORIENTED_EDGE('',*,*,#8413,.F.);
#8506 = ADVANCED_FACE('',(#8507),#2368,.T.);
#8507 = FACE_BOUND('',#8508,.T.);
#8508 = EDGE_LOOP('',(#8509,#8510,#8533,#8554));
#8509 = ORIENTED_EDGE('',*,*,#2322,.T.);
#8510 = ORIENTED_EDGE('',*,*,#8511,.T.);
#8511 = EDGE_CURVE('',#2248,#8512,#8514,.T.);
#8512 = VERTEX_POINT('',#8513);
#8513 = CARTESIAN_POINT('',(5.33736328125,-4.1056640625E-02,2.7));
#8514 = SURFACE_CURVE('',#8515,(#8519,#8526),.PCURVE_S1.);
#8515 = LINE('',#8516,#8517);
#8516 = CARTESIAN_POINT('',(5.33736328125,-4.1056640625E-02,1.45));
#8517 = VECTOR('',#8518,1.);
#8518 = DIRECTION('',(0.,0.,1.));
#8519 = PCURVE('',#2368,#8520);
#8520 = DEFINITIONAL_REPRESENTATION('',(#8521),#8525);
#8521 = LINE('',#8522,#8523);
#8522 = CARTESIAN_POINT('',(0.,0.));
#8523 = VECTOR('',#8524,1.);
#8524 = DIRECTION('',(0.,-1.));
#8525 = ( GEOMETRIC_REPRESENTATION_CONTEXT(2) 
PARAMETRIC_REPRESENTATION_CONTEXT() REPRESENTATION_CONTEXT('2D SPACE',''
  ) );
#8526 = PCURVE('',#2293,#8527);
#8527 = DEFINITIONAL_REPRESENTATION('',(#8528),#8532);
#8528 = LINE('',#8529,#8530);
#8529 = CARTESIAN_POINT('',(1.,0.));
#8530 = VECTOR('',#8531,1.);
#8531 = DIRECTION('',(0.,-1.));
#8532 = ( GEOMETRIC_REPRESENTATION_CONTEXT(2) 
PARAMETRIC_REPRESENTATION_CONTEXT() REPRESENTATION_CONTEXT('2D SPACE',''
  ) );
#8533 = ORIENTED_EDGE('',*,*,#8534,.T.);
#8534 = EDGE_CURVE('',#8512,#8463,#8535,.T.);
#8535 = SURFACE_CURVE('',#8536,(#8540,#8547),.PCURVE_S1.);
#8536 = B_SPLINE_CURVE_WITH_KNOTS('',2,(#8537,#8538,#8539),
  .UNSPECIFIED.,.F.,.F.,(3,3),(0.,1.),.PIECEWISE_BEZIER_KNOTS.);
#8537 = CARTESIAN_POINT('',(5.33736328125,-4.1056640625E-02,2.7));
#8538 = CARTESIAN_POINT('',(6.016376953125,-0.72638671875,2.7));
#8539 = CARTESIAN_POINT('',(6.016376953125,-1.87597265625,2.7));
#8540 = PCURVE('',#2368,#8541);
#8541 = DEFINITIONAL_REPRESENTATION('',(#8542),#8546);
#8542 = LINE('',#8543,#8544);
#8543 = CARTESIAN_POINT('',(0.,-1.25));
#8544 = VECTOR('',#8545,1.);
#8545 = DIRECTION('',(1.,0.));
#8546 = ( GEOMETRIC_REPRESENTATION_CONTEXT(2) 
PARAMETRIC_REPRESENTATION_CONTEXT() REPRESENTATION_CONTEXT('2D SPACE',''
  ) );
#8547 = PCURVE('',#7592,#8548);
#8548 = DEFINITIONAL_REPRESENTATION('',(#8549),#8553);
#8549 = B_SPLINE_CURVE_WITH_KNOTS('',2,(#8550,#8551,#8552),
  .UNSPECIFIED.,.F.,.F.,(3,3),(0.,1.),.PIECEWISE_BEZIER_KNOTS.);
#8550 = CARTESIAN_POINT('',(6.812244140625,4.437275390625));
#8551 = CARTESIAN_POINT('',(7.4912578125,3.7519453125));
#8552 = CARTESIAN_POINT('',(7.4912578125,2.602359375));
#8553 = ( GEOMETRIC_REPRESENTATION_CONTEXT(2) 
PARAMETRIC_REPRESENTATION_CONTEXT() REPRESENTATION_CONTEXT('2D SPACE',''
  ) );
#8554 = ORIENTED_EDGE('',*,*,#8462,.F.);
#8555 = ADVANCED_FACE('',(#8556),#2293,.T.);
#8556 = FACE_BOUND('',#8557,.T.);
#8557 = EDGE_LOOP('',(#8558,#8559,#8582,#8603));
#8558 = ORIENTED_EDGE('',*,*,#2247,.T.);
#8559 = ORIENTED_EDGE('',*,*,#8560,.T.);
#8560 = EDGE_CURVE('',#2222,#8561,#8563,.T.);
#8561 = VERTEX_POINT('',#8562);
#8562 = CARTESIAN_POINT('',(3.230841796875,0.91587890625,2.7));
#8563 = SURFACE_CURVE('',#8564,(#8568,#8575),.PCURVE_S1.);
#8564 = LINE('',#8565,#8566);
#8565 = CARTESIAN_POINT('',(3.230841796875,0.91587890625,1.45));
#8566 = VECTOR('',#8567,1.);
#8567 = DIRECTION('',(0.,0.,1.));
#8568 = PCURVE('',#2293,#8569);
#8569 = DEFINITIONAL_REPRESENTATION('',(#8570),#8574);
#8570 = LINE('',#8571,#8572);
#8571 = CARTESIAN_POINT('',(0.,0.));
#8572 = VECTOR('',#8573,1.);
#8573 = DIRECTION('',(0.,-1.));
#8574 = ( GEOMETRIC_REPRESENTATION_CONTEXT(2) 
PARAMETRIC_REPRESENTATION_CONTEXT() REPRESENTATION_CONTEXT('2D SPACE',''
  ) );
#8575 = PCURVE('',#2236,#8576);
#8576 = DEFINITIONAL_REPRESENTATION('',(#8577),#8581);
#8577 = LINE('',#8578,#8579);
#8578 = CARTESIAN_POINT('',(0.786614508876,0.));
#8579 = VECTOR('',#8580,1.);
#8580 = DIRECTION('',(0.,-1.));
#8581 = ( GEOMETRIC_REPRESENTATION_CONTEXT(2) 
PARAMETRIC_REPRESENTATION_CONTEXT() REPRESENTATION_CONTEXT('2D SPACE',''
  ) );
#8582 = ORIENTED_EDGE('',*,*,#8583,.T.);
#8583 = EDGE_CURVE('',#8561,#8512,#8584,.T.);
#8584 = SURFACE_CURVE('',#8585,(#8589,#8596),.PCURVE_S1.);
#8585 = B_SPLINE_CURVE_WITH_KNOTS('',2,(#8586,#8587,#8588),
  .UNSPECIFIED.,.F.,.F.,(3,3),(0.,1.),.PIECEWISE_BEZIER_KNOTS.);
#8586 = CARTESIAN_POINT('',(3.230841796875,0.91587890625,2.7));
#8587 = CARTESIAN_POINT('',(4.658349609375,0.6442734375,2.7));
#8588 = CARTESIAN_POINT('',(5.33736328125,-4.1056640625E-02,2.7));
#8589 = PCURVE('',#2293,#8590);
#8590 = DEFINITIONAL_REPRESENTATION('',(#8591),#8595);
#8591 = LINE('',#8592,#8593);
#8592 = CARTESIAN_POINT('',(0.,-1.25));
#8593 = VECTOR('',#8594,1.);
#8594 = DIRECTION('',(1.,0.));
#8595 = ( GEOMETRIC_REPRESENTATION_CONTEXT(2) 
PARAMETRIC_REPRESENTATION_CONTEXT() REPRESENTATION_CONTEXT('2D SPACE',''
  ) );
#8596 = PCURVE('',#7592,#8597);
#8597 = DEFINITIONAL_REPRESENTATION('',(#8598),#8602);
#8598 = B_SPLINE_CURVE_WITH_KNOTS('',2,(#8599,#8600,#8601),
  .UNSPECIFIED.,.F.,.F.,(3,3),(0.,1.),.PIECEWISE_BEZIER_KNOTS.);
#8599 = CARTESIAN_POINT('',(4.70572265625,5.3942109375));
#8600 = CARTESIAN_POINT('',(6.13323046875,5.12260546875));
#8601 = CARTESIAN_POINT('',(6.812244140625,4.437275390625));
#8602 = ( GEOMETRIC_REPRESENTATION_CONTEXT(2) 
PARAMETRIC_REPRESENTATION_CONTEXT() REPRESENTATION_CONTEXT('2D SPACE',''
  ) );
#8603 = ORIENTED_EDGE('',*,*,#8511,.F.);
#8604 = ADVANCED_FACE('',(#8605),#2236,.T.);
#8605 = FACE_BOUND('',#8606,.T.);
#8606 = EDGE_LOOP('',(#8607,#8608,#8631,#8652));
#8607 = ORIENTED_EDGE('',*,*,#2221,.T.);
#8608 = ORIENTED_EDGE('',*,*,#8609,.T.);
#8609 = EDGE_CURVE('',#2153,#8610,#8612,.T.);
#8610 = VERTEX_POINT('',#8611);
#8611 = CARTESIAN_POINT('',(2.460240234375,1.0737890625,2.7));
#8612 = SURFACE_CURVE('',#8613,(#8617,#8624),.PCURVE_S1.);
#8613 = LINE('',#8614,#8615);
#8614 = CARTESIAN_POINT('',(2.460240234375,1.0737890625,1.45));
#8615 = VECTOR('',#8616,1.);
#8616 = DIRECTION('',(0.,0.,1.));
#8617 = PCURVE('',#2236,#8618);
#8618 = DEFINITIONAL_REPRESENTATION('',(#8619),#8623);
#8619 = LINE('',#8620,#8621);
#8620 = CARTESIAN_POINT('',(0.,0.));
#8621 = VECTOR('',#8622,1.);
#8622 = DIRECTION('',(0.,-1.));
#8623 = ( GEOMETRIC_REPRESENTATION_CONTEXT(2) 
PARAMETRIC_REPRESENTATION_CONTEXT() REPRESENTATION_CONTEXT('2D SPACE',''
  ) );
#8624 = PCURVE('',#2194,#8625);
#8625 = DEFINITIONAL_REPRESENTATION('',(#8626),#8630);
#8626 = LINE('',#8627,#8628);
#8627 = CARTESIAN_POINT('',(1.,0.));
#8628 = VECTOR('',#8629,1.);
#8629 = DIRECTION('',(0.,-1.));
#8630 = ( GEOMETRIC_REPRESENTATION_CONTEXT(2) 
PARAMETRIC_REPRESENTATION_CONTEXT() REPRESENTATION_CONTEXT('2D SPACE',''
  ) );
#8631 = ORIENTED_EDGE('',*,*,#8632,.T.);
#8632 = EDGE_CURVE('',#8610,#8561,#8633,.T.);
#8633 = SURFACE_CURVE('',#8634,(#8638,#8645),.PCURVE_S1.);
#8634 = LINE('',#8635,#8636);
#8635 = CARTESIAN_POINT('',(2.460240234375,1.0737890625,2.7));
#8636 = VECTOR('',#8637,1.);
#8637 = DIRECTION('',(0.97964320999,-0.200746559424,0.));
#8638 = PCURVE('',#2236,#8639);
#8639 = DEFINITIONAL_REPRESENTATION('',(#8640),#8644);
#8640 = LINE('',#8641,#8642);
#8641 = CARTESIAN_POINT('',(0.,-1.25));
#8642 = VECTOR('',#8643,1.);
#8643 = DIRECTION('',(1.,0.));
#8644 = ( GEOMETRIC_REPRESENTATION_CONTEXT(2) 
PARAMETRIC_REPRESENTATION_CONTEXT() REPRESENTATION_CONTEXT('2D SPACE',''
  ) );
#8645 = PCURVE('',#7592,#8646);
#8646 = DEFINITIONAL_REPRESENTATION('',(#8647),#8651);
#8647 = LINE('',#8648,#8649);
#8648 = CARTESIAN_POINT('',(3.93512109375,5.55212109375));
#8649 = VECTOR('',#8650,1.);
#8650 = DIRECTION('',(0.97964320999,-0.200746559424));
#8651 = ( GEOMETRIC_REPRESENTATION_CONTEXT(2) 
PARAMETRIC_REPRESENTATION_CONTEXT() REPRESENTATION_CONTEXT('2D SPACE',''
  ) );
#8652 = ORIENTED_EDGE('',*,*,#8560,.F.);
#8653 = ADVANCED_FACE('',(#8654),#2194,.T.);
#8654 = FACE_BOUND('',#8655,.T.);
#8655 = EDGE_LOOP('',(#8656,#8657,#8680,#8701));
#8656 = ORIENTED_EDGE('',*,*,#2152,.T.);
#8657 = ORIENTED_EDGE('',*,*,#8658,.T.);
#8658 = EDGE_CURVE('',#2081,#8659,#8661,.T.);
#8659 = VERTEX_POINT('',#8660);
#8660 = CARTESIAN_POINT('',(1.035890625,1.588576171875,2.7));
#8661 = SURFACE_CURVE('',#8662,(#8666,#8673),.PCURVE_S1.);
#8662 = LINE('',#8663,#8664);
#8663 = CARTESIAN_POINT('',(1.035890625,1.588576171875,1.45));
#8664 = VECTOR('',#8665,1.);
#8665 = DIRECTION('',(0.,0.,1.));
#8666 = PCURVE('',#2194,#8667);
#8667 = DEFINITIONAL_REPRESENTATION('',(#8668),#8672);
#8668 = LINE('',#8669,#8670);
#8669 = CARTESIAN_POINT('',(0.,0.));
#8670 = VECTOR('',#8671,1.);
#8671 = DIRECTION('',(0.,-1.));
#8672 = ( GEOMETRIC_REPRESENTATION_CONTEXT(2) 
PARAMETRIC_REPRESENTATION_CONTEXT() REPRESENTATION_CONTEXT('2D SPACE',''
  ) );
#8673 = PCURVE('',#2124,#8674);
#8674 = DEFINITIONAL_REPRESENTATION('',(#8675),#8679);
#8675 = LINE('',#8676,#8677);
#8676 = CARTESIAN_POINT('',(1.,0.));
#8677 = VECTOR('',#8678,1.);
#8678 = DIRECTION('',(0.,-1.));
#8679 = ( GEOMETRIC_REPRESENTATION_CONTEXT(2) 
PARAMETRIC_REPRESENTATION_CONTEXT() REPRESENTATION_CONTEXT('2D SPACE',''
  ) );
#8680 = ORIENTED_EDGE('',*,*,#8681,.T.);
#8681 = EDGE_CURVE('',#8659,#8610,#8682,.T.);
#8682 = SURFACE_CURVE('',#8683,(#8687,#8694),.PCURVE_S1.);
#8683 = B_SPLINE_CURVE_WITH_KNOTS('',2,(#8684,#8685,#8686),
  .UNSPECIFIED.,.F.,.F.,(3,3),(0.,1.),.PIECEWISE_BEZIER_KNOTS.);
#8684 = CARTESIAN_POINT('',(1.035890625,1.588576171875,2.7));
#8685 = CARTESIAN_POINT('',(1.411716796875,1.26959765625,2.7));
#8686 = CARTESIAN_POINT('',(2.460240234375,1.0737890625,2.7));
#8687 = PCURVE('',#2194,#8688);
#8688 = DEFINITIONAL_REPRESENTATION('',(#8689),#8693);
#8689 = LINE('',#8690,#8691);
#8690 = CARTESIAN_POINT('',(0.,-1.25));
#8691 = VECTOR('',#8692,1.);
#8692 = DIRECTION('',(1.,0.));
#8693 = ( GEOMETRIC_REPRESENTATION_CONTEXT(2) 
PARAMETRIC_REPRESENTATION_CONTEXT() REPRESENTATION_CONTEXT('2D SPACE',''
  ) );
#8694 = PCURVE('',#7592,#8695);
#8695 = DEFINITIONAL_REPRESENTATION('',(#8696),#8700);
#8696 = B_SPLINE_CURVE_WITH_KNOTS('',2,(#8697,#8698,#8699),
  .UNSPECIFIED.,.F.,.F.,(3,3),(0.,1.),.PIECEWISE_BEZIER_KNOTS.);
#8697 = CARTESIAN_POINT('',(2.510771484375,6.066908203125));
#8698 = CARTESIAN_POINT('',(2.88659765625,5.7479296875));
#8699 = CARTESIAN_POINT('',(3.93512109375,5.55212109375));
#8700 = ( GEOMETRIC_REPRESENTATION_CONTEXT(2) 
PARAMETRIC_REPRESENTATION_CONTEXT() REPRESENTATION_CONTEXT('2D SPACE',''
  ) );
#8701 = ORIENTED_EDGE('',*,*,#8609,.F.);
#8702 = ADVANCED_FACE('',(#8703),#2124,.T.);
#8703 = FACE_BOUND('',#8704,.T.);
#8704 = EDGE_LOOP('',(#8705,#8706,#8729,#8750));
#8705 = ORIENTED_EDGE('',*,*,#2080,.T.);
#8706 = ORIENTED_EDGE('',*,*,#8707,.T.);
#8707 = EDGE_CURVE('',#2006,#8708,#8710,.T.);
#8708 = VERTEX_POINT('',#8709);
#8709 = CARTESIAN_POINT('',(0.660064453125,2.53287890625,2.7));
#8710 = SURFACE_CURVE('',#8711,(#8715,#8722),.PCURVE_S1.);
#8711 = LINE('',#8712,#8713);
#8712 = CARTESIAN_POINT('',(0.660064453125,2.53287890625,1.45));
#8713 = VECTOR('',#8714,1.);
#8714 = DIRECTION('',(0.,0.,1.));
#8715 = PCURVE('',#2124,#8716);
#8716 = DEFINITIONAL_REPRESENTATION('',(#8717),#8721);
#8717 = LINE('',#8718,#8719);
#8718 = CARTESIAN_POINT('',(0.,0.));
#8719 = VECTOR('',#8720,1.);
#8720 = DIRECTION('',(0.,-1.));
#8721 = ( GEOMETRIC_REPRESENTATION_CONTEXT(2) 
PARAMETRIC_REPRESENTATION_CONTEXT() REPRESENTATION_CONTEXT('2D SPACE',''
  ) );
#8722 = PCURVE('',#2051,#8723);
#8723 = DEFINITIONAL_REPRESENTATION('',(#8724),#8728);
#8724 = LINE('',#8725,#8726);
#8725 = CARTESIAN_POINT('',(1.,0.));
#8726 = VECTOR('',#8727,1.);
#8727 = DIRECTION('',(0.,-1.));
#8728 = ( GEOMETRIC_REPRESENTATION_CONTEXT(2) 
PARAMETRIC_REPRESENTATION_CONTEXT() REPRESENTATION_CONTEXT('2D SPACE',''
  ) );
#8729 = ORIENTED_EDGE('',*,*,#8730,.T.);
#8730 = EDGE_CURVE('',#8708,#8659,#8731,.T.);
#8731 = SURFACE_CURVE('',#8732,(#8736,#8743),.PCURVE_S1.);
#8732 = B_SPLINE_CURVE_WITH_KNOTS('',2,(#8733,#8734,#8735),
  .UNSPECIFIED.,.F.,.F.,(3,3),(0.,1.),.PIECEWISE_BEZIER_KNOTS.);
#8733 = CARTESIAN_POINT('',(0.660064453125,2.53287890625,2.7));
#8734 = CARTESIAN_POINT('',(0.660064453125,1.9075546875,2.7));
#8735 = CARTESIAN_POINT('',(1.035890625,1.588576171875,2.7));
#8736 = PCURVE('',#2124,#8737);
#8737 = DEFINITIONAL_REPRESENTATION('',(#8738),#8742);
#8738 = LINE('',#8739,#8740);
#8739 = CARTESIAN_POINT('',(0.,-1.25));
#8740 = VECTOR('',#8741,1.);
#8741 = DIRECTION('',(1.,0.));
#8742 = ( GEOMETRIC_REPRESENTATION_CONTEXT(2) 
PARAMETRIC_REPRESENTATION_CONTEXT() REPRESENTATION_CONTEXT('2D SPACE',''
  ) );
#8743 = PCURVE('',#7592,#8744);
#8744 = DEFINITIONAL_REPRESENTATION('',(#8745),#8749);
#8745 = B_SPLINE_CURVE_WITH_KNOTS('',2,(#8746,#8747,#8748),
  .UNSPECIFIED.,.F.,.F.,(3,3),(0.,1.),.PIECEWISE_BEZIER_KNOTS.);
#8746 = CARTESIAN_POINT('',(2.1349453125,7.0112109375));
#8747 = CARTESIAN_POINT('',(2.1349453125,6.38588671875));
#8748 = CARTESIAN_POINT('',(2.510771484375,6.066908203125));
#8749 = ( GEOMETRIC_REPRESENTATION_CONTEXT(2) 
PARAMETRIC_REPRESENTATION_CONTEXT() REPRESENTATION_CONTEXT('2D SPACE',''
  ) );
#8750 = ORIENTED_EDGE('',*,*,#8658,.F.);
#8751 = ADVANCED_FACE('',(#8752),#2051,.T.);
#8752 = FACE_BOUND('',#8753,.T.);
#8753 = EDGE_LOOP('',(#8754,#8755,#8778,#8799));
#8754 = ORIENTED_EDGE('',*,*,#2005,.T.);
#8755 = ORIENTED_EDGE('',*,*,#8756,.T.);
#8756 = EDGE_CURVE('',#1934,#8757,#8759,.T.);
#8757 = VERTEX_POINT('',#8758);
#8758 = CARTESIAN_POINT('',(1.2253828125,3.68246484375,2.7));
#8759 = SURFACE_CURVE('',#8760,(#8764,#8771),.PCURVE_S1.);
#8760 = LINE('',#8761,#8762);
#8761 = CARTESIAN_POINT('',(1.2253828125,3.68246484375,1.45));
#8762 = VECTOR('',#8763,1.);
#8763 = DIRECTION('',(0.,0.,1.));
#8764 = PCURVE('',#2051,#8765);
#8765 = DEFINITIONAL_REPRESENTATION('',(#8766),#8770);
#8766 = LINE('',#8767,#8768);
#8767 = CARTESIAN_POINT('',(0.,0.));
#8768 = VECTOR('',#8769,1.);
#8769 = DIRECTION('',(0.,-1.));
#8770 = ( GEOMETRIC_REPRESENTATION_CONTEXT(2) 
PARAMETRIC_REPRESENTATION_CONTEXT() REPRESENTATION_CONTEXT('2D SPACE',''
  ) );
#8771 = PCURVE('',#1977,#8772);
#8772 = DEFINITIONAL_REPRESENTATION('',(#8773),#8777);
#8773 = LINE('',#8774,#8775);
#8774 = CARTESIAN_POINT('',(1.,0.));
#8775 = VECTOR('',#8776,1.);
#8776 = DIRECTION('',(0.,-1.));
#8777 = ( GEOMETRIC_REPRESENTATION_CONTEXT(2) 
PARAMETRIC_REPRESENTATION_CONTEXT() REPRESENTATION_CONTEXT('2D SPACE',''
  ) );
#8778 = ORIENTED_EDGE('',*,*,#8779,.T.);
#8779 = EDGE_CURVE('',#8757,#8708,#8780,.T.);
#8780 = SURFACE_CURVE('',#8781,(#8785,#8792),.PCURVE_S1.);
#8781 = B_SPLINE_CURVE_WITH_KNOTS('',2,(#8782,#8783,#8784),
  .UNSPECIFIED.,.F.,.F.,(3,3),(0.,1.),.PIECEWISE_BEZIER_KNOTS.);
#8782 = CARTESIAN_POINT('',(1.2253828125,3.68246484375,2.7));
#8783 = CARTESIAN_POINT('',(0.660064453125,3.27821484375,2.7));
#8784 = CARTESIAN_POINT('',(0.660064453125,2.53287890625,2.7));
#8785 = PCURVE('',#2051,#8786);
#8786 = DEFINITIONAL_REPRESENTATION('',(#8787),#8791);
#8787 = LINE('',#8788,#8789);
#8788 = CARTESIAN_POINT('',(0.,-1.25));
#8789 = VECTOR('',#8790,1.);
#8790 = DIRECTION('',(1.,0.));
#8791 = ( GEOMETRIC_REPRESENTATION_CONTEXT(2) 
PARAMETRIC_REPRESENTATION_CONTEXT() REPRESENTATION_CONTEXT('2D SPACE',''
  ) );
#8792 = PCURVE('',#7592,#8793);
#8793 = DEFINITIONAL_REPRESENTATION('',(#8794),#8798);
#8794 = B_SPLINE_CURVE_WITH_KNOTS('',2,(#8795,#8796,#8797),
  .UNSPECIFIED.,.F.,.F.,(3,3),(0.,1.),.PIECEWISE_BEZIER_KNOTS.);
#8795 = CARTESIAN_POINT('',(2.700263671875,8.160796875));
#8796 = CARTESIAN_POINT('',(2.1349453125,7.756546875));
#8797 = CARTESIAN_POINT('',(2.1349453125,7.0112109375));
#8798 = ( GEOMETRIC_REPRESENTATION_CONTEXT(2) 
PARAMETRIC_REPRESENTATION_CONTEXT() REPRESENTATION_CONTEXT('2D SPACE',''
  ) );
#8799 = ORIENTED_EDGE('',*,*,#8707,.F.);
#8800 = ADVANCED_FACE('',(#8801),#1977,.T.);
#8801 = FACE_BOUND('',#8802,.T.);
#8802 = EDGE_LOOP('',(#8803,#8804,#8827,#8848));
#8803 = ORIENTED_EDGE('',*,*,#1933,.T.);
#8804 = ORIENTED_EDGE('',*,*,#8805,.T.);
#8805 = EDGE_CURVE('',#1892,#8806,#8808,.T.);
#8806 = VERTEX_POINT('',#8807);
#8807 = CARTESIAN_POINT('',(2.832908203125,4.08671484375,2.7));
#8808 = SURFACE_CURVE('',#8809,(#8813,#8820),.PCURVE_S1.);
#8809 = LINE('',#8810,#8811);
#8810 = CARTESIAN_POINT('',(2.832908203125,4.08671484375,1.45));
#8811 = VECTOR('',#8812,1.);
#8812 = DIRECTION('',(0.,0.,1.));
#8813 = PCURVE('',#1977,#8814);
#8814 = DEFINITIONAL_REPRESENTATION('',(#8815),#8819);
#8815 = LINE('',#8816,#8817);
#8816 = CARTESIAN_POINT('',(0.,0.));
#8817 = VECTOR('',#8818,1.);
#8818 = DIRECTION('',(0.,-1.));
#8819 = ( GEOMETRIC_REPRESENTATION_CONTEXT(2) 
PARAMETRIC_REPRESENTATION_CONTEXT() REPRESENTATION_CONTEXT('2D SPACE',''
  ) );
#8820 = PCURVE('',#1915,#8821);
#8821 = DEFINITIONAL_REPRESENTATION('',(#8822),#8826);
#8822 = LINE('',#8823,#8824);
#8823 = CARTESIAN_POINT('',(1.,0.));
#8824 = VECTOR('',#8825,1.);
#8825 = DIRECTION('',(0.,-1.));
#8826 = ( GEOMETRIC_REPRESENTATION_CONTEXT(2) 
PARAMETRIC_REPRESENTATION_CONTEXT() REPRESENTATION_CONTEXT('2D SPACE',''
  ) );
#8827 = ORIENTED_EDGE('',*,*,#8828,.T.);
#8828 = EDGE_CURVE('',#8806,#8757,#8829,.T.);
#8829 = SURFACE_CURVE('',#8830,(#8834,#8841),.PCURVE_S1.);
#8830 = B_SPLINE_CURVE_WITH_KNOTS('',2,(#8831,#8832,#8833),
  .UNSPECIFIED.,.F.,.F.,(3,3),(0.,1.),.PIECEWISE_BEZIER_KNOTS.);
#8831 = CARTESIAN_POINT('',(2.832908203125,4.08671484375,2.7));
#8832 = CARTESIAN_POINT('',(1.790701171875,4.08671484375,2.7));
#8833 = CARTESIAN_POINT('',(1.2253828125,3.68246484375,2.7));
#8834 = PCURVE('',#1977,#8835);
#8835 = DEFINITIONAL_REPRESENTATION('',(#8836),#8840);
#8836 = LINE('',#8837,#8838);
#8837 = CARTESIAN_POINT('',(0.,-1.25));
#8838 = VECTOR('',#8839,1.);
#8839 = DIRECTION('',(1.,0.));
#8840 = ( GEOMETRIC_REPRESENTATION_CONTEXT(2) 
PARAMETRIC_REPRESENTATION_CONTEXT() REPRESENTATION_CONTEXT('2D SPACE',''
  ) );
#8841 = PCURVE('',#7592,#8842);
#8842 = DEFINITIONAL_REPRESENTATION('',(#8843),#8847);
#8843 = B_SPLINE_CURVE_WITH_KNOTS('',2,(#8844,#8845,#8846),
  .UNSPECIFIED.,.F.,.F.,(3,3),(0.,1.),.PIECEWISE_BEZIER_KNOTS.);
#8844 = CARTESIAN_POINT('',(4.3077890625,8.565046875));
#8845 = CARTESIAN_POINT('',(3.26558203125,8.565046875));
#8846 = CARTESIAN_POINT('',(2.700263671875,8.160796875));
#8847 = ( GEOMETRIC_REPRESENTATION_CONTEXT(2) 
PARAMETRIC_REPRESENTATION_CONTEXT() REPRESENTATION_CONTEXT('2D SPACE',''
  ) );
#8848 = ORIENTED_EDGE('',*,*,#8756,.F.);
#8849 = ADVANCED_FACE('',(#8850),#1915,.T.);
#8850 = FACE_BOUND('',#8851,.T.);
#8851 = EDGE_LOOP('',(#8852,#8853,#8876,#8897));
#8852 = ORIENTED_EDGE('',*,*,#1891,.T.);
#8853 = ORIENTED_EDGE('',*,*,#8854,.T.);
#8854 = EDGE_CURVE('',#1850,#8855,#8857,.T.);
#8855 = VERTEX_POINT('',#8856);
#8856 = CARTESIAN_POINT('',(4.077240234375,3.916171875,2.7));
#8857 = SURFACE_CURVE('',#8858,(#8862,#8869),.PCURVE_S1.);
#8858 = LINE('',#8859,#8860);
#8859 = CARTESIAN_POINT('',(4.077240234375,3.916171875,1.45));
#8860 = VECTOR('',#8861,1.);
#8861 = DIRECTION('',(0.,0.,1.));
#8862 = PCURVE('',#1915,#8863);
#8863 = DEFINITIONAL_REPRESENTATION('',(#8864),#8868);
#8864 = LINE('',#8865,#8866);
#8865 = CARTESIAN_POINT('',(0.,0.));
#8866 = VECTOR('',#8867,1.);
#8867 = DIRECTION('',(0.,-1.));
#8868 = ( GEOMETRIC_REPRESENTATION_CONTEXT(2) 
PARAMETRIC_REPRESENTATION_CONTEXT() REPRESENTATION_CONTEXT('2D SPACE',''
  ) );
#8869 = PCURVE('',#1873,#8870);
#8870 = DEFINITIONAL_REPRESENTATION('',(#8871),#8875);
#8871 = LINE('',#8872,#8873);
#8872 = CARTESIAN_POINT('',(1.,0.));
#8873 = VECTOR('',#8874,1.);
#8874 = DIRECTION('',(0.,-1.));
#8875 = ( GEOMETRIC_REPRESENTATION_CONTEXT(2) 
PARAMETRIC_REPRESENTATION_CONTEXT() REPRESENTATION_CONTEXT('2D SPACE',''
  ) );
#8876 = ORIENTED_EDGE('',*,*,#8877,.T.);
#8877 = EDGE_CURVE('',#8855,#8806,#8878,.T.);
#8878 = SURFACE_CURVE('',#8879,(#8883,#8890),.PCURVE_S1.);
#8879 = B_SPLINE_CURVE_WITH_KNOTS('',2,(#8880,#8881,#8882),
  .UNSPECIFIED.,.F.,.F.,(3,3),(0.,1.),.PIECEWISE_BEZIER_KNOTS.);
#8880 = CARTESIAN_POINT('',(4.077240234375,3.916171875,2.7));
#8881 = CARTESIAN_POINT('',(3.432966796875,4.08671484375,2.7));
#8882 = CARTESIAN_POINT('',(2.832908203125,4.08671484375,2.7));
#8883 = PCURVE('',#1915,#8884);
#8884 = DEFINITIONAL_REPRESENTATION('',(#8885),#8889);
#8885 = LINE('',#8886,#8887);
#8886 = CARTESIAN_POINT('',(0.,-1.25));
#8887 = VECTOR('',#8888,1.);
#8888 = DIRECTION('',(1.,0.));
#8889 = ( GEOMETRIC_REPRESENTATION_CONTEXT(2) 
PARAMETRIC_REPRESENTATION_CONTEXT() REPRESENTATION_CONTEXT('2D SPACE',''
  ) );
#8890 = PCURVE('',#7592,#8891);
#8891 = DEFINITIONAL_REPRESENTATION('',(#8892),#8896);
#8892 = B_SPLINE_CURVE_WITH_KNOTS('',2,(#8893,#8894,#8895),
  .UNSPECIFIED.,.F.,.F.,(3,3),(0.,1.),.PIECEWISE_BEZIER_KNOTS.);
#8893 = CARTESIAN_POINT('',(5.55212109375,8.39450390625));
#8894 = CARTESIAN_POINT('',(4.90784765625,8.565046875));
#8895 = CARTESIAN_POINT('',(4.3077890625,8.565046875));
#8896 = ( GEOMETRIC_REPRESENTATION_CONTEXT(2) 
PARAMETRIC_REPRESENTATION_CONTEXT() REPRESENTATION_CONTEXT('2D SPACE',''
  ) );
#8897 = ORIENTED_EDGE('',*,*,#8805,.F.);
#8898 = ADVANCED_FACE('',(#8899),#1873,.T.);
#8899 = FACE_BOUND('',#8900,.T.);
#8900 = EDGE_LOOP('',(#8901,#8902,#8903,#8924));
#8901 = ORIENTED_EDGE('',*,*,#1849,.T.);
#8902 = ORIENTED_EDGE('',*,*,#7604,.T.);
#8903 = ORIENTED_EDGE('',*,*,#8904,.T.);
#8904 = EDGE_CURVE('',#7577,#8855,#8905,.T.);
#8905 = SURFACE_CURVE('',#8906,(#8910,#8917),.PCURVE_S1.);
#8906 = B_SPLINE_CURVE_WITH_KNOTS('',2,(#8907,#8908,#8909),
  .UNSPECIFIED.,.F.,.F.,(3,3),(0.,1.),.PIECEWISE_BEZIER_KNOTS.);
#8907 = CARTESIAN_POINT('',(5.447900390625,3.3982265625,2.7));
#8908 = CARTESIAN_POINT('',(4.721513671875,3.74562890625,2.7));
#8909 = CARTESIAN_POINT('',(4.077240234375,3.916171875,2.7));
#8910 = PCURVE('',#1873,#8911);
#8911 = DEFINITIONAL_REPRESENTATION('',(#8912),#8916);
#8912 = LINE('',#8913,#8914);
#8913 = CARTESIAN_POINT('',(0.,-1.25));
#8914 = VECTOR('',#8915,1.);
#8915 = DIRECTION('',(1.,0.));
#8916 = ( GEOMETRIC_REPRESENTATION_CONTEXT(2) 
PARAMETRIC_REPRESENTATION_CONTEXT() REPRESENTATION_CONTEXT('2D SPACE',''
  ) );
#8917 = PCURVE('',#7592,#8918);
#8918 = DEFINITIONAL_REPRESENTATION('',(#8919),#8923);
#8919 = B_SPLINE_CURVE_WITH_KNOTS('',2,(#8920,#8921,#8922),
  .UNSPECIFIED.,.F.,.F.,(3,3),(0.,1.),.PIECEWISE_BEZIER_KNOTS.);
#8920 = CARTESIAN_POINT('',(6.92278125,7.87655859375));
#8921 = CARTESIAN_POINT('',(6.19639453125,8.2239609375));
#8922 = CARTESIAN_POINT('',(5.55212109375,8.39450390625));
#8923 = ( GEOMETRIC_REPRESENTATION_CONTEXT(2) 
PARAMETRIC_REPRESENTATION_CONTEXT() REPRESENTATION_CONTEXT('2D SPACE',''
  ) );
#8924 = ORIENTED_EDGE('',*,*,#8854,.F.);
#8925 = ADVANCED_FACE('',(#8926),#3459,.T.);
#8926 = FACE_BOUND('',#8927,.T.);
#8927 = EDGE_LOOP('',(#8928,#8929,#8952,#8980));
#8928 = ORIENTED_EDGE('',*,*,#3442,.T.);
#8929 = ORIENTED_EDGE('',*,*,#8930,.T.);
#8930 = EDGE_CURVE('',#3445,#8931,#8933,.T.);
#8931 = VERTEX_POINT('',#8932);
#8932 = CARTESIAN_POINT('',(8.006044921875,-4.47833203125,2.7));
#8933 = SURFACE_CURVE('',#8934,(#8938,#8945),.PCURVE_S1.);
#8934 = LINE('',#8935,#8936);
#8935 = CARTESIAN_POINT('',(8.006044921875,-4.47833203125,1.45));
#8936 = VECTOR('',#8937,1.);
#8937 = DIRECTION('',(0.,0.,1.));
#8938 = PCURVE('',#3459,#8939);
#8939 = DEFINITIONAL_REPRESENTATION('',(#8940),#8944);
#8940 = LINE('',#8941,#8942);
#8941 = CARTESIAN_POINT('',(0.,0.));
#8942 = VECTOR('',#8943,1.);
#8943 = DIRECTION('',(0.,-1.));
#8944 = ( GEOMETRIC_REPRESENTATION_CONTEXT(2) 
PARAMETRIC_REPRESENTATION_CONTEXT() REPRESENTATION_CONTEXT('2D SPACE',''
  ) );
#8945 = PCURVE('',#3535,#8946);
#8946 = DEFINITIONAL_REPRESENTATION('',(#8947),#8951);
#8947 = LINE('',#8948,#8949);
#8948 = CARTESIAN_POINT('',(1.2759140625,0.));
#8949 = VECTOR('',#8950,1.);
#8950 = DIRECTION('',(0.,-1.));
#8951 = ( GEOMETRIC_REPRESENTATION_CONTEXT(2) 
PARAMETRIC_REPRESENTATION_CONTEXT() REPRESENTATION_CONTEXT('2D SPACE',''
  ) );
#8952 = ORIENTED_EDGE('',*,*,#8953,.T.);
#8953 = EDGE_CURVE('',#8931,#8954,#8956,.T.);
#8954 = VERTEX_POINT('',#8955);
#8955 = CARTESIAN_POINT('',(8.006044921875,4.9520625,2.7));
#8956 = SURFACE_CURVE('',#8957,(#8961,#8968),.PCURVE_S1.);
#8957 = LINE('',#8958,#8959);
#8958 = CARTESIAN_POINT('',(8.006044921875,-4.47833203125,2.7));
#8959 = VECTOR('',#8960,1.);
#8960 = DIRECTION('',(0.,1.,0.));
#8961 = PCURVE('',#3459,#8962);
#8962 = DEFINITIONAL_REPRESENTATION('',(#8963),#8967);
#8963 = LINE('',#8964,#8965);
#8964 = CARTESIAN_POINT('',(0.,-1.25));
#8965 = VECTOR('',#8966,1.);
#8966 = DIRECTION('',(1.,0.));
#8967 = ( GEOMETRIC_REPRESENTATION_CONTEXT(2) 
PARAMETRIC_REPRESENTATION_CONTEXT() REPRESENTATION_CONTEXT('2D SPACE',''
  ) );
#8968 = PCURVE('',#8969,#8974);
#8969 = PLANE('',#8970);
#8970 = AXIS2_PLACEMENT_3D('',#8971,#8972,#8973);
#8971 = CARTESIAN_POINT('',(6.736447265625,-4.47833203125,2.7));
#8972 = DIRECTION('',(0.,0.,1.));
#8973 = DIRECTION('',(1.,0.,0.));
#8974 = DEFINITIONAL_REPRESENTATION('',(#8975),#8979);
#8975 = LINE('',#8976,#8977);
#8976 = CARTESIAN_POINT('',(1.26959765625,0.));
#8977 = VECTOR('',#8978,1.);
#8978 = DIRECTION('',(0.,1.));
#8979 = ( GEOMETRIC_REPRESENTATION_CONTEXT(2) 
PARAMETRIC_REPRESENTATION_CONTEXT() REPRESENTATION_CONTEXT('2D SPACE',''
  ) );
#8980 = ORIENTED_EDGE('',*,*,#8981,.F.);
#8981 = EDGE_CURVE('',#3443,#8954,#8982,.T.);
#8982 = SURFACE_CURVE('',#8983,(#8987,#8994),.PCURVE_S1.);
#8983 = LINE('',#8984,#8985);
#8984 = CARTESIAN_POINT('',(8.006044921875,4.9520625,1.45));
#8985 = VECTOR('',#8986,1.);
#8986 = DIRECTION('',(0.,0.,1.));
#8987 = PCURVE('',#3459,#8988);
#8988 = DEFINITIONAL_REPRESENTATION('',(#8989),#8993);
#8989 = LINE('',#8990,#8991);
#8990 = CARTESIAN_POINT('',(9.43039453125,0.));
#8991 = VECTOR('',#8992,1.);
#8992 = DIRECTION('',(0.,-1.));
#8993 = ( GEOMETRIC_REPRESENTATION_CONTEXT(2) 
PARAMETRIC_REPRESENTATION_CONTEXT() REPRESENTATION_CONTEXT('2D SPACE',''
  ) );
#8994 = PCURVE('',#3485,#8995);
#8995 = DEFINITIONAL_REPRESENTATION('',(#8996),#9000);
#8996 = LINE('',#8997,#8998);
#8997 = CARTESIAN_POINT('',(0.,0.));
#8998 = VECTOR('',#8999,1.);
#8999 = DIRECTION('',(0.,-1.));
#9000 = ( GEOMETRIC_REPRESENTATION_CONTEXT(2) 
PARAMETRIC_REPRESENTATION_CONTEXT() REPRESENTATION_CONTEXT('2D SPACE',''
  ) );
#9001 = ADVANCED_FACE('',(#9002),#3535,.T.);
#9002 = FACE_BOUND('',#9003,.T.);
#9003 = EDGE_LOOP('',(#9004,#9005,#9028,#9049));
#9004 = ORIENTED_EDGE('',*,*,#3522,.T.);
#9005 = ORIENTED_EDGE('',*,*,#9006,.T.);
#9006 = EDGE_CURVE('',#3497,#9007,#9009,.T.);
#9007 = VERTEX_POINT('',#9008);
#9008 = CARTESIAN_POINT('',(9.281958984375,-4.47833203125,2.7));
#9009 = SURFACE_CURVE('',#9010,(#9014,#9021),.PCURVE_S1.);
#9010 = LINE('',#9011,#9012);
#9011 = CARTESIAN_POINT('',(9.281958984375,-4.47833203125,1.45));
#9012 = VECTOR('',#9013,1.);
#9013 = DIRECTION('',(0.,0.,1.));
#9014 = PCURVE('',#3535,#9015);
#9015 = DEFINITIONAL_REPRESENTATION('',(#9016),#9020);
#9016 = LINE('',#9017,#9018);
#9017 = CARTESIAN_POINT('',(0.,-0.));
#9018 = VECTOR('',#9019,1.);
#9019 = DIRECTION('',(0.,-1.));
#9020 = ( GEOMETRIC_REPRESENTATION_CONTEXT(2) 
PARAMETRIC_REPRESENTATION_CONTEXT() REPRESENTATION_CONTEXT('2D SPACE',''
  ) );
#9021 = PCURVE('',#3511,#9022);
#9022 = DEFINITIONAL_REPRESENTATION('',(#9023),#9027);
#9023 = LINE('',#9024,#9025);
#9024 = CARTESIAN_POINT('',(9.43039453125,0.));
#9025 = VECTOR('',#9026,1.);
#9026 = DIRECTION('',(0.,-1.));
#9027 = ( GEOMETRIC_REPRESENTATION_CONTEXT(2) 
PARAMETRIC_REPRESENTATION_CONTEXT() REPRESENTATION_CONTEXT('2D SPACE',''
  ) );
#9028 = ORIENTED_EDGE('',*,*,#9029,.T.);
#9029 = EDGE_CURVE('',#9007,#8931,#9030,.T.);
#9030 = SURFACE_CURVE('',#9031,(#9035,#9042),.PCURVE_S1.);
#9031 = LINE('',#9032,#9033);
#9032 = CARTESIAN_POINT('',(9.281958984375,-4.47833203125,2.7));
#9033 = VECTOR('',#9034,1.);
#9034 = DIRECTION('',(-1.,0.,0.));
#9035 = PCURVE('',#3535,#9036);
#9036 = DEFINITIONAL_REPRESENTATION('',(#9037),#9041);
#9037 = LINE('',#9038,#9039);
#9038 = CARTESIAN_POINT('',(0.,-1.25));
#9039 = VECTOR('',#9040,1.);
#9040 = DIRECTION('',(1.,0.));
#9041 = ( GEOMETRIC_REPRESENTATION_CONTEXT(2) 
PARAMETRIC_REPRESENTATION_CONTEXT() REPRESENTATION_CONTEXT('2D SPACE',''
  ) );
#9042 = PCURVE('',#8969,#9043);
#9043 = DEFINITIONAL_REPRESENTATION('',(#9044),#9048);
#9044 = LINE('',#9045,#9046);
#9045 = CARTESIAN_POINT('',(2.54551171875,0.));
#9046 = VECTOR('',#9047,1.);
#9047 = DIRECTION('',(-1.,0.));
#9048 = ( GEOMETRIC_REPRESENTATION_CONTEXT(2) 
PARAMETRIC_REPRESENTATION_CONTEXT() REPRESENTATION_CONTEXT('2D SPACE',''
  ) );
#9049 = ORIENTED_EDGE('',*,*,#8930,.F.);
#9050 = ADVANCED_FACE('',(#9051),#3511,.T.);
#9051 = FACE_BOUND('',#9052,.T.);
#9052 = EDGE_LOOP('',(#9053,#9054,#9077,#9098));
#9053 = ORIENTED_EDGE('',*,*,#3496,.T.);
#9054 = ORIENTED_EDGE('',*,*,#9055,.T.);
#9055 = EDGE_CURVE('',#3471,#9056,#9058,.T.);
#9056 = VERTEX_POINT('',#9057);
#9057 = CARTESIAN_POINT('',(9.281958984375,4.9520625,2.7));
#9058 = SURFACE_CURVE('',#9059,(#9063,#9070),.PCURVE_S1.);
#9059 = LINE('',#9060,#9061);
#9060 = CARTESIAN_POINT('',(9.281958984375,4.9520625,1.45));
#9061 = VECTOR('',#9062,1.);
#9062 = DIRECTION('',(0.,0.,1.));
#9063 = PCURVE('',#3511,#9064);
#9064 = DEFINITIONAL_REPRESENTATION('',(#9065),#9069);
#9065 = LINE('',#9066,#9067);
#9066 = CARTESIAN_POINT('',(0.,0.));
#9067 = VECTOR('',#9068,1.);
#9068 = DIRECTION('',(0.,-1.));
#9069 = ( GEOMETRIC_REPRESENTATION_CONTEXT(2) 
PARAMETRIC_REPRESENTATION_CONTEXT() REPRESENTATION_CONTEXT('2D SPACE',''
  ) );
#9070 = PCURVE('',#3485,#9071);
#9071 = DEFINITIONAL_REPRESENTATION('',(#9072),#9076);
#9072 = LINE('',#9073,#9074);
#9073 = CARTESIAN_POINT('',(1.2759140625,0.));
#9074 = VECTOR('',#9075,1.);
#9075 = DIRECTION('',(0.,-1.));
#9076 = ( GEOMETRIC_REPRESENTATION_CONTEXT(2) 
PARAMETRIC_REPRESENTATION_CONTEXT() REPRESENTATION_CONTEXT('2D SPACE',''
  ) );
#9077 = ORIENTED_EDGE('',*,*,#9078,.T.);
#9078 = EDGE_CURVE('',#9056,#9007,#9079,.T.);
#9079 = SURFACE_CURVE('',#9080,(#9084,#9091),.PCURVE_S1.);
#9080 = LINE('',#9081,#9082);
#9081 = CARTESIAN_POINT('',(9.281958984375,4.9520625,2.7));
#9082 = VECTOR('',#9083,1.);
#9083 = DIRECTION('',(0.,-1.,0.));
#9084 = PCURVE('',#3511,#9085);
#9085 = DEFINITIONAL_REPRESENTATION('',(#9086),#9090);
#9086 = LINE('',#9087,#9088);
#9087 = CARTESIAN_POINT('',(0.,-1.25));
#9088 = VECTOR('',#9089,1.);
#9089 = DIRECTION('',(1.,0.));
#9090 = ( GEOMETRIC_REPRESENTATION_CONTEXT(2) 
PARAMETRIC_REPRESENTATION_CONTEXT() REPRESENTATION_CONTEXT('2D SPACE',''
  ) );
#9091 = PCURVE('',#8969,#9092);
#9092 = DEFINITIONAL_REPRESENTATION('',(#9093),#9097);
#9093 = LINE('',#9094,#9095);
#9094 = CARTESIAN_POINT('',(2.54551171875,9.43039453125));
#9095 = VECTOR('',#9096,1.);
#9096 = DIRECTION('',(0.,-1.));
#9097 = ( GEOMETRIC_REPRESENTATION_CONTEXT(2) 
PARAMETRIC_REPRESENTATION_CONTEXT() REPRESENTATION_CONTEXT('2D SPACE',''
  ) );
#9098 = ORIENTED_EDGE('',*,*,#9006,.F.);
#9099 = ADVANCED_FACE('',(#9100),#3485,.T.);
#9100 = FACE_BOUND('',#9101,.T.);
#9101 = EDGE_LOOP('',(#9102,#9103,#9104,#9125));
#9102 = ORIENTED_EDGE('',*,*,#3470,.T.);
#9103 = ORIENTED_EDGE('',*,*,#8981,.T.);
#9104 = ORIENTED_EDGE('',*,*,#9105,.T.);
#9105 = EDGE_CURVE('',#8954,#9056,#9106,.T.);
#9106 = SURFACE_CURVE('',#9107,(#9111,#9118),.PCURVE_S1.);
#9107 = LINE('',#9108,#9109);
#9108 = CARTESIAN_POINT('',(8.006044921875,4.9520625,2.7));
#9109 = VECTOR('',#9110,1.);
#9110 = DIRECTION('',(1.,0.,0.));
#9111 = PCURVE('',#3485,#9112);
#9112 = DEFINITIONAL_REPRESENTATION('',(#9113),#9117);
#9113 = LINE('',#9114,#9115);
#9114 = CARTESIAN_POINT('',(0.,-1.25));
#9115 = VECTOR('',#9116,1.);
#9116 = DIRECTION('',(1.,0.));
#9117 = ( GEOMETRIC_REPRESENTATION_CONTEXT(2) 
PARAMETRIC_REPRESENTATION_CONTEXT() REPRESENTATION_CONTEXT('2D SPACE',''
  ) );
#9118 = PCURVE('',#8969,#9119);
#9119 = DEFINITIONAL_REPRESENTATION('',(#9120),#9124);
#9120 = LINE('',#9121,#9122);
#9121 = CARTESIAN_POINT('',(1.26959765625,9.43039453125));
#9122 = VECTOR('',#9123,1.);
#9123 = DIRECTION('',(1.,0.));
#9124 = ( GEOMETRIC_REPRESENTATION_CONTEXT(2) 
PARAMETRIC_REPRESENTATION_CONTEXT() REPRESENTATION_CONTEXT('2D SPACE',''
  ) );
#9125 = ORIENTED_EDGE('',*,*,#9055,.F.);
#9126 = ADVANCED_FACE('',(#9127),#3565,.T.);
#9127 = FACE_BOUND('',#9128,.T.);
#9128 = EDGE_LOOP('',(#9129,#9130,#9153,#9181));
#9129 = ORIENTED_EDGE('',*,*,#3548,.T.);
#9130 = ORIENTED_EDGE('',*,*,#9131,.T.);
#9131 = EDGE_CURVE('',#3551,#9132,#9134,.T.);
#9132 = VERTEX_POINT('',#9133);
#9133 = CARTESIAN_POINT('',(17.474337890625,4.64255859375,2.7));
#9134 = SURFACE_CURVE('',#9135,(#9139,#9146),.PCURVE_S1.);
#9135 = LINE('',#9136,#9137);
#9136 = CARTESIAN_POINT('',(17.474337890625,4.64255859375,1.45));
#9137 = VECTOR('',#9138,1.);
#9138 = DIRECTION('',(0.,0.,1.));
#9139 = PCURVE('',#3565,#9140);
#9140 = DEFINITIONAL_REPRESENTATION('',(#9141),#9145);
#9141 = LINE('',#9142,#9143);
#9142 = CARTESIAN_POINT('',(0.,0.));
#9143 = VECTOR('',#9144,1.);
#9144 = DIRECTION('',(0.,-1.));
#9145 = ( GEOMETRIC_REPRESENTATION_CONTEXT(2) 
PARAMETRIC_REPRESENTATION_CONTEXT() REPRESENTATION_CONTEXT('2D SPACE',''
  ) );
#9146 = PCURVE('',#5150,#9147);
#9147 = DEFINITIONAL_REPRESENTATION('',(#9148),#9152);
#9148 = LINE('',#9149,#9150);
#9149 = CARTESIAN_POINT('',(1.,0.));
#9150 = VECTOR('',#9151,1.);
#9151 = DIRECTION('',(0.,-1.));
#9152 = ( GEOMETRIC_REPRESENTATION_CONTEXT(2) 
PARAMETRIC_REPRESENTATION_CONTEXT() REPRESENTATION_CONTEXT('2D SPACE',''
  ) );
#9153 = ORIENTED_EDGE('',*,*,#9154,.T.);
#9154 = EDGE_CURVE('',#9132,#9155,#9157,.T.);
#9155 = VERTEX_POINT('',#9156);
#9156 = CARTESIAN_POINT('',(17.474337890625,3.3982265625,2.7));
#9157 = SURFACE_CURVE('',#9158,(#9162,#9169),.PCURVE_S1.);
#9158 = LINE('',#9159,#9160);
#9159 = CARTESIAN_POINT('',(17.474337890625,4.64255859375,2.7));
#9160 = VECTOR('',#9161,1.);
#9161 = DIRECTION('',(0.,-1.,0.));
#9162 = PCURVE('',#3565,#9163);
#9163 = DEFINITIONAL_REPRESENTATION('',(#9164),#9168);
#9164 = LINE('',#9165,#9166);
#9165 = CARTESIAN_POINT('',(0.,-1.25));
#9166 = VECTOR('',#9167,1.);
#9167 = DIRECTION('',(1.,0.));
#9168 = ( GEOMETRIC_REPRESENTATION_CONTEXT(2) 
PARAMETRIC_REPRESENTATION_CONTEXT() REPRESENTATION_CONTEXT('2D SPACE',''
  ) );
#9169 = PCURVE('',#9170,#9175);
#9170 = PLANE('',#9171);
#9171 = AXIS2_PLACEMENT_3D('',#9172,#9173,#9174);
#9172 = CARTESIAN_POINT('',(10.551556640625,-4.47833203125,2.7));
#9173 = DIRECTION('',(0.,0.,1.));
#9174 = DIRECTION('',(1.,0.,0.));
#9175 = DEFINITIONAL_REPRESENTATION('',(#9176),#9180);
#9176 = LINE('',#9177,#9178);
#9177 = CARTESIAN_POINT('',(6.92278125,9.120890625));
#9178 = VECTOR('',#9179,1.);
#9179 = DIRECTION('',(0.,-1.));
#9180 = ( GEOMETRIC_REPRESENTATION_CONTEXT(2) 
PARAMETRIC_REPRESENTATION_CONTEXT() REPRESENTATION_CONTEXT('2D SPACE',''
  ) );
#9181 = ORIENTED_EDGE('',*,*,#9182,.F.);
#9182 = EDGE_CURVE('',#3549,#9155,#9183,.T.);
#9183 = SURFACE_CURVE('',#9184,(#9188,#9195),.PCURVE_S1.);
#9184 = LINE('',#9185,#9186);
#9185 = CARTESIAN_POINT('',(17.474337890625,3.3982265625,1.45));
#9186 = VECTOR('',#9187,1.);
#9187 = DIRECTION('',(0.,0.,1.));
#9188 = PCURVE('',#3565,#9189);
#9189 = DEFINITIONAL_REPRESENTATION('',(#9190),#9194);
#9190 = LINE('',#9191,#9192);
#9191 = CARTESIAN_POINT('',(1.24433203125,0.));
#9192 = VECTOR('',#9193,1.);
#9193 = DIRECTION('',(0.,-1.));
#9194 = ( GEOMETRIC_REPRESENTATION_CONTEXT(2) 
PARAMETRIC_REPRESENTATION_CONTEXT() REPRESENTATION_CONTEXT('2D SPACE',''
  ) );
#9195 = PCURVE('',#3600,#9196);
#9196 = DEFINITIONAL_REPRESENTATION('',(#9197),#9201);
#9197 = LINE('',#9198,#9199);
#9198 = CARTESIAN_POINT('',(0.,0.));
#9199 = VECTOR('',#9200,1.);
#9200 = DIRECTION('',(0.,-1.));
#9201 = ( GEOMETRIC_REPRESENTATION_CONTEXT(2) 
PARAMETRIC_REPRESENTATION_CONTEXT() REPRESENTATION_CONTEXT('2D SPACE',''
  ) );
#9202 = ADVANCED_FACE('',(#9203),#5150,.T.);
#9203 = FACE_BOUND('',#9204,.T.);
#9204 = EDGE_LOOP('',(#9205,#9206,#9229,#9250));
#9205 = ORIENTED_EDGE('',*,*,#5130,.T.);
#9206 = ORIENTED_EDGE('',*,*,#9207,.T.);
#9207 = EDGE_CURVE('',#5092,#9208,#9210,.T.);
#9208 = VERTEX_POINT('',#9209);
#9209 = CARTESIAN_POINT('',(16.065779296875,5.00259375,2.7));
#9210 = SURFACE_CURVE('',#9211,(#9215,#9222),.PCURVE_S1.);
#9211 = LINE('',#9212,#9213);
#9212 = CARTESIAN_POINT('',(16.065779296875,5.00259375,1.45));
#9213 = VECTOR('',#9214,1.);
#9214 = DIRECTION('',(0.,0.,1.));
#9215 = PCURVE('',#5150,#9216);
#9216 = DEFINITIONAL_REPRESENTATION('',(#9217),#9221);
#9217 = LINE('',#9218,#9219);
#9218 = CARTESIAN_POINT('',(0.,0.));
#9219 = VECTOR('',#9220,1.);
#9220 = DIRECTION('',(0.,-1.));
#9221 = ( GEOMETRIC_REPRESENTATION_CONTEXT(2) 
PARAMETRIC_REPRESENTATION_CONTEXT() REPRESENTATION_CONTEXT('2D SPACE',''
  ) );
#9222 = PCURVE('',#5113,#9223);
#9223 = DEFINITIONAL_REPRESENTATION('',(#9224),#9228);
#9224 = LINE('',#9225,#9226);
#9225 = CARTESIAN_POINT('',(1.,0.));
#9226 = VECTOR('',#9227,1.);
#9227 = DIRECTION('',(0.,-1.));
#9228 = ( GEOMETRIC_REPRESENTATION_CONTEXT(2) 
PARAMETRIC_REPRESENTATION_CONTEXT() REPRESENTATION_CONTEXT('2D SPACE',''
  ) );
#9229 = ORIENTED_EDGE('',*,*,#9230,.T.);
#9230 = EDGE_CURVE('',#9208,#9132,#9231,.T.);
#9231 = SURFACE_CURVE('',#9232,(#9236,#9243),.PCURVE_S1.);
#9232 = B_SPLINE_CURVE_WITH_KNOTS('',2,(#9233,#9234,#9235),
  .UNSPECIFIED.,.F.,.F.,(3,3),(0.,1.),.PIECEWISE_BEZIER_KNOTS.);
#9233 = CARTESIAN_POINT('',(16.065779296875,5.00259375,2.7));
#9234 = CARTESIAN_POINT('',(16.754267578125,4.88258203125,2.7));
#9235 = CARTESIAN_POINT('',(17.474337890625,4.64255859375,2.7));
#9236 = PCURVE('',#5150,#9237);
#9237 = DEFINITIONAL_REPRESENTATION('',(#9238),#9242);
#9238 = LINE('',#9239,#9240);
#9239 = CARTESIAN_POINT('',(0.,-1.25));
#9240 = VECTOR('',#9241,1.);
#9241 = DIRECTION('',(1.,0.));
#9242 = ( GEOMETRIC_REPRESENTATION_CONTEXT(2) 
PARAMETRIC_REPRESENTATION_CONTEXT() REPRESENTATION_CONTEXT('2D SPACE',''
  ) );
#9243 = PCURVE('',#9170,#9244);
#9244 = DEFINITIONAL_REPRESENTATION('',(#9245),#9249);
#9245 = B_SPLINE_CURVE_WITH_KNOTS('',2,(#9246,#9247,#9248),
  .UNSPECIFIED.,.F.,.F.,(3,3),(0.,1.),.PIECEWISE_BEZIER_KNOTS.);
#9246 = CARTESIAN_POINT('',(5.51422265625,9.48092578125));
#9247 = CARTESIAN_POINT('',(6.2027109375,9.3609140625));
#9248 = CARTESIAN_POINT('',(6.92278125,9.120890625));
#9249 = ( GEOMETRIC_REPRESENTATION_CONTEXT(2) 
PARAMETRIC_REPRESENTATION_CONTEXT() REPRESENTATION_CONTEXT('2D SPACE',''
  ) );
#9250 = ORIENTED_EDGE('',*,*,#9131,.F.);
#9251 = ADVANCED_FACE('',(#9252),#5113,.T.);
#9252 = FACE_BOUND('',#9253,.T.);
#9253 = EDGE_LOOP('',(#9254,#9255,#9278,#9299));
#9254 = ORIENTED_EDGE('',*,*,#5091,.T.);
#9255 = ORIENTED_EDGE('',*,*,#9256,.T.);
#9256 = EDGE_CURVE('',#5020,#9257,#9259,.T.);
#9257 = VERTEX_POINT('',#9258);
#9258 = CARTESIAN_POINT('',(14.714068359375,5.12260546875,2.7));
#9259 = SURFACE_CURVE('',#9260,(#9264,#9271),.PCURVE_S1.);
#9260 = LINE('',#9261,#9262);
#9261 = CARTESIAN_POINT('',(14.714068359375,5.12260546875,1.45));
#9262 = VECTOR('',#9263,1.);
#9263 = DIRECTION('',(0.,0.,1.));
#9264 = PCURVE('',#5113,#9265);
#9265 = DEFINITIONAL_REPRESENTATION('',(#9266),#9270);
#9266 = LINE('',#9267,#9268);
#9267 = CARTESIAN_POINT('',(0.,0.));
#9268 = VECTOR('',#9269,1.);
#9269 = DIRECTION('',(0.,-1.));
#9270 = ( GEOMETRIC_REPRESENTATION_CONTEXT(2) 
PARAMETRIC_REPRESENTATION_CONTEXT() REPRESENTATION_CONTEXT('2D SPACE',''
  ) );
#9271 = PCURVE('',#5063,#9272);
#9272 = DEFINITIONAL_REPRESENTATION('',(#9273),#9277);
#9273 = LINE('',#9274,#9275);
#9274 = CARTESIAN_POINT('',(1.,0.));
#9275 = VECTOR('',#9276,1.);
#9276 = DIRECTION('',(0.,-1.));
#9277 = ( GEOMETRIC_REPRESENTATION_CONTEXT(2) 
PARAMETRIC_REPRESENTATION_CONTEXT() REPRESENTATION_CONTEXT('2D SPACE',''
  ) );
#9278 = ORIENTED_EDGE('',*,*,#9279,.T.);
#9279 = EDGE_CURVE('',#9257,#9208,#9280,.T.);
#9280 = SURFACE_CURVE('',#9281,(#9285,#9292),.PCURVE_S1.);
#9281 = B_SPLINE_CURVE_WITH_KNOTS('',2,(#9282,#9283,#9284),
  .UNSPECIFIED.,.F.,.F.,(3,3),(0.,1.),.PIECEWISE_BEZIER_KNOTS.);
#9282 = CARTESIAN_POINT('',(14.714068359375,5.12260546875,2.7));
#9283 = CARTESIAN_POINT('',(15.377291015625,5.12260546875,2.7));
#9284 = CARTESIAN_POINT('',(16.065779296875,5.00259375,2.7));
#9285 = PCURVE('',#5113,#9286);
#9286 = DEFINITIONAL_REPRESENTATION('',(#9287),#9291);
#9287 = LINE('',#9288,#9289);
#9288 = CARTESIAN_POINT('',(0.,-1.25));
#9289 = VECTOR('',#9290,1.);
#9290 = DIRECTION('',(1.,0.));
#9291 = ( GEOMETRIC_REPRESENTATION_CONTEXT(2) 
PARAMETRIC_REPRESENTATION_CONTEXT() REPRESENTATION_CONTEXT('2D SPACE',''
  ) );
#9292 = PCURVE('',#9170,#9293);
#9293 = DEFINITIONAL_REPRESENTATION('',(#9294),#9298);
#9294 = B_SPLINE_CURVE_WITH_KNOTS('',2,(#9295,#9296,#9297),
  .UNSPECIFIED.,.F.,.F.,(3,3),(0.,1.),.PIECEWISE_BEZIER_KNOTS.);
#9295 = CARTESIAN_POINT('',(4.16251171875,9.6009375));
#9296 = CARTESIAN_POINT('',(4.825734375,9.6009375));
#9297 = CARTESIAN_POINT('',(5.51422265625,9.48092578125));
#9298 = ( GEOMETRIC_REPRESENTATION_CONTEXT(2) 
PARAMETRIC_REPRESENTATION_CONTEXT() REPRESENTATION_CONTEXT('2D SPACE',''
  ) );
#9299 = ORIENTED_EDGE('',*,*,#9207,.F.);
#9300 = ADVANCED_FACE('',(#9301),#5063,.T.);
#9301 = FACE_BOUND('',#9302,.T.);
#9302 = EDGE_LOOP('',(#9303,#9304,#9327,#9348));
#9303 = ORIENTED_EDGE('',*,*,#5019,.T.);
#9304 = ORIENTED_EDGE('',*,*,#9305,.T.);
#9305 = EDGE_CURVE('',#4945,#9306,#9308,.T.);
#9306 = VERTEX_POINT('',#9307);
#9307 = CARTESIAN_POINT('',(12.28541015625,4.40253515625,2.7));
#9308 = SURFACE_CURVE('',#9309,(#9313,#9320),.PCURVE_S1.);
#9309 = LINE('',#9310,#9311);
#9310 = CARTESIAN_POINT('',(12.28541015625,4.40253515625,1.45));
#9311 = VECTOR('',#9312,1.);
#9312 = DIRECTION('',(0.,0.,1.));
#9313 = PCURVE('',#5063,#9314);
#9314 = DEFINITIONAL_REPRESENTATION('',(#9315),#9319);
#9315 = LINE('',#9316,#9317);
#9316 = CARTESIAN_POINT('',(0.,0.));
#9317 = VECTOR('',#9318,1.);
#9318 = DIRECTION('',(0.,-1.));
#9319 = ( GEOMETRIC_REPRESENTATION_CONTEXT(2) 
PARAMETRIC_REPRESENTATION_CONTEXT() REPRESENTATION_CONTEXT('2D SPACE',''
  ) );
#9320 = PCURVE('',#4990,#9321);
#9321 = DEFINITIONAL_REPRESENTATION('',(#9322),#9326);
#9322 = LINE('',#9323,#9324);
#9323 = CARTESIAN_POINT('',(1.,0.));
#9324 = VECTOR('',#9325,1.);
#9325 = DIRECTION('',(0.,-1.));
#9326 = ( GEOMETRIC_REPRESENTATION_CONTEXT(2) 
PARAMETRIC_REPRESENTATION_CONTEXT() REPRESENTATION_CONTEXT('2D SPACE',''
  ) );
#9327 = ORIENTED_EDGE('',*,*,#9328,.T.);
#9328 = EDGE_CURVE('',#9306,#9257,#9329,.T.);
#9329 = SURFACE_CURVE('',#9330,(#9334,#9341),.PCURVE_S1.);
#9330 = B_SPLINE_CURVE_WITH_KNOTS('',2,(#9331,#9332,#9333),
  .UNSPECIFIED.,.F.,.F.,(3,3),(0.,1.),.PIECEWISE_BEZIER_KNOTS.);
#9331 = CARTESIAN_POINT('',(12.28541015625,4.40253515625,2.7));
#9332 = CARTESIAN_POINT('',(13.166548828125,5.12260546875,2.7));
#9333 = CARTESIAN_POINT('',(14.714068359375,5.12260546875,2.7));
#9334 = PCURVE('',#5063,#9335);
#9335 = DEFINITIONAL_REPRESENTATION('',(#9336),#9340);
#9336 = LINE('',#9337,#9338);
#9337 = CARTESIAN_POINT('',(0.,-1.25));
#9338 = VECTOR('',#9339,1.);
#9339 = DIRECTION('',(1.,0.));
#9340 = ( GEOMETRIC_REPRESENTATION_CONTEXT(2) 
PARAMETRIC_REPRESENTATION_CONTEXT() REPRESENTATION_CONTEXT('2D SPACE',''
  ) );
#9341 = PCURVE('',#9170,#9342);
#9342 = DEFINITIONAL_REPRESENTATION('',(#9343),#9347);
#9343 = B_SPLINE_CURVE_WITH_KNOTS('',2,(#9344,#9345,#9346),
  .UNSPECIFIED.,.F.,.F.,(3,3),(0.,1.),.PIECEWISE_BEZIER_KNOTS.);
#9344 = CARTESIAN_POINT('',(1.733853515625,8.8808671875));
#9345 = CARTESIAN_POINT('',(2.6149921875,9.6009375));
#9346 = CARTESIAN_POINT('',(4.16251171875,9.6009375));
#9347 = ( GEOMETRIC_REPRESENTATION_CONTEXT(2) 
PARAMETRIC_REPRESENTATION_CONTEXT() REPRESENTATION_CONTEXT('2D SPACE',''
  ) );
#9348 = ORIENTED_EDGE('',*,*,#9256,.F.);
#9349 = ADVANCED_FACE('',(#9350),#4990,.T.);
#9350 = FACE_BOUND('',#9351,.T.);
#9351 = EDGE_LOOP('',(#9352,#9353,#9376,#9397));
#9352 = ORIENTED_EDGE('',*,*,#4944,.T.);
#9353 = ORIENTED_EDGE('',*,*,#9354,.T.);
#9354 = EDGE_CURVE('',#4870,#9355,#9357,.T.);
#9355 = VERTEX_POINT('',#9356);
#9356 = CARTESIAN_POINT('',(11.404271484375,2.43181640625,2.7));
#9357 = SURFACE_CURVE('',#9358,(#9362,#9369),.PCURVE_S1.);
#9358 = LINE('',#9359,#9360);
#9359 = CARTESIAN_POINT('',(11.404271484375,2.43181640625,1.45));
#9360 = VECTOR('',#9361,1.);
#9361 = DIRECTION('',(0.,0.,1.));
#9362 = PCURVE('',#4990,#9363);
#9363 = DEFINITIONAL_REPRESENTATION('',(#9364),#9368);
#9364 = LINE('',#9365,#9366);
#9365 = CARTESIAN_POINT('',(0.,0.));
#9366 = VECTOR('',#9367,1.);
#9367 = DIRECTION('',(0.,-1.));
#9368 = ( GEOMETRIC_REPRESENTATION_CONTEXT(2) 
PARAMETRIC_REPRESENTATION_CONTEXT() REPRESENTATION_CONTEXT('2D SPACE',''
  ) );
#9369 = PCURVE('',#4915,#9370);
#9370 = DEFINITIONAL_REPRESENTATION('',(#9371),#9375);
#9371 = LINE('',#9372,#9373);
#9372 = CARTESIAN_POINT('',(1.,0.));
#9373 = VECTOR('',#9374,1.);
#9374 = DIRECTION('',(0.,-1.));
#9375 = ( GEOMETRIC_REPRESENTATION_CONTEXT(2) 
PARAMETRIC_REPRESENTATION_CONTEXT() REPRESENTATION_CONTEXT('2D SPACE',''
  ) );
#9376 = ORIENTED_EDGE('',*,*,#9377,.T.);
#9377 = EDGE_CURVE('',#9355,#9306,#9378,.T.);
#9378 = SURFACE_CURVE('',#9379,(#9383,#9390),.PCURVE_S1.);
#9379 = B_SPLINE_CURVE_WITH_KNOTS('',2,(#9380,#9381,#9382),
  .UNSPECIFIED.,.F.,.F.,(3,3),(0.,1.),.PIECEWISE_BEZIER_KNOTS.);
#9380 = CARTESIAN_POINT('',(11.404271484375,2.43181640625,2.7));
#9381 = CARTESIAN_POINT('',(11.404271484375,3.68246484375,2.7));
#9382 = CARTESIAN_POINT('',(12.28541015625,4.40253515625,2.7));
#9383 = PCURVE('',#4990,#9384);
#9384 = DEFINITIONAL_REPRESENTATION('',(#9385),#9389);
#9385 = LINE('',#9386,#9387);
#9386 = CARTESIAN_POINT('',(0.,-1.25));
#9387 = VECTOR('',#9388,1.);
#9388 = DIRECTION('',(1.,0.));
#9389 = ( GEOMETRIC_REPRESENTATION_CONTEXT(2) 
PARAMETRIC_REPRESENTATION_CONTEXT() REPRESENTATION_CONTEXT('2D SPACE',''
  ) );
#9390 = PCURVE('',#9170,#9391);
#9391 = DEFINITIONAL_REPRESENTATION('',(#9392),#9396);
#9392 = B_SPLINE_CURVE_WITH_KNOTS('',2,(#9393,#9394,#9395),
  .UNSPECIFIED.,.F.,.F.,(3,3),(0.,1.),.PIECEWISE_BEZIER_KNOTS.);
#9393 = CARTESIAN_POINT('',(0.85271484375,6.9101484375));
#9394 = CARTESIAN_POINT('',(0.85271484375,8.160796875));
#9395 = CARTESIAN_POINT('',(1.733853515625,8.8808671875));
#9396 = ( GEOMETRIC_REPRESENTATION_CONTEXT(2) 
PARAMETRIC_REPRESENTATION_CONTEXT() REPRESENTATION_CONTEXT('2D SPACE',''
  ) );
#9397 = ORIENTED_EDGE('',*,*,#9305,.F.);
#9398 = ADVANCED_FACE('',(#9399),#4915,.T.);
#9399 = FACE_BOUND('',#9400,.T.);
#9400 = EDGE_LOOP('',(#9401,#9402,#9425,#9446));
#9401 = ORIENTED_EDGE('',*,*,#4869,.T.);
#9402 = ORIENTED_EDGE('',*,*,#9403,.T.);
#9403 = EDGE_CURVE('',#4798,#9404,#9406,.T.);
#9404 = VERTEX_POINT('',#9405);
#9405 = CARTESIAN_POINT('',(12.042228515625,0.7453359375,2.7));
#9406 = SURFACE_CURVE('',#9407,(#9411,#9418),.PCURVE_S1.);
#9407 = LINE('',#9408,#9409);
#9408 = CARTESIAN_POINT('',(12.042228515625,0.7453359375,1.45));
#9409 = VECTOR('',#9410,1.);
#9410 = DIRECTION('',(0.,0.,1.));
#9411 = PCURVE('',#4915,#9412);
#9412 = DEFINITIONAL_REPRESENTATION('',(#9413),#9417);
#9413 = LINE('',#9414,#9415);
#9414 = CARTESIAN_POINT('',(0.,0.));
#9415 = VECTOR('',#9416,1.);
#9416 = DIRECTION('',(0.,-1.));
#9417 = ( GEOMETRIC_REPRESENTATION_CONTEXT(2) 
PARAMETRIC_REPRESENTATION_CONTEXT() REPRESENTATION_CONTEXT('2D SPACE',''
  ) );
#9418 = PCURVE('',#4841,#9419);
#9419 = DEFINITIONAL_REPRESENTATION('',(#9420),#9424);
#9420 = LINE('',#9421,#9422);
#9421 = CARTESIAN_POINT('',(1.,0.));
#9422 = VECTOR('',#9423,1.);
#9423 = DIRECTION('',(0.,-1.));
#9424 = ( GEOMETRIC_REPRESENTATION_CONTEXT(2) 
PARAMETRIC_REPRESENTATION_CONTEXT() REPRESENTATION_CONTEXT('2D SPACE',''
  ) );
#9425 = ORIENTED_EDGE('',*,*,#9426,.T.);
#9426 = EDGE_CURVE('',#9404,#9355,#9427,.T.);
#9427 = SURFACE_CURVE('',#9428,(#9432,#9439),.PCURVE_S1.);
#9428 = B_SPLINE_CURVE_WITH_KNOTS('',2,(#9429,#9430,#9431),
  .UNSPECIFIED.,.F.,.F.,(3,3),(0.,1.),.PIECEWISE_BEZIER_KNOTS.);
#9429 = CARTESIAN_POINT('',(12.042228515625,0.7453359375,2.7));
#9430 = CARTESIAN_POINT('',(11.404271484375,1.3517109375,2.7));
#9431 = CARTESIAN_POINT('',(11.404271484375,2.43181640625,2.7));
#9432 = PCURVE('',#4915,#9433);
#9433 = DEFINITIONAL_REPRESENTATION('',(#9434),#9438);
#9434 = LINE('',#9435,#9436);
#9435 = CARTESIAN_POINT('',(0.,-1.25));
#9436 = VECTOR('',#9437,1.);
#9437 = DIRECTION('',(1.,0.));
#9438 = ( GEOMETRIC_REPRESENTATION_CONTEXT(2) 
PARAMETRIC_REPRESENTATION_CONTEXT() REPRESENTATION_CONTEXT('2D SPACE',''
  ) );
#9439 = PCURVE('',#9170,#9440);
#9440 = DEFINITIONAL_REPRESENTATION('',(#9441),#9445);
#9441 = B_SPLINE_CURVE_WITH_KNOTS('',2,(#9442,#9443,#9444),
  .UNSPECIFIED.,.F.,.F.,(3,3),(0.,1.),.PIECEWISE_BEZIER_KNOTS.);
#9442 = CARTESIAN_POINT('',(1.490671875,5.22366796875));
#9443 = CARTESIAN_POINT('',(0.85271484375,5.83004296875));
#9444 = CARTESIAN_POINT('',(0.85271484375,6.9101484375));
#9445 = ( GEOMETRIC_REPRESENTATION_CONTEXT(2) 
PARAMETRIC_REPRESENTATION_CONTEXT() REPRESENTATION_CONTEXT('2D SPACE',''
  ) );
#9446 = ORIENTED_EDGE('',*,*,#9354,.F.);
#9447 = ADVANCED_FACE('',(#9448),#4841,.T.);
#9448 = FACE_BOUND('',#9449,.T.);
#9449 = EDGE_LOOP('',(#9450,#9451,#9474,#9495));
#9450 = ORIENTED_EDGE('',*,*,#4797,.T.);
#9451 = ORIENTED_EDGE('',*,*,#9452,.T.);
#9452 = EDGE_CURVE('',#4772,#9453,#9455,.T.);
#9453 = VERTEX_POINT('',#9454);
#9454 = CARTESIAN_POINT('',(14.107693359375,-0.14527734375,2.7));
#9455 = SURFACE_CURVE('',#9456,(#9460,#9467),.PCURVE_S1.);
#9456 = LINE('',#9457,#9458);
#9457 = CARTESIAN_POINT('',(14.107693359375,-0.14527734375,1.45));
#9458 = VECTOR('',#9459,1.);
#9459 = DIRECTION('',(0.,0.,1.));
#9460 = PCURVE('',#4841,#9461);
#9461 = DEFINITIONAL_REPRESENTATION('',(#9462),#9466);
#9462 = LINE('',#9463,#9464);
#9463 = CARTESIAN_POINT('',(0.,0.));
#9464 = VECTOR('',#9465,1.);
#9465 = DIRECTION('',(0.,-1.));
#9466 = ( GEOMETRIC_REPRESENTATION_CONTEXT(2) 
PARAMETRIC_REPRESENTATION_CONTEXT() REPRESENTATION_CONTEXT('2D SPACE',''
  ) );
#9467 = PCURVE('',#4786,#9468);
#9468 = DEFINITIONAL_REPRESENTATION('',(#9469),#9473);
#9469 = LINE('',#9470,#9471);
#9470 = CARTESIAN_POINT('',(0.791569450652,0.));
#9471 = VECTOR('',#9472,1.);
#9472 = DIRECTION('',(0.,-1.));
#9473 = ( GEOMETRIC_REPRESENTATION_CONTEXT(2) 
PARAMETRIC_REPRESENTATION_CONTEXT() REPRESENTATION_CONTEXT('2D SPACE',''
  ) );
#9474 = ORIENTED_EDGE('',*,*,#9475,.T.);
#9475 = EDGE_CURVE('',#9453,#9404,#9476,.T.);
#9476 = SURFACE_CURVE('',#9477,(#9481,#9488),.PCURVE_S1.);
#9477 = B_SPLINE_CURVE_WITH_KNOTS('',2,(#9478,#9479,#9480),
  .UNSPECIFIED.,.F.,.F.,(3,3),(0.,1.),.PIECEWISE_BEZIER_KNOTS.);
#9478 = CARTESIAN_POINT('',(14.107693359375,-0.14527734375,2.7));
#9479 = CARTESIAN_POINT('',(12.680185546875,0.1389609375,2.7));
#9480 = CARTESIAN_POINT('',(12.042228515625,0.7453359375,2.7));
#9481 = PCURVE('',#4841,#9482);
#9482 = DEFINITIONAL_REPRESENTATION('',(#9483),#9487);
#9483 = LINE('',#9484,#9485);
#9484 = CARTESIAN_POINT('',(0.,-1.25));
#9485 = VECTOR('',#9486,1.);
#9486 = DIRECTION('',(1.,0.));
#9487 = ( GEOMETRIC_REPRESENTATION_CONTEXT(2) 
PARAMETRIC_REPRESENTATION_CONTEXT() REPRESENTATION_CONTEXT('2D SPACE',''
  ) );
#9488 = PCURVE('',#9170,#9489);
#9489 = DEFINITIONAL_REPRESENTATION('',(#9490),#9494);
#9490 = B_SPLINE_CURVE_WITH_KNOTS('',2,(#9491,#9492,#9493),
  .UNSPECIFIED.,.F.,.F.,(3,3),(0.,1.),.PIECEWISE_BEZIER_KNOTS.);
#9491 = CARTESIAN_POINT('',(3.55613671875,4.3330546875));
#9492 = CARTESIAN_POINT('',(2.12862890625,4.61729296875));
#9493 = CARTESIAN_POINT('',(1.490671875,5.22366796875));
#9494 = ( GEOMETRIC_REPRESENTATION_CONTEXT(2) 
PARAMETRIC_REPRESENTATION_CONTEXT() REPRESENTATION_CONTEXT('2D SPACE',''
  ) );
#9495 = ORIENTED_EDGE('',*,*,#9403,.F.);
#9496 = ADVANCED_FACE('',(#9497),#4786,.T.);
#9497 = FACE_BOUND('',#9498,.T.);
#9498 = EDGE_LOOP('',(#9499,#9500,#9523,#9544));
#9499 = ORIENTED_EDGE('',*,*,#4771,.T.);
#9500 = ORIENTED_EDGE('',*,*,#9501,.T.);
#9501 = EDGE_CURVE('',#4700,#9502,#9504,.T.);
#9502 = VERTEX_POINT('',#9503);
#9503 = CARTESIAN_POINT('',(14.884611328125,-0.29687109375,2.7));
#9504 = SURFACE_CURVE('',#9505,(#9509,#9516),.PCURVE_S1.);
#9505 = LINE('',#9506,#9507);
#9506 = CARTESIAN_POINT('',(14.884611328125,-0.29687109375,1.45));
#9507 = VECTOR('',#9508,1.);
#9508 = DIRECTION('',(0.,0.,1.));
#9509 = PCURVE('',#4786,#9510);
#9510 = DEFINITIONAL_REPRESENTATION('',(#9511),#9515);
#9511 = LINE('',#9512,#9513);
#9512 = CARTESIAN_POINT('',(0.,0.));
#9513 = VECTOR('',#9514,1.);
#9514 = DIRECTION('',(0.,-1.));
#9515 = ( GEOMETRIC_REPRESENTATION_CONTEXT(2) 
PARAMETRIC_REPRESENTATION_CONTEXT() REPRESENTATION_CONTEXT('2D SPACE',''
  ) );
#9516 = PCURVE('',#4743,#9517);
#9517 = DEFINITIONAL_REPRESENTATION('',(#9518),#9522);
#9518 = LINE('',#9519,#9520);
#9519 = CARTESIAN_POINT('',(1.,0.));
#9520 = VECTOR('',#9521,1.);
#9521 = DIRECTION('',(0.,-1.));
#9522 = ( GEOMETRIC_REPRESENTATION_CONTEXT(2) 
PARAMETRIC_REPRESENTATION_CONTEXT() REPRESENTATION_CONTEXT('2D SPACE',''
  ) );
#9523 = ORIENTED_EDGE('',*,*,#9524,.T.);
#9524 = EDGE_CURVE('',#9502,#9453,#9525,.T.);
#9525 = SURFACE_CURVE('',#9526,(#9530,#9537),.PCURVE_S1.);
#9526 = LINE('',#9527,#9528);
#9527 = CARTESIAN_POINT('',(14.884611328125,-0.29687109375,2.7));
#9528 = VECTOR('',#9529,1.);
#9529 = DIRECTION('',(-0.981490592026,0.19151035942,0.));
#9530 = PCURVE('',#4786,#9531);
#9531 = DEFINITIONAL_REPRESENTATION('',(#9532),#9536);
#9532 = LINE('',#9533,#9534);
#9533 = CARTESIAN_POINT('',(0.,-1.25));
#9534 = VECTOR('',#9535,1.);
#9535 = DIRECTION('',(1.,0.));
#9536 = ( GEOMETRIC_REPRESENTATION_CONTEXT(2) 
PARAMETRIC_REPRESENTATION_CONTEXT() REPRESENTATION_CONTEXT('2D SPACE',''
  ) );
#9537 = PCURVE('',#9170,#9538);
#9538 = DEFINITIONAL_REPRESENTATION('',(#9539),#9543);
#9539 = LINE('',#9540,#9541);
#9540 = CARTESIAN_POINT('',(4.3330546875,4.1814609375));
#9541 = VECTOR('',#9542,1.);
#9542 = DIRECTION('',(-0.981490592026,0.19151035942));
#9543 = ( GEOMETRIC_REPRESENTATION_CONTEXT(2) 
PARAMETRIC_REPRESENTATION_CONTEXT() REPRESENTATION_CONTEXT('2D SPACE',''
  ) );
#9544 = ORIENTED_EDGE('',*,*,#9452,.F.);
#9545 = ADVANCED_FACE('',(#9546),#4743,.T.);
#9546 = FACE_BOUND('',#9547,.T.);
#9547 = EDGE_LOOP('',(#9548,#9549,#9572,#9593));
#9548 = ORIENTED_EDGE('',*,*,#4699,.T.);
#9549 = ORIENTED_EDGE('',*,*,#9550,.T.);
#9550 = EDGE_CURVE('',#4628,#9551,#9553,.T.);
#9551 = VERTEX_POINT('',#9552);
#9552 = CARTESIAN_POINT('',(16.2836953125,-0.884296875,2.7));
#9553 = SURFACE_CURVE('',#9554,(#9558,#9565),.PCURVE_S1.);
#9554 = LINE('',#9555,#9556);
#9555 = CARTESIAN_POINT('',(16.2836953125,-0.884296875,1.45));
#9556 = VECTOR('',#9557,1.);
#9557 = DIRECTION('',(0.,0.,1.));
#9558 = PCURVE('',#4743,#9559);
#9559 = DEFINITIONAL_REPRESENTATION('',(#9560),#9564);
#9560 = LINE('',#9561,#9562);
#9561 = CARTESIAN_POINT('',(0.,0.));
#9562 = VECTOR('',#9563,1.);
#9563 = DIRECTION('',(0.,-1.));
#9564 = ( GEOMETRIC_REPRESENTATION_CONTEXT(2) 
PARAMETRIC_REPRESENTATION_CONTEXT() REPRESENTATION_CONTEXT('2D SPACE',''
  ) );
#9565 = PCURVE('',#4671,#9566);
#9566 = DEFINITIONAL_REPRESENTATION('',(#9567),#9571);
#9567 = LINE('',#9568,#9569);
#9568 = CARTESIAN_POINT('',(1.,0.));
#9569 = VECTOR('',#9570,1.);
#9570 = DIRECTION('',(0.,-1.));
#9571 = ( GEOMETRIC_REPRESENTATION_CONTEXT(2) 
PARAMETRIC_REPRESENTATION_CONTEXT() REPRESENTATION_CONTEXT('2D SPACE',''
  ) );
#9572 = ORIENTED_EDGE('',*,*,#9573,.T.);
#9573 = EDGE_CURVE('',#9551,#9502,#9574,.T.);
#9574 = SURFACE_CURVE('',#9575,(#9579,#9586),.PCURVE_S1.);
#9575 = B_SPLINE_CURVE_WITH_KNOTS('',2,(#9576,#9577,#9578),
  .UNSPECIFIED.,.F.,.F.,(3,3),(0.,1.),.PIECEWISE_BEZIER_KNOTS.);
#9576 = CARTESIAN_POINT('',(16.2836953125,-0.884296875,2.7));
#9577 = CARTESIAN_POINT('',(15.857337890625,-0.4926796875,2.7));
#9578 = CARTESIAN_POINT('',(14.884611328125,-0.29687109375,2.7));
#9579 = PCURVE('',#4743,#9580);
#9580 = DEFINITIONAL_REPRESENTATION('',(#9581),#9585);
#9581 = LINE('',#9582,#9583);
#9582 = CARTESIAN_POINT('',(0.,-1.25));
#9583 = VECTOR('',#9584,1.);
#9584 = DIRECTION('',(1.,0.));
#9585 = ( GEOMETRIC_REPRESENTATION_CONTEXT(2) 
PARAMETRIC_REPRESENTATION_CONTEXT() REPRESENTATION_CONTEXT('2D SPACE',''
  ) );
#9586 = PCURVE('',#9170,#9587);
#9587 = DEFINITIONAL_REPRESENTATION('',(#9588),#9592);
#9588 = B_SPLINE_CURVE_WITH_KNOTS('',2,(#9589,#9590,#9591),
  .UNSPECIFIED.,.F.,.F.,(3,3),(0.,1.),.PIECEWISE_BEZIER_KNOTS.);
#9589 = CARTESIAN_POINT('',(5.732138671875,3.59403515625));
#9590 = CARTESIAN_POINT('',(5.30578125,3.98565234375));
#9591 = CARTESIAN_POINT('',(4.3330546875,4.1814609375));
#9592 = ( GEOMETRIC_REPRESENTATION_CONTEXT(2) 
PARAMETRIC_REPRESENTATION_CONTEXT() REPRESENTATION_CONTEXT('2D SPACE',''
  ) );
#9593 = ORIENTED_EDGE('',*,*,#9501,.F.);
#9594 = ADVANCED_FACE('',(#9595),#4671,.T.);
#9595 = FACE_BOUND('',#9596,.T.);
#9596 = EDGE_LOOP('',(#9597,#9598,#9621,#9642));
#9597 = ORIENTED_EDGE('',*,*,#4627,.T.);
#9598 = ORIENTED_EDGE('',*,*,#9599,.T.);
#9599 = EDGE_CURVE('',#4553,#9600,#9602,.T.);
#9600 = VERTEX_POINT('',#9601);
#9601 = CARTESIAN_POINT('',(16.710052734375,-1.97071875,2.7));
#9602 = SURFACE_CURVE('',#9603,(#9607,#9614),.PCURVE_S1.);
#9603 = LINE('',#9604,#9605);
#9604 = CARTESIAN_POINT('',(16.710052734375,-1.97071875,1.45));
#9605 = VECTOR('',#9606,1.);
#9606 = DIRECTION('',(0.,0.,1.));
#9607 = PCURVE('',#4671,#9608);
#9608 = DEFINITIONAL_REPRESENTATION('',(#9609),#9613);
#9609 = LINE('',#9610,#9611);
#9610 = CARTESIAN_POINT('',(0.,0.));
#9611 = VECTOR('',#9612,1.);
#9612 = DIRECTION('',(0.,-1.));
#9613 = ( GEOMETRIC_REPRESENTATION_CONTEXT(2) 
PARAMETRIC_REPRESENTATION_CONTEXT() REPRESENTATION_CONTEXT('2D SPACE',''
  ) );
#9614 = PCURVE('',#4598,#9615);
#9615 = DEFINITIONAL_REPRESENTATION('',(#9616),#9620);
#9616 = LINE('',#9617,#9618);
#9617 = CARTESIAN_POINT('',(1.,0.));
#9618 = VECTOR('',#9619,1.);
#9619 = DIRECTION('',(0.,-1.));
#9620 = ( GEOMETRIC_REPRESENTATION_CONTEXT(2) 
PARAMETRIC_REPRESENTATION_CONTEXT() REPRESENTATION_CONTEXT('2D SPACE',''
  ) );
#9621 = ORIENTED_EDGE('',*,*,#9622,.T.);
#9622 = EDGE_CURVE('',#9600,#9551,#9623,.T.);
#9623 = SURFACE_CURVE('',#9624,(#9628,#9635),.PCURVE_S1.);
#9624 = B_SPLINE_CURVE_WITH_KNOTS('',2,(#9625,#9626,#9627),
  .UNSPECIFIED.,.F.,.F.,(3,3),(0.,1.),.PIECEWISE_BEZIER_KNOTS.);
#9625 = CARTESIAN_POINT('',(16.710052734375,-1.97071875,2.7));
#9626 = CARTESIAN_POINT('',(16.710052734375,-1.2759140625,2.7));
#9627 = CARTESIAN_POINT('',(16.2836953125,-0.884296875,2.7));
#9628 = PCURVE('',#4671,#9629);
#9629 = DEFINITIONAL_REPRESENTATION('',(#9630),#9634);
#9630 = LINE('',#9631,#9632);
#9631 = CARTESIAN_POINT('',(0.,-1.25));
#9632 = VECTOR('',#9633,1.);
#9633 = DIRECTION('',(1.,0.));
#9634 = ( GEOMETRIC_REPRESENTATION_CONTEXT(2) 
PARAMETRIC_REPRESENTATION_CONTEXT() REPRESENTATION_CONTEXT('2D SPACE',''
  ) );
#9635 = PCURVE('',#9170,#9636);
#9636 = DEFINITIONAL_REPRESENTATION('',(#9637),#9641);
#9637 = B_SPLINE_CURVE_WITH_KNOTS('',2,(#9638,#9639,#9640),
  .UNSPECIFIED.,.F.,.F.,(3,3),(0.,1.),.PIECEWISE_BEZIER_KNOTS.);
#9638 = CARTESIAN_POINT('',(6.15849609375,2.50761328125));
#9639 = CARTESIAN_POINT('',(6.15849609375,3.20241796875));
#9640 = CARTESIAN_POINT('',(5.732138671875,3.59403515625));
#9641 = ( GEOMETRIC_REPRESENTATION_CONTEXT(2) 
PARAMETRIC_REPRESENTATION_CONTEXT() REPRESENTATION_CONTEXT('2D SPACE',''
  ) );
#9642 = ORIENTED_EDGE('',*,*,#9550,.F.);
#9643 = ADVANCED_FACE('',(#9644),#4598,.T.);
#9644 = FACE_BOUND('',#9645,.T.);
#9645 = EDGE_LOOP('',(#9646,#9647,#9670,#9691));
#9646 = ORIENTED_EDGE('',*,*,#4552,.T.);
#9647 = ORIENTED_EDGE('',*,*,#9648,.T.);
#9648 = EDGE_CURVE('',#4481,#9649,#9651,.T.);
#9649 = VERTEX_POINT('',#9650);
#9650 = CARTESIAN_POINT('',(16.116310546875,-3.1961015625,2.7));
#9651 = SURFACE_CURVE('',#9652,(#9656,#9663),.PCURVE_S1.);
#9652 = LINE('',#9653,#9654);
#9653 = CARTESIAN_POINT('',(16.116310546875,-3.1961015625,1.45));
#9654 = VECTOR('',#9655,1.);
#9655 = DIRECTION('',(0.,0.,1.));
#9656 = PCURVE('',#4598,#9657);
#9657 = DEFINITIONAL_REPRESENTATION('',(#9658),#9662);
#9658 = LINE('',#9659,#9660);
#9659 = CARTESIAN_POINT('',(0.,0.));
#9660 = VECTOR('',#9661,1.);
#9661 = DIRECTION('',(0.,-1.));
#9662 = ( GEOMETRIC_REPRESENTATION_CONTEXT(2) 
PARAMETRIC_REPRESENTATION_CONTEXT() REPRESENTATION_CONTEXT('2D SPACE',''
  ) );
#9663 = PCURVE('',#4524,#9664);
#9664 = DEFINITIONAL_REPRESENTATION('',(#9665),#9669);
#9665 = LINE('',#9666,#9667);
#9666 = CARTESIAN_POINT('',(1.,0.));
#9667 = VECTOR('',#9668,1.);
#9668 = DIRECTION('',(0.,-1.));
#9669 = ( GEOMETRIC_REPRESENTATION_CONTEXT(2) 
PARAMETRIC_REPRESENTATION_CONTEXT() REPRESENTATION_CONTEXT('2D SPACE',''
  ) );
#9670 = ORIENTED_EDGE('',*,*,#9671,.T.);
#9671 = EDGE_CURVE('',#9649,#9600,#9672,.T.);
#9672 = SURFACE_CURVE('',#9673,(#9677,#9684),.PCURVE_S1.);
#9673 = B_SPLINE_CURVE_WITH_KNOTS('',2,(#9674,#9675,#9676),
  .UNSPECIFIED.,.F.,.F.,(3,3),(0.,1.),.PIECEWISE_BEZIER_KNOTS.);
#9674 = CARTESIAN_POINT('',(16.116310546875,-3.1961015625,2.7));
#9675 = CARTESIAN_POINT('',(16.710052734375,-2.7665859375,2.7));
#9676 = CARTESIAN_POINT('',(16.710052734375,-1.97071875,2.7));
#9677 = PCURVE('',#4598,#9678);
#9678 = DEFINITIONAL_REPRESENTATION('',(#9679),#9683);
#9679 = LINE('',#9680,#9681);
#9680 = CARTESIAN_POINT('',(0.,-1.25));
#9681 = VECTOR('',#9682,1.);
#9682 = DIRECTION('',(1.,0.));
#9683 = ( GEOMETRIC_REPRESENTATION_CONTEXT(2) 
PARAMETRIC_REPRESENTATION_CONTEXT() REPRESENTATION_CONTEXT('2D SPACE',''
  ) );
#9684 = PCURVE('',#9170,#9685);
#9685 = DEFINITIONAL_REPRESENTATION('',(#9686),#9690);
#9686 = B_SPLINE_CURVE_WITH_KNOTS('',2,(#9687,#9688,#9689),
  .UNSPECIFIED.,.F.,.F.,(3,3),(0.,1.),.PIECEWISE_BEZIER_KNOTS.);
#9687 = CARTESIAN_POINT('',(5.56475390625,1.28223046875));
#9688 = CARTESIAN_POINT('',(6.15849609375,1.71174609375));
#9689 = CARTESIAN_POINT('',(6.15849609375,2.50761328125));
#9690 = ( GEOMETRIC_REPRESENTATION_CONTEXT(2) 
PARAMETRIC_REPRESENTATION_CONTEXT() REPRESENTATION_CONTEXT('2D SPACE',''
  ) );
#9691 = ORIENTED_EDGE('',*,*,#9599,.F.);
#9692 = ADVANCED_FACE('',(#9693),#4524,.T.);
#9693 = FACE_BOUND('',#9694,.T.);
#9694 = EDGE_LOOP('',(#9695,#9696,#9719,#9740));
#9695 = ORIENTED_EDGE('',*,*,#4480,.T.);
#9696 = ORIENTED_EDGE('',*,*,#9697,.T.);
#9697 = EDGE_CURVE('',#4430,#9698,#9700,.T.);
#9698 = VERTEX_POINT('',#9699);
#9699 = CARTESIAN_POINT('',(14.429830078125,-3.6256171875,2.7));
#9700 = SURFACE_CURVE('',#9701,(#9705,#9712),.PCURVE_S1.);
#9701 = LINE('',#9702,#9703);
#9702 = CARTESIAN_POINT('',(14.429830078125,-3.6256171875,1.45));
#9703 = VECTOR('',#9704,1.);
#9704 = DIRECTION('',(0.,0.,1.));
#9705 = PCURVE('',#4524,#9706);
#9706 = DEFINITIONAL_REPRESENTATION('',(#9707),#9711);
#9707 = LINE('',#9708,#9709);
#9708 = CARTESIAN_POINT('',(0.,0.));
#9709 = VECTOR('',#9710,1.);
#9710 = DIRECTION('',(0.,-1.));
#9711 = ( GEOMETRIC_REPRESENTATION_CONTEXT(2) 
PARAMETRIC_REPRESENTATION_CONTEXT() REPRESENTATION_CONTEXT('2D SPACE',''
  ) );
#9712 = PCURVE('',#4459,#9713);
#9713 = DEFINITIONAL_REPRESENTATION('',(#9714),#9718);
#9714 = LINE('',#9715,#9716);
#9715 = CARTESIAN_POINT('',(1.,0.));
#9716 = VECTOR('',#9717,1.);
#9717 = DIRECTION('',(0.,-1.));
#9718 = ( GEOMETRIC_REPRESENTATION_CONTEXT(2) 
PARAMETRIC_REPRESENTATION_CONTEXT() REPRESENTATION_CONTEXT('2D SPACE',''
  ) );
#9719 = ORIENTED_EDGE('',*,*,#9720,.T.);
#9720 = EDGE_CURVE('',#9698,#9649,#9721,.T.);
#9721 = SURFACE_CURVE('',#9722,(#9726,#9733),.PCURVE_S1.);
#9722 = B_SPLINE_CURVE_WITH_KNOTS('',2,(#9723,#9724,#9725),
  .UNSPECIFIED.,.F.,.F.,(3,3),(0.,1.),.PIECEWISE_BEZIER_KNOTS.);
#9723 = CARTESIAN_POINT('',(14.429830078125,-3.6256171875,2.7));
#9724 = CARTESIAN_POINT('',(15.522568359375,-3.6256171875,2.7));
#9725 = CARTESIAN_POINT('',(16.116310546875,-3.1961015625,2.7));
#9726 = PCURVE('',#4524,#9727);
#9727 = DEFINITIONAL_REPRESENTATION('',(#9728),#9732);
#9728 = LINE('',#9729,#9730);
#9729 = CARTESIAN_POINT('',(0.,-1.25));
#9730 = VECTOR('',#9731,1.);
#9731 = DIRECTION('',(1.,0.));
#9732 = ( GEOMETRIC_REPRESENTATION_CONTEXT(2) 
PARAMETRIC_REPRESENTATION_CONTEXT() REPRESENTATION_CONTEXT('2D SPACE',''
  ) );
#9733 = PCURVE('',#9170,#9734);
#9734 = DEFINITIONAL_REPRESENTATION('',(#9735),#9739);
#9735 = B_SPLINE_CURVE_WITH_KNOTS('',2,(#9736,#9737,#9738),
  .UNSPECIFIED.,.F.,.F.,(3,3),(0.,1.),.PIECEWISE_BEZIER_KNOTS.);
#9736 = CARTESIAN_POINT('',(3.8782734375,0.85271484375));
#9737 = CARTESIAN_POINT('',(4.97101171875,0.85271484375));
#9738 = CARTESIAN_POINT('',(5.56475390625,1.28223046875));
#9739 = ( GEOMETRIC_REPRESENTATION_CONTEXT(2) 
PARAMETRIC_REPRESENTATION_CONTEXT() REPRESENTATION_CONTEXT('2D SPACE',''
  ) );
#9740 = ORIENTED_EDGE('',*,*,#9648,.F.);
#9741 = ADVANCED_FACE('',(#9742),#4459,.T.);
#9742 = FACE_BOUND('',#9743,.T.);
#9743 = EDGE_LOOP('',(#9744,#9745,#9768,#9789));
#9744 = ORIENTED_EDGE('',*,*,#4429,.T.);
#9745 = ORIENTED_EDGE('',*,*,#9746,.T.);
#9746 = EDGE_CURVE('',#4379,#9747,#9749,.T.);
#9747 = VERTEX_POINT('',#9748);
#9748 = CARTESIAN_POINT('',(12.964423828125,-3.40454296875,2.7));
#9749 = SURFACE_CURVE('',#9750,(#9754,#9761),.PCURVE_S1.);
#9750 = LINE('',#9751,#9752);
#9751 = CARTESIAN_POINT('',(12.964423828125,-3.40454296875,1.45));
#9752 = VECTOR('',#9753,1.);
#9753 = DIRECTION('',(0.,0.,1.));
#9754 = PCURVE('',#4459,#9755);
#9755 = DEFINITIONAL_REPRESENTATION('',(#9756),#9760);
#9756 = LINE('',#9757,#9758);
#9757 = CARTESIAN_POINT('',(0.,0.));
#9758 = VECTOR('',#9759,1.);
#9759 = DIRECTION('',(0.,-1.));
#9760 = ( GEOMETRIC_REPRESENTATION_CONTEXT(2) 
PARAMETRIC_REPRESENTATION_CONTEXT() REPRESENTATION_CONTEXT('2D SPACE',''
  ) );
#9761 = PCURVE('',#4408,#9762);
#9762 = DEFINITIONAL_REPRESENTATION('',(#9763),#9767);
#9763 = LINE('',#9764,#9765);
#9764 = CARTESIAN_POINT('',(1.,0.));
#9765 = VECTOR('',#9766,1.);
#9766 = DIRECTION('',(0.,-1.));
#9767 = ( GEOMETRIC_REPRESENTATION_CONTEXT(2) 
PARAMETRIC_REPRESENTATION_CONTEXT() REPRESENTATION_CONTEXT('2D SPACE',''
  ) );
#9768 = ORIENTED_EDGE('',*,*,#9769,.T.);
#9769 = EDGE_CURVE('',#9747,#9698,#9770,.T.);
#9770 = SURFACE_CURVE('',#9771,(#9775,#9782),.PCURVE_S1.);
#9771 = B_SPLINE_CURVE_WITH_KNOTS('',2,(#9772,#9773,#9774),
  .UNSPECIFIED.,.F.,.F.,(3,3),(0.,1.),.PIECEWISE_BEZIER_KNOTS.);
#9772 = CARTESIAN_POINT('',(12.964423828125,-3.40454296875,2.7));
#9773 = CARTESIAN_POINT('',(13.709759765625,-3.6256171875,2.7));
#9774 = CARTESIAN_POINT('',(14.429830078125,-3.6256171875,2.7));
#9775 = PCURVE('',#4459,#9776);
#9776 = DEFINITIONAL_REPRESENTATION('',(#9777),#9781);
#9777 = LINE('',#9778,#9779);
#9778 = CARTESIAN_POINT('',(0.,-1.25));
#9779 = VECTOR('',#9780,1.);
#9780 = DIRECTION('',(1.,0.));
#9781 = ( GEOMETRIC_REPRESENTATION_CONTEXT(2) 
PARAMETRIC_REPRESENTATION_CONTEXT() REPRESENTATION_CONTEXT('2D SPACE',''
  ) );
#9782 = PCURVE('',#9170,#9783);
#9783 = DEFINITIONAL_REPRESENTATION('',(#9784),#9788);
#9784 = B_SPLINE_CURVE_WITH_KNOTS('',2,(#9785,#9786,#9787),
  .UNSPECIFIED.,.F.,.F.,(3,3),(0.,1.),.PIECEWISE_BEZIER_KNOTS.);
#9785 = CARTESIAN_POINT('',(2.4128671875,1.0737890625));
#9786 = CARTESIAN_POINT('',(3.158203125,0.85271484375));
#9787 = CARTESIAN_POINT('',(3.8782734375,0.85271484375));
#9788 = ( GEOMETRIC_REPRESENTATION_CONTEXT(2) 
PARAMETRIC_REPRESENTATION_CONTEXT() REPRESENTATION_CONTEXT('2D SPACE',''
  ) );
#9789 = ORIENTED_EDGE('',*,*,#9697,.F.);
#9790 = ADVANCED_FACE('',(#9791),#4408,.T.);
#9791 = FACE_BOUND('',#9792,.T.);
#9792 = EDGE_LOOP('',(#9793,#9794,#9817,#9838));
#9793 = ORIENTED_EDGE('',*,*,#4378,.T.);
#9794 = ORIENTED_EDGE('',*,*,#9795,.T.);
#9795 = EDGE_CURVE('',#4353,#9796,#9798,.T.);
#9796 = VERTEX_POINT('',#9797);
#9797 = CARTESIAN_POINT('',(11.442169921875,-2.74763671875,2.7));
#9798 = SURFACE_CURVE('',#9799,(#9803,#9810),.PCURVE_S1.);
#9799 = LINE('',#9800,#9801);
#9800 = CARTESIAN_POINT('',(11.442169921875,-2.74763671875,1.45));
#9801 = VECTOR('',#9802,1.);
#9802 = DIRECTION('',(0.,0.,1.));
#9803 = PCURVE('',#4408,#9804);
#9804 = DEFINITIONAL_REPRESENTATION('',(#9805),#9809);
#9805 = LINE('',#9806,#9807);
#9806 = CARTESIAN_POINT('',(0.,0.));
#9807 = VECTOR('',#9808,1.);
#9808 = DIRECTION('',(0.,-1.));
#9809 = ( GEOMETRIC_REPRESENTATION_CONTEXT(2) 
PARAMETRIC_REPRESENTATION_CONTEXT() REPRESENTATION_CONTEXT('2D SPACE',''
  ) );
#9810 = PCURVE('',#4367,#9811);
#9811 = DEFINITIONAL_REPRESENTATION('',(#9812),#9816);
#9812 = LINE('',#9813,#9814);
#9813 = CARTESIAN_POINT('',(1.3138125,0.));
#9814 = VECTOR('',#9815,1.);
#9815 = DIRECTION('',(0.,-1.));
#9816 = ( GEOMETRIC_REPRESENTATION_CONTEXT(2) 
PARAMETRIC_REPRESENTATION_CONTEXT() REPRESENTATION_CONTEXT('2D SPACE',''
  ) );
#9817 = ORIENTED_EDGE('',*,*,#9818,.T.);
#9818 = EDGE_CURVE('',#9796,#9747,#9819,.T.);
#9819 = SURFACE_CURVE('',#9820,(#9824,#9831),.PCURVE_S1.);
#9820 = B_SPLINE_CURVE_WITH_KNOTS('',2,(#9821,#9822,#9823),
  .UNSPECIFIED.,.F.,.F.,(3,3),(0.,1.),.PIECEWISE_BEZIER_KNOTS.);
#9821 = CARTESIAN_POINT('',(11.442169921875,-2.74763671875,2.7));
#9822 = CARTESIAN_POINT('',(12.219087890625,-3.18346875,2.7));
#9823 = CARTESIAN_POINT('',(12.964423828125,-3.40454296875,2.7));
#9824 = PCURVE('',#4408,#9825);
#9825 = DEFINITIONAL_REPRESENTATION('',(#9826),#9830);
#9826 = LINE('',#9827,#9828);
#9827 = CARTESIAN_POINT('',(0.,-1.25));
#9828 = VECTOR('',#9829,1.);
#9829 = DIRECTION('',(1.,0.));
#9830 = ( GEOMETRIC_REPRESENTATION_CONTEXT(2) 
PARAMETRIC_REPRESENTATION_CONTEXT() REPRESENTATION_CONTEXT('2D SPACE',''
  ) );
#9831 = PCURVE('',#9170,#9832);
#9832 = DEFINITIONAL_REPRESENTATION('',(#9833),#9837);
#9833 = B_SPLINE_CURVE_WITH_KNOTS('',2,(#9834,#9835,#9836),
  .UNSPECIFIED.,.F.,.F.,(3,3),(0.,1.),.PIECEWISE_BEZIER_KNOTS.);
#9834 = CARTESIAN_POINT('',(0.89061328125,1.7306953125));
#9835 = CARTESIAN_POINT('',(1.66753125,1.29486328125));
#9836 = CARTESIAN_POINT('',(2.4128671875,1.0737890625));
#9837 = ( GEOMETRIC_REPRESENTATION_CONTEXT(2) 
PARAMETRIC_REPRESENTATION_CONTEXT() REPRESENTATION_CONTEXT('2D SPACE',''
  ) );
#9838 = ORIENTED_EDGE('',*,*,#9746,.F.);
#9839 = ADVANCED_FACE('',(#9840),#4367,.T.);
#9840 = FACE_BOUND('',#9841,.T.);
#9841 = EDGE_LOOP('',(#9842,#9843,#9866,#9887));
#9842 = ORIENTED_EDGE('',*,*,#4352,.T.);
#9843 = ORIENTED_EDGE('',*,*,#9844,.T.);
#9844 = EDGE_CURVE('',#4314,#9845,#9847,.T.);
#9845 = VERTEX_POINT('',#9846);
#9846 = CARTESIAN_POINT('',(11.442169921875,-4.06144921875,2.7));
#9847 = SURFACE_CURVE('',#9848,(#9852,#9859),.PCURVE_S1.);
#9848 = LINE('',#9849,#9850);
#9849 = CARTESIAN_POINT('',(11.442169921875,-4.06144921875,1.45));
#9850 = VECTOR('',#9851,1.);
#9851 = DIRECTION('',(0.,0.,1.));
#9852 = PCURVE('',#4367,#9853);
#9853 = DEFINITIONAL_REPRESENTATION('',(#9854),#9858);
#9854 = LINE('',#9855,#9856);
#9855 = CARTESIAN_POINT('',(0.,0.));
#9856 = VECTOR('',#9857,1.);
#9857 = DIRECTION('',(0.,-1.));
#9858 = ( GEOMETRIC_REPRESENTATION_CONTEXT(2) 
PARAMETRIC_REPRESENTATION_CONTEXT() REPRESENTATION_CONTEXT('2D SPACE',''
  ) );
#9859 = PCURVE('',#4335,#9860);
#9860 = DEFINITIONAL_REPRESENTATION('',(#9861),#9865);
#9861 = LINE('',#9862,#9863);
#9862 = CARTESIAN_POINT('',(1.,0.));
#9863 = VECTOR('',#9864,1.);
#9864 = DIRECTION('',(0.,-1.));
#9865 = ( GEOMETRIC_REPRESENTATION_CONTEXT(2) 
PARAMETRIC_REPRESENTATION_CONTEXT() REPRESENTATION_CONTEXT('2D SPACE',''
  ) );
#9866 = ORIENTED_EDGE('',*,*,#9867,.T.);
#9867 = EDGE_CURVE('',#9845,#9796,#9868,.T.);
#9868 = SURFACE_CURVE('',#9869,(#9873,#9880),.PCURVE_S1.);
#9869 = LINE('',#9870,#9871);
#9870 = CARTESIAN_POINT('',(11.442169921875,-4.06144921875,2.7));
#9871 = VECTOR('',#9872,1.);
#9872 = DIRECTION('',(0.,1.,0.));
#9873 = PCURVE('',#4367,#9874);
#9874 = DEFINITIONAL_REPRESENTATION('',(#9875),#9879);
#9875 = LINE('',#9876,#9877);
#9876 = CARTESIAN_POINT('',(0.,-1.25));
#9877 = VECTOR('',#9878,1.);
#9878 = DIRECTION('',(1.,0.));
#9879 = ( GEOMETRIC_REPRESENTATION_CONTEXT(2) 
PARAMETRIC_REPRESENTATION_CONTEXT() REPRESENTATION_CONTEXT('2D SPACE',''
  ) );
#9880 = PCURVE('',#9170,#9881);
#9881 = DEFINITIONAL_REPRESENTATION('',(#9882),#9886);
#9882 = LINE('',#9883,#9884);
#9883 = CARTESIAN_POINT('',(0.89061328125,0.4168828125));
#9884 = VECTOR('',#9885,1.);
#9885 = DIRECTION('',(0.,1.));
#9886 = ( GEOMETRIC_REPRESENTATION_CONTEXT(2) 
PARAMETRIC_REPRESENTATION_CONTEXT() REPRESENTATION_CONTEXT('2D SPACE',''
  ) );
#9887 = ORIENTED_EDGE('',*,*,#9795,.F.);
#9888 = ADVANCED_FACE('',(#9889),#4335,.T.);
#9889 = FACE_BOUND('',#9890,.T.);
#9890 = EDGE_LOOP('',(#9891,#9892,#9915,#9936));
#9891 = ORIENTED_EDGE('',*,*,#4313,.T.);
#9892 = ORIENTED_EDGE('',*,*,#9893,.T.);
#9893 = EDGE_CURVE('',#4272,#9894,#9896,.T.);
#9894 = VERTEX_POINT('',#9895);
#9895 = CARTESIAN_POINT('',(13.00548046875,-4.5099140625,2.7));
#9896 = SURFACE_CURVE('',#9897,(#9901,#9908),.PCURVE_S1.);
#9897 = LINE('',#9898,#9899);
#9898 = CARTESIAN_POINT('',(13.00548046875,-4.5099140625,1.45));
#9899 = VECTOR('',#9900,1.);
#9900 = DIRECTION('',(0.,0.,1.));
#9901 = PCURVE('',#4335,#9902);
#9902 = DEFINITIONAL_REPRESENTATION('',(#9903),#9907);
#9903 = LINE('',#9904,#9905);
#9904 = CARTESIAN_POINT('',(0.,0.));
#9905 = VECTOR('',#9906,1.);
#9906 = DIRECTION('',(0.,-1.));
#9907 = ( GEOMETRIC_REPRESENTATION_CONTEXT(2) 
PARAMETRIC_REPRESENTATION_CONTEXT() REPRESENTATION_CONTEXT('2D SPACE',''
  ) );
#9908 = PCURVE('',#4295,#9909);
#9909 = DEFINITIONAL_REPRESENTATION('',(#9910),#9914);
#9910 = LINE('',#9911,#9912);
#9911 = CARTESIAN_POINT('',(1.,0.));
#9912 = VECTOR('',#9913,1.);
#9913 = DIRECTION('',(0.,-1.));
#9914 = ( GEOMETRIC_REPRESENTATION_CONTEXT(2) 
PARAMETRIC_REPRESENTATION_CONTEXT() REPRESENTATION_CONTEXT('2D SPACE',''
  ) );
#9915 = ORIENTED_EDGE('',*,*,#9916,.T.);
#9916 = EDGE_CURVE('',#9894,#9845,#9917,.T.);
#9917 = SURFACE_CURVE('',#9918,(#9922,#9929),.PCURVE_S1.);
#9918 = B_SPLINE_CURVE_WITH_KNOTS('',2,(#9919,#9920,#9921),
  .UNSPECIFIED.,.F.,.F.,(3,3),(0.,1.),.PIECEWISE_BEZIER_KNOTS.);
#9919 = CARTESIAN_POINT('',(13.00548046875,-4.5099140625,2.7));
#9920 = CARTESIAN_POINT('',(12.250669921875,-4.3583203125,2.7));
#9921 = CARTESIAN_POINT('',(11.442169921875,-4.06144921875,2.7));
#9922 = PCURVE('',#4335,#9923);
#9923 = DEFINITIONAL_REPRESENTATION('',(#9924),#9928);
#9924 = LINE('',#9925,#9926);
#9925 = CARTESIAN_POINT('',(0.,-1.25));
#9926 = VECTOR('',#9927,1.);
#9927 = DIRECTION('',(1.,0.));
#9928 = ( GEOMETRIC_REPRESENTATION_CONTEXT(2) 
PARAMETRIC_REPRESENTATION_CONTEXT() REPRESENTATION_CONTEXT('2D SPACE',''
  ) );
#9929 = PCURVE('',#9170,#9930);
#9930 = DEFINITIONAL_REPRESENTATION('',(#9931),#9935);
#9931 = B_SPLINE_CURVE_WITH_KNOTS('',2,(#9932,#9933,#9934),
  .UNSPECIFIED.,.F.,.F.,(3,3),(0.,1.),.PIECEWISE_BEZIER_KNOTS.);
#9932 = CARTESIAN_POINT('',(2.453923828125,-3.158203125E-02));
#9933 = CARTESIAN_POINT('',(1.69911328125,0.12001171875));
#9934 = CARTESIAN_POINT('',(0.89061328125,0.4168828125));
#9935 = ( GEOMETRIC_REPRESENTATION_CONTEXT(2) 
PARAMETRIC_REPRESENTATION_CONTEXT() REPRESENTATION_CONTEXT('2D SPACE',''
  ) );
#9936 = ORIENTED_EDGE('',*,*,#9844,.F.);
#9937 = ADVANCED_FACE('',(#9938),#4295,.T.);
#9938 = FACE_BOUND('',#9939,.T.);
#9939 = EDGE_LOOP('',(#9940,#9941,#9964,#9985));
#9940 = ORIENTED_EDGE('',*,*,#4271,.T.);
#9941 = ORIENTED_EDGE('',*,*,#9942,.T.);
#9942 = EDGE_CURVE('',#4200,#9943,#9945,.T.);
#9943 = VERTEX_POINT('',#9944);
#9944 = CARTESIAN_POINT('',(14.429830078125,-4.6615078125,2.7));
#9945 = SURFACE_CURVE('',#9946,(#9950,#9957),.PCURVE_S1.);
#9946 = LINE('',#9947,#9948);
#9947 = CARTESIAN_POINT('',(14.429830078125,-4.6615078125,1.45));
#9948 = VECTOR('',#9949,1.);
#9949 = DIRECTION('',(0.,0.,1.));
#9950 = PCURVE('',#4295,#9951);
#9951 = DEFINITIONAL_REPRESENTATION('',(#9952),#9956);
#9952 = LINE('',#9953,#9954);
#9953 = CARTESIAN_POINT('',(0.,0.));
#9954 = VECTOR('',#9955,1.);
#9955 = DIRECTION('',(0.,-1.));
#9956 = ( GEOMETRIC_REPRESENTATION_CONTEXT(2) 
PARAMETRIC_REPRESENTATION_CONTEXT() REPRESENTATION_CONTEXT('2D SPACE',''
  ) );
#9957 = PCURVE('',#4243,#9958);
#9958 = DEFINITIONAL_REPRESENTATION('',(#9959),#9963);
#9959 = LINE('',#9960,#9961);
#9960 = CARTESIAN_POINT('',(1.,0.));
#9961 = VECTOR('',#9962,1.);
#9962 = DIRECTION('',(0.,-1.));
#9963 = ( GEOMETRIC_REPRESENTATION_CONTEXT(2) 
PARAMETRIC_REPRESENTATION_CONTEXT() REPRESENTATION_CONTEXT('2D SPACE',''
  ) );
#9964 = ORIENTED_EDGE('',*,*,#9965,.T.);
#9965 = EDGE_CURVE('',#9943,#9894,#9966,.T.);
#9966 = SURFACE_CURVE('',#9967,(#9971,#9978),.PCURVE_S1.);
#9967 = B_SPLINE_CURVE_WITH_KNOTS('',2,(#9968,#9969,#9970),
  .UNSPECIFIED.,.F.,.F.,(3,3),(0.,1.),.PIECEWISE_BEZIER_KNOTS.);
#9968 = CARTESIAN_POINT('',(14.429830078125,-4.6615078125,2.7));
#9969 = CARTESIAN_POINT('',(13.760291015625,-4.6615078125,2.7));
#9970 = CARTESIAN_POINT('',(13.00548046875,-4.5099140625,2.7));
#9971 = PCURVE('',#4295,#9972);
#9972 = DEFINITIONAL_REPRESENTATION('',(#9973),#9977);
#9973 = LINE('',#9974,#9975);
#9974 = CARTESIAN_POINT('',(0.,-1.25));
#9975 = VECTOR('',#9976,1.);
#9976 = DIRECTION('',(1.,0.));
#9977 = ( GEOMETRIC_REPRESENTATION_CONTEXT(2) 
PARAMETRIC_REPRESENTATION_CONTEXT() REPRESENTATION_CONTEXT('2D SPACE',''
  ) );
#9978 = PCURVE('',#9170,#9979);
#9979 = DEFINITIONAL_REPRESENTATION('',(#9980),#9984);
#9980 = B_SPLINE_CURVE_WITH_KNOTS('',2,(#9981,#9982,#9983),
  .UNSPECIFIED.,.F.,.F.,(3,3),(0.,1.),.PIECEWISE_BEZIER_KNOTS.);
#9981 = CARTESIAN_POINT('',(3.8782734375,-0.18317578125));
#9982 = CARTESIAN_POINT('',(3.208734375,-0.18317578125));
#9983 = CARTESIAN_POINT('',(2.453923828125,-3.158203125E-02));
#9984 = ( GEOMETRIC_REPRESENTATION_CONTEXT(2) 
PARAMETRIC_REPRESENTATION_CONTEXT() REPRESENTATION_CONTEXT('2D SPACE',''
  ) );
#9985 = ORIENTED_EDGE('',*,*,#9893,.F.);
#9986 = ADVANCED_FACE('',(#9987),#4243,.T.);
#9987 = FACE_BOUND('',#9988,.T.);
#9988 = EDGE_LOOP('',(#9989,#9990,#10013,#10034));
#9989 = ORIENTED_EDGE('',*,*,#4199,.T.);
#9990 = ORIENTED_EDGE('',*,*,#9991,.T.);
#9991 = EDGE_CURVE('',#4125,#9992,#9994,.T.);
#9992 = VERTEX_POINT('',#9993);
#9993 = CARTESIAN_POINT('',(17.12377734375,-3.9540703125,2.7));
#9994 = SURFACE_CURVE('',#9995,(#9999,#10006),.PCURVE_S1.);
#9995 = LINE('',#9996,#9997);
#9996 = CARTESIAN_POINT('',(17.12377734375,-3.9540703125,1.45));
#9997 = VECTOR('',#9998,1.);
#9998 = DIRECTION('',(0.,0.,1.));
#9999 = PCURVE('',#4243,#10000);
#10000 = DEFINITIONAL_REPRESENTATION('',(#10001),#10005);
#10001 = LINE('',#10002,#10003);
#10002 = CARTESIAN_POINT('',(0.,0.));
#10003 = VECTOR('',#10004,1.);
#10004 = DIRECTION('',(0.,-1.));
#10005 = ( GEOMETRIC_REPRESENTATION_CONTEXT(2) 
PARAMETRIC_REPRESENTATION_CONTEXT() REPRESENTATION_CONTEXT('2D SPACE',''
  ) );
#10006 = PCURVE('',#4170,#10007);
#10007 = DEFINITIONAL_REPRESENTATION('',(#10008),#10012);
#10008 = LINE('',#10009,#10010);
#10009 = CARTESIAN_POINT('',(1.,0.));
#10010 = VECTOR('',#10011,1.);
#10011 = DIRECTION('',(0.,-1.));
#10012 = ( GEOMETRIC_REPRESENTATION_CONTEXT(2) 
PARAMETRIC_REPRESENTATION_CONTEXT() REPRESENTATION_CONTEXT('2D SPACE',''
  ) );
#10013 = ORIENTED_EDGE('',*,*,#10014,.T.);
#10014 = EDGE_CURVE('',#9992,#9943,#10015,.T.);
#10015 = SURFACE_CURVE('',#10016,(#10020,#10027),.PCURVE_S1.);
#10016 = B_SPLINE_CURVE_WITH_KNOTS('',2,(#10017,#10018,#10019),
  .UNSPECIFIED.,.F.,.F.,(3,3),(0.,1.),.PIECEWISE_BEZIER_KNOTS.);
#10017 = CARTESIAN_POINT('',(17.12377734375,-3.9540703125,2.7));
#10018 = CARTESIAN_POINT('',(16.204740234375,-4.6615078125,2.7));
#10019 = CARTESIAN_POINT('',(14.429830078125,-4.6615078125,2.7));
#10020 = PCURVE('',#4243,#10021);
#10021 = DEFINITIONAL_REPRESENTATION('',(#10022),#10026);
#10022 = LINE('',#10023,#10024);
#10023 = CARTESIAN_POINT('',(0.,-1.25));
#10024 = VECTOR('',#10025,1.);
#10025 = DIRECTION('',(1.,0.));
#10026 = ( GEOMETRIC_REPRESENTATION_CONTEXT(2) 
PARAMETRIC_REPRESENTATION_CONTEXT() REPRESENTATION_CONTEXT('2D SPACE',''
  ) );
#10027 = PCURVE('',#9170,#10028);
#10028 = DEFINITIONAL_REPRESENTATION('',(#10029),#10033);
#10029 = B_SPLINE_CURVE_WITH_KNOTS('',2,(#10030,#10031,#10032),
  .UNSPECIFIED.,.F.,.F.,(3,3),(0.,1.),.PIECEWISE_BEZIER_KNOTS.);
#10030 = CARTESIAN_POINT('',(6.572220703125,0.52426171875));
#10031 = CARTESIAN_POINT('',(5.65318359375,-0.18317578125));
#10032 = CARTESIAN_POINT('',(3.8782734375,-0.18317578125));
#10033 = ( GEOMETRIC_REPRESENTATION_CONTEXT(2) 
PARAMETRIC_REPRESENTATION_CONTEXT() REPRESENTATION_CONTEXT('2D SPACE',''
  ) );
#10034 = ORIENTED_EDGE('',*,*,#9942,.F.);
#10035 = ADVANCED_FACE('',(#10036),#4170,.T.);
#10036 = FACE_BOUND('',#10037,.T.);
#10037 = EDGE_LOOP('',(#10038,#10039,#10062,#10083));
#10038 = ORIENTED_EDGE('',*,*,#4124,.T.);
#10039 = ORIENTED_EDGE('',*,*,#10040,.T.);
#10040 = EDGE_CURVE('',#4050,#10041,#10043,.T.);
#10041 = VERTEX_POINT('',#10042);
#10042 = CARTESIAN_POINT('',(18.042814453125,-1.87597265625,2.7));
#10043 = SURFACE_CURVE('',#10044,(#10048,#10055),.PCURVE_S1.);
#10044 = LINE('',#10045,#10046);
#10045 = CARTESIAN_POINT('',(18.042814453125,-1.87597265625,1.45));
#10046 = VECTOR('',#10047,1.);
#10047 = DIRECTION('',(0.,0.,1.));
#10048 = PCURVE('',#4170,#10049);
#10049 = DEFINITIONAL_REPRESENTATION('',(#10050),#10054);
#10050 = LINE('',#10051,#10052);
#10051 = CARTESIAN_POINT('',(0.,0.));
#10052 = VECTOR('',#10053,1.);
#10053 = DIRECTION('',(0.,-1.));
#10054 = ( GEOMETRIC_REPRESENTATION_CONTEXT(2) 
PARAMETRIC_REPRESENTATION_CONTEXT() REPRESENTATION_CONTEXT('2D SPACE',''
  ) );
#10055 = PCURVE('',#4095,#10056);
#10056 = DEFINITIONAL_REPRESENTATION('',(#10057),#10061);
#10057 = LINE('',#10058,#10059);
#10058 = CARTESIAN_POINT('',(1.,0.));
#10059 = VECTOR('',#10060,1.);
#10060 = DIRECTION('',(0.,-1.));
#10061 = ( GEOMETRIC_REPRESENTATION_CONTEXT(2) 
PARAMETRIC_REPRESENTATION_CONTEXT() REPRESENTATION_CONTEXT('2D SPACE',''
  ) );
#10062 = ORIENTED_EDGE('',*,*,#10063,.T.);
#10063 = EDGE_CURVE('',#10041,#9992,#10064,.T.);
#10064 = SURFACE_CURVE('',#10065,(#10069,#10076),.PCURVE_S1.);
#10065 = B_SPLINE_CURVE_WITH_KNOTS('',2,(#10066,#10067,#10068),
  .UNSPECIFIED.,.F.,.F.,(3,3),(0.,1.),.PIECEWISE_BEZIER_KNOTS.);
#10066 = CARTESIAN_POINT('',(18.042814453125,-1.87597265625,2.7));
#10067 = CARTESIAN_POINT('',(18.042814453125,-3.2466328125,2.7));
#10068 = CARTESIAN_POINT('',(17.12377734375,-3.9540703125,2.7));
#10069 = PCURVE('',#4170,#10070);
#10070 = DEFINITIONAL_REPRESENTATION('',(#10071),#10075);
#10071 = LINE('',#10072,#10073);
#10072 = CARTESIAN_POINT('',(0.,-1.25));
#10073 = VECTOR('',#10074,1.);
#10074 = DIRECTION('',(1.,0.));
#10075 = ( GEOMETRIC_REPRESENTATION_CONTEXT(2) 
PARAMETRIC_REPRESENTATION_CONTEXT() REPRESENTATION_CONTEXT('2D SPACE',''
  ) );
#10076 = PCURVE('',#9170,#10077);
#10077 = DEFINITIONAL_REPRESENTATION('',(#10078),#10082);
#10078 = B_SPLINE_CURVE_WITH_KNOTS('',2,(#10079,#10080,#10081),
  .UNSPECIFIED.,.F.,.F.,(3,3),(0.,1.),.PIECEWISE_BEZIER_KNOTS.);
#10079 = CARTESIAN_POINT('',(7.4912578125,2.602359375));
#10080 = CARTESIAN_POINT('',(7.4912578125,1.23169921875));
#10081 = CARTESIAN_POINT('',(6.572220703125,0.52426171875));
#10082 = ( GEOMETRIC_REPRESENTATION_CONTEXT(2) 
PARAMETRIC_REPRESENTATION_CONTEXT() REPRESENTATION_CONTEXT('2D SPACE',''
  ) );
#10083 = ORIENTED_EDGE('',*,*,#9991,.F.);
#10084 = ADVANCED_FACE('',(#10085),#4095,.T.);
#10085 = FACE_BOUND('',#10086,.T.);
#10086 = EDGE_LOOP('',(#10087,#10088,#10111,#10132));
#10087 = ORIENTED_EDGE('',*,*,#4049,.T.);
#10088 = ORIENTED_EDGE('',*,*,#10089,.T.);
#10089 = EDGE_CURVE('',#3975,#10090,#10092,.T.);
#10090 = VERTEX_POINT('',#10091);
#10091 = CARTESIAN_POINT('',(17.36380078125,-4.1056640625E-02,2.7));
#10092 = SURFACE_CURVE('',#10093,(#10097,#10104),.PCURVE_S1.);
#10093 = LINE('',#10094,#10095);
#10094 = CARTESIAN_POINT('',(17.36380078125,-4.1056640625E-02,1.45));
#10095 = VECTOR('',#10096,1.);
#10096 = DIRECTION('',(0.,0.,1.));
#10097 = PCURVE('',#4095,#10098);
#10098 = DEFINITIONAL_REPRESENTATION('',(#10099),#10103);
#10099 = LINE('',#10100,#10101);
#10100 = CARTESIAN_POINT('',(0.,0.));
#10101 = VECTOR('',#10102,1.);
#10102 = DIRECTION('',(0.,-1.));
#10103 = ( GEOMETRIC_REPRESENTATION_CONTEXT(2) 
PARAMETRIC_REPRESENTATION_CONTEXT() REPRESENTATION_CONTEXT('2D SPACE',''
  ) );
#10104 = PCURVE('',#4020,#10105);
#10105 = DEFINITIONAL_REPRESENTATION('',(#10106),#10110);
#10106 = LINE('',#10107,#10108);
#10107 = CARTESIAN_POINT('',(1.,0.));
#10108 = VECTOR('',#10109,1.);
#10109 = DIRECTION('',(0.,-1.));
#10110 = ( GEOMETRIC_REPRESENTATION_CONTEXT(2) 
PARAMETRIC_REPRESENTATION_CONTEXT() REPRESENTATION_CONTEXT('2D SPACE',''
  ) );
#10111 = ORIENTED_EDGE('',*,*,#10112,.T.);
#10112 = EDGE_CURVE('',#10090,#10041,#10113,.T.);
#10113 = SURFACE_CURVE('',#10114,(#10118,#10125),.PCURVE_S1.);
#10114 = B_SPLINE_CURVE_WITH_KNOTS('',2,(#10115,#10116,#10117),
  .UNSPECIFIED.,.F.,.F.,(3,3),(0.,1.),.PIECEWISE_BEZIER_KNOTS.);
#10115 = CARTESIAN_POINT('',(17.36380078125,-4.1056640625E-02,2.7));
#10116 = CARTESIAN_POINT('',(18.042814453125,-0.72638671875,2.7));
#10117 = CARTESIAN_POINT('',(18.042814453125,-1.87597265625,2.7));
#10118 = PCURVE('',#4095,#10119);
#10119 = DEFINITIONAL_REPRESENTATION('',(#10120),#10124);
#10120 = LINE('',#10121,#10122);
#10121 = CARTESIAN_POINT('',(0.,-1.25));
#10122 = VECTOR('',#10123,1.);
#10123 = DIRECTION('',(1.,0.));
#10124 = ( GEOMETRIC_REPRESENTATION_CONTEXT(2) 
PARAMETRIC_REPRESENTATION_CONTEXT() REPRESENTATION_CONTEXT('2D SPACE',''
  ) );
#10125 = PCURVE('',#9170,#10126);
#10126 = DEFINITIONAL_REPRESENTATION('',(#10127),#10131);
#10127 = B_SPLINE_CURVE_WITH_KNOTS('',2,(#10128,#10129,#10130),
  .UNSPECIFIED.,.F.,.F.,(3,3),(0.,1.),.PIECEWISE_BEZIER_KNOTS.);
#10128 = CARTESIAN_POINT('',(6.812244140625,4.437275390625));
#10129 = CARTESIAN_POINT('',(7.4912578125,3.7519453125));
#10130 = CARTESIAN_POINT('',(7.4912578125,2.602359375));
#10131 = ( GEOMETRIC_REPRESENTATION_CONTEXT(2) 
PARAMETRIC_REPRESENTATION_CONTEXT() REPRESENTATION_CONTEXT('2D SPACE',''
  ) );
#10132 = ORIENTED_EDGE('',*,*,#10040,.F.);
#10133 = ADVANCED_FACE('',(#10134),#4020,.T.);
#10134 = FACE_BOUND('',#10135,.T.);
#10135 = EDGE_LOOP('',(#10136,#10137,#10160,#10181));
#10136 = ORIENTED_EDGE('',*,*,#3974,.T.);
#10137 = ORIENTED_EDGE('',*,*,#10138,.T.);
#10138 = EDGE_CURVE('',#3949,#10139,#10141,.T.);
#10139 = VERTEX_POINT('',#10140);
#10140 = CARTESIAN_POINT('',(15.257279296875,0.91587890625,2.7));
#10141 = SURFACE_CURVE('',#10142,(#10146,#10153),.PCURVE_S1.);
#10142 = LINE('',#10143,#10144);
#10143 = CARTESIAN_POINT('',(15.257279296875,0.91587890625,1.45));
#10144 = VECTOR('',#10145,1.);
#10145 = DIRECTION('',(0.,0.,1.));
#10146 = PCURVE('',#4020,#10147);
#10147 = DEFINITIONAL_REPRESENTATION('',(#10148),#10152);
#10148 = LINE('',#10149,#10150);
#10149 = CARTESIAN_POINT('',(0.,0.));
#10150 = VECTOR('',#10151,1.);
#10151 = DIRECTION('',(0.,-1.));
#10152 = ( GEOMETRIC_REPRESENTATION_CONTEXT(2) 
PARAMETRIC_REPRESENTATION_CONTEXT() REPRESENTATION_CONTEXT('2D SPACE',''
  ) );
#10153 = PCURVE('',#3963,#10154);
#10154 = DEFINITIONAL_REPRESENTATION('',(#10155),#10159);
#10155 = LINE('',#10156,#10157);
#10156 = CARTESIAN_POINT('',(0.786614508876,0.));
#10157 = VECTOR('',#10158,1.);
#10158 = DIRECTION('',(0.,-1.));
#10159 = ( GEOMETRIC_REPRESENTATION_CONTEXT(2) 
PARAMETRIC_REPRESENTATION_CONTEXT() REPRESENTATION_CONTEXT('2D SPACE',''
  ) );
#10160 = ORIENTED_EDGE('',*,*,#10161,.T.);
#10161 = EDGE_CURVE('',#10139,#10090,#10162,.T.);
#10162 = SURFACE_CURVE('',#10163,(#10167,#10174),.PCURVE_S1.);
#10163 = B_SPLINE_CURVE_WITH_KNOTS('',2,(#10164,#10165,#10166),
  .UNSPECIFIED.,.F.,.F.,(3,3),(0.,1.),.PIECEWISE_BEZIER_KNOTS.);
#10164 = CARTESIAN_POINT('',(15.257279296875,0.91587890625,2.7));
#10165 = CARTESIAN_POINT('',(16.684787109375,0.6442734375,2.7));
#10166 = CARTESIAN_POINT('',(17.36380078125,-4.1056640625E-02,2.7));
#10167 = PCURVE('',#4020,#10168);
#10168 = DEFINITIONAL_REPRESENTATION('',(#10169),#10173);
#10169 = LINE('',#10170,#10171);
#10170 = CARTESIAN_POINT('',(0.,-1.25));
#10171 = VECTOR('',#10172,1.);
#10172 = DIRECTION('',(1.,0.));
#10173 = ( GEOMETRIC_REPRESENTATION_CONTEXT(2) 
PARAMETRIC_REPRESENTATION_CONTEXT() REPRESENTATION_CONTEXT('2D SPACE',''
  ) );
#10174 = PCURVE('',#9170,#10175);
#10175 = DEFINITIONAL_REPRESENTATION('',(#10176),#10180);
#10176 = B_SPLINE_CURVE_WITH_KNOTS('',2,(#10177,#10178,#10179),
  .UNSPECIFIED.,.F.,.F.,(3,3),(0.,1.),.PIECEWISE_BEZIER_KNOTS.);
#10177 = CARTESIAN_POINT('',(4.70572265625,5.3942109375));
#10178 = CARTESIAN_POINT('',(6.13323046875,5.12260546875));
#10179 = CARTESIAN_POINT('',(6.812244140625,4.437275390625));
#10180 = ( GEOMETRIC_REPRESENTATION_CONTEXT(2) 
PARAMETRIC_REPRESENTATION_CONTEXT() REPRESENTATION_CONTEXT('2D SPACE',''
  ) );
#10181 = ORIENTED_EDGE('',*,*,#10089,.F.);
#10182 = ADVANCED_FACE('',(#10183),#3963,.T.);
#10183 = FACE_BOUND('',#10184,.T.);
#10184 = EDGE_LOOP('',(#10185,#10186,#10209,#10230));
#10185 = ORIENTED_EDGE('',*,*,#3948,.T.);
#10186 = ORIENTED_EDGE('',*,*,#10187,.T.);
#10187 = EDGE_CURVE('',#3880,#10188,#10190,.T.);
#10188 = VERTEX_POINT('',#10189);
#10189 = CARTESIAN_POINT('',(14.486677734375,1.0737890625,2.7));
#10190 = SURFACE_CURVE('',#10191,(#10195,#10202),.PCURVE_S1.);
#10191 = LINE('',#10192,#10193);
#10192 = CARTESIAN_POINT('',(14.486677734375,1.0737890625,1.45));
#10193 = VECTOR('',#10194,1.);
#10194 = DIRECTION('',(0.,0.,1.));
#10195 = PCURVE('',#3963,#10196);
#10196 = DEFINITIONAL_REPRESENTATION('',(#10197),#10201);
#10197 = LINE('',#10198,#10199);
#10198 = CARTESIAN_POINT('',(0.,0.));
#10199 = VECTOR('',#10200,1.);
#10200 = DIRECTION('',(0.,-1.));
#10201 = ( GEOMETRIC_REPRESENTATION_CONTEXT(2) 
PARAMETRIC_REPRESENTATION_CONTEXT() REPRESENTATION_CONTEXT('2D SPACE',''
  ) );
#10202 = PCURVE('',#3921,#10203);
#10203 = DEFINITIONAL_REPRESENTATION('',(#10204),#10208);
#10204 = LINE('',#10205,#10206);
#10205 = CARTESIAN_POINT('',(1.,0.));
#10206 = VECTOR('',#10207,1.);
#10207 = DIRECTION('',(0.,-1.));
#10208 = ( GEOMETRIC_REPRESENTATION_CONTEXT(2) 
PARAMETRIC_REPRESENTATION_CONTEXT() REPRESENTATION_CONTEXT('2D SPACE',''
  ) );
#10209 = ORIENTED_EDGE('',*,*,#10210,.T.);
#10210 = EDGE_CURVE('',#10188,#10139,#10211,.T.);
#10211 = SURFACE_CURVE('',#10212,(#10216,#10223),.PCURVE_S1.);
#10212 = LINE('',#10213,#10214);
#10213 = CARTESIAN_POINT('',(14.486677734375,1.0737890625,2.7));
#10214 = VECTOR('',#10215,1.);
#10215 = DIRECTION('',(0.97964320999,-0.200746559424,0.));
#10216 = PCURVE('',#3963,#10217);
#10217 = DEFINITIONAL_REPRESENTATION('',(#10218),#10222);
#10218 = LINE('',#10219,#10220);
#10219 = CARTESIAN_POINT('',(0.,-1.25));
#10220 = VECTOR('',#10221,1.);
#10221 = DIRECTION('',(1.,0.));
#10222 = ( GEOMETRIC_REPRESENTATION_CONTEXT(2) 
PARAMETRIC_REPRESENTATION_CONTEXT() REPRESENTATION_CONTEXT('2D SPACE',''
  ) );
#10223 = PCURVE('',#9170,#10224);
#10224 = DEFINITIONAL_REPRESENTATION('',(#10225),#10229);
#10225 = LINE('',#10226,#10227);
#10226 = CARTESIAN_POINT('',(3.93512109375,5.55212109375));
#10227 = VECTOR('',#10228,1.);
#10228 = DIRECTION('',(0.97964320999,-0.200746559424));
#10229 = ( GEOMETRIC_REPRESENTATION_CONTEXT(2) 
PARAMETRIC_REPRESENTATION_CONTEXT() REPRESENTATION_CONTEXT('2D SPACE',''
  ) );
#10230 = ORIENTED_EDGE('',*,*,#10138,.F.);
#10231 = ADVANCED_FACE('',(#10232),#3921,.T.);
#10232 = FACE_BOUND('',#10233,.T.);
#10233 = EDGE_LOOP('',(#10234,#10235,#10258,#10279));
#10234 = ORIENTED_EDGE('',*,*,#3879,.T.);
#10235 = ORIENTED_EDGE('',*,*,#10236,.T.);
#10236 = EDGE_CURVE('',#3808,#10237,#10239,.T.);
#10237 = VERTEX_POINT('',#10238);
#10238 = CARTESIAN_POINT('',(13.062328125,1.588576171875,2.7));
#10239 = SURFACE_CURVE('',#10240,(#10244,#10251),.PCURVE_S1.);
#10240 = LINE('',#10241,#10242);
#10241 = CARTESIAN_POINT('',(13.062328125,1.588576171875,1.45));
#10242 = VECTOR('',#10243,1.);
#10243 = DIRECTION('',(0.,0.,1.));
#10244 = PCURVE('',#3921,#10245);
#10245 = DEFINITIONAL_REPRESENTATION('',(#10246),#10250);
#10246 = LINE('',#10247,#10248);
#10247 = CARTESIAN_POINT('',(0.,0.));
#10248 = VECTOR('',#10249,1.);
#10249 = DIRECTION('',(0.,-1.));
#10250 = ( GEOMETRIC_REPRESENTATION_CONTEXT(2) 
PARAMETRIC_REPRESENTATION_CONTEXT() REPRESENTATION_CONTEXT('2D SPACE',''
  ) );
#10251 = PCURVE('',#3851,#10252);
#10252 = DEFINITIONAL_REPRESENTATION('',(#10253),#10257);
#10253 = LINE('',#10254,#10255);
#10254 = CARTESIAN_POINT('',(1.,0.));
#10255 = VECTOR('',#10256,1.);
#10256 = DIRECTION('',(0.,-1.));
#10257 = ( GEOMETRIC_REPRESENTATION_CONTEXT(2) 
PARAMETRIC_REPRESENTATION_CONTEXT() REPRESENTATION_CONTEXT('2D SPACE',''
  ) );
#10258 = ORIENTED_EDGE('',*,*,#10259,.T.);
#10259 = EDGE_CURVE('',#10237,#10188,#10260,.T.);
#10260 = SURFACE_CURVE('',#10261,(#10265,#10272),.PCURVE_S1.);
#10261 = B_SPLINE_CURVE_WITH_KNOTS('',2,(#10262,#10263,#10264),
  .UNSPECIFIED.,.F.,.F.,(3,3),(0.,1.),.PIECEWISE_BEZIER_KNOTS.);
#10262 = CARTESIAN_POINT('',(13.062328125,1.588576171875,2.7));
#10263 = CARTESIAN_POINT('',(13.438154296875,1.26959765625,2.7));
#10264 = CARTESIAN_POINT('',(14.486677734375,1.0737890625,2.7));
#10265 = PCURVE('',#3921,#10266);
#10266 = DEFINITIONAL_REPRESENTATION('',(#10267),#10271);
#10267 = LINE('',#10268,#10269);
#10268 = CARTESIAN_POINT('',(0.,-1.25));
#10269 = VECTOR('',#10270,1.);
#10270 = DIRECTION('',(1.,0.));
#10271 = ( GEOMETRIC_REPRESENTATION_CONTEXT(2) 
PARAMETRIC_REPRESENTATION_CONTEXT() REPRESENTATION_CONTEXT('2D SPACE',''
  ) );
#10272 = PCURVE('',#9170,#10273);
#10273 = DEFINITIONAL_REPRESENTATION('',(#10274),#10278);
#10274 = B_SPLINE_CURVE_WITH_KNOTS('',2,(#10275,#10276,#10277),
  .UNSPECIFIED.,.F.,.F.,(3,3),(0.,1.),.PIECEWISE_BEZIER_KNOTS.);
#10275 = CARTESIAN_POINT('',(2.510771484375,6.066908203125));
#10276 = CARTESIAN_POINT('',(2.88659765625,5.7479296875));
#10277 = CARTESIAN_POINT('',(3.93512109375,5.55212109375));
#10278 = ( GEOMETRIC_REPRESENTATION_CONTEXT(2) 
PARAMETRIC_REPRESENTATION_CONTEXT() REPRESENTATION_CONTEXT('2D SPACE',''
  ) );
#10279 = ORIENTED_EDGE('',*,*,#10187,.F.);
#10280 = ADVANCED_FACE('',(#10281),#3851,.T.);
#10281 = FACE_BOUND('',#10282,.T.);
#10282 = EDGE_LOOP('',(#10283,#10284,#10307,#10328));
#10283 = ORIENTED_EDGE('',*,*,#3807,.T.);
#10284 = ORIENTED_EDGE('',*,*,#10285,.T.);
#10285 = EDGE_CURVE('',#3733,#10286,#10288,.T.);
#10286 = VERTEX_POINT('',#10287);
#10287 = CARTESIAN_POINT('',(12.686501953125,2.53287890625,2.7));
#10288 = SURFACE_CURVE('',#10289,(#10293,#10300),.PCURVE_S1.);
#10289 = LINE('',#10290,#10291);
#10290 = CARTESIAN_POINT('',(12.686501953125,2.53287890625,1.45));
#10291 = VECTOR('',#10292,1.);
#10292 = DIRECTION('',(0.,0.,1.));
#10293 = PCURVE('',#3851,#10294);
#10294 = DEFINITIONAL_REPRESENTATION('',(#10295),#10299);
#10295 = LINE('',#10296,#10297);
#10296 = CARTESIAN_POINT('',(0.,0.));
#10297 = VECTOR('',#10298,1.);
#10298 = DIRECTION('',(0.,-1.));
#10299 = ( GEOMETRIC_REPRESENTATION_CONTEXT(2) 
PARAMETRIC_REPRESENTATION_CONTEXT() REPRESENTATION_CONTEXT('2D SPACE',''
  ) );
#10300 = PCURVE('',#3778,#10301);
#10301 = DEFINITIONAL_REPRESENTATION('',(#10302),#10306);
#10302 = LINE('',#10303,#10304);
#10303 = CARTESIAN_POINT('',(1.,0.));
#10304 = VECTOR('',#10305,1.);
#10305 = DIRECTION('',(0.,-1.));
#10306 = ( GEOMETRIC_REPRESENTATION_CONTEXT(2) 
PARAMETRIC_REPRESENTATION_CONTEXT() REPRESENTATION_CONTEXT('2D SPACE',''
  ) );
#10307 = ORIENTED_EDGE('',*,*,#10308,.T.);
#10308 = EDGE_CURVE('',#10286,#10237,#10309,.T.);
#10309 = SURFACE_CURVE('',#10310,(#10314,#10321),.PCURVE_S1.);
#10310 = B_SPLINE_CURVE_WITH_KNOTS('',2,(#10311,#10312,#10313),
  .UNSPECIFIED.,.F.,.F.,(3,3),(0.,1.),.PIECEWISE_BEZIER_KNOTS.);
#10311 = CARTESIAN_POINT('',(12.686501953125,2.53287890625,2.7));
#10312 = CARTESIAN_POINT('',(12.686501953125,1.9075546875,2.7));
#10313 = CARTESIAN_POINT('',(13.062328125,1.588576171875,2.7));
#10314 = PCURVE('',#3851,#10315);
#10315 = DEFINITIONAL_REPRESENTATION('',(#10316),#10320);
#10316 = LINE('',#10317,#10318);
#10317 = CARTESIAN_POINT('',(0.,-1.25));
#10318 = VECTOR('',#10319,1.);
#10319 = DIRECTION('',(1.,0.));
#10320 = ( GEOMETRIC_REPRESENTATION_CONTEXT(2) 
PARAMETRIC_REPRESENTATION_CONTEXT() REPRESENTATION_CONTEXT('2D SPACE',''
  ) );
#10321 = PCURVE('',#9170,#10322);
#10322 = DEFINITIONAL_REPRESENTATION('',(#10323),#10327);
#10323 = B_SPLINE_CURVE_WITH_KNOTS('',2,(#10324,#10325,#10326),
  .UNSPECIFIED.,.F.,.F.,(3,3),(0.,1.),.PIECEWISE_BEZIER_KNOTS.);
#10324 = CARTESIAN_POINT('',(2.1349453125,7.0112109375));
#10325 = CARTESIAN_POINT('',(2.1349453125,6.38588671875));
#10326 = CARTESIAN_POINT('',(2.510771484375,6.066908203125));
#10327 = ( GEOMETRIC_REPRESENTATION_CONTEXT(2) 
PARAMETRIC_REPRESENTATION_CONTEXT() REPRESENTATION_CONTEXT('2D SPACE',''
  ) );
#10328 = ORIENTED_EDGE('',*,*,#10236,.F.);
#10329 = ADVANCED_FACE('',(#10330),#3778,.T.);
#10330 = FACE_BOUND('',#10331,.T.);
#10331 = EDGE_LOOP('',(#10332,#10333,#10356,#10377));
#10332 = ORIENTED_EDGE('',*,*,#3732,.T.);
#10333 = ORIENTED_EDGE('',*,*,#10334,.T.);
#10334 = EDGE_CURVE('',#3661,#10335,#10337,.T.);
#10335 = VERTEX_POINT('',#10336);
#10336 = CARTESIAN_POINT('',(13.2518203125,3.68246484375,2.7));
#10337 = SURFACE_CURVE('',#10338,(#10342,#10349),.PCURVE_S1.);
#10338 = LINE('',#10339,#10340);
#10339 = CARTESIAN_POINT('',(13.2518203125,3.68246484375,1.45));
#10340 = VECTOR('',#10341,1.);
#10341 = DIRECTION('',(0.,0.,1.));
#10342 = PCURVE('',#3778,#10343);
#10343 = DEFINITIONAL_REPRESENTATION('',(#10344),#10348);
#10344 = LINE('',#10345,#10346);
#10345 = CARTESIAN_POINT('',(0.,0.));
#10346 = VECTOR('',#10347,1.);
#10347 = DIRECTION('',(0.,-1.));
#10348 = ( GEOMETRIC_REPRESENTATION_CONTEXT(2) 
PARAMETRIC_REPRESENTATION_CONTEXT() REPRESENTATION_CONTEXT('2D SPACE',''
  ) );
#10349 = PCURVE('',#3704,#10350);
#10350 = DEFINITIONAL_REPRESENTATION('',(#10351),#10355);
#10351 = LINE('',#10352,#10353);
#10352 = CARTESIAN_POINT('',(1.,0.));
#10353 = VECTOR('',#10354,1.);
#10354 = DIRECTION('',(0.,-1.));
#10355 = ( GEOMETRIC_REPRESENTATION_CONTEXT(2) 
PARAMETRIC_REPRESENTATION_CONTEXT() REPRESENTATION_CONTEXT('2D SPACE',''
  ) );
#10356 = ORIENTED_EDGE('',*,*,#10357,.T.);
#10357 = EDGE_CURVE('',#10335,#10286,#10358,.T.);
#10358 = SURFACE_CURVE('',#10359,(#10363,#10370),.PCURVE_S1.);
#10359 = B_SPLINE_CURVE_WITH_KNOTS('',2,(#10360,#10361,#10362),
  .UNSPECIFIED.,.F.,.F.,(3,3),(0.,1.),.PIECEWISE_BEZIER_KNOTS.);
#10360 = CARTESIAN_POINT('',(13.2518203125,3.68246484375,2.7));
#10361 = CARTESIAN_POINT('',(12.686501953125,3.27821484375,2.7));
#10362 = CARTESIAN_POINT('',(12.686501953125,2.53287890625,2.7));
#10363 = PCURVE('',#3778,#10364);
#10364 = DEFINITIONAL_REPRESENTATION('',(#10365),#10369);
#10365 = LINE('',#10366,#10367);
#10366 = CARTESIAN_POINT('',(0.,-1.25));
#10367 = VECTOR('',#10368,1.);
#10368 = DIRECTION('',(1.,0.));
#10369 = ( GEOMETRIC_REPRESENTATION_CONTEXT(2) 
PARAMETRIC_REPRESENTATION_CONTEXT() REPRESENTATION_CONTEXT('2D SPACE',''
  ) );
#10370 = PCURVE('',#9170,#10371);
#10371 = DEFINITIONAL_REPRESENTATION('',(#10372),#10376);
#10372 = B_SPLINE_CURVE_WITH_KNOTS('',2,(#10373,#10374,#10375),
  .UNSPECIFIED.,.F.,.F.,(3,3),(0.,1.),.PIECEWISE_BEZIER_KNOTS.);
#10373 = CARTESIAN_POINT('',(2.700263671875,8.160796875));
#10374 = CARTESIAN_POINT('',(2.1349453125,7.756546875));
#10375 = CARTESIAN_POINT('',(2.1349453125,7.0112109375));
#10376 = ( GEOMETRIC_REPRESENTATION_CONTEXT(2) 
PARAMETRIC_REPRESENTATION_CONTEXT() REPRESENTATION_CONTEXT('2D SPACE',''
  ) );
#10377 = ORIENTED_EDGE('',*,*,#10285,.F.);
#10378 = ADVANCED_FACE('',(#10379),#3704,.T.);
#10379 = FACE_BOUND('',#10380,.T.);
#10380 = EDGE_LOOP('',(#10381,#10382,#10405,#10426));
#10381 = ORIENTED_EDGE('',*,*,#3660,.T.);
#10382 = ORIENTED_EDGE('',*,*,#10383,.T.);
#10383 = EDGE_CURVE('',#3619,#10384,#10386,.T.);
#10384 = VERTEX_POINT('',#10385);
#10385 = CARTESIAN_POINT('',(14.859345703125,4.08671484375,2.7));
#10386 = SURFACE_CURVE('',#10387,(#10391,#10398),.PCURVE_S1.);
#10387 = LINE('',#10388,#10389);
#10388 = CARTESIAN_POINT('',(14.859345703125,4.08671484375,1.45));
#10389 = VECTOR('',#10390,1.);
#10390 = DIRECTION('',(0.,0.,1.));
#10391 = PCURVE('',#3704,#10392);
#10392 = DEFINITIONAL_REPRESENTATION('',(#10393),#10397);
#10393 = LINE('',#10394,#10395);
#10394 = CARTESIAN_POINT('',(0.,0.));
#10395 = VECTOR('',#10396,1.);
#10396 = DIRECTION('',(0.,-1.));
#10397 = ( GEOMETRIC_REPRESENTATION_CONTEXT(2) 
PARAMETRIC_REPRESENTATION_CONTEXT() REPRESENTATION_CONTEXT('2D SPACE',''
  ) );
#10398 = PCURVE('',#3642,#10399);
#10399 = DEFINITIONAL_REPRESENTATION('',(#10400),#10404);
#10400 = LINE('',#10401,#10402);
#10401 = CARTESIAN_POINT('',(1.,0.));
#10402 = VECTOR('',#10403,1.);
#10403 = DIRECTION('',(0.,-1.));
#10404 = ( GEOMETRIC_REPRESENTATION_CONTEXT(2) 
PARAMETRIC_REPRESENTATION_CONTEXT() REPRESENTATION_CONTEXT('2D SPACE',''
  ) );
#10405 = ORIENTED_EDGE('',*,*,#10406,.T.);
#10406 = EDGE_CURVE('',#10384,#10335,#10407,.T.);
#10407 = SURFACE_CURVE('',#10408,(#10412,#10419),.PCURVE_S1.);
#10408 = B_SPLINE_CURVE_WITH_KNOTS('',2,(#10409,#10410,#10411),
  .UNSPECIFIED.,.F.,.F.,(3,3),(0.,1.),.PIECEWISE_BEZIER_KNOTS.);
#10409 = CARTESIAN_POINT('',(14.859345703125,4.08671484375,2.7));
#10410 = CARTESIAN_POINT('',(13.817138671875,4.08671484375,2.7));
#10411 = CARTESIAN_POINT('',(13.2518203125,3.68246484375,2.7));
#10412 = PCURVE('',#3704,#10413);
#10413 = DEFINITIONAL_REPRESENTATION('',(#10414),#10418);
#10414 = LINE('',#10415,#10416);
#10415 = CARTESIAN_POINT('',(0.,-1.25));
#10416 = VECTOR('',#10417,1.);
#10417 = DIRECTION('',(1.,0.));
#10418 = ( GEOMETRIC_REPRESENTATION_CONTEXT(2) 
PARAMETRIC_REPRESENTATION_CONTEXT() REPRESENTATION_CONTEXT('2D SPACE',''
  ) );
#10419 = PCURVE('',#9170,#10420);
#10420 = DEFINITIONAL_REPRESENTATION('',(#10421),#10425);
#10421 = B_SPLINE_CURVE_WITH_KNOTS('',2,(#10422,#10423,#10424),
  .UNSPECIFIED.,.F.,.F.,(3,3),(0.,1.),.PIECEWISE_BEZIER_KNOTS.);
#10422 = CARTESIAN_POINT('',(4.3077890625,8.565046875));
#10423 = CARTESIAN_POINT('',(3.26558203125,8.565046875));
#10424 = CARTESIAN_POINT('',(2.700263671875,8.160796875));
#10425 = ( GEOMETRIC_REPRESENTATION_CONTEXT(2) 
PARAMETRIC_REPRESENTATION_CONTEXT() REPRESENTATION_CONTEXT('2D SPACE',''
  ) );
#10426 = ORIENTED_EDGE('',*,*,#10334,.F.);
#10427 = ADVANCED_FACE('',(#10428),#3642,.T.);
#10428 = FACE_BOUND('',#10429,.T.);
#10429 = EDGE_LOOP('',(#10430,#10431,#10454,#10475));
#10430 = ORIENTED_EDGE('',*,*,#3618,.T.);
#10431 = ORIENTED_EDGE('',*,*,#10432,.T.);
#10432 = EDGE_CURVE('',#3577,#10433,#10435,.T.);
#10433 = VERTEX_POINT('',#10434);
#10434 = CARTESIAN_POINT('',(16.103677734375,3.916171875,2.7));
#10435 = SURFACE_CURVE('',#10436,(#10440,#10447),.PCURVE_S1.);
#10436 = LINE('',#10437,#10438);
#10437 = CARTESIAN_POINT('',(16.103677734375,3.916171875,1.45));
#10438 = VECTOR('',#10439,1.);
#10439 = DIRECTION('',(0.,0.,1.));
#10440 = PCURVE('',#3642,#10441);
#10441 = DEFINITIONAL_REPRESENTATION('',(#10442),#10446);
#10442 = LINE('',#10443,#10444);
#10443 = CARTESIAN_POINT('',(0.,0.));
#10444 = VECTOR('',#10445,1.);
#10445 = DIRECTION('',(0.,-1.));
#10446 = ( GEOMETRIC_REPRESENTATION_CONTEXT(2) 
PARAMETRIC_REPRESENTATION_CONTEXT() REPRESENTATION_CONTEXT('2D SPACE',''
  ) );
#10447 = PCURVE('',#3600,#10448);
#10448 = DEFINITIONAL_REPRESENTATION('',(#10449),#10453);
#10449 = LINE('',#10450,#10451);
#10450 = CARTESIAN_POINT('',(1.,0.));
#10451 = VECTOR('',#10452,1.);
#10452 = DIRECTION('',(0.,-1.));
#10453 = ( GEOMETRIC_REPRESENTATION_CONTEXT(2) 
PARAMETRIC_REPRESENTATION_CONTEXT() REPRESENTATION_CONTEXT('2D SPACE',''
  ) );
#10454 = ORIENTED_EDGE('',*,*,#10455,.T.);
#10455 = EDGE_CURVE('',#10433,#10384,#10456,.T.);
#10456 = SURFACE_CURVE('',#10457,(#10461,#10468),.PCURVE_S1.);
#10457 = B_SPLINE_CURVE_WITH_KNOTS('',2,(#10458,#10459,#10460),
  .UNSPECIFIED.,.F.,.F.,(3,3),(0.,1.),.PIECEWISE_BEZIER_KNOTS.);
#10458 = CARTESIAN_POINT('',(16.103677734375,3.916171875,2.7));
#10459 = CARTESIAN_POINT('',(15.459404296875,4.08671484375,2.7));
#10460 = CARTESIAN_POINT('',(14.859345703125,4.08671484375,2.7));
#10461 = PCURVE('',#3642,#10462);
#10462 = DEFINITIONAL_REPRESENTATION('',(#10463),#10467);
#10463 = LINE('',#10464,#10465);
#10464 = CARTESIAN_POINT('',(0.,-1.25));
#10465 = VECTOR('',#10466,1.);
#10466 = DIRECTION('',(1.,0.));
#10467 = ( GEOMETRIC_REPRESENTATION_CONTEXT(2) 
PARAMETRIC_REPRESENTATION_CONTEXT() REPRESENTATION_CONTEXT('2D SPACE',''
  ) );
#10468 = PCURVE('',#9170,#10469);
#10469 = DEFINITIONAL_REPRESENTATION('',(#10470),#10474);
#10470 = B_SPLINE_CURVE_WITH_KNOTS('',2,(#10471,#10472,#10473),
  .UNSPECIFIED.,.F.,.F.,(3,3),(0.,1.),.PIECEWISE_BEZIER_KNOTS.);
#10471 = CARTESIAN_POINT('',(5.55212109375,8.39450390625));
#10472 = CARTESIAN_POINT('',(4.90784765625,8.565046875));
#10473 = CARTESIAN_POINT('',(4.3077890625,8.565046875));
#10474 = ( GEOMETRIC_REPRESENTATION_CONTEXT(2) 
PARAMETRIC_REPRESENTATION_CONTEXT() REPRESENTATION_CONTEXT('2D SPACE',''
  ) );
#10475 = ORIENTED_EDGE('',*,*,#10383,.F.);
#10476 = ADVANCED_FACE('',(#10477),#3600,.T.);
#10477 = FACE_BOUND('',#10478,.T.);
#10478 = EDGE_LOOP('',(#10479,#10480,#10481,#10502));
#10479 = ORIENTED_EDGE('',*,*,#3576,.T.);
#10480 = ORIENTED_EDGE('',*,*,#9182,.T.);
#10481 = ORIENTED_EDGE('',*,*,#10482,.T.);
#10482 = EDGE_CURVE('',#9155,#10433,#10483,.T.);
#10483 = SURFACE_CURVE('',#10484,(#10488,#10495),.PCURVE_S1.);
#10484 = B_SPLINE_CURVE_WITH_KNOTS('',2,(#10485,#10486,#10487),
  .UNSPECIFIED.,.F.,.F.,(3,3),(0.,1.),.PIECEWISE_BEZIER_KNOTS.);
#10485 = CARTESIAN_POINT('',(17.474337890625,3.3982265625,2.7));
#10486 = CARTESIAN_POINT('',(16.747951171875,3.74562890625,2.7));
#10487 = CARTESIAN_POINT('',(16.103677734375,3.916171875,2.7));
#10488 = PCURVE('',#3600,#10489);
#10489 = DEFINITIONAL_REPRESENTATION('',(#10490),#10494);
#10490 = LINE('',#10491,#10492);
#10491 = CARTESIAN_POINT('',(0.,-1.25));
#10492 = VECTOR('',#10493,1.);
#10493 = DIRECTION('',(1.,0.));
#10494 = ( GEOMETRIC_REPRESENTATION_CONTEXT(2) 
PARAMETRIC_REPRESENTATION_CONTEXT() REPRESENTATION_CONTEXT('2D SPACE',''
  ) );
#10495 = PCURVE('',#9170,#10496);
#10496 = DEFINITIONAL_REPRESENTATION('',(#10497),#10501);
#10497 = B_SPLINE_CURVE_WITH_KNOTS('',2,(#10498,#10499,#10500),
  .UNSPECIFIED.,.F.,.F.,(3,3),(0.,1.),.PIECEWISE_BEZIER_KNOTS.);
#10498 = CARTESIAN_POINT('',(6.92278125,7.87655859375));
#10499 = CARTESIAN_POINT('',(6.19639453125,8.2239609375));
#10500 = CARTESIAN_POINT('',(5.55212109375,8.39450390625));
#10501 = ( GEOMETRIC_REPRESENTATION_CONTEXT(2) 
PARAMETRIC_REPRESENTATION_CONTEXT() REPRESENTATION_CONTEXT('2D SPACE',''
  ) );
#10502 = ORIENTED_EDGE('',*,*,#10432,.F.);
#10503 = ADVANCED_FACE('',(#10504),#5186,.T.);
#10504 = FACE_BOUND('',#10505,.T.);
#10505 = EDGE_LOOP('',(#10506,#10507,#10530,#10558));
#10506 = ORIENTED_EDGE('',*,*,#5169,.T.);
#10507 = ORIENTED_EDGE('',*,*,#10508,.T.);
#10508 = EDGE_CURVE('',#5172,#10509,#10511,.T.);
#10509 = VERTEX_POINT('',#10510);
#10510 = CARTESIAN_POINT('',(18.724986328125,3.8782734375,2.7));
#10511 = SURFACE_CURVE('',#10512,(#10516,#10523),.PCURVE_S1.);
#10512 = LINE('',#10513,#10514);
#10513 = CARTESIAN_POINT('',(18.724986328125,3.8782734375,1.45));
#10514 = VECTOR('',#10515,1.);
#10515 = DIRECTION('',(0.,0.,1.));
#10516 = PCURVE('',#5186,#10517);
#10517 = DEFINITIONAL_REPRESENTATION('',(#10518),#10522);
#10518 = LINE('',#10519,#10520);
#10519 = CARTESIAN_POINT('',(0.,0.));
#10520 = VECTOR('',#10521,1.);
#10521 = DIRECTION('',(0.,-1.));
#10522 = ( GEOMETRIC_REPRESENTATION_CONTEXT(2) 
PARAMETRIC_REPRESENTATION_CONTEXT() REPRESENTATION_CONTEXT('2D SPACE',''
  ) );
#10523 = PCURVE('',#5366,#10524);
#10524 = DEFINITIONAL_REPRESENTATION('',(#10525),#10529);
#10525 = LINE('',#10526,#10527);
#10526 = CARTESIAN_POINT('',(3.3476953125,0.));
#10527 = VECTOR('',#10528,1.);
#10528 = DIRECTION('',(0.,-1.));
#10529 = ( GEOMETRIC_REPRESENTATION_CONTEXT(2) 
PARAMETRIC_REPRESENTATION_CONTEXT() REPRESENTATION_CONTEXT('2D SPACE',''
  ) );
#10530 = ORIENTED_EDGE('',*,*,#10531,.T.);
#10531 = EDGE_CURVE('',#10509,#10532,#10534,.T.);
#10532 = VERTEX_POINT('',#10533);
#10533 = CARTESIAN_POINT('',(18.724986328125,4.9520625,2.7));
#10534 = SURFACE_CURVE('',#10535,(#10539,#10546),.PCURVE_S1.);
#10535 = LINE('',#10536,#10537);
#10536 = CARTESIAN_POINT('',(18.724986328125,3.8782734375,2.7));
#10537 = VECTOR('',#10538,1.);
#10538 = DIRECTION('',(0.,1.,0.));
#10539 = PCURVE('',#5186,#10540);
#10540 = DEFINITIONAL_REPRESENTATION('',(#10541),#10545);
#10541 = LINE('',#10542,#10543);
#10542 = CARTESIAN_POINT('',(0.,-1.25));
#10543 = VECTOR('',#10544,1.);
#10544 = DIRECTION('',(1.,0.));
#10545 = ( GEOMETRIC_REPRESENTATION_CONTEXT(2) 
PARAMETRIC_REPRESENTATION_CONTEXT() REPRESENTATION_CONTEXT('2D SPACE',''
  ) );
#10546 = PCURVE('',#10547,#10552);
#10547 = PLANE('',#10548);
#10548 = AXIS2_PLACEMENT_3D('',#10549,#10550,#10551);
#10549 = CARTESIAN_POINT('',(18.762884765625,-4.47833203125,2.7));
#10550 = DIRECTION('',(0.,0.,1.));
#10551 = DIRECTION('',(1.,0.,0.));
#10552 = DEFINITIONAL_REPRESENTATION('',(#10553),#10557);
#10553 = LINE('',#10554,#10555);
#10554 = CARTESIAN_POINT('',(-3.78984375E-02,8.35660546875));
#10555 = VECTOR('',#10556,1.);
#10556 = DIRECTION('',(0.,1.));
#10557 = ( GEOMETRIC_REPRESENTATION_CONTEXT(2) 
PARAMETRIC_REPRESENTATION_CONTEXT() REPRESENTATION_CONTEXT('2D SPACE',''
  ) );
#10558 = ORIENTED_EDGE('',*,*,#10559,.F.);
#10559 = EDGE_CURVE('',#5170,#10532,#10560,.T.);
#10560 = SURFACE_CURVE('',#10561,(#10565,#10572),.PCURVE_S1.);
#10561 = LINE('',#10562,#10563);
#10562 = CARTESIAN_POINT('',(18.724986328125,4.9520625,1.45));
#10563 = VECTOR('',#10564,1.);
#10564 = DIRECTION('',(0.,0.,1.));
#10565 = PCURVE('',#5186,#10566);
#10566 = DEFINITIONAL_REPRESENTATION('',(#10567),#10571);
#10567 = LINE('',#10568,#10569);
#10568 = CARTESIAN_POINT('',(1.0737890625,0.));
#10569 = VECTOR('',#10570,1.);
#10570 = DIRECTION('',(0.,-1.));
#10571 = ( GEOMETRIC_REPRESENTATION_CONTEXT(2) 
PARAMETRIC_REPRESENTATION_CONTEXT() REPRESENTATION_CONTEXT('2D SPACE',''
  ) );
#10572 = PCURVE('',#5212,#10573);
#10573 = DEFINITIONAL_REPRESENTATION('',(#10574),#10578);
#10574 = LINE('',#10575,#10576);
#10575 = CARTESIAN_POINT('',(0.,0.));
#10576 = VECTOR('',#10577,1.);
#10577 = DIRECTION('',(0.,-1.));
#10578 = ( GEOMETRIC_REPRESENTATION_CONTEXT(2) 
PARAMETRIC_REPRESENTATION_CONTEXT() REPRESENTATION_CONTEXT('2D SPACE',''
  ) );
#10579 = ADVANCED_FACE('',(#10580),#5366,.T.);
#10580 = FACE_BOUND('',#10581,.T.);
#10581 = EDGE_LOOP('',(#10582,#10583,#10606,#10627));
#10582 = ORIENTED_EDGE('',*,*,#5353,.T.);
#10583 = ORIENTED_EDGE('',*,*,#10584,.T.);
#10584 = EDGE_CURVE('',#5328,#10585,#10587,.T.);
#10585 = VERTEX_POINT('',#10586);
#10586 = CARTESIAN_POINT('',(22.072681640625,3.8782734375,2.7));
#10587 = SURFACE_CURVE('',#10588,(#10592,#10599),.PCURVE_S1.);
#10588 = LINE('',#10589,#10590);
#10589 = CARTESIAN_POINT('',(22.072681640625,3.8782734375,1.45));
#10590 = VECTOR('',#10591,1.);
#10591 = DIRECTION('',(0.,0.,1.));
#10592 = PCURVE('',#5366,#10593);
#10593 = DEFINITIONAL_REPRESENTATION('',(#10594),#10598);
#10594 = LINE('',#10595,#10596);
#10595 = CARTESIAN_POINT('',(0.,-0.));
#10596 = VECTOR('',#10597,1.);
#10597 = DIRECTION('',(0.,-1.));
#10598 = ( GEOMETRIC_REPRESENTATION_CONTEXT(2) 
PARAMETRIC_REPRESENTATION_CONTEXT() REPRESENTATION_CONTEXT('2D SPACE',''
  ) );
#10599 = PCURVE('',#5342,#10600);
#10600 = DEFINITIONAL_REPRESENTATION('',(#10601),#10605);
#10601 = LINE('',#10602,#10603);
#10602 = CARTESIAN_POINT('',(8.35660546875,0.));
#10603 = VECTOR('',#10604,1.);
#10604 = DIRECTION('',(0.,-1.));
#10605 = ( GEOMETRIC_REPRESENTATION_CONTEXT(2) 
PARAMETRIC_REPRESENTATION_CONTEXT() REPRESENTATION_CONTEXT('2D SPACE',''
  ) );
#10606 = ORIENTED_EDGE('',*,*,#10607,.T.);
#10607 = EDGE_CURVE('',#10585,#10509,#10608,.T.);
#10608 = SURFACE_CURVE('',#10609,(#10613,#10620),.PCURVE_S1.);
#10609 = LINE('',#10610,#10611);
#10610 = CARTESIAN_POINT('',(22.072681640625,3.8782734375,2.7));
#10611 = VECTOR('',#10612,1.);
#10612 = DIRECTION('',(-1.,0.,0.));
#10613 = PCURVE('',#5366,#10614);
#10614 = DEFINITIONAL_REPRESENTATION('',(#10615),#10619);
#10615 = LINE('',#10616,#10617);
#10616 = CARTESIAN_POINT('',(0.,-1.25));
#10617 = VECTOR('',#10618,1.);
#10618 = DIRECTION('',(1.,0.));
#10619 = ( GEOMETRIC_REPRESENTATION_CONTEXT(2) 
PARAMETRIC_REPRESENTATION_CONTEXT() REPRESENTATION_CONTEXT('2D SPACE',''
  ) );
#10620 = PCURVE('',#10547,#10621);
#10621 = DEFINITIONAL_REPRESENTATION('',(#10622),#10626);
#10622 = LINE('',#10623,#10624);
#10623 = CARTESIAN_POINT('',(3.309796875,8.35660546875));
#10624 = VECTOR('',#10625,1.);
#10625 = DIRECTION('',(-1.,0.));
#10626 = ( GEOMETRIC_REPRESENTATION_CONTEXT(2) 
PARAMETRIC_REPRESENTATION_CONTEXT() REPRESENTATION_CONTEXT('2D SPACE',''
  ) );
#10627 = ORIENTED_EDGE('',*,*,#10508,.F.);
#10628 = ADVANCED_FACE('',(#10629),#5342,.T.);
#10629 = FACE_BOUND('',#10630,.T.);
#10630 = EDGE_LOOP('',(#10631,#10632,#10655,#10676));
#10631 = ORIENTED_EDGE('',*,*,#5327,.T.);
#10632 = ORIENTED_EDGE('',*,*,#10633,.T.);
#10633 = EDGE_CURVE('',#5302,#10634,#10636,.T.);
#10634 = VERTEX_POINT('',#10635);
#10635 = CARTESIAN_POINT('',(22.072681640625,-4.47833203125,2.7));
#10636 = SURFACE_CURVE('',#10637,(#10641,#10648),.PCURVE_S1.);
#10637 = LINE('',#10638,#10639);
#10638 = CARTESIAN_POINT('',(22.072681640625,-4.47833203125,1.45));
#10639 = VECTOR('',#10640,1.);
#10640 = DIRECTION('',(0.,0.,1.));
#10641 = PCURVE('',#5342,#10642);
#10642 = DEFINITIONAL_REPRESENTATION('',(#10643),#10647);
#10643 = LINE('',#10644,#10645);
#10644 = CARTESIAN_POINT('',(0.,0.));
#10645 = VECTOR('',#10646,1.);
#10646 = DIRECTION('',(0.,-1.));
#10647 = ( GEOMETRIC_REPRESENTATION_CONTEXT(2) 
PARAMETRIC_REPRESENTATION_CONTEXT() REPRESENTATION_CONTEXT('2D SPACE',''
  ) );
#10648 = PCURVE('',#5316,#10649);
#10649 = DEFINITIONAL_REPRESENTATION('',(#10650),#10654);
#10650 = LINE('',#10651,#10652);
#10651 = CARTESIAN_POINT('',(1.28223046875,0.));
#10652 = VECTOR('',#10653,1.);
#10653 = DIRECTION('',(0.,-1.));
#10654 = ( GEOMETRIC_REPRESENTATION_CONTEXT(2) 
PARAMETRIC_REPRESENTATION_CONTEXT() REPRESENTATION_CONTEXT('2D SPACE',''
  ) );
#10655 = ORIENTED_EDGE('',*,*,#10656,.T.);
#10656 = EDGE_CURVE('',#10634,#10585,#10657,.T.);
#10657 = SURFACE_CURVE('',#10658,(#10662,#10669),.PCURVE_S1.);
#10658 = LINE('',#10659,#10660);
#10659 = CARTESIAN_POINT('',(22.072681640625,-4.47833203125,2.7));
#10660 = VECTOR('',#10661,1.);
#10661 = DIRECTION('',(0.,1.,0.));
#10662 = PCURVE('',#5342,#10663);
#10663 = DEFINITIONAL_REPRESENTATION('',(#10664),#10668);
#10664 = LINE('',#10665,#10666);
#10665 = CARTESIAN_POINT('',(0.,-1.25));
#10666 = VECTOR('',#10667,1.);
#10667 = DIRECTION('',(1.,0.));
#10668 = ( GEOMETRIC_REPRESENTATION_CONTEXT(2) 
PARAMETRIC_REPRESENTATION_CONTEXT() REPRESENTATION_CONTEXT('2D SPACE',''
  ) );
#10669 = PCURVE('',#10547,#10670);
#10670 = DEFINITIONAL_REPRESENTATION('',(#10671),#10675);
#10671 = LINE('',#10672,#10673);
#10672 = CARTESIAN_POINT('',(3.309796875,0.));
#10673 = VECTOR('',#10674,1.);
#10674 = DIRECTION('',(0.,1.));
#10675 = ( GEOMETRIC_REPRESENTATION_CONTEXT(2) 
PARAMETRIC_REPRESENTATION_CONTEXT() REPRESENTATION_CONTEXT('2D SPACE',''
  ) );
#10676 = ORIENTED_EDGE('',*,*,#10584,.F.);
#10677 = ADVANCED_FACE('',(#10678),#5316,.T.);
#10678 = FACE_BOUND('',#10679,.T.);
#10679 = EDGE_LOOP('',(#10680,#10681,#10704,#10725));
#10680 = ORIENTED_EDGE('',*,*,#5301,.T.);
#10681 = ORIENTED_EDGE('',*,*,#10682,.T.);
#10682 = EDGE_CURVE('',#5276,#10683,#10685,.T.);
#10683 = VERTEX_POINT('',#10684);
#10684 = CARTESIAN_POINT('',(23.354912109375,-4.47833203125,2.7));
#10685 = SURFACE_CURVE('',#10686,(#10690,#10697),.PCURVE_S1.);
#10686 = LINE('',#10687,#10688);
#10687 = CARTESIAN_POINT('',(23.354912109375,-4.47833203125,1.45));
#10688 = VECTOR('',#10689,1.);
#10689 = DIRECTION('',(0.,0.,1.));
#10690 = PCURVE('',#5316,#10691);
#10691 = DEFINITIONAL_REPRESENTATION('',(#10692),#10696);
#10692 = LINE('',#10693,#10694);
#10693 = CARTESIAN_POINT('',(0.,-0.));
#10694 = VECTOR('',#10695,1.);
#10695 = DIRECTION('',(0.,-1.));
#10696 = ( GEOMETRIC_REPRESENTATION_CONTEXT(2) 
PARAMETRIC_REPRESENTATION_CONTEXT() REPRESENTATION_CONTEXT('2D SPACE',''
  ) );
#10697 = PCURVE('',#5290,#10698);
#10698 = DEFINITIONAL_REPRESENTATION('',(#10699),#10703);
#10699 = LINE('',#10700,#10701);
#10700 = CARTESIAN_POINT('',(8.35660546875,0.));
#10701 = VECTOR('',#10702,1.);
#10702 = DIRECTION('',(0.,-1.));
#10703 = ( GEOMETRIC_REPRESENTATION_CONTEXT(2) 
PARAMETRIC_REPRESENTATION_CONTEXT() REPRESENTATION_CONTEXT('2D SPACE',''
  ) );
#10704 = ORIENTED_EDGE('',*,*,#10705,.T.);
#10705 = EDGE_CURVE('',#10683,#10634,#10706,.T.);
#10706 = SURFACE_CURVE('',#10707,(#10711,#10718),.PCURVE_S1.);
#10707 = LINE('',#10708,#10709);
#10708 = CARTESIAN_POINT('',(23.354912109375,-4.47833203125,2.7));
#10709 = VECTOR('',#10710,1.);
#10710 = DIRECTION('',(-1.,0.,0.));
#10711 = PCURVE('',#5316,#10712);
#10712 = DEFINITIONAL_REPRESENTATION('',(#10713),#10717);
#10713 = LINE('',#10714,#10715);
#10714 = CARTESIAN_POINT('',(0.,-1.25));
#10715 = VECTOR('',#10716,1.);
#10716 = DIRECTION('',(1.,0.));
#10717 = ( GEOMETRIC_REPRESENTATION_CONTEXT(2) 
PARAMETRIC_REPRESENTATION_CONTEXT() REPRESENTATION_CONTEXT('2D SPACE',''
  ) );
#10718 = PCURVE('',#10547,#10719);
#10719 = DEFINITIONAL_REPRESENTATION('',(#10720),#10724);
#10720 = LINE('',#10721,#10722);
#10721 = CARTESIAN_POINT('',(4.59202734375,0.));
#10722 = VECTOR('',#10723,1.);
#10723 = DIRECTION('',(-1.,0.));
#10724 = ( GEOMETRIC_REPRESENTATION_CONTEXT(2) 
PARAMETRIC_REPRESENTATION_CONTEXT() REPRESENTATION_CONTEXT('2D SPACE',''
  ) );
#10725 = ORIENTED_EDGE('',*,*,#10633,.F.);
#10726 = ADVANCED_FACE('',(#10727),#5290,.T.);
#10727 = FACE_BOUND('',#10728,.T.);
#10728 = EDGE_LOOP('',(#10729,#10730,#10753,#10774));
#10729 = ORIENTED_EDGE('',*,*,#5275,.T.);
#10730 = ORIENTED_EDGE('',*,*,#10731,.T.);
#10731 = EDGE_CURVE('',#5250,#10732,#10734,.T.);
#10732 = VERTEX_POINT('',#10733);
#10733 = CARTESIAN_POINT('',(23.354912109375,3.8782734375,2.7));
#10734 = SURFACE_CURVE('',#10735,(#10739,#10746),.PCURVE_S1.);
#10735 = LINE('',#10736,#10737);
#10736 = CARTESIAN_POINT('',(23.354912109375,3.8782734375,1.45));
#10737 = VECTOR('',#10738,1.);
#10738 = DIRECTION('',(0.,0.,1.));
#10739 = PCURVE('',#5290,#10740);
#10740 = DEFINITIONAL_REPRESENTATION('',(#10741),#10745);
#10741 = LINE('',#10742,#10743);
#10742 = CARTESIAN_POINT('',(0.,0.));
#10743 = VECTOR('',#10744,1.);
#10744 = DIRECTION('',(0.,-1.));
#10745 = ( GEOMETRIC_REPRESENTATION_CONTEXT(2) 
PARAMETRIC_REPRESENTATION_CONTEXT() REPRESENTATION_CONTEXT('2D SPACE',''
  ) );
#10746 = PCURVE('',#5264,#10747);
#10747 = DEFINITIONAL_REPRESENTATION('',(#10748),#10752);
#10748 = LINE('',#10749,#10750);
#10749 = CARTESIAN_POINT('',(3.3476953125,0.));
#10750 = VECTOR('',#10751,1.);
#10751 = DIRECTION('',(0.,-1.));
#10752 = ( GEOMETRIC_REPRESENTATION_CONTEXT(2) 
PARAMETRIC_REPRESENTATION_CONTEXT() REPRESENTATION_CONTEXT('2D SPACE',''
  ) );
#10753 = ORIENTED_EDGE('',*,*,#10754,.T.);
#10754 = EDGE_CURVE('',#10732,#10683,#10755,.T.);
#10755 = SURFACE_CURVE('',#10756,(#10760,#10767),.PCURVE_S1.);
#10756 = LINE('',#10757,#10758);
#10757 = CARTESIAN_POINT('',(23.354912109375,3.8782734375,2.7));
#10758 = VECTOR('',#10759,1.);
#10759 = DIRECTION('',(0.,-1.,0.));
#10760 = PCURVE('',#5290,#10761);
#10761 = DEFINITIONAL_REPRESENTATION('',(#10762),#10766);
#10762 = LINE('',#10763,#10764);
#10763 = CARTESIAN_POINT('',(0.,-1.25));
#10764 = VECTOR('',#10765,1.);
#10765 = DIRECTION('',(1.,0.));
#10766 = ( GEOMETRIC_REPRESENTATION_CONTEXT(2) 
PARAMETRIC_REPRESENTATION_CONTEXT() REPRESENTATION_CONTEXT('2D SPACE',''
  ) );
#10767 = PCURVE('',#10547,#10768);
#10768 = DEFINITIONAL_REPRESENTATION('',(#10769),#10773);
#10769 = LINE('',#10770,#10771);
#10770 = CARTESIAN_POINT('',(4.59202734375,8.35660546875));
#10771 = VECTOR('',#10772,1.);
#10772 = DIRECTION('',(0.,-1.));
#10773 = ( GEOMETRIC_REPRESENTATION_CONTEXT(2) 
PARAMETRIC_REPRESENTATION_CONTEXT() REPRESENTATION_CONTEXT('2D SPACE',''
  ) );
#10774 = ORIENTED_EDGE('',*,*,#10682,.F.);
#10775 = ADVANCED_FACE('',(#10776),#5264,.T.);
#10776 = FACE_BOUND('',#10777,.T.);
#10777 = EDGE_LOOP('',(#10778,#10779,#10802,#10823));
#10778 = ORIENTED_EDGE('',*,*,#5249,.T.);
#10779 = ORIENTED_EDGE('',*,*,#10780,.T.);
#10780 = EDGE_CURVE('',#5224,#10781,#10783,.T.);
#10781 = VERTEX_POINT('',#10782);
#10782 = CARTESIAN_POINT('',(26.702607421875,3.8782734375,2.7));
#10783 = SURFACE_CURVE('',#10784,(#10788,#10795),.PCURVE_S1.);
#10784 = LINE('',#10785,#10786);
#10785 = CARTESIAN_POINT('',(26.702607421875,3.8782734375,1.45));
#10786 = VECTOR('',#10787,1.);
#10787 = DIRECTION('',(0.,0.,1.));
#10788 = PCURVE('',#5264,#10789);
#10789 = DEFINITIONAL_REPRESENTATION('',(#10790),#10794);
#10790 = LINE('',#10791,#10792);
#10791 = CARTESIAN_POINT('',(0.,-0.));
#10792 = VECTOR('',#10793,1.);
#10793 = DIRECTION('',(0.,-1.));
#10794 = ( GEOMETRIC_REPRESENTATION_CONTEXT(2) 
PARAMETRIC_REPRESENTATION_CONTEXT() REPRESENTATION_CONTEXT('2D SPACE',''
  ) );
#10795 = PCURVE('',#5238,#10796);
#10796 = DEFINITIONAL_REPRESENTATION('',(#10797),#10801);
#10797 = LINE('',#10798,#10799);
#10798 = CARTESIAN_POINT('',(1.0737890625,0.));
#10799 = VECTOR('',#10800,1.);
#10800 = DIRECTION('',(0.,-1.));
#10801 = ( GEOMETRIC_REPRESENTATION_CONTEXT(2) 
PARAMETRIC_REPRESENTATION_CONTEXT() REPRESENTATION_CONTEXT('2D SPACE',''
  ) );
#10802 = ORIENTED_EDGE('',*,*,#10803,.T.);
#10803 = EDGE_CURVE('',#10781,#10732,#10804,.T.);
#10804 = SURFACE_CURVE('',#10805,(#10809,#10816),.PCURVE_S1.);
#10805 = LINE('',#10806,#10807);
#10806 = CARTESIAN_POINT('',(26.702607421875,3.8782734375,2.7));
#10807 = VECTOR('',#10808,1.);
#10808 = DIRECTION('',(-1.,0.,0.));
#10809 = PCURVE('',#5264,#10810);
#10810 = DEFINITIONAL_REPRESENTATION('',(#10811),#10815);
#10811 = LINE('',#10812,#10813);
#10812 = CARTESIAN_POINT('',(0.,-1.25));
#10813 = VECTOR('',#10814,1.);
#10814 = DIRECTION('',(1.,0.));
#10815 = ( GEOMETRIC_REPRESENTATION_CONTEXT(2) 
PARAMETRIC_REPRESENTATION_CONTEXT() REPRESENTATION_CONTEXT('2D SPACE',''
  ) );
#10816 = PCURVE('',#10547,#10817);
#10817 = DEFINITIONAL_REPRESENTATION('',(#10818),#10822);
#10818 = LINE('',#10819,#10820);
#10819 = CARTESIAN_POINT('',(7.93972265625,8.35660546875));
#10820 = VECTOR('',#10821,1.);
#10821 = DIRECTION('',(-1.,0.));
#10822 = ( GEOMETRIC_REPRESENTATION_CONTEXT(2) 
PARAMETRIC_REPRESENTATION_CONTEXT() REPRESENTATION_CONTEXT('2D SPACE',''
  ) );
#10823 = ORIENTED_EDGE('',*,*,#10731,.F.);
#10824 = ADVANCED_FACE('',(#10825),#5238,.T.);
#10825 = FACE_BOUND('',#10826,.T.);
#10826 = EDGE_LOOP('',(#10827,#10828,#10851,#10872));
#10827 = ORIENTED_EDGE('',*,*,#5223,.T.);
#10828 = ORIENTED_EDGE('',*,*,#10829,.T.);
#10829 = EDGE_CURVE('',#5198,#10830,#10832,.T.);
#10830 = VERTEX_POINT('',#10831);
#10831 = CARTESIAN_POINT('',(26.702607421875,4.9520625,2.7));
#10832 = SURFACE_CURVE('',#10833,(#10837,#10844),.PCURVE_S1.);
#10833 = LINE('',#10834,#10835);
#10834 = CARTESIAN_POINT('',(26.702607421875,4.9520625,1.45));
#10835 = VECTOR('',#10836,1.);
#10836 = DIRECTION('',(0.,0.,1.));
#10837 = PCURVE('',#5238,#10838);
#10838 = DEFINITIONAL_REPRESENTATION('',(#10839),#10843);
#10839 = LINE('',#10840,#10841);
#10840 = CARTESIAN_POINT('',(0.,0.));
#10841 = VECTOR('',#10842,1.);
#10842 = DIRECTION('',(0.,-1.));
#10843 = ( GEOMETRIC_REPRESENTATION_CONTEXT(2) 
PARAMETRIC_REPRESENTATION_CONTEXT() REPRESENTATION_CONTEXT('2D SPACE',''
  ) );
#10844 = PCURVE('',#5212,#10845);
#10845 = DEFINITIONAL_REPRESENTATION('',(#10846),#10850);
#10846 = LINE('',#10847,#10848);
#10847 = CARTESIAN_POINT('',(7.97762109375,0.));
#10848 = VECTOR('',#10849,1.);
#10849 = DIRECTION('',(0.,-1.));
#10850 = ( GEOMETRIC_REPRESENTATION_CONTEXT(2) 
PARAMETRIC_REPRESENTATION_CONTEXT() REPRESENTATION_CONTEXT('2D SPACE',''
  ) );
#10851 = ORIENTED_EDGE('',*,*,#10852,.T.);
#10852 = EDGE_CURVE('',#10830,#10781,#10853,.T.);
#10853 = SURFACE_CURVE('',#10854,(#10858,#10865),.PCURVE_S1.);
#10854 = LINE('',#10855,#10856);
#10855 = CARTESIAN_POINT('',(26.702607421875,4.9520625,2.7));
#10856 = VECTOR('',#10857,1.);
#10857 = DIRECTION('',(0.,-1.,0.));
#10858 = PCURVE('',#5238,#10859);
#10859 = DEFINITIONAL_REPRESENTATION('',(#10860),#10864);
#10860 = LINE('',#10861,#10862);
#10861 = CARTESIAN_POINT('',(0.,-1.25));
#10862 = VECTOR('',#10863,1.);
#10863 = DIRECTION('',(1.,0.));
#10864 = ( GEOMETRIC_REPRESENTATION_CONTEXT(2) 
PARAMETRIC_REPRESENTATION_CONTEXT() REPRESENTATION_CONTEXT('2D SPACE',''
  ) );
#10865 = PCURVE('',#10547,#10866);
#10866 = DEFINITIONAL_REPRESENTATION('',(#10867),#10871);
#10867 = LINE('',#10868,#10869);
#10868 = CARTESIAN_POINT('',(7.93972265625,9.43039453125));
#10869 = VECTOR('',#10870,1.);
#10870 = DIRECTION('',(0.,-1.));
#10871 = ( GEOMETRIC_REPRESENTATION_CONTEXT(2) 
PARAMETRIC_REPRESENTATION_CONTEXT() REPRESENTATION_CONTEXT('2D SPACE',''
  ) );
#10872 = ORIENTED_EDGE('',*,*,#10780,.F.);
#10873 = ADVANCED_FACE('',(#10874),#5212,.T.);
#10874 = FACE_BOUND('',#10875,.T.);
#10875 = EDGE_LOOP('',(#10876,#10877,#10878,#10899));
#10876 = ORIENTED_EDGE('',*,*,#5197,.T.);
#10877 = ORIENTED_EDGE('',*,*,#10559,.T.);
#10878 = ORIENTED_EDGE('',*,*,#10879,.T.);
#10879 = EDGE_CURVE('',#10532,#10830,#10880,.T.);
#10880 = SURFACE_CURVE('',#10881,(#10885,#10892),.PCURVE_S1.);
#10881 = LINE('',#10882,#10883);
#10882 = CARTESIAN_POINT('',(18.724986328125,4.9520625,2.7));
#10883 = VECTOR('',#10884,1.);
#10884 = DIRECTION('',(1.,0.,0.));
#10885 = PCURVE('',#5212,#10886);
#10886 = DEFINITIONAL_REPRESENTATION('',(#10887),#10891);
#10887 = LINE('',#10888,#10889);
#10888 = CARTESIAN_POINT('',(0.,-1.25));
#10889 = VECTOR('',#10890,1.);
#10890 = DIRECTION('',(1.,0.));
#10891 = ( GEOMETRIC_REPRESENTATION_CONTEXT(2) 
PARAMETRIC_REPRESENTATION_CONTEXT() REPRESENTATION_CONTEXT('2D SPACE',''
  ) );
#10892 = PCURVE('',#10547,#10893);
#10893 = DEFINITIONAL_REPRESENTATION('',(#10894),#10898);
#10894 = LINE('',#10895,#10896);
#10895 = CARTESIAN_POINT('',(-3.78984375E-02,9.43039453125));
#10896 = VECTOR('',#10897,1.);
#10897 = DIRECTION('',(1.,0.));
#10898 = ( GEOMETRIC_REPRESENTATION_CONTEXT(2) 
PARAMETRIC_REPRESENTATION_CONTEXT() REPRESENTATION_CONTEXT('2D SPACE',''
  ) );
#10899 = ORIENTED_EDGE('',*,*,#10829,.F.);
#10900 = ADVANCED_FACE('',(#10901,#10912),#5764,.T.);
#10901 = FACE_BOUND('',#10902,.F.);
#10902 = EDGE_LOOP('',(#10903,#10904,#10905,#10906,#10907,#10908,#10909,
    #10910,#10911));
#10903 = ORIENTED_EDGE('',*,*,#5748,.T.);
#10904 = ORIENTED_EDGE('',*,*,#6145,.T.);
#10905 = ORIENTED_EDGE('',*,*,#6118,.T.);
#10906 = ORIENTED_EDGE('',*,*,#6069,.T.);
#10907 = ORIENTED_EDGE('',*,*,#6020,.T.);
#10908 = ORIENTED_EDGE('',*,*,#5971,.T.);
#10909 = ORIENTED_EDGE('',*,*,#5922,.T.);
#10910 = ORIENTED_EDGE('',*,*,#5873,.T.);
#10911 = ORIENTED_EDGE('',*,*,#5824,.T.);
#10912 = FACE_BOUND('',#10913,.F.);
#10913 = EDGE_LOOP('',(#10914,#10944,#10972,#11000,#11030,#11060,#11090)
  );
#10914 = ORIENTED_EDGE('',*,*,#10915,.T.);
#10915 = EDGE_CURVE('',#10916,#10918,#10920,.T.);
#10916 = VERTEX_POINT('',#10917);
#10917 = CARTESIAN_POINT('',(-22.28743945312,3.9035390625,2.7));
#10918 = VERTEX_POINT('',#10919);
#10919 = CARTESIAN_POINT('',(-23.89180664062,3.9035390625,2.7));
#10920 = SURFACE_CURVE('',#10921,(#10925,#10932),.PCURVE_S1.);
#10921 = LINE('',#10922,#10923);
#10922 = CARTESIAN_POINT('',(-22.28743945312,3.9035390625,2.7));
#10923 = VECTOR('',#10924,1.);
#10924 = DIRECTION('',(-1.,0.,0.));
#10925 = PCURVE('',#5764,#10926);
#10926 = DEFINITIONAL_REPRESENTATION('',(#10927),#10931);
#10927 = LINE('',#10928,#10929);
#10928 = CARTESIAN_POINT('',(4.14987890625,8.38187109375));
#10929 = VECTOR('',#10930,1.);
#10930 = DIRECTION('',(-1.,0.));
#10931 = ( GEOMETRIC_REPRESENTATION_CONTEXT(2) 
PARAMETRIC_REPRESENTATION_CONTEXT() REPRESENTATION_CONTEXT('2D SPACE',''
  ) );
#10932 = PCURVE('',#10933,#10938);
#10933 = PLANE('',#10934);
#10934 = AXIS2_PLACEMENT_3D('',#10935,#10936,#10937);
#10935 = CARTESIAN_POINT('',(-22.28743945312,3.9035390625,1.45));
#10936 = DIRECTION('',(0.,-1.,0.));
#10937 = DIRECTION('',(-1.,0.,0.));
#10938 = DEFINITIONAL_REPRESENTATION('',(#10939),#10943);
#10939 = LINE('',#10940,#10941);
#10940 = CARTESIAN_POINT('',(0.,-1.25));
#10941 = VECTOR('',#10942,1.);
#10942 = DIRECTION('',(1.,0.));
#10943 = ( GEOMETRIC_REPRESENTATION_CONTEXT(2) 
PARAMETRIC_REPRESENTATION_CONTEXT() REPRESENTATION_CONTEXT('2D SPACE',''
  ) );
#10944 = ORIENTED_EDGE('',*,*,#10945,.T.);
#10945 = EDGE_CURVE('',#10918,#10946,#10948,.T.);
#10946 = VERTEX_POINT('',#10947);
#10947 = CARTESIAN_POINT('',(-23.89180664062,0.36003515625,2.7));
#10948 = SURFACE_CURVE('',#10949,(#10953,#10960),.PCURVE_S1.);
#10949 = LINE('',#10950,#10951);
#10950 = CARTESIAN_POINT('',(-23.89180664062,3.9035390625,2.7));
#10951 = VECTOR('',#10952,1.);
#10952 = DIRECTION('',(0.,-1.,0.));
#10953 = PCURVE('',#5764,#10954);
#10954 = DEFINITIONAL_REPRESENTATION('',(#10955),#10959);
#10955 = LINE('',#10956,#10957);
#10956 = CARTESIAN_POINT('',(2.54551171875,8.38187109375));
#10957 = VECTOR('',#10958,1.);
#10958 = DIRECTION('',(0.,-1.));
#10959 = ( GEOMETRIC_REPRESENTATION_CONTEXT(2) 
PARAMETRIC_REPRESENTATION_CONTEXT() REPRESENTATION_CONTEXT('2D SPACE',''
  ) );
#10960 = PCURVE('',#10961,#10966);
#10961 = PLANE('',#10962);
#10962 = AXIS2_PLACEMENT_3D('',#10963,#10964,#10965);
#10963 = CARTESIAN_POINT('',(-23.89180664062,3.9035390625,1.45));
#10964 = DIRECTION('',(1.,0.,0.));
#10965 = DIRECTION('',(0.,-1.,0.));
#10966 = DEFINITIONAL_REPRESENTATION('',(#10967),#10971);
#10967 = LINE('',#10968,#10969);
#10968 = CARTESIAN_POINT('',(0.,-1.25));
#10969 = VECTOR('',#10970,1.);
#10970 = DIRECTION('',(1.,0.));
#10971 = ( GEOMETRIC_REPRESENTATION_CONTEXT(2) 
PARAMETRIC_REPRESENTATION_CONTEXT() REPRESENTATION_CONTEXT('2D SPACE',''
  ) );
#10972 = ORIENTED_EDGE('',*,*,#10973,.T.);
#10973 = EDGE_CURVE('',#10946,#10974,#10976,.T.);
#10974 = VERTEX_POINT('',#10975);
#10975 = CARTESIAN_POINT('',(-22.28743945312,0.36003515625,2.7));
#10976 = SURFACE_CURVE('',#10977,(#10981,#10988),.PCURVE_S1.);
#10977 = LINE('',#10978,#10979);
#10978 = CARTESIAN_POINT('',(-23.89180664062,0.36003515625,2.7));
#10979 = VECTOR('',#10980,1.);
#10980 = DIRECTION('',(1.,0.,0.));
#10981 = PCURVE('',#5764,#10982);
#10982 = DEFINITIONAL_REPRESENTATION('',(#10983),#10987);
#10983 = LINE('',#10984,#10985);
#10984 = CARTESIAN_POINT('',(2.54551171875,4.8383671875));
#10985 = VECTOR('',#10986,1.);
#10986 = DIRECTION('',(1.,0.));
#10987 = ( GEOMETRIC_REPRESENTATION_CONTEXT(2) 
PARAMETRIC_REPRESENTATION_CONTEXT() REPRESENTATION_CONTEXT('2D SPACE',''
  ) );
#10988 = PCURVE('',#10989,#10994);
#10989 = PLANE('',#10990);
#10990 = AXIS2_PLACEMENT_3D('',#10991,#10992,#10993);
#10991 = CARTESIAN_POINT('',(-23.89180664062,0.36003515625,1.45));
#10992 = DIRECTION('',(0.,1.,0.));
#10993 = DIRECTION('',(1.,0.,0.));
#10994 = DEFINITIONAL_REPRESENTATION('',(#10995),#10999);
#10995 = LINE('',#10996,#10997);
#10996 = CARTESIAN_POINT('',(0.,-1.25));
#10997 = VECTOR('',#10998,1.);
#10998 = DIRECTION('',(1.,0.));
#10999 = ( GEOMETRIC_REPRESENTATION_CONTEXT(2) 
PARAMETRIC_REPRESENTATION_CONTEXT() REPRESENTATION_CONTEXT('2D SPACE',''
  ) );
#11000 = ORIENTED_EDGE('',*,*,#11001,.T.);
#11001 = EDGE_CURVE('',#10974,#11002,#11004,.T.);
#11002 = VERTEX_POINT('',#11003);
#11003 = CARTESIAN_POINT('',(-20.91046289062,0.8211328125,2.7));
#11004 = SURFACE_CURVE('',#11005,(#11009,#11016),.PCURVE_S1.);
#11005 = B_SPLINE_CURVE_WITH_KNOTS('',2,(#11006,#11007,#11008),
  .UNSPECIFIED.,.F.,.F.,(3,3),(0.,1.),.PIECEWISE_BEZIER_KNOTS.);
#11006 = CARTESIAN_POINT('',(-22.28743945312,0.36003515625,2.7));
#11007 = CARTESIAN_POINT('',(-21.39682617187,0.36003515625,2.7));
#11008 = CARTESIAN_POINT('',(-20.91046289062,0.8211328125,2.7));
#11009 = PCURVE('',#5764,#11010);
#11010 = DEFINITIONAL_REPRESENTATION('',(#11011),#11015);
#11011 = B_SPLINE_CURVE_WITH_KNOTS('',2,(#11012,#11013,#11014),
  .UNSPECIFIED.,.F.,.F.,(3,3),(0.,1.),.PIECEWISE_BEZIER_KNOTS.);
#11012 = CARTESIAN_POINT('',(4.14987890625,4.8383671875));
#11013 = CARTESIAN_POINT('',(5.0404921875,4.8383671875));
#11014 = CARTESIAN_POINT('',(5.52685546875,5.29946484375));
#11015 = ( GEOMETRIC_REPRESENTATION_CONTEXT(2) 
PARAMETRIC_REPRESENTATION_CONTEXT() REPRESENTATION_CONTEXT('2D SPACE',''
  ) );
#11016 = PCURVE('',#11017,#11024);
#11017 = SURFACE_OF_LINEAR_EXTRUSION('',#11018,#11022);
#11018 = B_SPLINE_CURVE_WITH_KNOTS('',2,(#11019,#11020,#11021),
  .UNSPECIFIED.,.F.,.F.,(3,3),(0.,1.),.PIECEWISE_BEZIER_KNOTS.);
#11019 = CARTESIAN_POINT('',(-22.28743945312,0.36003515625,1.45));
#11020 = CARTESIAN_POINT('',(-21.39682617187,0.36003515625,1.45));
#11021 = CARTESIAN_POINT('',(-20.91046289062,0.8211328125,1.45));
#11022 = VECTOR('',#11023,1.);
#11023 = DIRECTION('',(-0.,-0.,-1.));
#11024 = DEFINITIONAL_REPRESENTATION('',(#11025),#11029);
#11025 = LINE('',#11026,#11027);
#11026 = CARTESIAN_POINT('',(0.,-1.25));
#11027 = VECTOR('',#11028,1.);
#11028 = DIRECTION('',(1.,0.));
#11029 = ( GEOMETRIC_REPRESENTATION_CONTEXT(2) 
PARAMETRIC_REPRESENTATION_CONTEXT() REPRESENTATION_CONTEXT('2D SPACE',''
  ) );
#11030 = ORIENTED_EDGE('',*,*,#11031,.T.);
#11031 = EDGE_CURVE('',#11002,#11032,#11034,.T.);
#11032 = VERTEX_POINT('',#11033);
#11033 = CARTESIAN_POINT('',(-20.42409960937,2.1349453125,2.7));
#11034 = SURFACE_CURVE('',#11035,(#11039,#11046),.PCURVE_S1.);
#11035 = B_SPLINE_CURVE_WITH_KNOTS('',2,(#11036,#11037,#11038),
  .UNSPECIFIED.,.F.,.F.,(3,3),(0.,1.),.PIECEWISE_BEZIER_KNOTS.);
#11036 = CARTESIAN_POINT('',(-20.91046289062,0.8211328125,2.7));
#11037 = CARTESIAN_POINT('',(-20.42409960937,1.28223046875,2.7));
#11038 = CARTESIAN_POINT('',(-20.42409960937,2.1349453125,2.7));
#11039 = PCURVE('',#5764,#11040);
#11040 = DEFINITIONAL_REPRESENTATION('',(#11041),#11045);
#11041 = B_SPLINE_CURVE_WITH_KNOTS('',2,(#11042,#11043,#11044),
  .UNSPECIFIED.,.F.,.F.,(3,3),(0.,1.),.PIECEWISE_BEZIER_KNOTS.);
#11042 = CARTESIAN_POINT('',(5.52685546875,5.29946484375));
#11043 = CARTESIAN_POINT('',(6.01321875,5.7605625));
#11044 = CARTESIAN_POINT('',(6.01321875,6.61327734375));
#11045 = ( GEOMETRIC_REPRESENTATION_CONTEXT(2) 
PARAMETRIC_REPRESENTATION_CONTEXT() REPRESENTATION_CONTEXT('2D SPACE',''
  ) );
#11046 = PCURVE('',#11047,#11054);
#11047 = SURFACE_OF_LINEAR_EXTRUSION('',#11048,#11052);
#11048 = B_SPLINE_CURVE_WITH_KNOTS('',2,(#11049,#11050,#11051),
  .UNSPECIFIED.,.F.,.F.,(3,3),(0.,1.),.PIECEWISE_BEZIER_KNOTS.);
#11049 = CARTESIAN_POINT('',(-20.91046289062,0.8211328125,1.45));
#11050 = CARTESIAN_POINT('',(-20.42409960937,1.28223046875,1.45));
#11051 = CARTESIAN_POINT('',(-20.42409960937,2.1349453125,1.45));
#11052 = VECTOR('',#11053,1.);
#11053 = DIRECTION('',(-0.,-0.,-1.));
#11054 = DEFINITIONAL_REPRESENTATION('',(#11055),#11059);
#11055 = LINE('',#11056,#11057);
#11056 = CARTESIAN_POINT('',(0.,-1.25));
#11057 = VECTOR('',#11058,1.);
#11058 = DIRECTION('',(1.,0.));
#11059 = ( GEOMETRIC_REPRESENTATION_CONTEXT(2) 
PARAMETRIC_REPRESENTATION_CONTEXT() REPRESENTATION_CONTEXT('2D SPACE',''
  ) );
#11060 = ORIENTED_EDGE('',*,*,#11061,.T.);
#11061 = EDGE_CURVE('',#11032,#11062,#11064,.T.);
#11062 = VERTEX_POINT('',#11063);
#11063 = CARTESIAN_POINT('',(-20.91046289062,3.44244140625,2.7));
#11064 = SURFACE_CURVE('',#11065,(#11069,#11076),.PCURVE_S1.);
#11065 = B_SPLINE_CURVE_WITH_KNOTS('',2,(#11066,#11067,#11068),
  .UNSPECIFIED.,.F.,.F.,(3,3),(0.,1.),.PIECEWISE_BEZIER_KNOTS.);
#11066 = CARTESIAN_POINT('',(-20.42409960937,2.1349453125,2.7));
#11067 = CARTESIAN_POINT('',(-20.42409960937,2.98134375,2.7));
#11068 = CARTESIAN_POINT('',(-20.91046289062,3.44244140625,2.7));
#11069 = PCURVE('',#5764,#11070);
#11070 = DEFINITIONAL_REPRESENTATION('',(#11071),#11075);
#11071 = B_SPLINE_CURVE_WITH_KNOTS('',2,(#11072,#11073,#11074),
  .UNSPECIFIED.,.F.,.F.,(3,3),(0.,1.),.PIECEWISE_BEZIER_KNOTS.);
#11072 = CARTESIAN_POINT('',(6.01321875,6.61327734375));
#11073 = CARTESIAN_POINT('',(6.01321875,7.45967578125));
#11074 = CARTESIAN_POINT('',(5.52685546875,7.9207734375));
#11075 = ( GEOMETRIC_REPRESENTATION_CONTEXT(2) 
PARAMETRIC_REPRESENTATION_CONTEXT() REPRESENTATION_CONTEXT('2D SPACE',''
  ) );
#11076 = PCURVE('',#11077,#11084);
#11077 = SURFACE_OF_LINEAR_EXTRUSION('',#11078,#11082);
#11078 = B_SPLINE_CURVE_WITH_KNOTS('',2,(#11079,#11080,#11081),
  .UNSPECIFIED.,.F.,.F.,(3,3),(0.,1.),.PIECEWISE_BEZIER_KNOTS.);
#11079 = CARTESIAN_POINT('',(-20.42409960937,2.1349453125,1.45));
#11080 = CARTESIAN_POINT('',(-20.42409960937,2.98134375,1.45));
#11081 = CARTESIAN_POINT('',(-20.91046289062,3.44244140625,1.45));
#11082 = VECTOR('',#11083,1.);
#11083 = DIRECTION('',(-0.,-0.,-1.));
#11084 = DEFINITIONAL_REPRESENTATION('',(#11085),#11089);
#11085 = LINE('',#11086,#11087);
#11086 = CARTESIAN_POINT('',(0.,-1.25));
#11087 = VECTOR('',#11088,1.);
#11088 = DIRECTION('',(1.,0.));
#11089 = ( GEOMETRIC_REPRESENTATION_CONTEXT(2) 
PARAMETRIC_REPRESENTATION_CONTEXT() REPRESENTATION_CONTEXT('2D SPACE',''
  ) );
#11090 = ORIENTED_EDGE('',*,*,#11091,.T.);
#11091 = EDGE_CURVE('',#11062,#10916,#11092,.T.);
#11092 = SURFACE_CURVE('',#11093,(#11097,#11104),.PCURVE_S1.);
#11093 = B_SPLINE_CURVE_WITH_KNOTS('',2,(#11094,#11095,#11096),
  .UNSPECIFIED.,.F.,.F.,(3,3),(0.,1.),.PIECEWISE_BEZIER_KNOTS.);
#11094 = CARTESIAN_POINT('',(-20.91046289062,3.44244140625,2.7));
#11095 = CARTESIAN_POINT('',(-21.39682617187,3.9035390625,2.7));
#11096 = CARTESIAN_POINT('',(-22.28743945312,3.9035390625,2.7));
#11097 = PCURVE('',#5764,#11098);
#11098 = DEFINITIONAL_REPRESENTATION('',(#11099),#11103);
#11099 = B_SPLINE_CURVE_WITH_KNOTS('',2,(#11100,#11101,#11102),
  .UNSPECIFIED.,.F.,.F.,(3,3),(0.,1.),.PIECEWISE_BEZIER_KNOTS.);
#11100 = CARTESIAN_POINT('',(5.52685546875,7.9207734375));
#11101 = CARTESIAN_POINT('',(5.0404921875,8.38187109375));
#11102 = CARTESIAN_POINT('',(4.14987890625,8.38187109375));
#11103 = ( GEOMETRIC_REPRESENTATION_CONTEXT(2) 
PARAMETRIC_REPRESENTATION_CONTEXT() REPRESENTATION_CONTEXT('2D SPACE',''
  ) );
#11104 = PCURVE('',#11105,#11112);
#11105 = SURFACE_OF_LINEAR_EXTRUSION('',#11106,#11110);
#11106 = B_SPLINE_CURVE_WITH_KNOTS('',2,(#11107,#11108,#11109),
  .UNSPECIFIED.,.F.,.F.,(3,3),(0.,1.),.PIECEWISE_BEZIER_KNOTS.);
#11107 = CARTESIAN_POINT('',(-20.91046289062,3.44244140625,1.45));
#11108 = CARTESIAN_POINT('',(-21.39682617187,3.9035390625,1.45));
#11109 = CARTESIAN_POINT('',(-22.28743945312,3.9035390625,1.45));
#11110 = VECTOR('',#11111,1.);
#11111 = DIRECTION('',(-0.,-0.,-1.));
#11112 = DEFINITIONAL_REPRESENTATION('',(#11113),#11117);
#11113 = LINE('',#11114,#11115);
#11114 = CARTESIAN_POINT('',(0.,-1.25));
#11115 = VECTOR('',#11116,1.);
#11116 = DIRECTION('',(1.,0.));
#11117 = ( GEOMETRIC_REPRESENTATION_CONTEXT(2) 
PARAMETRIC_REPRESENTATION_CONTEXT() REPRESENTATION_CONTEXT('2D SPACE',''
  ) );
#11118 = ADVANCED_FACE('',(#11119),#6210,.T.);
#11119 = FACE_BOUND('',#11120,.F.);
#11120 = EDGE_LOOP('',(#11121,#11122,#11123,#11124,#11125,#11126,#11127,
    #11128,#11129,#11130,#11131,#11132));
#11121 = ORIENTED_EDGE('',*,*,#6194,.T.);
#11122 = ORIENTED_EDGE('',*,*,#6738,.T.);
#11123 = ORIENTED_EDGE('',*,*,#6711,.T.);
#11124 = ORIENTED_EDGE('',*,*,#6662,.T.);
#11125 = ORIENTED_EDGE('',*,*,#6613,.T.);
#11126 = ORIENTED_EDGE('',*,*,#6564,.T.);
#11127 = ORIENTED_EDGE('',*,*,#6515,.T.);
#11128 = ORIENTED_EDGE('',*,*,#6466,.T.);
#11129 = ORIENTED_EDGE('',*,*,#6417,.T.);
#11130 = ORIENTED_EDGE('',*,*,#6368,.T.);
#11131 = ORIENTED_EDGE('',*,*,#6319,.T.);
#11132 = ORIENTED_EDGE('',*,*,#6270,.T.);
#11133 = ADVANCED_FACE('',(#11134,#11152),#6803,.T.);
#11134 = FACE_BOUND('',#11135,.F.);
#11135 = EDGE_LOOP('',(#11136,#11137,#11138,#11139,#11140,#11141,#11142,
    #11143,#11144,#11145,#11146,#11147,#11148,#11149,#11150,#11151));
#11136 = ORIENTED_EDGE('',*,*,#6787,.T.);
#11137 = ORIENTED_EDGE('',*,*,#7527,.T.);
#11138 = ORIENTED_EDGE('',*,*,#7500,.T.);
#11139 = ORIENTED_EDGE('',*,*,#7451,.T.);
#11140 = ORIENTED_EDGE('',*,*,#7402,.T.);
#11141 = ORIENTED_EDGE('',*,*,#7353,.T.);
#11142 = ORIENTED_EDGE('',*,*,#7304,.T.);
#11143 = ORIENTED_EDGE('',*,*,#7255,.T.);
#11144 = ORIENTED_EDGE('',*,*,#7206,.T.);
#11145 = ORIENTED_EDGE('',*,*,#7157,.T.);
#11146 = ORIENTED_EDGE('',*,*,#7108,.T.);
#11147 = ORIENTED_EDGE('',*,*,#7059,.T.);
#11148 = ORIENTED_EDGE('',*,*,#7010,.T.);
#11149 = ORIENTED_EDGE('',*,*,#6961,.T.);
#11150 = ORIENTED_EDGE('',*,*,#6912,.T.);
#11151 = ORIENTED_EDGE('',*,*,#6863,.T.);
#11152 = FACE_BOUND('',#11153,.F.);
#11153 = EDGE_LOOP('',(#11154,#11184,#11212,#11240,#11270,#11300,#11330)
  );
#11154 = ORIENTED_EDGE('',*,*,#11155,.T.);
#11155 = EDGE_CURVE('',#11156,#11158,#11160,.T.);
#11156 = VERTEX_POINT('',#11157);
#11157 = CARTESIAN_POINT('',(-6.313248046875,3.9035390625,2.7));
#11158 = VERTEX_POINT('',#11159);
#11159 = CARTESIAN_POINT('',(-7.917615234375,3.9035390625,2.7));
#11160 = SURFACE_CURVE('',#11161,(#11165,#11172),.PCURVE_S1.);
#11161 = LINE('',#11162,#11163);
#11162 = CARTESIAN_POINT('',(-6.313248046875,3.9035390625,2.7));
#11163 = VECTOR('',#11164,1.);
#11164 = DIRECTION('',(-1.,0.,0.));
#11165 = PCURVE('',#6803,#11166);
#11166 = DEFINITIONAL_REPRESENTATION('',(#11167),#11171);
#11167 = LINE('',#11168,#11169);
#11168 = CARTESIAN_POINT('',(4.14987890625,8.38187109375));
#11169 = VECTOR('',#11170,1.);
#11170 = DIRECTION('',(-1.,0.));
#11171 = ( GEOMETRIC_REPRESENTATION_CONTEXT(2) 
PARAMETRIC_REPRESENTATION_CONTEXT() REPRESENTATION_CONTEXT('2D SPACE',''
  ) );
#11172 = PCURVE('',#11173,#11178);
#11173 = PLANE('',#11174);
#11174 = AXIS2_PLACEMENT_3D('',#11175,#11176,#11177);
#11175 = CARTESIAN_POINT('',(-6.313248046875,3.9035390625,1.45));
#11176 = DIRECTION('',(0.,-1.,0.));
#11177 = DIRECTION('',(-1.,0.,0.));
#11178 = DEFINITIONAL_REPRESENTATION('',(#11179),#11183);
#11179 = LINE('',#11180,#11181);
#11180 = CARTESIAN_POINT('',(0.,-1.25));
#11181 = VECTOR('',#11182,1.);
#11182 = DIRECTION('',(1.,0.));
#11183 = ( GEOMETRIC_REPRESENTATION_CONTEXT(2) 
PARAMETRIC_REPRESENTATION_CONTEXT() REPRESENTATION_CONTEXT('2D SPACE',''
  ) );
#11184 = ORIENTED_EDGE('',*,*,#11185,.T.);
#11185 = EDGE_CURVE('',#11158,#11186,#11188,.T.);
#11186 = VERTEX_POINT('',#11187);
#11187 = CARTESIAN_POINT('',(-7.917615234375,0.55584375,2.7));
#11188 = SURFACE_CURVE('',#11189,(#11193,#11200),.PCURVE_S1.);
#11189 = LINE('',#11190,#11191);
#11190 = CARTESIAN_POINT('',(-7.917615234375,3.9035390625,2.7));
#11191 = VECTOR('',#11192,1.);
#11192 = DIRECTION('',(0.,-1.,0.));
#11193 = PCURVE('',#6803,#11194);
#11194 = DEFINITIONAL_REPRESENTATION('',(#11195),#11199);
#11195 = LINE('',#11196,#11197);
#11196 = CARTESIAN_POINT('',(2.54551171875,8.38187109375));
#11197 = VECTOR('',#11198,1.);
#11198 = DIRECTION('',(0.,-1.));
#11199 = ( GEOMETRIC_REPRESENTATION_CONTEXT(2) 
PARAMETRIC_REPRESENTATION_CONTEXT() REPRESENTATION_CONTEXT('2D SPACE',''
  ) );
#11200 = PCURVE('',#11201,#11206);
#11201 = PLANE('',#11202);
#11202 = AXIS2_PLACEMENT_3D('',#11203,#11204,#11205);
#11203 = CARTESIAN_POINT('',(-7.917615234375,3.9035390625,1.45));
#11204 = DIRECTION('',(1.,0.,0.));
#11205 = DIRECTION('',(0.,-1.,0.));
#11206 = DEFINITIONAL_REPRESENTATION('',(#11207),#11211);
#11207 = LINE('',#11208,#11209);
#11208 = CARTESIAN_POINT('',(0.,-1.25));
#11209 = VECTOR('',#11210,1.);
#11210 = DIRECTION('',(1.,0.));
#11211 = ( GEOMETRIC_REPRESENTATION_CONTEXT(2) 
PARAMETRIC_REPRESENTATION_CONTEXT() REPRESENTATION_CONTEXT('2D SPACE',''
  ) );
#11212 = ORIENTED_EDGE('',*,*,#11213,.T.);
#11213 = EDGE_CURVE('',#11186,#11214,#11216,.T.);
#11214 = VERTEX_POINT('',#11215);
#11215 = CARTESIAN_POINT('',(-6.313248046875,0.55584375,2.7));
#11216 = SURFACE_CURVE('',#11217,(#11221,#11228),.PCURVE_S1.);
#11217 = LINE('',#11218,#11219);
#11218 = CARTESIAN_POINT('',(-7.917615234375,0.55584375,2.7));
#11219 = VECTOR('',#11220,1.);
#11220 = DIRECTION('',(1.,0.,0.));
#11221 = PCURVE('',#6803,#11222);
#11222 = DEFINITIONAL_REPRESENTATION('',(#11223),#11227);
#11223 = LINE('',#11224,#11225);
#11224 = CARTESIAN_POINT('',(2.54551171875,5.03417578125));
#11225 = VECTOR('',#11226,1.);
#11226 = DIRECTION('',(1.,0.));
#11227 = ( GEOMETRIC_REPRESENTATION_CONTEXT(2) 
PARAMETRIC_REPRESENTATION_CONTEXT() REPRESENTATION_CONTEXT('2D SPACE',''
  ) );
#11228 = PCURVE('',#11229,#11234);
#11229 = PLANE('',#11230);
#11230 = AXIS2_PLACEMENT_3D('',#11231,#11232,#11233);
#11231 = CARTESIAN_POINT('',(-7.917615234375,0.55584375,1.45));
#11232 = DIRECTION('',(0.,1.,0.));
#11233 = DIRECTION('',(1.,0.,0.));
#11234 = DEFINITIONAL_REPRESENTATION('',(#11235),#11239);
#11235 = LINE('',#11236,#11237);
#11236 = CARTESIAN_POINT('',(0.,-1.25));
#11237 = VECTOR('',#11238,1.);
#11238 = DIRECTION('',(1.,0.));
#11239 = ( GEOMETRIC_REPRESENTATION_CONTEXT(2) 
PARAMETRIC_REPRESENTATION_CONTEXT() REPRESENTATION_CONTEXT('2D SPACE',''
  ) );
#11240 = ORIENTED_EDGE('',*,*,#11241,.T.);
#11241 = EDGE_CURVE('',#11214,#11242,#11244,.T.);
#11242 = VERTEX_POINT('',#11243);
#11243 = CARTESIAN_POINT('',(-4.92048046875,0.982201171875,2.7));
#11244 = SURFACE_CURVE('',#11245,(#11249,#11256),.PCURVE_S1.);
#11245 = B_SPLINE_CURVE_WITH_KNOTS('',2,(#11246,#11247,#11248),
  .UNSPECIFIED.,.F.,.F.,(3,3),(0.,1.),.PIECEWISE_BEZIER_KNOTS.);
#11246 = CARTESIAN_POINT('',(-6.313248046875,0.55584375,2.7));
#11247 = CARTESIAN_POINT('',(-5.391052734375,0.55584375,2.7));
#11248 = CARTESIAN_POINT('',(-4.92048046875,0.982201171875,2.7));
#11249 = PCURVE('',#6803,#11250);
#11250 = DEFINITIONAL_REPRESENTATION('',(#11251),#11255);
#11251 = B_SPLINE_CURVE_WITH_KNOTS('',2,(#11252,#11253,#11254),
  .UNSPECIFIED.,.F.,.F.,(3,3),(0.,1.),.PIECEWISE_BEZIER_KNOTS.);
#11252 = CARTESIAN_POINT('',(4.14987890625,5.03417578125));
#11253 = CARTESIAN_POINT('',(5.07207421875,5.03417578125));
#11254 = CARTESIAN_POINT('',(5.542646484375,5.460533203125));
#11255 = ( GEOMETRIC_REPRESENTATION_CONTEXT(2) 
PARAMETRIC_REPRESENTATION_CONTEXT() REPRESENTATION_CONTEXT('2D SPACE',''
  ) );
#11256 = PCURVE('',#11257,#11264);
#11257 = SURFACE_OF_LINEAR_EXTRUSION('',#11258,#11262);
#11258 = B_SPLINE_CURVE_WITH_KNOTS('',2,(#11259,#11260,#11261),
  .UNSPECIFIED.,.F.,.F.,(3,3),(0.,1.),.PIECEWISE_BEZIER_KNOTS.);
#11259 = CARTESIAN_POINT('',(-6.313248046875,0.55584375,1.45));
#11260 = CARTESIAN_POINT('',(-5.391052734375,0.55584375,1.45));
#11261 = CARTESIAN_POINT('',(-4.92048046875,0.982201171875,1.45));
#11262 = VECTOR('',#11263,1.);
#11263 = DIRECTION('',(-0.,-0.,-1.));
#11264 = DEFINITIONAL_REPRESENTATION('',(#11265),#11269);
#11265 = LINE('',#11266,#11267);
#11266 = CARTESIAN_POINT('',(0.,-1.25));
#11267 = VECTOR('',#11268,1.);
#11268 = DIRECTION('',(1.,0.));
#11269 = ( GEOMETRIC_REPRESENTATION_CONTEXT(2) 
PARAMETRIC_REPRESENTATION_CONTEXT() REPRESENTATION_CONTEXT('2D SPACE',''
  ) );
#11270 = ORIENTED_EDGE('',*,*,#11271,.T.);
#11271 = EDGE_CURVE('',#11242,#11272,#11274,.T.);
#11272 = VERTEX_POINT('',#11273);
#11273 = CARTESIAN_POINT('',(-4.449908203125,2.2360078125,2.7));
#11274 = SURFACE_CURVE('',#11275,(#11279,#11286),.PCURVE_S1.);
#11275 = B_SPLINE_CURVE_WITH_KNOTS('',2,(#11276,#11277,#11278),
  .UNSPECIFIED.,.F.,.F.,(3,3),(0.,1.),.PIECEWISE_BEZIER_KNOTS.);
#11276 = CARTESIAN_POINT('',(-4.92048046875,0.982201171875,2.7));
#11277 = CARTESIAN_POINT('',(-4.449908203125,1.40855859375,2.7));
#11278 = CARTESIAN_POINT('',(-4.449908203125,2.2360078125,2.7));
#11279 = PCURVE('',#6803,#11280);
#11280 = DEFINITIONAL_REPRESENTATION('',(#11281),#11285);
#11281 = B_SPLINE_CURVE_WITH_KNOTS('',2,(#11282,#11283,#11284),
  .UNSPECIFIED.,.F.,.F.,(3,3),(0.,1.),.PIECEWISE_BEZIER_KNOTS.);
#11282 = CARTESIAN_POINT('',(5.542646484375,5.460533203125));
#11283 = CARTESIAN_POINT('',(6.01321875,5.886890625));
#11284 = CARTESIAN_POINT('',(6.01321875,6.71433984375));
#11285 = ( GEOMETRIC_REPRESENTATION_CONTEXT(2) 
PARAMETRIC_REPRESENTATION_CONTEXT() REPRESENTATION_CONTEXT('2D SPACE',''
  ) );
#11286 = PCURVE('',#11287,#11294);
#11287 = SURFACE_OF_LINEAR_EXTRUSION('',#11288,#11292);
#11288 = B_SPLINE_CURVE_WITH_KNOTS('',2,(#11289,#11290,#11291),
  .UNSPECIFIED.,.F.,.F.,(3,3),(0.,1.),.PIECEWISE_BEZIER_KNOTS.);
#11289 = CARTESIAN_POINT('',(-4.92048046875,0.982201171875,1.45));
#11290 = CARTESIAN_POINT('',(-4.449908203125,1.40855859375,1.45));
#11291 = CARTESIAN_POINT('',(-4.449908203125,2.2360078125,1.45));
#11292 = VECTOR('',#11293,1.);
#11293 = DIRECTION('',(-0.,-0.,-1.));
#11294 = DEFINITIONAL_REPRESENTATION('',(#11295),#11299);
#11295 = LINE('',#11296,#11297);
#11296 = CARTESIAN_POINT('',(0.,-1.25));
#11297 = VECTOR('',#11298,1.);
#11298 = DIRECTION('',(1.,0.));
#11299 = ( GEOMETRIC_REPRESENTATION_CONTEXT(2) 
PARAMETRIC_REPRESENTATION_CONTEXT() REPRESENTATION_CONTEXT('2D SPACE',''
  ) );
#11300 = ORIENTED_EDGE('',*,*,#11301,.T.);
#11301 = EDGE_CURVE('',#11272,#11302,#11304,.T.);
#11302 = VERTEX_POINT('',#11303);
#11303 = CARTESIAN_POINT('',(-4.92048046875,3.483498046875,2.7));
#11304 = SURFACE_CURVE('',#11305,(#11309,#11316),.PCURVE_S1.);
#11305 = B_SPLINE_CURVE_WITH_KNOTS('',2,(#11306,#11307,#11308),
  .UNSPECIFIED.,.F.,.F.,(3,3),(0.,1.),.PIECEWISE_BEZIER_KNOTS.);
#11306 = CARTESIAN_POINT('',(-4.449908203125,2.2360078125,2.7));
#11307 = CARTESIAN_POINT('',(-4.449908203125,3.06345703125,2.7));
#11308 = CARTESIAN_POINT('',(-4.92048046875,3.483498046875,2.7));
#11309 = PCURVE('',#6803,#11310);
#11310 = DEFINITIONAL_REPRESENTATION('',(#11311),#11315);
#11311 = B_SPLINE_CURVE_WITH_KNOTS('',2,(#11312,#11313,#11314),
  .UNSPECIFIED.,.F.,.F.,(3,3),(0.,1.),.PIECEWISE_BEZIER_KNOTS.);
#11312 = CARTESIAN_POINT('',(6.01321875,6.71433984375));
#11313 = CARTESIAN_POINT('',(6.01321875,7.5417890625));
#11314 = CARTESIAN_POINT('',(5.542646484375,7.961830078125));
#11315 = ( GEOMETRIC_REPRESENTATION_CONTEXT(2) 
PARAMETRIC_REPRESENTATION_CONTEXT() REPRESENTATION_CONTEXT('2D SPACE',''
  ) );
#11316 = PCURVE('',#11317,#11324);
#11317 = SURFACE_OF_LINEAR_EXTRUSION('',#11318,#11322);
#11318 = B_SPLINE_CURVE_WITH_KNOTS('',2,(#11319,#11320,#11321),
  .UNSPECIFIED.,.F.,.F.,(3,3),(0.,1.),.PIECEWISE_BEZIER_KNOTS.);
#11319 = CARTESIAN_POINT('',(-4.449908203125,2.2360078125,1.45));
#11320 = CARTESIAN_POINT('',(-4.449908203125,3.06345703125,1.45));
#11321 = CARTESIAN_POINT('',(-4.92048046875,3.483498046875,1.45));
#11322 = VECTOR('',#11323,1.);
#11323 = DIRECTION('',(-0.,-0.,-1.));
#11324 = DEFINITIONAL_REPRESENTATION('',(#11325),#11329);
#11325 = LINE('',#11326,#11327);
#11326 = CARTESIAN_POINT('',(0.,-1.25));
#11327 = VECTOR('',#11328,1.);
#11328 = DIRECTION('',(1.,0.));
#11329 = ( GEOMETRIC_REPRESENTATION_CONTEXT(2) 
PARAMETRIC_REPRESENTATION_CONTEXT() REPRESENTATION_CONTEXT('2D SPACE',''
  ) );
#11330 = ORIENTED_EDGE('',*,*,#11331,.T.);
#11331 = EDGE_CURVE('',#11302,#11156,#11332,.T.);
#11332 = SURFACE_CURVE('',#11333,(#11337,#11344),.PCURVE_S1.);
#11333 = B_SPLINE_CURVE_WITH_KNOTS('',2,(#11334,#11335,#11336),
  .UNSPECIFIED.,.F.,.F.,(3,3),(0.,1.),.PIECEWISE_BEZIER_KNOTS.);
#11334 = CARTESIAN_POINT('',(-4.92048046875,3.483498046875,2.7));
#11335 = CARTESIAN_POINT('',(-5.391052734375,3.9035390625,2.7));
#11336 = CARTESIAN_POINT('',(-6.313248046875,3.9035390625,2.7));
#11337 = PCURVE('',#6803,#11338);
#11338 = DEFINITIONAL_REPRESENTATION('',(#11339),#11343);
#11339 = B_SPLINE_CURVE_WITH_KNOTS('',2,(#11340,#11341,#11342),
  .UNSPECIFIED.,.F.,.F.,(3,3),(0.,1.),.PIECEWISE_BEZIER_KNOTS.);
#11340 = CARTESIAN_POINT('',(5.542646484375,7.961830078125));
#11341 = CARTESIAN_POINT('',(5.07207421875,8.38187109375));
#11342 = CARTESIAN_POINT('',(4.14987890625,8.38187109375));
#11343 = ( GEOMETRIC_REPRESENTATION_CONTEXT(2) 
PARAMETRIC_REPRESENTATION_CONTEXT() REPRESENTATION_CONTEXT('2D SPACE',''
  ) );
#11344 = PCURVE('',#11345,#11352);
#11345 = SURFACE_OF_LINEAR_EXTRUSION('',#11346,#11350);
#11346 = B_SPLINE_CURVE_WITH_KNOTS('',2,(#11347,#11348,#11349),
  .UNSPECIFIED.,.F.,.F.,(3,3),(0.,1.),.PIECEWISE_BEZIER_KNOTS.);
#11347 = CARTESIAN_POINT('',(-4.92048046875,3.483498046875,1.45));
#11348 = CARTESIAN_POINT('',(-5.391052734375,3.9035390625,1.45));
#11349 = CARTESIAN_POINT('',(-6.313248046875,3.9035390625,1.45));
#11350 = VECTOR('',#11351,1.);
#11351 = DIRECTION('',(-0.,-0.,-1.));
#11352 = DEFINITIONAL_REPRESENTATION('',(#11353),#11357);
#11353 = LINE('',#11354,#11355);
#11354 = CARTESIAN_POINT('',(0.,-1.25));
#11355 = VECTOR('',#11356,1.);
#11356 = DIRECTION('',(1.,0.));
#11357 = ( GEOMETRIC_REPRESENTATION_CONTEXT(2) 
PARAMETRIC_REPRESENTATION_CONTEXT() REPRESENTATION_CONTEXT('2D SPACE',''
  ) );
#11358 = ADVANCED_FACE('',(#11359),#7592,.T.);
#11359 = FACE_BOUND('',#11360,.F.);
#11360 = EDGE_LOOP('',(#11361,#11362,#11363,#11364,#11365,#11366,#11367,
    #11368,#11369,#11370,#11371,#11372,#11373,#11374,#11375,#11376,
    #11377,#11378,#11379,#11380,#11381,#11382,#11383,#11384,#11385,
    #11386,#11387,#11388));
#11361 = ORIENTED_EDGE('',*,*,#7576,.T.);
#11362 = ORIENTED_EDGE('',*,*,#8904,.T.);
#11363 = ORIENTED_EDGE('',*,*,#8877,.T.);
#11364 = ORIENTED_EDGE('',*,*,#8828,.T.);
#11365 = ORIENTED_EDGE('',*,*,#8779,.T.);
#11366 = ORIENTED_EDGE('',*,*,#8730,.T.);
#11367 = ORIENTED_EDGE('',*,*,#8681,.T.);
#11368 = ORIENTED_EDGE('',*,*,#8632,.T.);
#11369 = ORIENTED_EDGE('',*,*,#8583,.T.);
#11370 = ORIENTED_EDGE('',*,*,#8534,.T.);
#11371 = ORIENTED_EDGE('',*,*,#8485,.T.);
#11372 = ORIENTED_EDGE('',*,*,#8436,.T.);
#11373 = ORIENTED_EDGE('',*,*,#8387,.T.);
#11374 = ORIENTED_EDGE('',*,*,#8338,.T.);
#11375 = ORIENTED_EDGE('',*,*,#8289,.T.);
#11376 = ORIENTED_EDGE('',*,*,#8240,.T.);
#11377 = ORIENTED_EDGE('',*,*,#8191,.T.);
#11378 = ORIENTED_EDGE('',*,*,#8142,.T.);
#11379 = ORIENTED_EDGE('',*,*,#8093,.T.);
#11380 = ORIENTED_EDGE('',*,*,#8044,.T.);
#11381 = ORIENTED_EDGE('',*,*,#7995,.T.);
#11382 = ORIENTED_EDGE('',*,*,#7946,.T.);
#11383 = ORIENTED_EDGE('',*,*,#7897,.T.);
#11384 = ORIENTED_EDGE('',*,*,#7848,.T.);
#11385 = ORIENTED_EDGE('',*,*,#7799,.T.);
#11386 = ORIENTED_EDGE('',*,*,#7750,.T.);
#11387 = ORIENTED_EDGE('',*,*,#7701,.T.);
#11388 = ORIENTED_EDGE('',*,*,#7652,.T.);
#11389 = ADVANCED_FACE('',(#11390),#8969,.T.);
#11390 = FACE_BOUND('',#11391,.F.);
#11391 = EDGE_LOOP('',(#11392,#11393,#11394,#11395));
#11392 = ORIENTED_EDGE('',*,*,#8953,.T.);
#11393 = ORIENTED_EDGE('',*,*,#9105,.T.);
#11394 = ORIENTED_EDGE('',*,*,#9078,.T.);
#11395 = ORIENTED_EDGE('',*,*,#9029,.T.);
#11396 = ADVANCED_FACE('',(#11397),#9170,.T.);
#11397 = FACE_BOUND('',#11398,.F.);
#11398 = EDGE_LOOP('',(#11399,#11400,#11401,#11402,#11403,#11404,#11405,
    #11406,#11407,#11408,#11409,#11410,#11411,#11412,#11413,#11414,
    #11415,#11416,#11417,#11418,#11419,#11420,#11421,#11422,#11423,
    #11424,#11425,#11426));
#11399 = ORIENTED_EDGE('',*,*,#9154,.T.);
#11400 = ORIENTED_EDGE('',*,*,#10482,.T.);
#11401 = ORIENTED_EDGE('',*,*,#10455,.T.);
#11402 = ORIENTED_EDGE('',*,*,#10406,.T.);
#11403 = ORIENTED_EDGE('',*,*,#10357,.T.);
#11404 = ORIENTED_EDGE('',*,*,#10308,.T.);
#11405 = ORIENTED_EDGE('',*,*,#10259,.T.);
#11406 = ORIENTED_EDGE('',*,*,#10210,.T.);
#11407 = ORIENTED_EDGE('',*,*,#10161,.T.);
#11408 = ORIENTED_EDGE('',*,*,#10112,.T.);
#11409 = ORIENTED_EDGE('',*,*,#10063,.T.);
#11410 = ORIENTED_EDGE('',*,*,#10014,.T.);
#11411 = ORIENTED_EDGE('',*,*,#9965,.T.);
#11412 = ORIENTED_EDGE('',*,*,#9916,.T.);
#11413 = ORIENTED_EDGE('',*,*,#9867,.T.);
#11414 = ORIENTED_EDGE('',*,*,#9818,.T.);
#11415 = ORIENTED_EDGE('',*,*,#9769,.T.);
#11416 = ORIENTED_EDGE('',*,*,#9720,.T.);
#11417 = ORIENTED_EDGE('',*,*,#9671,.T.);
#11418 = ORIENTED_EDGE('',*,*,#9622,.T.);
#11419 = ORIENTED_EDGE('',*,*,#9573,.T.);
#11420 = ORIENTED_EDGE('',*,*,#9524,.T.);
#11421 = ORIENTED_EDGE('',*,*,#9475,.T.);
#11422 = ORIENTED_EDGE('',*,*,#9426,.T.);
#11423 = ORIENTED_EDGE('',*,*,#9377,.T.);
#11424 = ORIENTED_EDGE('',*,*,#9328,.T.);
#11425 = ORIENTED_EDGE('',*,*,#9279,.T.);
#11426 = ORIENTED_EDGE('',*,*,#9230,.T.);
#11427 = ADVANCED_FACE('',(#11428),#10547,.T.);
#11428 = FACE_BOUND('',#11429,.F.);
#11429 = EDGE_LOOP('',(#11430,#11431,#11432,#11433,#11434,#11435,#11436,
    #11437));
#11430 = ORIENTED_EDGE('',*,*,#10531,.T.);
#11431 = ORIENTED_EDGE('',*,*,#10879,.T.);
#11432 = ORIENTED_EDGE('',*,*,#10852,.T.);
#11433 = ORIENTED_EDGE('',*,*,#10803,.T.);
#11434 = ORIENTED_EDGE('',*,*,#10754,.T.);
#11435 = ORIENTED_EDGE('',*,*,#10705,.T.);
#11436 = ORIENTED_EDGE('',*,*,#10656,.T.);
#11437 = ORIENTED_EDGE('',*,*,#10607,.T.);
#11438 = ADVANCED_FACE('',(#11439),#10933,.T.);
#11439 = FACE_BOUND('',#11440,.T.);
#11440 = EDGE_LOOP('',(#11441,#11469,#11490,#11491));
#11441 = ORIENTED_EDGE('',*,*,#11442,.T.);
#11442 = EDGE_CURVE('',#11443,#11445,#11447,.T.);
#11443 = VERTEX_POINT('',#11444);
#11444 = CARTESIAN_POINT('',(-23.89180664062,3.9035390625,1.5));
#11445 = VERTEX_POINT('',#11446);
#11446 = CARTESIAN_POINT('',(-22.28743945312,3.9035390625,1.5));
#11447 = SURFACE_CURVE('',#11448,(#11452,#11458),.PCURVE_S1.);
#11448 = LINE('',#11449,#11450);
#11449 = CARTESIAN_POINT('',(-31.14371972656,3.9035390625,1.5));
#11450 = VECTOR('',#11451,1.);
#11451 = DIRECTION('',(1.,0.,-0.));
#11452 = PCURVE('',#10933,#11453);
#11453 = DEFINITIONAL_REPRESENTATION('',(#11454),#11457);
#11454 = B_SPLINE_CURVE_WITH_KNOTS('',1,(#11455,#11456),.UNSPECIFIED.,
  .F.,.F.,(2,2),(7.251913085938,8.856280273438),
  .PIECEWISE_BEZIER_KNOTS.);
#11455 = CARTESIAN_POINT('',(1.6043671875,-5.E-02));
#11456 = CARTESIAN_POINT('',(0.,-5.E-02));
#11457 = ( GEOMETRIC_REPRESENTATION_CONTEXT(2) 
PARAMETRIC_REPRESENTATION_CONTEXT() REPRESENTATION_CONTEXT('2D SPACE',''
  ) );
#11458 = PCURVE('',#11459,#11464);
#11459 = PLANE('',#11460);
#11460 = AXIS2_PLACEMENT_3D('',#11461,#11462,#11463);
#11461 = CARTESIAN_POINT('',(-40.,-15.,1.5));
#11462 = DIRECTION('',(0.,0.,1.));
#11463 = DIRECTION('',(1.,0.,0.));
#11464 = DEFINITIONAL_REPRESENTATION('',(#11465),#11468);
#11465 = B_SPLINE_CURVE_WITH_KNOTS('',1,(#11466,#11467),.UNSPECIFIED.,
  .F.,.F.,(2,2),(7.251913085938,8.856280273438),
  .PIECEWISE_BEZIER_KNOTS.);
#11466 = CARTESIAN_POINT('',(16.108193359375,18.9035390625));
#11467 = CARTESIAN_POINT('',(17.712560546875,18.9035390625));
#11468 = ( GEOMETRIC_REPRESENTATION_CONTEXT(2) 
PARAMETRIC_REPRESENTATION_CONTEXT() REPRESENTATION_CONTEXT('2D SPACE',''
  ) );
#11469 = ORIENTED_EDGE('',*,*,#11470,.T.);
#11470 = EDGE_CURVE('',#11445,#10916,#11471,.T.);
#11471 = SURFACE_CURVE('',#11472,(#11476,#11483),.PCURVE_S1.);
#11472 = LINE('',#11473,#11474);
#11473 = CARTESIAN_POINT('',(-22.28743945312,3.9035390625,1.45));
#11474 = VECTOR('',#11475,1.);
#11475 = DIRECTION('',(0.,0.,1.));
#11476 = PCURVE('',#10933,#11477);
#11477 = DEFINITIONAL_REPRESENTATION('',(#11478),#11482);
#11478 = LINE('',#11479,#11480);
#11479 = CARTESIAN_POINT('',(0.,-0.));
#11480 = VECTOR('',#11481,1.);
#11481 = DIRECTION('',(0.,-1.));
#11482 = ( GEOMETRIC_REPRESENTATION_CONTEXT(2) 
PARAMETRIC_REPRESENTATION_CONTEXT() REPRESENTATION_CONTEXT('2D SPACE',''
  ) );
#11483 = PCURVE('',#11105,#11484);
#11484 = DEFINITIONAL_REPRESENTATION('',(#11485),#11489);
#11485 = LINE('',#11486,#11487);
#11486 = CARTESIAN_POINT('',(1.,0.));
#11487 = VECTOR('',#11488,1.);
#11488 = DIRECTION('',(0.,-1.));
#11489 = ( GEOMETRIC_REPRESENTATION_CONTEXT(2) 
PARAMETRIC_REPRESENTATION_CONTEXT() REPRESENTATION_CONTEXT('2D SPACE',''
  ) );
#11490 = ORIENTED_EDGE('',*,*,#10915,.T.);
#11491 = ORIENTED_EDGE('',*,*,#11492,.F.);
#11492 = EDGE_CURVE('',#11443,#10918,#11493,.T.);
#11493 = SURFACE_CURVE('',#11494,(#11498,#11505),.PCURVE_S1.);
#11494 = LINE('',#11495,#11496);
#11495 = CARTESIAN_POINT('',(-23.89180664062,3.9035390625,1.45));
#11496 = VECTOR('',#11497,1.);
#11497 = DIRECTION('',(0.,0.,1.));
#11498 = PCURVE('',#10933,#11499);
#11499 = DEFINITIONAL_REPRESENTATION('',(#11500),#11504);
#11500 = LINE('',#11501,#11502);
#11501 = CARTESIAN_POINT('',(1.6043671875,0.));
#11502 = VECTOR('',#11503,1.);
#11503 = DIRECTION('',(0.,-1.));
#11504 = ( GEOMETRIC_REPRESENTATION_CONTEXT(2) 
PARAMETRIC_REPRESENTATION_CONTEXT() REPRESENTATION_CONTEXT('2D SPACE',''
  ) );
#11505 = PCURVE('',#10961,#11506);
#11506 = DEFINITIONAL_REPRESENTATION('',(#11507),#11511);
#11507 = LINE('',#11508,#11509);
#11508 = CARTESIAN_POINT('',(0.,0.));
#11509 = VECTOR('',#11510,1.);
#11510 = DIRECTION('',(0.,-1.));
#11511 = ( GEOMETRIC_REPRESENTATION_CONTEXT(2) 
PARAMETRIC_REPRESENTATION_CONTEXT() REPRESENTATION_CONTEXT('2D SPACE',''
  ) );
#11512 = ADVANCED_FACE('',(#11513),#10961,.T.);
#11513 = FACE_BOUND('',#11514,.T.);
#11514 = EDGE_LOOP('',(#11515,#11536,#11537,#11538));
#11515 = ORIENTED_EDGE('',*,*,#11516,.T.);
#11516 = EDGE_CURVE('',#11517,#11443,#11519,.T.);
#11517 = VERTEX_POINT('',#11518);
#11518 = CARTESIAN_POINT('',(-23.89180664062,0.36003515625,1.5));
#11519 = SURFACE_CURVE('',#11520,(#11524,#11530),.PCURVE_S1.);
#11520 = LINE('',#11521,#11522);
#11521 = CARTESIAN_POINT('',(-23.89180664062,-5.54823046875,1.5));
#11522 = VECTOR('',#11523,1.);
#11523 = DIRECTION('',(0.,1.,0.));
#11524 = PCURVE('',#10961,#11525);
#11525 = DEFINITIONAL_REPRESENTATION('',(#11526),#11529);
#11526 = B_SPLINE_CURVE_WITH_KNOTS('',1,(#11527,#11528),.UNSPECIFIED.,
  .F.,.F.,(2,2),(5.908265625,9.45176953125),.PIECEWISE_BEZIER_KNOTS.);
#11527 = CARTESIAN_POINT('',(3.54350390625,-5.E-02));
#11528 = CARTESIAN_POINT('',(0.,-5.E-02));
#11529 = ( GEOMETRIC_REPRESENTATION_CONTEXT(2) 
PARAMETRIC_REPRESENTATION_CONTEXT() REPRESENTATION_CONTEXT('2D SPACE',''
  ) );
#11530 = PCURVE('',#11459,#11531);
#11531 = DEFINITIONAL_REPRESENTATION('',(#11532),#11535);
#11532 = B_SPLINE_CURVE_WITH_KNOTS('',1,(#11533,#11534),.UNSPECIFIED.,
  .F.,.F.,(2,2),(5.908265625,9.45176953125),.PIECEWISE_BEZIER_KNOTS.);
#11533 = CARTESIAN_POINT('',(16.108193359375,15.36003515625));
#11534 = CARTESIAN_POINT('',(16.108193359375,18.9035390625));
#11535 = ( GEOMETRIC_REPRESENTATION_CONTEXT(2) 
PARAMETRIC_REPRESENTATION_CONTEXT() REPRESENTATION_CONTEXT('2D SPACE',''
  ) );
#11536 = ORIENTED_EDGE('',*,*,#11492,.T.);
#11537 = ORIENTED_EDGE('',*,*,#10945,.T.);
#11538 = ORIENTED_EDGE('',*,*,#11539,.F.);
#11539 = EDGE_CURVE('',#11517,#10946,#11540,.T.);
#11540 = SURFACE_CURVE('',#11541,(#11545,#11552),.PCURVE_S1.);
#11541 = LINE('',#11542,#11543);
#11542 = CARTESIAN_POINT('',(-23.89180664062,0.36003515625,1.45));
#11543 = VECTOR('',#11544,1.);
#11544 = DIRECTION('',(0.,0.,1.));
#11545 = PCURVE('',#10961,#11546);
#11546 = DEFINITIONAL_REPRESENTATION('',(#11547),#11551);
#11547 = LINE('',#11548,#11549);
#11548 = CARTESIAN_POINT('',(3.54350390625,0.));
#11549 = VECTOR('',#11550,1.);
#11550 = DIRECTION('',(0.,-1.));
#11551 = ( GEOMETRIC_REPRESENTATION_CONTEXT(2) 
PARAMETRIC_REPRESENTATION_CONTEXT() REPRESENTATION_CONTEXT('2D SPACE',''
  ) );
#11552 = PCURVE('',#10989,#11553);
#11553 = DEFINITIONAL_REPRESENTATION('',(#11554),#11558);
#11554 = LINE('',#11555,#11556);
#11555 = CARTESIAN_POINT('',(0.,0.));
#11556 = VECTOR('',#11557,1.);
#11557 = DIRECTION('',(0.,-1.));
#11558 = ( GEOMETRIC_REPRESENTATION_CONTEXT(2) 
PARAMETRIC_REPRESENTATION_CONTEXT() REPRESENTATION_CONTEXT('2D SPACE',''
  ) );
#11559 = ADVANCED_FACE('',(#11560),#10989,.T.);
#11560 = FACE_BOUND('',#11561,.T.);
#11561 = EDGE_LOOP('',(#11562,#11583,#11584,#11585));
#11562 = ORIENTED_EDGE('',*,*,#11563,.T.);
#11563 = EDGE_CURVE('',#11564,#11517,#11566,.T.);
#11564 = VERTEX_POINT('',#11565);
#11565 = CARTESIAN_POINT('',(-22.28743945312,0.36003515625,1.5));
#11566 = SURFACE_CURVE('',#11567,(#11571,#11577),.PCURVE_S1.);
#11567 = LINE('',#11568,#11569);
#11568 = CARTESIAN_POINT('',(-31.94590332031,0.36003515625,1.5));
#11569 = VECTOR('',#11570,1.);
#11570 = DIRECTION('',(-1.,0.,0.));
#11571 = PCURVE('',#10989,#11572);
#11572 = DEFINITIONAL_REPRESENTATION('',(#11573),#11576);
#11573 = B_SPLINE_CURVE_WITH_KNOTS('',1,(#11574,#11575),.UNSPECIFIED.,
  .F.,.F.,(2,2),(-9.658463867187,-8.054096679688),
  .PIECEWISE_BEZIER_KNOTS.);
#11574 = CARTESIAN_POINT('',(1.6043671875,-5.E-02));
#11575 = CARTESIAN_POINT('',(0.,-5.E-02));
#11576 = ( GEOMETRIC_REPRESENTATION_CONTEXT(2) 
PARAMETRIC_REPRESENTATION_CONTEXT() REPRESENTATION_CONTEXT('2D SPACE',''
  ) );
#11577 = PCURVE('',#11459,#11578);
#11578 = DEFINITIONAL_REPRESENTATION('',(#11579),#11582);
#11579 = B_SPLINE_CURVE_WITH_KNOTS('',1,(#11580,#11581),.UNSPECIFIED.,
  .F.,.F.,(2,2),(-9.658463867187,-8.054096679688),
  .PIECEWISE_BEZIER_KNOTS.);
#11580 = CARTESIAN_POINT('',(17.712560546875,15.36003515625));
#11581 = CARTESIAN_POINT('',(16.108193359375,15.36003515625));
#11582 = ( GEOMETRIC_REPRESENTATION_CONTEXT(2) 
PARAMETRIC_REPRESENTATION_CONTEXT() REPRESENTATION_CONTEXT('2D SPACE',''
  ) );
#11583 = ORIENTED_EDGE('',*,*,#11539,.T.);
#11584 = ORIENTED_EDGE('',*,*,#10973,.T.);
#11585 = ORIENTED_EDGE('',*,*,#11586,.F.);
#11586 = EDGE_CURVE('',#11564,#10974,#11587,.T.);
#11587 = SURFACE_CURVE('',#11588,(#11592,#11599),.PCURVE_S1.);
#11588 = LINE('',#11589,#11590);
#11589 = CARTESIAN_POINT('',(-22.28743945312,0.36003515625,1.45));
#11590 = VECTOR('',#11591,1.);
#11591 = DIRECTION('',(0.,0.,1.));
#11592 = PCURVE('',#10989,#11593);
#11593 = DEFINITIONAL_REPRESENTATION('',(#11594),#11598);
#11594 = LINE('',#11595,#11596);
#11595 = CARTESIAN_POINT('',(1.6043671875,0.));
#11596 = VECTOR('',#11597,1.);
#11597 = DIRECTION('',(0.,-1.));
#11598 = ( GEOMETRIC_REPRESENTATION_CONTEXT(2) 
PARAMETRIC_REPRESENTATION_CONTEXT() REPRESENTATION_CONTEXT('2D SPACE',''
  ) );
#11599 = PCURVE('',#11017,#11600);
#11600 = DEFINITIONAL_REPRESENTATION('',(#11601),#11605);
#11601 = LINE('',#11602,#11603);
#11602 = CARTESIAN_POINT('',(0.,0.));
#11603 = VECTOR('',#11604,1.);
#11604 = DIRECTION('',(0.,-1.));
#11605 = ( GEOMETRIC_REPRESENTATION_CONTEXT(2) 
PARAMETRIC_REPRESENTATION_CONTEXT() REPRESENTATION_CONTEXT('2D SPACE',''
  ) );
#11606 = ADVANCED_FACE('',(#11607),#11017,.T.);
#11607 = FACE_BOUND('',#11608,.T.);
#11608 = EDGE_LOOP('',(#11609,#11689,#11690,#11691));
#11609 = ORIENTED_EDGE('',*,*,#11610,.T.);
#11610 = EDGE_CURVE('',#11611,#11564,#11613,.T.);
#11611 = VERTEX_POINT('',#11612);
#11612 = CARTESIAN_POINT('',(-20.91046289062,0.8211328125,1.5));
#11613 = SURFACE_CURVE('',#11614,(#11637,#11663),.PCURVE_S1.);
#11614 = B_SPLINE_CURVE_WITH_KNOTS('',6,(#11615,#11616,#11617,#11618,
    #11619,#11620,#11621,#11622,#11623,#11624,#11625,#11626,#11627,
    #11628,#11629,#11630,#11631,#11632,#11633,#11634,#11635,#11636),
  .UNSPECIFIED.,.F.,.F.,(7,5,5,5,7),(0.,4.005188209129E-02,0.315965736,
    0.603214151737,1.),.UNSPECIFIED.);
#11615 = CARTESIAN_POINT('',(-20.91046289062,0.8211328125,1.5));
#11616 = CARTESIAN_POINT('',(-20.91743182288,0.8145259027,1.5));
#11617 = CARTESIAN_POINT('',(-20.92445192435,0.807974493794,1.5));
#11618 = CARTESIAN_POINT('',(-20.93152288642,0.801478955223,1.5));
#11619 = CARTESIAN_POINT('',(-20.9386443832,0.795039638275,1.5));
#11620 = CARTESIAN_POINT('',(-20.94581607154,0.788656876084,1.5));
#11621 = CARTESIAN_POINT('',(-21.00278599681,0.738752473071,1.5));
#11622 = CARTESIAN_POINT('',(-21.05490206593,0.69787034731,1.5));
#11623 = CARTESIAN_POINT('',(-21.10926196154,0.659793921794,1.5));
#11624 = CARTESIAN_POINT('',(-21.16571366028,0.62457748872,1.5));
#11625 = CARTESIAN_POINT('',(-21.22408338047,0.592229106944,1.5));
#11626 = CARTESIAN_POINT('',(-21.34674949662,0.531997415568,1.5));
#11627 = CARTESIAN_POINT('',(-21.41119555565,0.5043499911,1.5));
#11628 = CARTESIAN_POINT('',(-21.47731384771,0.479740827193,1.5));
#11629 = CARTESIAN_POINT('',(-21.54490023153,0.45808504093,1.5));
#11630 = CARTESIAN_POINT('',(-21.61376205569,0.439267210084,1.5));
#11631 = CARTESIAN_POINT('',(-21.78037299026,0.400909203412,1.5));
#11632 = CARTESIAN_POINT('',(-21.87911987478,0.383830731148,1.5));
#11633 = CARTESIAN_POINT('',(-21.97953289323,0.371579743448,1.5));
#11634 = CARTESIAN_POINT('',(-22.08123877183,0.363771140429,1.5));
#11635 = CARTESIAN_POINT('',(-22.18394385459,0.36003515625,1.5));
#11636 = CARTESIAN_POINT('',(-22.28743945312,0.36003515625,1.5));
#11637 = PCURVE('',#11017,#11638);
#11638 = DEFINITIONAL_REPRESENTATION('',(#11639),#11662);
#11639 = B_SPLINE_CURVE_WITH_KNOTS('',6,(#11640,#11641,#11642,#11643,
    #11644,#11645,#11646,#11647,#11648,#11649,#11650,#11651,#11652,
    #11653,#11654,#11655,#11656,#11657,#11658,#11659,#11660,#11661),
  .UNSPECIFIED.,.F.,.F.,(7,5,5,5,7),(0.,4.005188209129E-02,0.315965736,
    0.603214151737,1.),.UNSPECIFIED.);
#11640 = CARTESIAN_POINT('',(1.,-5.E-02));
#11641 = CARTESIAN_POINT('',(0.99283567189,-5.E-02));
#11642 = CARTESIAN_POINT('',(0.985669934131,-5.E-02));
#11643 = CARTESIAN_POINT('',(0.978503141829,-5.E-02));
#11644 = CARTESIAN_POINT('',(0.971335650842,-5.E-02));
#11645 = CARTESIAN_POINT('',(0.964167817779,-5.E-02));
#11646 = CARTESIAN_POINT('',(0.907621540754,-5.E-02));
#11647 = CARTESIAN_POINT('',(0.858240998912,-5.E-02));
#11648 = CARTESIAN_POINT('',(0.808981702453,-5.E-02));
#11649 = CARTESIAN_POINT('',(0.759955721354,-5.E-02));
#11650 = CARTESIAN_POINT('',(0.711264585066,-5.E-02));
#11651 = CARTESIAN_POINT('',(0.612752702157,-5.E-02));
#11652 = CARTESIAN_POINT('',(0.562964034738,-5.E-02));
#11653 = CARTESIAN_POINT('',(0.513731976725,-5.E-02));
#11654 = CARTESIAN_POINT('',(0.465129356237,-5.E-02));
#11655 = CARTESIAN_POINT('',(0.417207519529,-5.E-02));
#11656 = CARTESIAN_POINT('',(0.304790673666,-5.E-02));
#11657 = CARTESIAN_POINT('',(0.240947143534,-5.E-02));
#11658 = CARTESIAN_POINT('',(0.178544295552,-5.E-02));
#11659 = CARTESIAN_POINT('',(0.117602145109,-5.E-02));
#11660 = CARTESIAN_POINT('',(5.81035566807E-02,-5.E-02));
#11661 = CARTESIAN_POINT('',(0.,-5.E-02));
#11662 = ( GEOMETRIC_REPRESENTATION_CONTEXT(2) 
PARAMETRIC_REPRESENTATION_CONTEXT() REPRESENTATION_CONTEXT('2D SPACE',''
  ) );
#11663 = PCURVE('',#11459,#11664);
#11664 = DEFINITIONAL_REPRESENTATION('',(#11665),#11688);
#11665 = B_SPLINE_CURVE_WITH_KNOTS('',6,(#11666,#11667,#11668,#11669,
    #11670,#11671,#11672,#11673,#11674,#11675,#11676,#11677,#11678,
    #11679,#11680,#11681,#11682,#11683,#11684,#11685,#11686,#11687),
  .UNSPECIFIED.,.F.,.F.,(7,5,5,5,7),(0.,4.005188209129E-02,0.315965736,
    0.603214151737,1.),.UNSPECIFIED.);
#11666 = CARTESIAN_POINT('',(19.089537109375,15.8211328125));
#11667 = CARTESIAN_POINT('',(19.08256817712,15.8145259027));
#11668 = CARTESIAN_POINT('',(19.075548075642,15.807974493794));
#11669 = CARTESIAN_POINT('',(19.068477113573,15.801478955223));
#11670 = CARTESIAN_POINT('',(19.061355616798,15.795039638275));
#11671 = CARTESIAN_POINT('',(19.054183928455,15.788656876084));
#11672 = CARTESIAN_POINT('',(18.997214003189,15.738752473071));
#11673 = CARTESIAN_POINT('',(18.94509793407,15.69787034731));
#11674 = CARTESIAN_POINT('',(18.890738038452,15.659793921794));
#11675 = CARTESIAN_POINT('',(18.834286339717,15.62457748872));
#11676 = CARTESIAN_POINT('',(18.775916619522,15.592229106944));
#11677 = CARTESIAN_POINT('',(18.653250503373,15.531997415568));
#11678 = CARTESIAN_POINT('',(18.588804444345,15.5043499911));
#11679 = CARTESIAN_POINT('',(18.522686152285,15.479740827193));
#11680 = CARTESIAN_POINT('',(18.45509976847,15.45808504093));
#11681 = CARTESIAN_POINT('',(18.386237944306,15.439267210084));
#11682 = CARTESIAN_POINT('',(18.219627009737,15.400909203412));
#11683 = CARTESIAN_POINT('',(18.120880125213,15.383830731148));
#11684 = CARTESIAN_POINT('',(18.020467106769,15.371579743448));
#11685 = CARTESIAN_POINT('',(17.918761228161,15.363771140429));
#11686 = CARTESIAN_POINT('',(17.81605614541,15.36003515625));
#11687 = CARTESIAN_POINT('',(17.712560546875,15.36003515625));
#11688 = ( GEOMETRIC_REPRESENTATION_CONTEXT(2) 
PARAMETRIC_REPRESENTATION_CONTEXT() REPRESENTATION_CONTEXT('2D SPACE',''
  ) );
#11689 = ORIENTED_EDGE('',*,*,#11586,.T.);
#11690 = ORIENTED_EDGE('',*,*,#11001,.T.);
#11691 = ORIENTED_EDGE('',*,*,#11692,.F.);
#11692 = EDGE_CURVE('',#11611,#11002,#11693,.T.);
#11693 = SURFACE_CURVE('',#11694,(#11698,#11705),.PCURVE_S1.);
#11694 = LINE('',#11695,#11696);
#11695 = CARTESIAN_POINT('',(-20.91046289062,0.8211328125,1.45));
#11696 = VECTOR('',#11697,1.);
#11697 = DIRECTION('',(0.,0.,1.));
#11698 = PCURVE('',#11017,#11699);
#11699 = DEFINITIONAL_REPRESENTATION('',(#11700),#11704);
#11700 = LINE('',#11701,#11702);
#11701 = CARTESIAN_POINT('',(1.,0.));
#11702 = VECTOR('',#11703,1.);
#11703 = DIRECTION('',(0.,-1.));
#11704 = ( GEOMETRIC_REPRESENTATION_CONTEXT(2) 
PARAMETRIC_REPRESENTATION_CONTEXT() REPRESENTATION_CONTEXT('2D SPACE',''
  ) );
#11705 = PCURVE('',#11047,#11706);
#11706 = DEFINITIONAL_REPRESENTATION('',(#11707),#11711);
#11707 = LINE('',#11708,#11709);
#11708 = CARTESIAN_POINT('',(0.,0.));
#11709 = VECTOR('',#11710,1.);
#11710 = DIRECTION('',(0.,-1.));
#11711 = ( GEOMETRIC_REPRESENTATION_CONTEXT(2) 
PARAMETRIC_REPRESENTATION_CONTEXT() REPRESENTATION_CONTEXT('2D SPACE',''
  ) );
#11712 = ADVANCED_FACE('',(#11713),#11047,.T.);
#11713 = FACE_BOUND('',#11714,.T.);
#11714 = EDGE_LOOP('',(#11715,#11783,#11784,#11785));
#11715 = ORIENTED_EDGE('',*,*,#11716,.T.);
#11716 = EDGE_CURVE('',#11717,#11611,#11719,.T.);
#11717 = VERTEX_POINT('',#11718);
#11718 = CARTESIAN_POINT('',(-20.42409960937,2.1349453125,1.5));
#11719 = SURFACE_CURVE('',#11720,(#11739,#11761),.PCURVE_S1.);
#11720 = B_SPLINE_CURVE_WITH_KNOTS('',5,(#11721,#11722,#11723,#11724,
    #11725,#11726,#11727,#11728,#11729,#11730,#11731,#11732,#11733,
    #11734,#11735,#11736,#11737,#11738),.UNSPECIFIED.,.F.,.F.,(6,4,4,4,6
    ),(0.,0.342458153601,0.607928543462,0.863391692592,1.),
  .UNSPECIFIED.);
#11721 = CARTESIAN_POINT('',(-20.42409960937,2.1349453125,1.5));
#11722 = CARTESIAN_POINT('',(-20.42409960937,2.031195610553,1.5));
#11723 = CARTESIAN_POINT('',(-20.42859998882,1.928376321174,1.5));
#11724 = CARTESIAN_POINT('',(-20.43806527601,1.826796620278,1.5));
#11725 = CARTESIAN_POINT('',(-20.45301861191,1.726917782784,1.5));
#11726 = CARTESIAN_POINT('',(-20.49009275595,1.553644307609,1.5));
#11727 = CARTESIAN_POINT('',(-20.50984608132,1.479344910788,1.5));
#11728 = CARTESIAN_POINT('',(-20.53336512764,1.406685495455,1.5));
#11729 = CARTESIAN_POINT('',(-20.56081692494,1.335981373597,1.5));
#11730 = CARTESIAN_POINT('',(-20.6225115009,1.201702058002,1.5));
#11731 = CARTESIAN_POINT('',(-20.6564613628,1.137953730017,1.5));
#11732 = CARTESIAN_POINT('',(-20.69415255966,1.076599622353,1.5));
#11733 = CARTESIAN_POINT('',(-20.73554466383,1.017898114252,1.5));
#11734 = CARTESIAN_POINT('',(-20.80450214882,0.932184604882,1.5));
#11735 = CARTESIAN_POINT('',(-20.82954159378,0.903134504626,1.5));
#11736 = CARTESIAN_POINT('',(-20.8555698516,0.874928801245,1.5));
#11737 = CARTESIAN_POINT('',(-20.88255614366,0.847589858321,1.5));
#11738 = CARTESIAN_POINT('',(-20.91046289062,0.8211328125,1.5));
#11739 = PCURVE('',#11047,#11740);
#11740 = DEFINITIONAL_REPRESENTATION('',(#11741),#11760);
#11741 = B_SPLINE_CURVE_WITH_KNOTS('',5,(#11742,#11743,#11744,#11745,
    #11746,#11747,#11748,#11749,#11750,#11751,#11752,#11753,#11754,
    #11755,#11756,#11757,#11758,#11759),.UNSPECIFIED.,.F.,.F.,(6,4,4,4,6
    ),(0.,0.342458153601,0.607928543462,0.863391692592,1.),
  .UNSPECIFIED.);
#11742 = CARTESIAN_POINT('',(1.,-5.E-02));
#11743 = CARTESIAN_POINT('',(0.939165066313,-5.E-02));
#11744 = CARTESIAN_POINT('',(0.876750900361,-5.E-02));
#11745 = CARTESIAN_POINT('',(0.812719470762,-5.E-02));
#11746 = CARTESIAN_POINT('',(0.747094258126,-5.E-02));
#11747 = CARTESIAN_POINT('',(0.627989152324,-5.E-02));
#11748 = CARTESIAN_POINT('',(0.575096516259,-5.E-02));
#11749 = CARTESIAN_POINT('',(0.52138757128,-5.E-02));
#11750 = CARTESIAN_POINT('',(0.466968343612,-5.E-02));
#11751 = CARTESIAN_POINT('',(0.359103757338,-5.E-02));
#11752 = CARTESIAN_POINT('',(0.305695175857,-5.E-02));
#11753 = CARTESIAN_POINT('',(0.251924056323,-5.E-02));
#11754 = CARTESIAN_POINT('',(0.197960989989,-5.E-02));
#11755 = CARTESIAN_POINT('',(0.115144489788,-5.E-02));
#11756 = CARTESIAN_POINT('',(8.628857645063E-02,-5.E-02));
#11757 = CARTESIAN_POINT('',(5.746093158999E-02,-5.E-02));
#11758 = CARTESIAN_POINT('',(2.868920006705E-02,-5.E-02));
#11759 = CARTESIAN_POINT('',(0.,-5.E-02));
#11760 = ( GEOMETRIC_REPRESENTATION_CONTEXT(2) 
PARAMETRIC_REPRESENTATION_CONTEXT() REPRESENTATION_CONTEXT('2D SPACE',''
  ) );
#11761 = PCURVE('',#11459,#11762);
#11762 = DEFINITIONAL_REPRESENTATION('',(#11763),#11782);
#11763 = B_SPLINE_CURVE_WITH_KNOTS('',5,(#11764,#11765,#11766,#11767,
    #11768,#11769,#11770,#11771,#11772,#11773,#11774,#11775,#11776,
    #11777,#11778,#11779,#11780,#11781),.UNSPECIFIED.,.F.,.F.,(6,4,4,4,6
    ),(0.,0.342458153601,0.607928543462,0.863391692592,1.),
  .UNSPECIFIED.);
#11764 = CARTESIAN_POINT('',(19.575900390625,17.1349453125));
#11765 = CARTESIAN_POINT('',(19.575900390625,17.031195610553));
#11766 = CARTESIAN_POINT('',(19.571400011173,16.928376321174));
#11767 = CARTESIAN_POINT('',(19.561934723983,16.826796620278));
#11768 = CARTESIAN_POINT('',(19.546981388088,16.726917782784));
#11769 = CARTESIAN_POINT('',(19.509907244042,16.553644307609));
#11770 = CARTESIAN_POINT('',(19.490153918671,16.479344910788));
#11771 = CARTESIAN_POINT('',(19.466634872351,16.406685495455));
#11772 = CARTESIAN_POINT('',(19.439183075054,16.335981373597));
#11773 = CARTESIAN_POINT('',(19.3774884991,16.201702058002));
#11774 = CARTESIAN_POINT('',(19.343538637199,16.137953730017));
#11775 = CARTESIAN_POINT('',(19.305847440331,16.076599622353));
#11776 = CARTESIAN_POINT('',(19.264455336161,16.017898114252));
#11777 = CARTESIAN_POINT('',(19.195497851179,15.932184604882));
#11778 = CARTESIAN_POINT('',(19.170458406215,15.903134504626));
#11779 = CARTESIAN_POINT('',(19.144430148394,15.874928801245));
#11780 = CARTESIAN_POINT('',(19.117443856337,15.847589858321));
#11781 = CARTESIAN_POINT('',(19.089537109375,15.8211328125));
#11782 = ( GEOMETRIC_REPRESENTATION_CONTEXT(2) 
PARAMETRIC_REPRESENTATION_CONTEXT() REPRESENTATION_CONTEXT('2D SPACE',''
  ) );
#11783 = ORIENTED_EDGE('',*,*,#11692,.T.);
#11784 = ORIENTED_EDGE('',*,*,#11031,.T.);
#11785 = ORIENTED_EDGE('',*,*,#11786,.F.);
#11786 = EDGE_CURVE('',#11717,#11032,#11787,.T.);
#11787 = SURFACE_CURVE('',#11788,(#11792,#11799),.PCURVE_S1.);
#11788 = LINE('',#11789,#11790);
#11789 = CARTESIAN_POINT('',(-20.42409960937,2.1349453125,1.45));
#11790 = VECTOR('',#11791,1.);
#11791 = DIRECTION('',(0.,0.,1.));
#11792 = PCURVE('',#11047,#11793);
#11793 = DEFINITIONAL_REPRESENTATION('',(#11794),#11798);
#11794 = LINE('',#11795,#11796);
#11795 = CARTESIAN_POINT('',(1.,0.));
#11796 = VECTOR('',#11797,1.);
#11797 = DIRECTION('',(0.,-1.));
#11798 = ( GEOMETRIC_REPRESENTATION_CONTEXT(2) 
PARAMETRIC_REPRESENTATION_CONTEXT() REPRESENTATION_CONTEXT('2D SPACE',''
  ) );
#11799 = PCURVE('',#11077,#11800);
#11800 = DEFINITIONAL_REPRESENTATION('',(#11801),#11805);
#11801 = LINE('',#11802,#11803);
#11802 = CARTESIAN_POINT('',(0.,0.));
#11803 = VECTOR('',#11804,1.);
#11804 = DIRECTION('',(0.,-1.));
#11805 = ( GEOMETRIC_REPRESENTATION_CONTEXT(2) 
PARAMETRIC_REPRESENTATION_CONTEXT() REPRESENTATION_CONTEXT('2D SPACE',''
  ) );
#11806 = ADVANCED_FACE('',(#11807),#11077,.T.);
#11807 = FACE_BOUND('',#11808,.T.);
#11808 = EDGE_LOOP('',(#11809,#11877,#11878,#11879));
#11809 = ORIENTED_EDGE('',*,*,#11810,.T.);
#11810 = EDGE_CURVE('',#11811,#11717,#11813,.T.);
#11811 = VERTEX_POINT('',#11812);
#11812 = CARTESIAN_POINT('',(-20.91046289062,3.44244140625,1.5));
#11813 = SURFACE_CURVE('',#11814,(#11833,#11855),.PCURVE_S1.);
#11814 = B_SPLINE_CURVE_WITH_KNOTS('',5,(#11815,#11816,#11817,#11818,
    #11819,#11820,#11821,#11822,#11823,#11824,#11825,#11826,#11827,
    #11828,#11829,#11830,#11831,#11832),.UNSPECIFIED.,.F.,.F.,(6,4,4,4,6
    ),(0.,0.145495495497,0.40051740613,0.664314954795,1.),
  .UNSPECIFIED.);
#11815 = CARTESIAN_POINT('',(-20.91046289062,3.44244140625,1.5));
#11816 = CARTESIAN_POINT('',(-20.88082567824,3.414343789321,1.5));
#11817 = CARTESIAN_POINT('',(-20.85222186784,3.385261694122,1.5));
#11818 = CARTESIAN_POINT('',(-20.82469672144,3.355212352071,1.5));
#11819 = CARTESIAN_POINT('',(-20.79828700824,3.324222027458,1.5));
#11820 = CARTESIAN_POINT('',(-20.72873520389,3.236419259744,1.5));
#11821 = CARTESIAN_POINT('',(-20.68796012686,3.177726572623,1.5));
#11822 = CARTESIAN_POINT('',(-20.65085269524,3.116444395025,1.5));
#11823 = CARTESIAN_POINT('',(-20.61745188121,3.052824633946,1.5));
#11824 = CARTESIAN_POINT('',(-20.55694917236,2.919220129976,1.5));
#11825 = CARTESIAN_POINT('',(-20.53010144017,2.849086631481,1.5));
#11826 = CARTESIAN_POINT('',(-20.50711550754,2.777058839479,1.5));
#11827 = CARTESIAN_POINT('',(-20.48783099791,2.70343983541,1.5));
#11828 = CARTESIAN_POINT('',(-20.45197552793,2.53312561149,1.5));
#11829 = CARTESIAN_POINT('',(-20.43757670855,2.435610623984,1.5));
#11830 = CARTESIAN_POINT('',(-20.42844675138,2.33647802162,1.5));
#11831 = CARTESIAN_POINT('',(-20.42409960937,2.236158481583,1.5));
#11832 = CARTESIAN_POINT('',(-20.42409960937,2.1349453125,1.5));
#11833 = PCURVE('',#11077,#11834);
#11834 = DEFINITIONAL_REPRESENTATION('',(#11835),#11854);
#11835 = B_SPLINE_CURVE_WITH_KNOTS('',5,(#11836,#11837,#11838,#11839,
    #11840,#11841,#11842,#11843,#11844,#11845,#11846,#11847,#11848,
    #11849,#11850,#11851,#11852,#11853),.UNSPECIFIED.,.F.,.F.,(6,4,4,4,6
    ),(0.,0.145495495497,0.40051740613,0.664314954795,1.),
  .UNSPECIFIED.);
#11836 = CARTESIAN_POINT('',(1.,-5.E-02));
#11837 = CARTESIAN_POINT('',(0.969531815497,-5.E-02));
#11838 = CARTESIAN_POINT('',(0.938965681161,-5.E-02));
#11839 = CARTESIAN_POINT('',(0.908332958312,-5.E-02));
#11840 = CARTESIAN_POINT('',(0.877666369798,-5.E-02));
#11841 = CARTESIAN_POINT('',(0.793248533735,-5.E-02));
#11842 = CARTESIAN_POINT('',(0.739494287011,-5.E-02));
#11843 = CARTESIAN_POINT('',(0.685926741244,-5.E-02));
#11844 = CARTESIAN_POINT('',(0.632712946046,-5.E-02));
#11845 = CARTESIAN_POINT('',(0.525473132425,-5.E-02));
#11846 = CARTESIAN_POINT('',(0.471478183303,-5.E-02));
#11847 = CARTESIAN_POINT('',(0.418171476353,-5.E-02));
#11848 = CARTESIAN_POINT('',(0.365656999172,-5.E-02));
#11849 = CARTESIAN_POINT('',(0.248265946784,-5.E-02));
#11850 = CARTESIAN_POINT('',(0.183921638246,-5.E-02));
#11851 = CARTESIAN_POINT('',(0.121087504307,-5.E-02));
#11852 = CARTESIAN_POINT('',(5.979049854006E-02,-5.E-02));
#11853 = CARTESIAN_POINT('',(0.,-5.E-02));
#11854 = ( GEOMETRIC_REPRESENTATION_CONTEXT(2) 
PARAMETRIC_REPRESENTATION_CONTEXT() REPRESENTATION_CONTEXT('2D SPACE',''
  ) );
#11855 = PCURVE('',#11459,#11856);
#11856 = DEFINITIONAL_REPRESENTATION('',(#11857),#11876);
#11857 = B_SPLINE_CURVE_WITH_KNOTS('',5,(#11858,#11859,#11860,#11861,
    #11862,#11863,#11864,#11865,#11866,#11867,#11868,#11869,#11870,
    #11871,#11872,#11873,#11874,#11875),.UNSPECIFIED.,.F.,.F.,(6,4,4,4,6
    ),(0.,0.145495495497,0.40051740613,0.664314954795,1.),
  .UNSPECIFIED.);
#11858 = CARTESIAN_POINT('',(19.089537109375,18.44244140625));
#11859 = CARTESIAN_POINT('',(19.119174321753,18.414343789321));
#11860 = CARTESIAN_POINT('',(19.147778132152,18.385261694122));
#11861 = CARTESIAN_POINT('',(19.175303278554,18.355212352071));
#11862 = CARTESIAN_POINT('',(19.201712991758,18.324222027458));
#11863 = CARTESIAN_POINT('',(19.271264796108,18.236419259744));
#11864 = CARTESIAN_POINT('',(19.312039873138,18.177726572623));
#11865 = CARTESIAN_POINT('',(19.349147304757,18.116444395025));
#11866 = CARTESIAN_POINT('',(19.382548118785,18.052824633946));
#11867 = CARTESIAN_POINT('',(19.44305082764,17.919220129976));
#11868 = CARTESIAN_POINT('',(19.46989855983,17.849086631481));
#11869 = CARTESIAN_POINT('',(19.492884492458,17.777058839479));
#11870 = CARTESIAN_POINT('',(19.512169002083,17.70343983541));
#11871 = CARTESIAN_POINT('',(19.548024472069,17.53312561149));
#11872 = CARTESIAN_POINT('',(19.562423291449,17.435610623984));
#11873 = CARTESIAN_POINT('',(19.571553248617,17.33647802162));
#11874 = CARTESIAN_POINT('',(19.575900390625,17.236158481583));
#11875 = CARTESIAN_POINT('',(19.575900390625,17.1349453125));
#11876 = ( GEOMETRIC_REPRESENTATION_CONTEXT(2) 
PARAMETRIC_REPRESENTATION_CONTEXT() REPRESENTATION_CONTEXT('2D SPACE',''
  ) );
#11877 = ORIENTED_EDGE('',*,*,#11786,.T.);
#11878 = ORIENTED_EDGE('',*,*,#11061,.T.);
#11879 = ORIENTED_EDGE('',*,*,#11880,.F.);
#11880 = EDGE_CURVE('',#11811,#11062,#11881,.T.);
#11881 = SURFACE_CURVE('',#11882,(#11886,#11893),.PCURVE_S1.);
#11882 = LINE('',#11883,#11884);
#11883 = CARTESIAN_POINT('',(-20.91046289062,3.44244140625,1.45));
#11884 = VECTOR('',#11885,1.);
#11885 = DIRECTION('',(0.,0.,1.));
#11886 = PCURVE('',#11077,#11887);
#11887 = DEFINITIONAL_REPRESENTATION('',(#11888),#11892);
#11888 = LINE('',#11889,#11890);
#11889 = CARTESIAN_POINT('',(1.,0.));
#11890 = VECTOR('',#11891,1.);
#11891 = DIRECTION('',(0.,-1.));
#11892 = ( GEOMETRIC_REPRESENTATION_CONTEXT(2) 
PARAMETRIC_REPRESENTATION_CONTEXT() REPRESENTATION_CONTEXT('2D SPACE',''
  ) );
#11893 = PCURVE('',#11105,#11894);
#11894 = DEFINITIONAL_REPRESENTATION('',(#11895),#11899);
#11895 = LINE('',#11896,#11897);
#11896 = CARTESIAN_POINT('',(0.,0.));
#11897 = VECTOR('',#11898,1.);
#11898 = DIRECTION('',(0.,-1.));
#11899 = ( GEOMETRIC_REPRESENTATION_CONTEXT(2) 
PARAMETRIC_REPRESENTATION_CONTEXT() REPRESENTATION_CONTEXT('2D SPACE',''
  ) );
#11900 = ADVANCED_FACE('',(#11901),#11105,.T.);
#11901 = FACE_BOUND('',#11902,.T.);
#11902 = EDGE_LOOP('',(#11903,#11981,#11982,#11983));
#11903 = ORIENTED_EDGE('',*,*,#11904,.T.);
#11904 = EDGE_CURVE('',#11445,#11811,#11905,.T.);
#11905 = SURFACE_CURVE('',#11906,(#11929,#11955),.PCURVE_S1.);
#11906 = B_SPLINE_CURVE_WITH_KNOTS('',6,(#11907,#11908,#11909,#11910,
    #11911,#11912,#11913,#11914,#11915,#11916,#11917,#11918,#11919,
    #11920,#11921,#11922,#11923,#11924,#11925,#11926,#11927,#11928),
  .UNSPECIFIED.,.F.,.F.,(7,5,5,5,7),(0.,0.396785849229,0.684986930246,
    0.959948120188,1.),.UNSPECIFIED.);
#11907 = CARTESIAN_POINT('',(-22.28743945312,3.9035390625,1.5));
#11908 = CARTESIAN_POINT('',(-22.18394385459,3.9035390625,1.5));
#11909 = CARTESIAN_POINT('',(-22.08123877183,3.899803078321,1.5));
#11910 = CARTESIAN_POINT('',(-21.97953289323,3.891994475302,1.5));
#11911 = CARTESIAN_POINT('',(-21.87911987478,3.879743487602,1.5));
#11912 = CARTESIAN_POINT('',(-21.78037299026,3.862665015338,1.5));
#11913 = CARTESIAN_POINT('',(-21.61353001419,3.824253586906,1.5));
#11914 = CARTESIAN_POINT('',(-21.54444345752,3.805364321521,1.5));
#11915 = CARTESIAN_POINT('',(-21.47664139095,3.783617819243,1.5));
#11916 = CARTESIAN_POINT('',(-21.41031847307,3.758897548819,1.5));
#11917 = CARTESIAN_POINT('',(-21.34568095473,3.731117982068,1.5));
#11918 = CARTESIAN_POINT('',(-21.22307592502,3.67078631026,1.5));
#11919 = CARTESIAN_POINT('',(-21.16493413855,3.638510143803,1.5));
#11920 = CARTESIAN_POINT('',(-21.10869893866,3.60338577241,1.5));
#11921 = CARTESIAN_POINT('',(-21.05454218752,3.565421510651,1.5));
#11922 = CARTESIAN_POINT('',(-21.00261423039,3.524671282068,1.5));
#11923 = CARTESIAN_POINT('',(-20.94581607154,3.474917342666,1.5));
#11924 = CARTESIAN_POINT('',(-20.9386443832,3.468534580475,1.5));
#11925 = CARTESIAN_POINT('',(-20.93152288642,3.462095263527,1.5));
#11926 = CARTESIAN_POINT('',(-20.92445192435,3.455599724956,1.5));
#11927 = CARTESIAN_POINT('',(-20.91743182288,3.44904831605,1.5));
#11928 = CARTESIAN_POINT('',(-20.91046289062,3.44244140625,1.5));
#11929 = PCURVE('',#11105,#11930);
#11930 = DEFINITIONAL_REPRESENTATION('',(#11931),#11954);
#11931 = B_SPLINE_CURVE_WITH_KNOTS('',6,(#11932,#11933,#11934,#11935,
    #11936,#11937,#11938,#11939,#11940,#11941,#11942,#11943,#11944,
    #11945,#11946,#11947,#11948,#11949,#11950,#11951,#11952,#11953),
  .UNSPECIFIED.,.F.,.F.,(7,5,5,5,7),(0.,0.396785849229,0.684986930246,
    0.959948120188,1.),.UNSPECIFIED.);
#11932 = CARTESIAN_POINT('',(1.,-5.E-02));
#11933 = CARTESIAN_POINT('',(0.941896443319,-5.E-02));
#11934 = CARTESIAN_POINT('',(0.882397854891,-5.E-02));
#11935 = CARTESIAN_POINT('',(0.821455704448,-5.E-02));
#11936 = CARTESIAN_POINT('',(0.759052856466,-5.E-02));
#11937 = CARTESIAN_POINT('',(0.695209326334,-5.E-02));
#11938 = CARTESIAN_POINT('',(0.582635915876,-5.E-02));
#11939 = CARTESIAN_POINT('',(0.534552752106,-5.E-02));
#11940 = CARTESIAN_POINT('',(0.485784394922,-5.E-02));
#11941 = CARTESIAN_POINT('',(0.436382771579,-5.E-02));
#11942 = CARTESIAN_POINT('',(0.38642157693,-5.E-02));
#11943 = CARTESIAN_POINT('',(0.287894778664,-5.E-02));
#11944 = CARTESIAN_POINT('',(0.23936715093,-5.E-02));
#11945 = CARTESIAN_POINT('',(0.190508027022,-5.E-02));
#11946 = CARTESIAN_POINT('',(0.141417984621,-5.E-02));
#11947 = CARTESIAN_POINT('',(9.220797014059E-02,-5.E-02));
#11948 = CARTESIAN_POINT('',(3.583218222088E-02,-5.E-02));
#11949 = CARTESIAN_POINT('',(2.866434915806E-02,-5.E-02));
#11950 = CARTESIAN_POINT('',(2.149685817127E-02,-5.E-02));
#11951 = CARTESIAN_POINT('',(1.43300658693E-02,-5.E-02));
#11952 = CARTESIAN_POINT('',(7.16432810993E-03,-5.E-02));
#11953 = CARTESIAN_POINT('',(0.,-5.E-02));
#11954 = ( GEOMETRIC_REPRESENTATION_CONTEXT(2) 
PARAMETRIC_REPRESENTATION_CONTEXT() REPRESENTATION_CONTEXT('2D SPACE',''
  ) );
#11955 = PCURVE('',#11459,#11956);
#11956 = DEFINITIONAL_REPRESENTATION('',(#11957),#11980);
#11957 = B_SPLINE_CURVE_WITH_KNOTS('',6,(#11958,#11959,#11960,#11961,
    #11962,#11963,#11964,#11965,#11966,#11967,#11968,#11969,#11970,
    #11971,#11972,#11973,#11974,#11975,#11976,#11977,#11978,#11979),
  .UNSPECIFIED.,.F.,.F.,(7,5,5,5,7),(0.,0.396785849229,0.684986930246,
    0.959948120188,1.),.UNSPECIFIED.);
#11958 = CARTESIAN_POINT('',(17.712560546875,18.9035390625));
#11959 = CARTESIAN_POINT('',(17.81605614541,18.9035390625));
#11960 = CARTESIAN_POINT('',(17.918761228161,18.899803078321));
#11961 = CARTESIAN_POINT('',(18.020467106769,18.891994475302));
#11962 = CARTESIAN_POINT('',(18.120880125213,18.879743487602));
#11963 = CARTESIAN_POINT('',(18.219627009737,18.862665015338));
#11964 = CARTESIAN_POINT('',(18.386469985804,18.824253586906));
#11965 = CARTESIAN_POINT('',(18.455556542476,18.805364321521));
#11966 = CARTESIAN_POINT('',(18.523358609048,18.783617819243));
#11967 = CARTESIAN_POINT('',(18.589681526925,18.758897548819));
#11968 = CARTESIAN_POINT('',(18.654319045269,18.731117982068));
#11969 = CARTESIAN_POINT('',(18.776924074971,18.67078631026));
#11970 = CARTESIAN_POINT('',(18.835065861447,18.638510143803));
#11971 = CARTESIAN_POINT('',(18.891301061332,18.60338577241));
#11972 = CARTESIAN_POINT('',(18.945457812473,18.565421510651));
#11973 = CARTESIAN_POINT('',(18.997385769609,18.524671282068));
#11974 = CARTESIAN_POINT('',(19.054183928455,18.474917342666));
#11975 = CARTESIAN_POINT('',(19.061355616798,18.468534580475));
#11976 = CARTESIAN_POINT('',(19.068477113573,18.462095263527));
#11977 = CARTESIAN_POINT('',(19.075548075642,18.455599724956));
#11978 = CARTESIAN_POINT('',(19.08256817712,18.44904831605));
#11979 = CARTESIAN_POINT('',(19.089537109375,18.44244140625));
#11980 = ( GEOMETRIC_REPRESENTATION_CONTEXT(2) 
PARAMETRIC_REPRESENTATION_CONTEXT() REPRESENTATION_CONTEXT('2D SPACE',''
  ) );
#11981 = ORIENTED_EDGE('',*,*,#11880,.T.);
#11982 = ORIENTED_EDGE('',*,*,#11091,.T.);
#11983 = ORIENTED_EDGE('',*,*,#11470,.F.);
#11984 = ADVANCED_FACE('',(#11985),#11173,.T.);
#11985 = FACE_BOUND('',#11986,.T.);
#11986 = EDGE_LOOP('',(#11987,#12015,#12036,#12037));
#11987 = ORIENTED_EDGE('',*,*,#11988,.T.);
#11988 = EDGE_CURVE('',#11989,#11991,#11993,.T.);
#11989 = VERTEX_POINT('',#11990);
#11990 = CARTESIAN_POINT('',(-7.917615234375,3.9035390625,1.5));
#11991 = VERTEX_POINT('',#11992);
#11992 = CARTESIAN_POINT('',(-6.313248046875,3.9035390625,1.5));
#11993 = SURFACE_CURVE('',#11994,(#11998,#12004),.PCURVE_S1.);
#11994 = LINE('',#11995,#11996);
#11995 = CARTESIAN_POINT('',(-23.15662402343,3.9035390625,1.5));
#11996 = VECTOR('',#11997,1.);
#11997 = DIRECTION('',(1.,0.,-0.));
#11998 = PCURVE('',#11173,#11999);
#11999 = DEFINITIONAL_REPRESENTATION('',(#12000),#12003);
#12000 = B_SPLINE_CURVE_WITH_KNOTS('',1,(#12001,#12002),.UNSPECIFIED.,
  .F.,.F.,(2,2),(15.239008789063,16.843375976563),
  .PIECEWISE_BEZIER_KNOTS.);
#12001 = CARTESIAN_POINT('',(1.6043671875,-5.E-02));
#12002 = CARTESIAN_POINT('',(0.,-5.E-02));
#12003 = ( GEOMETRIC_REPRESENTATION_CONTEXT(2) 
PARAMETRIC_REPRESENTATION_CONTEXT() REPRESENTATION_CONTEXT('2D SPACE',''
  ) );
#12004 = PCURVE('',#12005,#12010);
#12005 = PLANE('',#12006);
#12006 = AXIS2_PLACEMENT_3D('',#12007,#12008,#12009);
#12007 = CARTESIAN_POINT('',(-40.,-15.,1.5));
#12008 = DIRECTION('',(0.,0.,1.));
#12009 = DIRECTION('',(1.,0.,0.));
#12010 = DEFINITIONAL_REPRESENTATION('',(#12011),#12014);
#12011 = B_SPLINE_CURVE_WITH_KNOTS('',1,(#12012,#12013),.UNSPECIFIED.,
  .F.,.F.,(2,2),(15.239008789063,16.843375976563),
  .PIECEWISE_BEZIER_KNOTS.);
#12012 = CARTESIAN_POINT('',(32.082384765625,18.9035390625));
#12013 = CARTESIAN_POINT('',(33.686751953125,18.9035390625));
#12014 = ( GEOMETRIC_REPRESENTATION_CONTEXT(2) 
PARAMETRIC_REPRESENTATION_CONTEXT() REPRESENTATION_CONTEXT('2D SPACE',''
  ) );
#12015 = ORIENTED_EDGE('',*,*,#12016,.T.);
#12016 = EDGE_CURVE('',#11991,#11156,#12017,.T.);
#12017 = SURFACE_CURVE('',#12018,(#12022,#12029),.PCURVE_S1.);
#12018 = LINE('',#12019,#12020);
#12019 = CARTESIAN_POINT('',(-6.313248046875,3.9035390625,1.45));
#12020 = VECTOR('',#12021,1.);
#12021 = DIRECTION('',(0.,0.,1.));
#12022 = PCURVE('',#11173,#12023);
#12023 = DEFINITIONAL_REPRESENTATION('',(#12024),#12028);
#12024 = LINE('',#12025,#12026);
#12025 = CARTESIAN_POINT('',(0.,-0.));
#12026 = VECTOR('',#12027,1.);
#12027 = DIRECTION('',(0.,-1.));
#12028 = ( GEOMETRIC_REPRESENTATION_CONTEXT(2) 
PARAMETRIC_REPRESENTATION_CONTEXT() REPRESENTATION_CONTEXT('2D SPACE',''
  ) );
#12029 = PCURVE('',#11345,#12030);
#12030 = DEFINITIONAL_REPRESENTATION('',(#12031),#12035);
#12031 = LINE('',#12032,#12033);
#12032 = CARTESIAN_POINT('',(1.,0.));
#12033 = VECTOR('',#12034,1.);
#12034 = DIRECTION('',(0.,-1.));
#12035 = ( GEOMETRIC_REPRESENTATION_CONTEXT(2) 
PARAMETRIC_REPRESENTATION_CONTEXT() REPRESENTATION_CONTEXT('2D SPACE',''
  ) );
#12036 = ORIENTED_EDGE('',*,*,#11155,.T.);
#12037 = ORIENTED_EDGE('',*,*,#12038,.F.);
#12038 = EDGE_CURVE('',#11989,#11158,#12039,.T.);
#12039 = SURFACE_CURVE('',#12040,(#12044,#12051),.PCURVE_S1.);
#12040 = LINE('',#12041,#12042);
#12041 = CARTESIAN_POINT('',(-7.917615234375,3.9035390625,1.45));
#12042 = VECTOR('',#12043,1.);
#12043 = DIRECTION('',(0.,0.,1.));
#12044 = PCURVE('',#11173,#12045);
#12045 = DEFINITIONAL_REPRESENTATION('',(#12046),#12050);
#12046 = LINE('',#12047,#12048);
#12047 = CARTESIAN_POINT('',(1.6043671875,0.));
#12048 = VECTOR('',#12049,1.);
#12049 = DIRECTION('',(0.,-1.));
#12050 = ( GEOMETRIC_REPRESENTATION_CONTEXT(2) 
PARAMETRIC_REPRESENTATION_CONTEXT() REPRESENTATION_CONTEXT('2D SPACE',''
  ) );
#12051 = PCURVE('',#11201,#12052);
#12052 = DEFINITIONAL_REPRESENTATION('',(#12053),#12057);
#12053 = LINE('',#12054,#12055);
#12054 = CARTESIAN_POINT('',(0.,0.));
#12055 = VECTOR('',#12056,1.);
#12056 = DIRECTION('',(0.,-1.));
#12057 = ( GEOMETRIC_REPRESENTATION_CONTEXT(2) 
PARAMETRIC_REPRESENTATION_CONTEXT() REPRESENTATION_CONTEXT('2D SPACE',''
  ) );
#12058 = ADVANCED_FACE('',(#12059),#11201,.T.);
#12059 = FACE_BOUND('',#12060,.T.);
#12060 = EDGE_LOOP('',(#12061,#12082,#12083,#12084));
#12061 = ORIENTED_EDGE('',*,*,#12062,.T.);
#12062 = EDGE_CURVE('',#12063,#11989,#12065,.T.);
#12063 = VERTEX_POINT('',#12064);
#12064 = CARTESIAN_POINT('',(-7.917615234375,0.55584375,1.5));
#12065 = SURFACE_CURVE('',#12066,(#12070,#12076),.PCURVE_S1.);
#12066 = LINE('',#12067,#12068);
#12067 = CARTESIAN_POINT('',(-7.917615234375,-5.54823046875,1.5));
#12068 = VECTOR('',#12069,1.);
#12069 = DIRECTION('',(0.,1.,0.));
#12070 = PCURVE('',#11201,#12071);
#12071 = DEFINITIONAL_REPRESENTATION('',(#12072),#12075);
#12072 = B_SPLINE_CURVE_WITH_KNOTS('',1,(#12073,#12074),.UNSPECIFIED.,
  .F.,.F.,(2,2),(6.10407421875,9.45176953125),.PIECEWISE_BEZIER_KNOTS.);
#12073 = CARTESIAN_POINT('',(3.3476953125,-5.E-02));
#12074 = CARTESIAN_POINT('',(0.,-5.E-02));
#12075 = ( GEOMETRIC_REPRESENTATION_CONTEXT(2) 
PARAMETRIC_REPRESENTATION_CONTEXT() REPRESENTATION_CONTEXT('2D SPACE',''
  ) );
#12076 = PCURVE('',#12005,#12077);
#12077 = DEFINITIONAL_REPRESENTATION('',(#12078),#12081);
#12078 = B_SPLINE_CURVE_WITH_KNOTS('',1,(#12079,#12080),.UNSPECIFIED.,
  .F.,.F.,(2,2),(6.10407421875,9.45176953125),.PIECEWISE_BEZIER_KNOTS.);
#12079 = CARTESIAN_POINT('',(32.082384765625,15.55584375));
#12080 = CARTESIAN_POINT('',(32.082384765625,18.9035390625));
#12081 = ( GEOMETRIC_REPRESENTATION_CONTEXT(2) 
PARAMETRIC_REPRESENTATION_CONTEXT() REPRESENTATION_CONTEXT('2D SPACE',''
  ) );
#12082 = ORIENTED_EDGE('',*,*,#12038,.T.);
#12083 = ORIENTED_EDGE('',*,*,#11185,.T.);
#12084 = ORIENTED_EDGE('',*,*,#12085,.F.);
#12085 = EDGE_CURVE('',#12063,#11186,#12086,.T.);
#12086 = SURFACE_CURVE('',#12087,(#12091,#12098),.PCURVE_S1.);
#12087 = LINE('',#12088,#12089);
#12088 = CARTESIAN_POINT('',(-7.917615234375,0.55584375,1.45));
#12089 = VECTOR('',#12090,1.);
#12090 = DIRECTION('',(0.,0.,1.));
#12091 = PCURVE('',#11201,#12092);
#12092 = DEFINITIONAL_REPRESENTATION('',(#12093),#12097);
#12093 = LINE('',#12094,#12095);
#12094 = CARTESIAN_POINT('',(3.3476953125,0.));
#12095 = VECTOR('',#12096,1.);
#12096 = DIRECTION('',(0.,-1.));
#12097 = ( GEOMETRIC_REPRESENTATION_CONTEXT(2) 
PARAMETRIC_REPRESENTATION_CONTEXT() REPRESENTATION_CONTEXT('2D SPACE',''
  ) );
#12098 = PCURVE('',#11229,#12099);
#12099 = DEFINITIONAL_REPRESENTATION('',(#12100),#12104);
#12100 = LINE('',#12101,#12102);
#12101 = CARTESIAN_POINT('',(0.,0.));
#12102 = VECTOR('',#12103,1.);
#12103 = DIRECTION('',(0.,-1.));
#12104 = ( GEOMETRIC_REPRESENTATION_CONTEXT(2) 
PARAMETRIC_REPRESENTATION_CONTEXT() REPRESENTATION_CONTEXT('2D SPACE',''
  ) );
#12105 = ADVANCED_FACE('',(#12106),#11229,.T.);
#12106 = FACE_BOUND('',#12107,.T.);
#12107 = EDGE_LOOP('',(#12108,#12129,#12130,#12131));
#12108 = ORIENTED_EDGE('',*,*,#12109,.T.);
#12109 = EDGE_CURVE('',#12110,#12063,#12112,.T.);
#12110 = VERTEX_POINT('',#12111);
#12111 = CARTESIAN_POINT('',(-6.313248046875,0.55584375,1.5));
#12112 = SURFACE_CURVE('',#12113,(#12117,#12123),.PCURVE_S1.);
#12113 = LINE('',#12114,#12115);
#12114 = CARTESIAN_POINT('',(-23.95880761718,0.55584375,1.5));
#12115 = VECTOR('',#12116,1.);
#12116 = DIRECTION('',(-1.,0.,0.));
#12117 = PCURVE('',#11229,#12118);
#12118 = DEFINITIONAL_REPRESENTATION('',(#12119),#12122);
#12119 = B_SPLINE_CURVE_WITH_KNOTS('',1,(#12120,#12121),.UNSPECIFIED.,
  .F.,.F.,(2,2),(-17.64555957031,-16.04119238281),
  .PIECEWISE_BEZIER_KNOTS.);
#12120 = CARTESIAN_POINT('',(1.6043671875,-5.E-02));
#12121 = CARTESIAN_POINT('',(0.,-5.E-02));
#12122 = ( GEOMETRIC_REPRESENTATION_CONTEXT(2) 
PARAMETRIC_REPRESENTATION_CONTEXT() REPRESENTATION_CONTEXT('2D SPACE',''
  ) );
#12123 = PCURVE('',#12005,#12124);
#12124 = DEFINITIONAL_REPRESENTATION('',(#12125),#12128);
#12125 = B_SPLINE_CURVE_WITH_KNOTS('',1,(#12126,#12127),.UNSPECIFIED.,
  .F.,.F.,(2,2),(-17.64555957031,-16.04119238281),
  .PIECEWISE_BEZIER_KNOTS.);
#12126 = CARTESIAN_POINT('',(33.686751953125,15.55584375));
#12127 = CARTESIAN_POINT('',(32.082384765625,15.55584375));
#12128 = ( GEOMETRIC_REPRESENTATION_CONTEXT(2) 
PARAMETRIC_REPRESENTATION_CONTEXT() REPRESENTATION_CONTEXT('2D SPACE',''
  ) );
#12129 = ORIENTED_EDGE('',*,*,#12085,.T.);
#12130 = ORIENTED_EDGE('',*,*,#11213,.T.);
#12131 = ORIENTED_EDGE('',*,*,#12132,.F.);
#12132 = EDGE_CURVE('',#12110,#11214,#12133,.T.);
#12133 = SURFACE_CURVE('',#12134,(#12138,#12145),.PCURVE_S1.);
#12134 = LINE('',#12135,#12136);
#12135 = CARTESIAN_POINT('',(-6.313248046875,0.55584375,1.45));
#12136 = VECTOR('',#12137,1.);
#12137 = DIRECTION('',(0.,0.,1.));
#12138 = PCURVE('',#11229,#12139);
#12139 = DEFINITIONAL_REPRESENTATION('',(#12140),#12144);
#12140 = LINE('',#12141,#12142);
#12141 = CARTESIAN_POINT('',(1.6043671875,0.));
#12142 = VECTOR('',#12143,1.);
#12143 = DIRECTION('',(0.,-1.));
#12144 = ( GEOMETRIC_REPRESENTATION_CONTEXT(2) 
PARAMETRIC_REPRESENTATION_CONTEXT() REPRESENTATION_CONTEXT('2D SPACE',''
  ) );
#12145 = PCURVE('',#11257,#12146);
#12146 = DEFINITIONAL_REPRESENTATION('',(#12147),#12151);
#12147 = LINE('',#12148,#12149);
#12148 = CARTESIAN_POINT('',(0.,0.));
#12149 = VECTOR('',#12150,1.);
#12150 = DIRECTION('',(0.,-1.));
#12151 = ( GEOMETRIC_REPRESENTATION_CONTEXT(2) 
PARAMETRIC_REPRESENTATION_CONTEXT() REPRESENTATION_CONTEXT('2D SPACE',''
  ) );
#12152 = ADVANCED_FACE('',(#12153),#11257,.T.);
#12153 = FACE_BOUND('',#12154,.T.);
#12154 = EDGE_LOOP('',(#12155,#12220,#12221,#12222));
#12155 = ORIENTED_EDGE('',*,*,#12156,.T.);
#12156 = EDGE_CURVE('',#12157,#12110,#12159,.T.);
#12157 = VERTEX_POINT('',#12158);
#12158 = CARTESIAN_POINT('',(-4.92048046875,0.982201171875,1.5));
#12159 = SURFACE_CURVE('',#12160,(#12178,#12199),.PCURVE_S1.);
#12160 = B_SPLINE_CURVE_WITH_KNOTS('',6,(#12161,#12162,#12163,#12164,
    #12165,#12166,#12167,#12168,#12169,#12170,#12171,#12172,#12173,
    #12174,#12175,#12176,#12177),.UNSPECIFIED.,.F.,.F.,(7,5,5,7),(0.,
    0.254481535895,0.521151511534,1.),.UNSPECIFIED.);
#12161 = CARTESIAN_POINT('',(-4.92048046875,0.982201171875,1.5));
#12162 = CARTESIAN_POINT('',(-4.964859149608,0.941992299957,1.5));
#12163 = CARTESIAN_POINT('',(-5.011531615255,0.904164004464,1.5));
#12164 = CARTESIAN_POINT('',(-5.060365879157,0.868791879322,1.5));
#12165 = CARTESIAN_POINT('',(-5.111206056941,0.835901380273,1.5));
#12166 = CARTESIAN_POINT('',(-5.163881275578,0.805478729216,1.5));
#12167 = CARTESIAN_POINT('',(-5.275150193226,0.748143990712,1.5));
#12168 = CARTESIAN_POINT('',(-5.333909512254,0.721468423133,1.5));
#12169 = CARTESIAN_POINT('',(-5.394295186347,0.69740307218,1.5));
#12170 = CARTESIAN_POINT('',(-5.456115213586,0.675859688358,1.5));
#12171 = CARTESIAN_POINT('',(-5.519191725701,0.656728708292,1.5));
#12172 = CARTESIAN_POINT('',(-5.69861168911,0.60966500546,1.5));
#12173 = CARTESIAN_POINT('',(-5.817382274599,0.586846135794,1.5));
#12174 = CARTESIAN_POINT('',(-5.93883166526,0.570742357958,1.5));
#12175 = CARTESIAN_POINT('',(-6.062262002555,0.560625136198,1.5));
#12176 = CARTESIAN_POINT('',(-6.187168946959,0.55584375,1.5));
#12177 = CARTESIAN_POINT('',(-6.313248046875,0.55584375,1.5));
#12178 = PCURVE('',#11257,#12179);
#12179 = DEFINITIONAL_REPRESENTATION('',(#12180),#12198);
#12180 = B_SPLINE_CURVE_WITH_KNOTS('',6,(#12181,#12182,#12183,#12184,
    #12185,#12186,#12187,#12188,#12189,#12190,#12191,#12192,#12193,
    #12194,#12195,#12196,#12197),.UNSPECIFIED.,.F.,.F.,(7,5,5,7),(0.,
    0.254481535895,0.521151511534,1.),.UNSPECIFIED.);
#12181 = CARTESIAN_POINT('',(1.,-5.E-02));
#12182 = CARTESIAN_POINT('',(0.952846051394,-5.E-02));
#12183 = CARTESIAN_POINT('',(0.905815646482,-5.E-02));
#12184 = CARTESIAN_POINT('',(0.859023760962,-5.E-02));
#12185 = CARTESIAN_POINT('',(0.812569532513,-5.E-02));
#12186 = CARTESIAN_POINT('',(0.766537692885,-5.E-02));
#12187 = CARTESIAN_POINT('',(0.673281270979,-5.E-02));
#12188 = CARTESIAN_POINT('',(0.626102728753,-5.E-02));
#12189 = CARTESIAN_POINT('',(0.57954148584,-5.E-02));
#12190 = CARTESIAN_POINT('',(0.533650959787,-5.E-02));
#12191 = CARTESIAN_POINT('',(0.488464664238,-5.E-02));
#12192 = CARTESIAN_POINT('',(0.364156601021,-5.E-02));
#12193 = CARTESIAN_POINT('',(0.286655835982,-5.E-02));
#12194 = CARTESIAN_POINT('',(0.211559235205,-5.E-02));
#12195 = CARTESIAN_POINT('',(0.138826758525,-5.E-02));
#12196 = CARTESIAN_POINT('',(6.835813314536E-02,-5.E-02));
#12197 = CARTESIAN_POINT('',(0.,-5.E-02));
#12198 = ( GEOMETRIC_REPRESENTATION_CONTEXT(2) 
PARAMETRIC_REPRESENTATION_CONTEXT() REPRESENTATION_CONTEXT('2D SPACE',''
  ) );
#12199 = PCURVE('',#12005,#12200);
#12200 = DEFINITIONAL_REPRESENTATION('',(#12201),#12219);
#12201 = B_SPLINE_CURVE_WITH_KNOTS('',6,(#12202,#12203,#12204,#12205,
    #12206,#12207,#12208,#12209,#12210,#12211,#12212,#12213,#12214,
    #12215,#12216,#12217,#12218),.UNSPECIFIED.,.F.,.F.,(7,5,5,7),(0.,
    0.254481535895,0.521151511534,1.),.UNSPECIFIED.);
#12202 = CARTESIAN_POINT('',(35.07951953125,15.982201171875));
#12203 = CARTESIAN_POINT('',(35.035140850392,15.941992299957));
#12204 = CARTESIAN_POINT('',(34.988468384745,15.904164004464));
#12205 = CARTESIAN_POINT('',(34.939634120843,15.868791879322));
#12206 = CARTESIAN_POINT('',(34.888793943059,15.835901380273));
#12207 = CARTESIAN_POINT('',(34.836118724422,15.805478729216));
#12208 = CARTESIAN_POINT('',(34.724849806774,15.748143990712));
#12209 = CARTESIAN_POINT('',(34.666090487746,15.721468423133));
#12210 = CARTESIAN_POINT('',(34.605704813653,15.69740307218));
#12211 = CARTESIAN_POINT('',(34.543884786414,15.675859688358));
#12212 = CARTESIAN_POINT('',(34.480808274299,15.656728708292));
#12213 = CARTESIAN_POINT('',(34.30138831089,15.60966500546));
#12214 = CARTESIAN_POINT('',(34.182617725401,15.586846135794));
#12215 = CARTESIAN_POINT('',(34.06116833474,15.570742357958));
#12216 = CARTESIAN_POINT('',(33.937737997445,15.560625136198));
#12217 = CARTESIAN_POINT('',(33.812831053041,15.55584375));
#12218 = CARTESIAN_POINT('',(33.686751953125,15.55584375));
#12219 = ( GEOMETRIC_REPRESENTATION_CONTEXT(2) 
PARAMETRIC_REPRESENTATION_CONTEXT() REPRESENTATION_CONTEXT('2D SPACE',''
  ) );
#12220 = ORIENTED_EDGE('',*,*,#12132,.T.);
#12221 = ORIENTED_EDGE('',*,*,#11241,.T.);
#12222 = ORIENTED_EDGE('',*,*,#12223,.F.);
#12223 = EDGE_CURVE('',#12157,#11242,#12224,.T.);
#12224 = SURFACE_CURVE('',#12225,(#12229,#12236),.PCURVE_S1.);
#12225 = LINE('',#12226,#12227);
#12226 = CARTESIAN_POINT('',(-4.92048046875,0.982201171875,1.45));
#12227 = VECTOR('',#12228,1.);
#12228 = DIRECTION('',(0.,0.,1.));
#12229 = PCURVE('',#11257,#12230);
#12230 = DEFINITIONAL_REPRESENTATION('',(#12231),#12235);
#12231 = LINE('',#12232,#12233);
#12232 = CARTESIAN_POINT('',(1.,0.));
#12233 = VECTOR('',#12234,1.);
#12234 = DIRECTION('',(0.,-1.));
#12235 = ( GEOMETRIC_REPRESENTATION_CONTEXT(2) 
PARAMETRIC_REPRESENTATION_CONTEXT() REPRESENTATION_CONTEXT('2D SPACE',''
  ) );
#12236 = PCURVE('',#11287,#12237);
#12237 = DEFINITIONAL_REPRESENTATION('',(#12238),#12242);
#12238 = LINE('',#12239,#12240);
#12239 = CARTESIAN_POINT('',(0.,0.));
#12240 = VECTOR('',#12241,1.);
#12241 = DIRECTION('',(0.,-1.));
#12242 = ( GEOMETRIC_REPRESENTATION_CONTEXT(2) 
PARAMETRIC_REPRESENTATION_CONTEXT() REPRESENTATION_CONTEXT('2D SPACE',''
  ) );
#12243 = ADVANCED_FACE('',(#12244),#11287,.T.);
#12244 = FACE_BOUND('',#12245,.T.);
#12245 = EDGE_LOOP('',(#12246,#12314,#12315,#12316));
#12246 = ORIENTED_EDGE('',*,*,#12247,.T.);
#12247 = EDGE_CURVE('',#12248,#12157,#12250,.T.);
#12248 = VERTEX_POINT('',#12249);
#12249 = CARTESIAN_POINT('',(-4.449908203125,2.2360078125,1.5));
#12250 = SURFACE_CURVE('',#12251,(#12270,#12292),.PCURVE_S1.);
#12251 = B_SPLINE_CURVE_WITH_KNOTS('',5,(#12252,#12253,#12254,#12255,
    #12256,#12257,#12258,#12259,#12260,#12261,#12262,#12263,#12264,
    #12265,#12266,#12267,#12268,#12269),.UNSPECIFIED.,.F.,.F.,(6,4,4,4,6
    ),(0.,0.353145576915,0.620033262526,0.875371939619,1.),
  .UNSPECIFIED.);
#12252 = CARTESIAN_POINT('',(-4.449908203125,2.2360078125,1.5));
#12253 = CARTESIAN_POINT('',(-4.449908203125,2.132869058885,1.5));
#12254 = CARTESIAN_POINT('',(-4.454478269554,2.030776969001,1.5));
#12255 = CARTESIAN_POINT('',(-4.464119722287,1.930065256922,1.5));
#12256 = CARTESIAN_POINT('',(-4.479409802683,1.831247006888,1.5));
#12257 = CARTESIAN_POINT('',(-4.517041742294,1.662193073972,1.5));
#12258 = CARTESIAN_POINT('',(-4.536748387161,1.590873274133,1.5));
#12259 = CARTESIAN_POINT('',(-4.560171821158,1.521286639659,1.5));
#12260 = CARTESIAN_POINT('',(-4.587486633657,1.453763397122,1.5));
#12261 = CARTESIAN_POINT('',(-4.648660514398,1.326326437038,1.5));
#12262 = CARTESIAN_POINT('',(-4.682187468768,1.266204878218,1.5));
#12263 = CARTESIAN_POINT('',(-4.719377282483,1.208570784195,1.5));
#12264 = CARTESIAN_POINT('',(-4.760187484612,1.153686192146,1.5));
#12265 = CARTESIAN_POINT('',(-4.826052036265,1.076397757598,1.5));
#12266 = CARTESIAN_POINT('',(-4.848478312261,1.051748491679,1.5));
#12267 = CARTESIAN_POINT('',(-4.871708522005,1.027822422022,1.5));
#12268 = CARTESIAN_POINT('',(-4.895718821149,1.004636221715,1.5));
#12269 = CARTESIAN_POINT('',(-4.92048046875,0.982201171875,1.5));
#12270 = PCURVE('',#11287,#12271);
#12271 = DEFINITIONAL_REPRESENTATION('',(#12272),#12291);
#12272 = B_SPLINE_CURVE_WITH_KNOTS('',5,(#12273,#12274,#12275,#12276,
    #12277,#12278,#12279,#12280,#12281,#12282,#12283,#12284,#12285,
    #12286,#12287,#12288,#12289,#12290),.UNSPECIFIED.,.F.,.F.,(6,4,4,4,6
    ),(0.,0.353145576915,0.620033262526,0.875371939619,1.),
  .UNSPECIFIED.);
#12273 = CARTESIAN_POINT('',(1.,-5.E-02));
#12274 = CARTESIAN_POINT('',(0.937676686812,-5.E-02));
#12275 = CARTESIAN_POINT('',(0.87363204274,-5.E-02));
#12276 = CARTESIAN_POINT('',(0.807809517236,-5.E-02));
#12277 = CARTESIAN_POINT('',(0.7402218441,-5.E-02));
#12278 = CARTESIAN_POINT('',(0.618685999844,-5.E-02));
#12279 = CARTESIAN_POINT('',(0.565439989844,-5.E-02));
#12280 = CARTESIAN_POINT('',(0.511326956179,-5.E-02));
#12281 = CARTESIAN_POINT('',(0.45645652219,-5.E-02));
#12282 = CARTESIAN_POINT('',(0.347943243261,-5.E-02));
#12283 = CARTESIAN_POINT('',(0.294345860717,-5.E-02));
#12284 = CARTESIAN_POINT('',(0.240365028855,-5.E-02));
#12285 = CARTESIAN_POINT('',(0.186180962499,-5.E-02));
#12286 = CARTESIAN_POINT('',(0.10555485529,-5.E-02));
#12287 = CARTESIAN_POINT('',(7.910955889263E-02,-5.E-02));
#12288 = CARTESIAN_POINT('',(5.26872029606E-02,-5.E-02));
#12289 = CARTESIAN_POINT('',(2.631014342564E-02,-5.E-02));
#12290 = CARTESIAN_POINT('',(0.,-5.E-02));
#12291 = ( GEOMETRIC_REPRESENTATION_CONTEXT(2) 
PARAMETRIC_REPRESENTATION_CONTEXT() REPRESENTATION_CONTEXT('2D SPACE',''
  ) );
#12292 = PCURVE('',#12005,#12293);
#12293 = DEFINITIONAL_REPRESENTATION('',(#12294),#12313);
#12294 = B_SPLINE_CURVE_WITH_KNOTS('',5,(#12295,#12296,#12297,#12298,
    #12299,#12300,#12301,#12302,#12303,#12304,#12305,#12306,#12307,
    #12308,#12309,#12310,#12311,#12312),.UNSPECIFIED.,.F.,.F.,(6,4,4,4,6
    ),(0.,0.353145576915,0.620033262526,0.875371939619,1.),
  .UNSPECIFIED.);
#12295 = CARTESIAN_POINT('',(35.550091796875,17.2360078125));
#12296 = CARTESIAN_POINT('',(35.550091796875,17.132869058885));
#12297 = CARTESIAN_POINT('',(35.545521730446,17.030776969001));
#12298 = CARTESIAN_POINT('',(35.535880277713,16.930065256922));
#12299 = CARTESIAN_POINT('',(35.520590197317,16.831247006888));
#12300 = CARTESIAN_POINT('',(35.482958257706,16.662193073972));
#12301 = CARTESIAN_POINT('',(35.463251612839,16.590873274133));
#12302 = CARTESIAN_POINT('',(35.439828178842,16.521286639659));
#12303 = CARTESIAN_POINT('',(35.412513366343,16.453763397122));
#12304 = CARTESIAN_POINT('',(35.351339485602,16.326326437038));
#12305 = CARTESIAN_POINT('',(35.317812531232,16.266204878218));
#12306 = CARTESIAN_POINT('',(35.280622717517,16.208570784195));
#12307 = CARTESIAN_POINT('',(35.239812515388,16.153686192146));
#12308 = CARTESIAN_POINT('',(35.173947963735,16.076397757598));
#12309 = CARTESIAN_POINT('',(35.151521687739,16.051748491679));
#12310 = CARTESIAN_POINT('',(35.128291477995,16.027822422022));
#12311 = CARTESIAN_POINT('',(35.104281178851,16.004636221715));
#12312 = CARTESIAN_POINT('',(35.07951953125,15.982201171875));
#12313 = ( GEOMETRIC_REPRESENTATION_CONTEXT(2) 
PARAMETRIC_REPRESENTATION_CONTEXT() REPRESENTATION_CONTEXT('2D SPACE',''
  ) );
#12314 = ORIENTED_EDGE('',*,*,#12223,.T.);
#12315 = ORIENTED_EDGE('',*,*,#11271,.T.);
#12316 = ORIENTED_EDGE('',*,*,#12317,.F.);
#12317 = EDGE_CURVE('',#12248,#11272,#12318,.T.);
#12318 = SURFACE_CURVE('',#12319,(#12323,#12330),.PCURVE_S1.);
#12319 = LINE('',#12320,#12321);
#12320 = CARTESIAN_POINT('',(-4.449908203125,2.2360078125,1.45));
#12321 = VECTOR('',#12322,1.);
#12322 = DIRECTION('',(0.,0.,1.));
#12323 = PCURVE('',#11287,#12324);
#12324 = DEFINITIONAL_REPRESENTATION('',(#12325),#12329);
#12325 = LINE('',#12326,#12327);
#12326 = CARTESIAN_POINT('',(1.,0.));
#12327 = VECTOR('',#12328,1.);
#12328 = DIRECTION('',(0.,-1.));
#12329 = ( GEOMETRIC_REPRESENTATION_CONTEXT(2) 
PARAMETRIC_REPRESENTATION_CONTEXT() REPRESENTATION_CONTEXT('2D SPACE',''
  ) );
#12330 = PCURVE('',#11317,#12331);
#12331 = DEFINITIONAL_REPRESENTATION('',(#12332),#12336);
#12332 = LINE('',#12333,#12334);
#12333 = CARTESIAN_POINT('',(0.,0.));
#12334 = VECTOR('',#12335,1.);
#12335 = DIRECTION('',(0.,-1.));
#12336 = ( GEOMETRIC_REPRESENTATION_CONTEXT(2) 
PARAMETRIC_REPRESENTATION_CONTEXT() REPRESENTATION_CONTEXT('2D SPACE',''
  ) );
#12337 = ADVANCED_FACE('',(#12338),#11317,.T.);
#12338 = FACE_BOUND('',#12339,.T.);
#12339 = EDGE_LOOP('',(#12340,#12408,#12409,#12410));
#12340 = ORIENTED_EDGE('',*,*,#12341,.T.);
#12341 = EDGE_CURVE('',#12342,#12248,#12344,.T.);
#12342 = VERTEX_POINT('',#12343);
#12343 = CARTESIAN_POINT('',(-4.92048046875,3.483498046875,1.5));
#12344 = SURFACE_CURVE('',#12345,(#12364,#12386),.PCURVE_S1.);
#12345 = B_SPLINE_CURVE_WITH_KNOTS('',5,(#12346,#12347,#12348,#12349,
    #12350,#12351,#12352,#12353,#12354,#12355,#12356,#12357,#12358,
    #12359,#12360,#12361,#12362,#12363),.UNSPECIFIED.,.F.,.F.,(6,4,4,4,6
    ),(0.,0.122545947825,0.378486771123,0.644259687849,1.),
  .UNSPECIFIED.);
#12346 = CARTESIAN_POINT('',(-4.92048046875,3.483498046875,1.5));
#12347 = CARTESIAN_POINT('',(-4.896093198818,3.461729544184,1.5));
#12348 = CARTESIAN_POINT('',(-4.87243437296,3.439222331377,1.5));
#12349 = CARTESIAN_POINT('',(-4.849531921679,3.415987159085,1.5));
#12350 = CARTESIAN_POINT('',(-4.827409072701,3.392040027061,1.5));
#12351 = CARTESIAN_POINT('',(-4.761547041244,3.315945323278,1.5));
#12352 = CARTESIAN_POINT('',(-4.720487788549,3.261471996628,1.5));
#12353 = CARTESIAN_POINT('',(-4.683082353583,3.204183461194,1.5));
#12354 = CARTESIAN_POINT('',(-4.649374022605,3.144349718202,1.5));
#12355 = CARTESIAN_POINT('',(-4.588099652649,3.017825683595,1.5));
#12356 = CARTESIAN_POINT('',(-4.560816807451,2.950954701229,1.5));
#12357 = CARTESIAN_POINT('',(-4.537406819924,2.882002647648,1.5));
#12358 = CARTESIAN_POINT('',(-4.517692752043,2.81130308971,1.5));
#12359 = CARTESIAN_POINT('',(-4.479742951706,2.642556173437,1.5));
#12360 = CARTESIAN_POINT('',(-4.464267840762,2.543356439887,1.5));
#12361 = CARTESIAN_POINT('',(-4.454522601609,2.442208794859,1.5));
#12362 = CARTESIAN_POINT('',(-4.449908203125,2.339645231734,1.5));
#12363 = CARTESIAN_POINT('',(-4.449908203125,2.2360078125,1.5));
#12364 = PCURVE('',#11317,#12365);
#12365 = DEFINITIONAL_REPRESENTATION('',(#12366),#12385);
#12366 = B_SPLINE_CURVE_WITH_KNOTS('',5,(#12367,#12368,#12369,#12370,
    #12371,#12372,#12373,#12374,#12375,#12376,#12377,#12378,#12379,
    #12380,#12381,#12382,#12383,#12384),.UNSPECIFIED.,.F.,.F.,(6,4,4,4,6
    ),(0.,0.122545947825,0.378486771123,0.644259687849,1.),
  .UNSPECIFIED.);
#12367 = CARTESIAN_POINT('',(1.,-5.E-02));
#12368 = CARTESIAN_POINT('',(0.974087646347,-5.E-02));
#12369 = CARTESIAN_POINT('',(0.948110005444,-5.E-02));
#12370 = CARTESIAN_POINT('',(0.922088185577,-5.E-02));
#12371 = CARTESIAN_POINT('',(0.896044006613,-5.E-02));
#12372 = CARTESIAN_POINT('',(0.815606324706,-5.E-02));
#12373 = CARTESIAN_POINT('',(0.761209469758,-5.E-02));
#12374 = CARTESIAN_POINT('',(0.707022998483,-5.E-02));
#12375 = CARTESIAN_POINT('',(0.653232709141,-5.E-02));
#12376 = CARTESIAN_POINT('',(0.544722329985,-5.E-02));
#12377 = CARTESIAN_POINT('',(0.490041209596,-5.E-02));
#12378 = CARTESIAN_POINT('',(0.436128680053,-5.E-02));
#12379 = CARTESIAN_POINT('',(0.383093738317,-5.E-02));
#12380 = CARTESIAN_POINT('',(0.261271891665,-5.E-02));
#12381 = CARTESIAN_POINT('',(0.193232883444,-5.E-02));
#12382 = CARTESIAN_POINT('',(0.127014440121,-5.E-02));
#12383 = CARTESIAN_POINT('',(6.262464021088E-02,-5.E-02));
#12384 = CARTESIAN_POINT('',(0.,-5.E-02));
#12385 = ( GEOMETRIC_REPRESENTATION_CONTEXT(2) 
PARAMETRIC_REPRESENTATION_CONTEXT() REPRESENTATION_CONTEXT('2D SPACE',''
  ) );
#12386 = PCURVE('',#12005,#12387);
#12387 = DEFINITIONAL_REPRESENTATION('',(#12388),#12407);
#12388 = B_SPLINE_CURVE_WITH_KNOTS('',5,(#12389,#12390,#12391,#12392,
    #12393,#12394,#12395,#12396,#12397,#12398,#12399,#12400,#12401,
    #12402,#12403,#12404,#12405,#12406),.UNSPECIFIED.,.F.,.F.,(6,4,4,4,6
    ),(0.,0.122545947825,0.378486771123,0.644259687849,1.),
  .UNSPECIFIED.);
#12389 = CARTESIAN_POINT('',(35.07951953125,18.483498046875));
#12390 = CARTESIAN_POINT('',(35.103906801182,18.461729544184));
#12391 = CARTESIAN_POINT('',(35.12756562704,18.439222331377));
#12392 = CARTESIAN_POINT('',(35.150468078321,18.415987159085));
#12393 = CARTESIAN_POINT('',(35.172590927299,18.392040027061));
#12394 = CARTESIAN_POINT('',(35.238452958756,18.315945323278));
#12395 = CARTESIAN_POINT('',(35.279512211451,18.261471996628));
#12396 = CARTESIAN_POINT('',(35.316917646417,18.204183461194));
#12397 = CARTESIAN_POINT('',(35.350625977395,18.144349718202));
#12398 = CARTESIAN_POINT('',(35.411900347351,18.017825683595));
#12399 = CARTESIAN_POINT('',(35.439183192549,17.950954701229));
#12400 = CARTESIAN_POINT('',(35.462593180076,17.882002647648));
#12401 = CARTESIAN_POINT('',(35.482307247957,17.81130308971));
#12402 = CARTESIAN_POINT('',(35.520257048294,17.642556173437));
#12403 = CARTESIAN_POINT('',(35.535732159238,17.543356439887));
#12404 = CARTESIAN_POINT('',(35.545477398391,17.442208794859));
#12405 = CARTESIAN_POINT('',(35.550091796875,17.339645231734));
#12406 = CARTESIAN_POINT('',(35.550091796875,17.2360078125));
#12407 = ( GEOMETRIC_REPRESENTATION_CONTEXT(2) 
PARAMETRIC_REPRESENTATION_CONTEXT() REPRESENTATION_CONTEXT('2D SPACE',''
  ) );
#12408 = ORIENTED_EDGE('',*,*,#12317,.T.);
#12409 = ORIENTED_EDGE('',*,*,#11301,.T.);
#12410 = ORIENTED_EDGE('',*,*,#12411,.F.);
#12411 = EDGE_CURVE('',#12342,#11302,#12412,.T.);
#12412 = SURFACE_CURVE('',#12413,(#12417,#12424),.PCURVE_S1.);
#12413 = LINE('',#12414,#12415);
#12414 = CARTESIAN_POINT('',(-4.92048046875,3.483498046875,1.45));
#12415 = VECTOR('',#12416,1.);
#12416 = DIRECTION('',(0.,0.,1.));
#12417 = PCURVE('',#11317,#12418);
#12418 = DEFINITIONAL_REPRESENTATION('',(#12419),#12423);
#12419 = LINE('',#12420,#12421);
#12420 = CARTESIAN_POINT('',(1.,0.));
#12421 = VECTOR('',#12422,1.);
#12422 = DIRECTION('',(0.,-1.));
#12423 = ( GEOMETRIC_REPRESENTATION_CONTEXT(2) 
PARAMETRIC_REPRESENTATION_CONTEXT() REPRESENTATION_CONTEXT('2D SPACE',''
  ) );
#12424 = PCURVE('',#11345,#12425);
#12425 = DEFINITIONAL_REPRESENTATION('',(#12426),#12430);
#12426 = LINE('',#12427,#12428);
#12427 = CARTESIAN_POINT('',(0.,0.));
#12428 = VECTOR('',#12429,1.);
#12429 = DIRECTION('',(0.,-1.));
#12430 = ( GEOMETRIC_REPRESENTATION_CONTEXT(2) 
PARAMETRIC_REPRESENTATION_CONTEXT() REPRESENTATION_CONTEXT('2D SPACE',''
  ) );
#12431 = ADVANCED_FACE('',(#12432),#11345,.T.);
#12432 = FACE_BOUND('',#12433,.T.);
#12433 = EDGE_LOOP('',(#12434,#12497,#12498,#12499));
#12434 = ORIENTED_EDGE('',*,*,#12435,.T.);
#12435 = EDGE_CURVE('',#11991,#12342,#12436,.T.);
#12436 = SURFACE_CURVE('',#12437,(#12455,#12476),.PCURVE_S1.);
#12437 = B_SPLINE_CURVE_WITH_KNOTS('',6,(#12438,#12439,#12440,#12441,
    #12442,#12443,#12444,#12445,#12446,#12447,#12448,#12449,#12450,
    #12451,#12452,#12453,#12454),.UNSPECIFIED.,.F.,.F.,(7,5,5,7),(0.,
    0.487313914207,0.750627613443,1.),.UNSPECIFIED.);
#12438 = CARTESIAN_POINT('',(-6.313248046875,3.9035390625,1.5));
#12439 = CARTESIAN_POINT('',(-6.185091242995,3.9035390625,1.5));
#12440 = CARTESIAN_POINT('',(-6.058147246774,3.898671985321,1.5));
#12441 = CARTESIAN_POINT('',(-5.932728089752,3.888364355753,1.5));
#12442 = CARTESIAN_POINT('',(-5.809358202788,3.871939646155,1.5));
#12443 = CARTESIAN_POINT('',(-5.6887683855,3.848636219906,1.5));
#12444 = CARTESIAN_POINT('',(-5.508677574568,3.801019450364,1.5));
#12445 = CARTESIAN_POINT('',(-5.446583057152,3.782095950662,1.5));
#12446 = CARTESIAN_POINT('',(-5.385717161097,3.760841158952,1.5));
#12447 = CARTESIAN_POINT('',(-5.326250708931,3.737149542389,1.5));
#12448 = CARTESIAN_POINT('',(-5.268368303904,3.710935173588,1.5));
#12449 = CARTESIAN_POINT('',(-5.159122624122,3.654880161162,1.5));
#12450 = CARTESIAN_POINT('',(-5.107574139765,3.625303918624,1.5));
#12451 = CARTESIAN_POINT('',(-5.057780994114,3.593374998229,1.5));
#12452 = CARTESIAN_POINT('',(-5.009905099934,3.559077105968,1.5));
#12453 = CARTESIAN_POINT('',(-4.964095593233,3.522429668057,1.5));
#12454 = CARTESIAN_POINT('',(-4.92048046875,3.483498046875,1.5));
#12455 = PCURVE('',#11345,#12456);
#12456 = DEFINITIONAL_REPRESENTATION('',(#12457),#12475);
#12457 = B_SPLINE_CURVE_WITH_KNOTS('',6,(#12458,#12459,#12460,#12461,
    #12462,#12463,#12464,#12465,#12466,#12467,#12468,#12469,#12470,
    #12471,#12472,#12473,#12474),.UNSPECIFIED.,.F.,.F.,(7,5,5,7),(0.,
    0.487313914207,0.750627613443,1.),.UNSPECIFIED.);
#12458 = CARTESIAN_POINT('',(1.,-5.E-02));
#12459 = CARTESIAN_POINT('',(0.930515367979,-5.E-02));
#12460 = CARTESIAN_POINT('',(0.858851037625,-5.E-02));
#12461 = CARTESIAN_POINT('',(0.784841880085,-5.E-02));
#12462 = CARTESIAN_POINT('',(0.708377851683,-5.E-02));
#12463 = CARTESIAN_POINT('',(0.629411184387,-5.E-02));
#12464 = CARTESIAN_POINT('',(0.504010531415,-5.E-02));
#12465 = CARTESIAN_POINT('',(0.459312388014,-5.E-02));
#12466 = CARTESIAN_POINT('',(0.413921356813,-5.E-02));
#12467 = CARTESIAN_POINT('',(0.367868534742,-5.E-02));
#12468 = CARTESIAN_POINT('',(0.32120391943,-5.E-02));
#12469 = CARTESIAN_POINT('',(0.229295322358,-5.E-02));
#12470 = CARTESIAN_POINT('',(0.184105055502,-5.E-02));
#12471 = CARTESIAN_POINT('',(0.13849501194,-5.E-02));
#12472 = CARTESIAN_POINT('',(9.254347966465E-02,-5.E-02));
#12473 = CARTESIAN_POINT('',(4.634264242562E-02,-5.E-02));
#12474 = CARTESIAN_POINT('',(0.,-5.E-02));
#12475 = ( GEOMETRIC_REPRESENTATION_CONTEXT(2) 
PARAMETRIC_REPRESENTATION_CONTEXT() REPRESENTATION_CONTEXT('2D SPACE',''
  ) );
#12476 = PCURVE('',#12005,#12477);
#12477 = DEFINITIONAL_REPRESENTATION('',(#12478),#12496);
#12478 = B_SPLINE_CURVE_WITH_KNOTS('',6,(#12479,#12480,#12481,#12482,
    #12483,#12484,#12485,#12486,#12487,#12488,#12489,#12490,#12491,
    #12492,#12493,#12494,#12495),.UNSPECIFIED.,.F.,.F.,(7,5,5,7),(0.,
    0.487313914207,0.750627613443,1.),.UNSPECIFIED.);
#12479 = CARTESIAN_POINT('',(33.686751953125,18.9035390625));
#12480 = CARTESIAN_POINT('',(33.814908757005,18.9035390625));
#12481 = CARTESIAN_POINT('',(33.941852753226,18.898671985321));
#12482 = CARTESIAN_POINT('',(34.067271910248,18.888364355753));
#12483 = CARTESIAN_POINT('',(34.190641797212,18.871939646155));
#12484 = CARTESIAN_POINT('',(34.3112316145,18.848636219906));
#12485 = CARTESIAN_POINT('',(34.491322425432,18.801019450364));
#12486 = CARTESIAN_POINT('',(34.553416942848,18.782095950662));
#12487 = CARTESIAN_POINT('',(34.614282838903,18.760841158952));
#12488 = CARTESIAN_POINT('',(34.673749291069,18.737149542389));
#12489 = CARTESIAN_POINT('',(34.731631696096,18.710935173588));
#12490 = CARTESIAN_POINT('',(34.840877375878,18.654880161162));
#12491 = CARTESIAN_POINT('',(34.892425860235,18.625303918624));
#12492 = CARTESIAN_POINT('',(34.942219005886,18.593374998229));
#12493 = CARTESIAN_POINT('',(34.990094900066,18.559077105968));
#12494 = CARTESIAN_POINT('',(35.035904406767,18.522429668057));
#12495 = CARTESIAN_POINT('',(35.07951953125,18.483498046875));
#12496 = ( GEOMETRIC_REPRESENTATION_CONTEXT(2) 
PARAMETRIC_REPRESENTATION_CONTEXT() REPRESENTATION_CONTEXT('2D SPACE',''
  ) );
#12497 = ORIENTED_EDGE('',*,*,#12411,.T.);
#12498 = ORIENTED_EDGE('',*,*,#11331,.T.);
#12499 = ORIENTED_EDGE('',*,*,#12016,.F.);
#12500 = ADVANCED_FACE('',(#12501),#11459,.T.);
#12501 = FACE_BOUND('',#12502,.T.);
#12502 = EDGE_LOOP('',(#12503,#12504,#12505,#12506,#12507,#12508,#12509)
  );
#12503 = ORIENTED_EDGE('',*,*,#11442,.F.);
#12504 = ORIENTED_EDGE('',*,*,#11516,.F.);
#12505 = ORIENTED_EDGE('',*,*,#11563,.F.);
#12506 = ORIENTED_EDGE('',*,*,#11610,.F.);
#12507 = ORIENTED_EDGE('',*,*,#11716,.F.);
#12508 = ORIENTED_EDGE('',*,*,#11810,.F.);
#12509 = ORIENTED_EDGE('',*,*,#11904,.F.);
#12510 = ADVANCED_FACE('',(#12511),#12005,.T.);
#12511 = FACE_BOUND('',#12512,.T.);
#12512 = EDGE_LOOP('',(#12513,#12514,#12515,#12516,#12517,#12518,#12519)
  );
#12513 = ORIENTED_EDGE('',*,*,#11988,.F.);
#12514 = ORIENTED_EDGE('',*,*,#12062,.F.);
#12515 = ORIENTED_EDGE('',*,*,#12109,.F.);
#12516 = ORIENTED_EDGE('',*,*,#12156,.F.);
#12517 = ORIENTED_EDGE('',*,*,#12247,.F.);
#12518 = ORIENTED_EDGE('',*,*,#12341,.F.);
#12519 = ORIENTED_EDGE('',*,*,#12435,.F.);
#12520 = ( GEOMETRIC_REPRESENTATION_CONTEXT(3) 
GLOBAL_UNCERTAINTY_ASSIGNED_CONTEXT((#12524)) 
GLOBAL_UNIT_ASSIGNED_CONTEXT((#12521,#12522,#12523)) 
REPRESENTATION_CONTEXT('Context #1',
  '3D Context with UNIT and UNCERTAINTY') );
#12521 = ( LENGTH_UNIT() NAMED_UNIT(*) SI_UNIT(.MILLI.,.METRE.) );
#12522 = ( NAMED_UNIT(*) PLANE_ANGLE_UNIT() SI_UNIT($,.RADIAN.) );
#12523 = ( NAMED_UNIT(*) SI_UNIT($,.STERADIAN.) SOLID_ANGLE_UNIT() );
#12524 = UNCERTAINTY_MEASURE_WITH_UNIT(LENGTH_MEASURE(2.E-06),#12521,
  'distance_accuracy_value','confusion accuracy');
#12525 = PRODUCT_RELATED_PRODUCT_CATEGORY('part',$,(#7));
ENDSEC;
END-ISO-10303-21;
